student_name,student_id,age,study_hours,attendance,assignment_delay,stress,gpa,internet,part_time_job,family_problems,scholarship,department,semester
Student 1,STU0001,22,3,86,2,5,0,Yes,No,No,No,Software Engineering,Semester 2
Student 2,STU0002,20,4,68,2,6,1,No,Yes,Yes,No,Computer Science,Semester 2
Student 3,STU0003,22,4,70,0,5,1,Yes,Yes,No,No,Data Science,Semester 2
Student 4,STU0004,24,4,82,2,5,1,Yes,No,No,Yes,Engineering,Semester 1
Student 5,STU0005,20,4,75,1,7,0,Yes,No,No,No,Software Engineering,Semester 3
Student 6,STU0006,20,4,89,2,6,2,Yes,No,No,No,Business,Semester 4
Student 7,STU0007,24,3,78,1,7,0,Yes,Yes,No,No,Software Engineering,Semester 3
Student 8,STU0008,22,2,86,1,6,1,No,No,Yes,No,Computer Science,Semester 3
Student 9,STU0009,20,4,97,3,4,2,Yes,No,No,No,Engineering,Semester 4
Student 10,STU0010,22,2,82,1,6,1,Yes,No,Yes,Yes,Business,Semester 4
Student 11,STU0011,20,5,73,3,7,1,Yes,No,No,No,Engineering,Semester 2
Student 12,STU0012,20,2,85,6,8,0,No,No,Yes,No,Engineering,Semester 2
Student 13,STU0013,21,3,84,1,4,2,Yes,No,Yes,No,Software Engineering,Semester 2
Student 14,STU0014,17,4,84,1,4,2,Yes,Yes,No,No,Data Science,Semester 1
Student 15,STU0015,17,4,92,1,5,2,Yes,No,No,Yes,Software Engineering,Semester 1
Student 16,STU0016,19,3,72,2,7,3,Yes,Yes,No,No,Business,Semester 3
Student 17,STU0017,18,4,90,2,4,2,Yes,Yes,No,Yes,Computer Science,Semester 1
Student 18,STU0018,21,4,77,0,4,1,Yes,Yes,No,Yes,Software Engineering,Semester 1
Student 19,STU0019,19,4,93,2,4,3,Yes,Yes,No,No,Data Science,Semester 4
Student 20,STU0020,17,4,65,1,5,1,Yes,Yes,Yes,Yes,Data Science,Semester 2
Student 21,STU0021,24,6,99,2,3,2,Yes,Yes,No,No,Software Engineering,Semester 4
Student 22,STU0022,20,3,79,0,6,2,Yes,Yes,No,No,Business,Semester 2
Student 23,STU0023,21,6,72,2,2,3,Yes,No,No,No,Data Science,Semester 3
Student 24,STU0024,17,4,89,3,4,3,Yes,Yes,No,No,Data Science,Semester 4
Student 25,STU0025,19,4,86,3,5,0,Yes,No,No,No,Business,Semester 2
Student 26,STU0026,21,4,85,2,3,3,Yes,Yes,No,No,Business,Semester 4
Student 27,STU0027,18,5,89,0,4,1,Yes,No,Yes,Yes,Business,Semester 4
Student 28,STU0028,21,3,82,4,5,0,Yes,No,Yes,No,Business,Semester 2
Student 29,STU0029,19,4,79,1,9,0,Yes,No,Yes,Yes,Software Engineering,Semester 1
Student 30,STU0030,20,4,72,3,5,3,Yes,No,Yes,Yes,Software Engineering,Semester 4
Student 31,STU0031,19,6,81,7,5,3,Yes,Yes,No,No,Engineering,Semester 3
Student 32,STU0032,25,4,77,3,5,2,Yes,No,Yes,Yes,Engineering,Semester 1
Student 33,STU0033,21,6,81,2,3,3,Yes,No,No,No,Engineering,Semester 4
Student 34,STU0034,18,4,67,1,5,1,No,No,No,No,Data Science,Semester 3
Student 35,STU0035,22,2,95,2,5,0,No,No,Yes,No,Business,Semester 3
Student 36,STU0036,18,4,61,1,5,0,Yes,Yes,No,Yes,Software Engineering,Semester 2
Student 37,STU0037,21,2,80,1,7,1,Yes,No,No,No,Software Engineering,Semester 1
Student 38,STU0038,17,6,78,0,4,3,Yes,Yes,Yes,Yes,Business,Semester 1
Student 39,STU0039,18,2,70,1,5,2,Yes,No,No,Yes,Engineering,Semester 2
Student 40,STU0040,21,4,85,3,5,3,Yes,Yes,Yes,Yes,Data Science,Semester 4
Student 41,STU0041,22,5,74,2,5,2,Yes,No,Yes,No,Software Engineering,Semester 4
Student 42,STU0042,21,7,85,1,4,1,Yes,Yes,No,Yes,Computer Science,Semester 3
Student 43,STU0043,20,3,95,6,6,2,Yes,Yes,No,No,Data Science,Semester 3
Student 44,STU0044,20,4,72,2,8,2,No,No,Yes,Yes,Data Science,Semester 3
Student 45,STU0045,17,2,89,1,7,0,Yes,No,Yes,Yes,Engineering,Semester 3
Student 46,STU0046,19,3,69,2,7,1,Yes,No,No,No,Business,Semester 2
Student 47,STU0047,20,6,75,1,5,3,Yes,Yes,No,Yes,Computer Science,Semester 4
Student 48,STU0048,23,5,86,1,3,4,Yes,Yes,Yes,No,Engineering,Semester 3
Student 49,STU0049,21,5,79,2,1,3,Yes,No,No,No,Business,Semester 1
Student 50,STU0050,17,4,93,3,1,3,Yes,No,No,No,Computer Science,Semester 3
Student 51,STU0051,21,5,83,1,5,3,No,No,Yes,Yes,Software Engineering,Semester 3
Student 52,STU0052,20,6,86,1,6,2,Yes,No,No,No,Computer Science,Semester 4
Student 53,STU0053,19,3,76,2,7,2,No,No,No,No,Engineering,Semester 3
Student 54,STU0054,22,4,73,4,5,2,No,No,No,No,Computer Science,Semester 2
Student 55,STU0055,23,3,72,0,4,0,Yes,No,No,Yes,Computer Science,Semester 4
Student 56,STU0056,23,1,74,0,6,0,No,No,No,No,Computer Science,Semester 4
Student 57,STU0057,19,4,76,1,3,2,Yes,No,Yes,No,Software Engineering,Semester 3
Student 58,STU0058,20,4,91,3,3,2,Yes,No,Yes,Yes,Business,Semester 2
Student 59,STU0059,21,3,85,5,6,0,Yes,No,No,No,Computer Science,Semester 4
Student 60,STU0060,23,3,71,2,3,0,Yes,Yes,No,No,Data Science,Semester 1
Student 61,STU0061,19,4,78,2,4,4,Yes,Yes,No,No,Engineering,Semester 3
Student 62,STU0062,20,4,81,3,3,2,Yes,Yes,No,Yes,Data Science,Semester 4
Student 63,STU0063,18,6,100,0,5,3,Yes,No,No,No,Business,Semester 3
Student 64,STU0064,18,4,82,1,6,1,Yes,Yes,No,Yes,Engineering,Semester 1
Student 65,STU0065,22,4,85,1,6,1,Yes,Yes,No,No,Business,Semester 3
Student 66,STU0066,24,3,74,2,4,3,Yes,No,No,Yes,Engineering,Semester 3
Student 67,STU0067,20,2,87,0,5,3,Yes,No,Yes,Yes,Data Science,Semester 2
Student 68,STU0068,23,2,93,2,6,4,Yes,No,No,Yes,Data Science,Semester 2
Student 69,STU0069,21,3,80,1,4,1,Yes,No,No,No,Software Engineering,Semester 1
Student 70,STU0070,19,4,86,4,3,2,No,No,No,No,Business,Semester 2
Student 71,STU0071,21,4,86,3,4,2,Yes,No,No,Yes,Data Science,Semester 4
Student 72,STU0072,24,2,82,1,4,3,Yes,No,Yes,Yes,Engineering,Semester 2
Student 73,STU0073,20,1,92,1,5,2,Yes,No,No,Yes,Computer Science,Semester 4
Student 74,STU0074,24,3,75,2,5,4,Yes,Yes,No,No,Computer Science,Semester 1
Student 75,STU0075,17,5,75,1,5,3,Yes,No,No,No,Computer Science,Semester 1
Student 76,STU0076,22,3,82,2,4,2,Yes,Yes,No,Yes,Software Engineering,Semester 3
Student 77,STU0077,21,4,79,2,5,3,Yes,Yes,Yes,No,Data Science,Semester 4
Student 78,STU0078,20,1,58,3,6,1,Yes,No,No,Yes,Business,Semester 3
Student 79,STU0079,21,4,76,2,6,1,Yes,Yes,No,No,Business,Semester 3
Student 80,STU0080,17,4,65,0,4,1,Yes,No,No,Yes,Software Engineering,Semester 3
Student 81,STU0081,20,4,79,2,5,1,No,No,No,No,Engineering,Semester 4
Student 82,STU0082,21,5,87,1,7,0,Yes,No,No,No,Data Science,Semester 2
Student 83,STU0083,24,5,82,2,5,0,Yes,No,Yes,No,Data Science,Semester 4
Student 84,STU0084,19,6,83,0,5,1,Yes,No,No,No,Engineering,Semester 2
Student 85,STU0085,19,2,80,2,8,3,Yes,Yes,Yes,No,Engineering,Semester 4
Student 86,STU0086,19,4,83,0,7,2,Yes,No,No,Yes,Data Science,Semester 1
Student 87,STU0087,23,2,100,1,4,3,Yes,No,Yes,No,Data Science,Semester 1
Student 88,STU0088,21,4,79,3,7,1,Yes,No,Yes,No,Computer Science,Semester 2
Student 89,STU0089,19,4,81,0,5,2,No,No,No,No,Business,Semester 3
Student 90,STU0090,22,1,75,1,3,2,Yes,Yes,No,Yes,Computer Science,Semester 3
Student 91,STU0091,21,4,66,1,7,2,Yes,Yes,No,No,Computer Science,Semester 3
Student 92,STU0092,23,3,84,0,4,0,Yes,Yes,No,No,Business,Semester 3
Student 93,STU0093,19,4,91,3,5,3,Yes,No,No,Yes,Software Engineering,Semester 4
Student 94,STU0094,20,3,100,0,4,3,Yes,No,No,No,Software Engineering,Semester 1
Student 95,STU0095,20,6,80,3,9,0,Yes,No,No,No,Software Engineering,Semester 4
Student 96,STU0096,17,4,79,0,3,0,Yes,No,No,No,Software Engineering,Semester 4
Student 97,STU0097,21,4,74,0,5,1,Yes,No,No,No,Engineering,Semester 4
Student 98,STU0098,21,3,95,4,4,2,Yes,No,No,Yes,Computer Science,Semester 2
Student 99,STU0099,21,1,72,2,6,2,Yes,Yes,No,No,Engineering,Semester 1
Student 100,STU0100,20,2,87,0,5,1,Yes,Yes,Yes,No,Engineering,Semester 2
Student 101,STU0101,17,6,96,1,4,4,Yes,No,No,Yes,Business,Semester 3
Student 102,STU0102,20,4,80,2,5,2,Yes,No,Yes,Yes,Software Engineering,Semester 1
Student 103,STU0103,20,4,72,1,7,2,Yes,No,No,Yes,Data Science,Semester 2
Student 104,STU0104,19,4,88,2,2,3,Yes,Yes,Yes,Yes,Software Engineering,Semester 2
Student 105,STU0105,20,5,71,2,4,1,No,No,No,No,Computer Science,Semester 4
Student 106,STU0106,21,4,91,0,6,1,Yes,Yes,Yes,Yes,Engineering,Semester 2
Student 107,STU0107,25,4,97,4,5,3,Yes,Yes,No,Yes,Computer Science,Semester 2
Student 108,STU0108,21,4,63,3,5,1,Yes,No,No,Yes,Engineering,Semester 3
Student 109,STU0109,21,4,95,1,5,1,Yes,Yes,No,No,Engineering,Semester 3
Student 110,STU0110,20,3,87,2,6,1,Yes,Yes,No,Yes,Engineering,Semester 2
Student 111,STU0111,17,6,93,0,6,4,Yes,Yes,No,Yes,Data Science,Semester 2
Student 112,STU0112,20,2,76,1,6,1,Yes,Yes,No,Yes,Software Engineering,Semester 2
Student 113,STU0113,21,3,87,2,6,2,No,No,No,No,Engineering,Semester 4
Student 114,STU0114,26,1,83,2,4,2,Yes,No,No,Yes,Business,Semester 4
Student 115,STU0115,20,5,75,1,7,1,Yes,Yes,No,No,Engineering,Semester 4
Student 116,STU0116,21,4,79,3,4,2,No,Yes,No,Yes,Software Engineering,Semester 3
Student 117,STU0117,20,6,86,0,5,2,Yes,Yes,No,Yes,Software Engineering,Semester 1
Student 118,STU0118,18,3,73,2,2,2,Yes,No,No,Yes,Data Science,Semester 4
Student 119,STU0119,23,2,72,2,4,2,No,Yes,Yes,Yes,Engineering,Semester 4
Student 120,STU0120,22,4,56,0,5,0,Yes,No,No,Yes,Business,Semester 2
Student 121,STU0121,22,4,75,3,5,1,Yes,Yes,No,Yes,Data Science,Semester 4
Student 122,STU0122,19,3,84,4,7,2,No,Yes,No,Yes,Data Science,Semester 1
Student 123,STU0123,24,4,77,0,4,0,Yes,No,No,No,Engineering,Semester 3
Student 124,STU0124,17,3,92,1,4,1,Yes,No,No,Yes,Engineering,Semester 4
Student 125,STU0125,22,5,70,2,4,1,Yes,Yes,No,No,Data Science,Semester 3
Student 126,STU0126,25,5,86,3,5,3,Yes,No,Yes,No,Data Science,Semester 4
Student 127,STU0127,18,4,79,1,8,1,Yes,No,No,No,Data Science,Semester 3
Student 128,STU0128,19,5,81,0,1,4,No,No,Yes,Yes,Computer Science,Semester 3
Student 129,STU0129,21,3,87,1,4,1,Yes,No,Yes,No,Data Science,Semester 4
Student 130,STU0130,19,3,60,2,4,1,Yes,No,No,Yes,Software Engineering,Semester 4
Student 131,STU0131,17,1,64,1,1,1,Yes,No,No,Yes,Business,Semester 3
Student 132,STU0132,21,4,81,2,5,1,Yes,Yes,Yes,Yes,Business,Semester 1
Student 133,STU0133,18,4,80,2,4,2,Yes,No,No,No,Engineering,Semester 1
Student 134,STU0134,22,5,70,3,4,2,Yes,No,No,Yes,Data Science,Semester 1
Student 135,STU0135,19,4,98,1,3,2,No,Yes,Yes,No,Business,Semester 1
Student 136,STU0136,24,3,72,1,5,1,Yes,Yes,Yes,Yes,Business,Semester 4
Student 137,STU0137,19,3,77,2,3,2,Yes,Yes,Yes,No,Software Engineering,Semester 2
Student 138,STU0138,20,3,91,2,4,1,Yes,No,Yes,No,Software Engineering,Semester 3
Student 139,STU0139,22,5,76,3,5,3,Yes,No,No,No,Computer Science,Semester 1
Student 140,STU0140,18,6,75,1,7,1,No,No,No,No,Computer Science,Semester 1
Student 141,STU0141,21,5,85,1,6,0,No,Yes,No,No,Business,Semester 2
Student 142,STU0142,23,6,76,1,6,3,Yes,No,Yes,No,Engineering,Semester 2
Student 143,STU0143,17,4,85,2,9,2,Yes,No,No,Yes,Business,Semester 4
Student 144,STU0144,21,2,86,1,6,2,Yes,No,No,No,Engineering,Semester 3
Student 145,STU0145,21,2,85,4,3,0,Yes,No,No,No,Business,Semester 3
Student 146,STU0146,22,2,91,3,4,2,Yes,No,No,Yes,Software Engineering,Semester 2
Student 147,STU0147,18,3,78,1,4,1,Yes,No,No,No,Data Science,Semester 2
Student 148,STU0148,18,3,78,0,5,2,Yes,No,Yes,Yes,Business,Semester 2
Student 149,STU0149,22,4,81,3,4,3,Yes,No,No,No,Computer Science,Semester 4
Student 150,STU0150,21,3,59,5,3,3,Yes,No,No,Yes,Engineering,Semester 3
Student 151,STU0151,21,4,83,0,7,2,No,No,Yes,Yes,Engineering,Semester 2
Student 152,STU0152,21,7,79,2,7,1,Yes,Yes,Yes,Yes,Business,Semester 1
Student 153,STU0153,19,5,85,1,5,3,Yes,Yes,Yes,No,Engineering,Semester 3
Student 154,STU0154,21,4,74,1,3,3,Yes,Yes,No,Yes,Computer Science,Semester 3
Student 155,STU0155,21,5,92,4,5,4,No,No,Yes,No,Software Engineering,Semester 1
Student 156,STU0156,19,2,80,2,4,3,Yes,No,Yes,No,Data Science,Semester 1
Student 157,STU0157,25,2,88,1,7,0,Yes,Yes,No,No,Data Science,Semester 3
Student 158,STU0158,22,5,77,2,3,3,Yes,Yes,No,Yes,Engineering,Semester 3
Student 159,STU0159,18,4,85,2,6,2,Yes,No,Yes,Yes,Business,Semester 2
Student 160,STU0160,22,4,69,0,6,1,Yes,No,No,No,Engineering,Semester 4
Student 161,STU0161,18,2,64,4,7,2,Yes,No,No,Yes,Computer Science,Semester 4
Student 162,STU0162,22,3,80,1,5,2,Yes,No,No,No,Business,Semester 2
Student 163,STU0163,23,3,81,1,4,1,Yes,No,No,No,Software Engineering,Semester 1
Student 164,STU0164,19,3,81,1,9,1,Yes,No,No,Yes,Computer Science,Semester 1
Student 165,STU0165,23,6,79,3,3,2,Yes,No,No,No,Software Engineering,Semester 1
Student 166,STU0166,21,6,78,2,6,2,Yes,Yes,Yes,No,Business,Semester 1
Student 167,STU0167,22,5,87,1,5,3,Yes,No,No,No,Software Engineering,Semester 2
Student 168,STU0168,25,4,96,0,6,2,Yes,Yes,No,No,Computer Science,Semester 3
Student 169,STU0169,20,3,100,2,6,4,Yes,No,No,No,Computer Science,Semester 2
Student 170,STU0170,19,2,90,1,3,3,Yes,No,No,Yes,Engineering,Semester 1
Student 171,STU0171,19,4,63,0,3,0,Yes,No,No,No,Business,Semester 2
Student 172,STU0172,19,5,90,0,3,3,Yes,Yes,Yes,No,Data Science,Semester 4
Student 173,STU0173,20,5,90,3,4,3,Yes,No,Yes,No,Data Science,Semester 4
Student 174,STU0174,21,4,81,1,5,0,Yes,Yes,Yes,Yes,Software Engineering,Semester 1
Student 175,STU0175,21,4,89,2,4,3,Yes,Yes,No,No,Data Science,Semester 2
Student 176,STU0176,22,3,84,1,2,2,Yes,Yes,Yes,Yes,Data Science,Semester 4
Student 177,STU0177,21,3,81,0,7,2,Yes,No,No,Yes,Computer Science,Semester 3
Student 178,STU0178,24,2,84,4,2,1,Yes,No,Yes,No,Computer Science,Semester 1
Student 179,STU0179,20,3,77,1,6,1,No,No,No,No,Computer Science,Semester 2
Student 180,STU0180,27,4,67,2,4,3,Yes,No,Yes,No,Data Science,Semester 1
Student 181,STU0181,22,3,67,6,7,0,Yes,No,No,Yes,Software Engineering,Semester 4
Student 182,STU0182,19,2,89,5,4,2,Yes,No,No,No,Business,Semester 3
Student 183,STU0183,18,4,73,1,2,2,No,No,No,Yes,Engineering,Semester 4
Student 184,STU0184,22,4,69,2,5,2,No,No,No,Yes,Software Engineering,Semester 1
Student 185,STU0185,20,3,69,3,4,1,Yes,No,No,No,Computer Science,Semester 3
Student 186,STU0186,22,3,78,0,7,2,Yes,No,Yes,Yes,Software Engineering,Semester 2
Student 187,STU0187,22,0,94,1,6,1,Yes,No,Yes,Yes,Business,Semester 4
Student 188,STU0188,20,4,80,1,4,3,Yes,No,Yes,Yes,Computer Science,Semester 3
Student 189,STU0189,19,4,70,2,3,4,Yes,Yes,No,No,Business,Semester 1
Student 190,STU0190,17,5,93,1,3,3,Yes,Yes,Yes,No,Engineering,Semester 2
Student 191,STU0191,20,3,84,1,4,2,Yes,No,Yes,Yes,Software Engineering,Semester 1
Student 192,STU0192,22,4,79,1,8,2,No,Yes,No,Yes,Engineering,Semester 1
Student 193,STU0193,21,5,85,3,5,2,No,Yes,No,No,Data Science,Semester 2
Student 194,STU0194,18,4,82,0,7,2,Yes,No,No,No,Software Engineering,Semester 3
Student 195,STU0195,21,4,76,1,2,2,Yes,Yes,No,No,Data Science,Semester 3
Student 196,STU0196,21,4,77,2,2,2,Yes,No,No,No,Business,Semester 2
Student 197,STU0197,19,1,72,4,3,3,Yes,No,No,No,Data Science,Semester 2
Student 198,STU0198,21,4,78,3,6,0,No,No,Yes,No,Business,Semester 1
Student 199,STU0199,21,2,89,0,5,3,No,Yes,No,No,Engineering,Semester 1
Student 200,STU0200,18,2,89,0,7,1,Yes,Yes,No,No,Computer Science,Semester 4
Student 201,STU0201,21,4,80,2,7,2,Yes,No,Yes,No,Engineering,Semester 2
Student 202,STU0202,22,5,80,3,3,2,Yes,Yes,No,No,Data Science,Semester 4
Student 203,STU0203,23,5,73,1,7,2,Yes,Yes,No,No,Business,Semester 2
Student 204,STU0204,23,4,85,1,8,2,No,Yes,Yes,No,Data Science,Semester 4
Student 205,STU0205,18,4,70,4,7,2,Yes,Yes,No,No,Computer Science,Semester 1
Student 206,STU0206,18,5,88,5,2,2,Yes,Yes,Yes,Yes,Software Engineering,Semester 1
Student 207,STU0207,22,6,85,2,2,3,Yes,No,No,No,Software Engineering,Semester 3
Student 208,STU0208,22,3,79,2,4,2,Yes,Yes,No,No,Software Engineering,Semester 4
Student 209,STU0209,22,3,85,0,4,1,Yes,Yes,No,Yes,Data Science,Semester 2
Student 210,STU0210,29,4,79,2,7,2,Yes,No,Yes,No,Software Engineering,Semester 4
Student 211,STU0211,22,1,83,1,3,2,Yes,No,Yes,No,Business,Semester 1
Student 212,STU0212,23,3,83,1,6,1,Yes,Yes,Yes,Yes,Computer Science,Semester 3
Student 213,STU0213,23,4,91,2,3,3,Yes,Yes,Yes,No,Engineering,Semester 4
Student 214,STU0214,22,3,85,2,6,1,Yes,No,No,No,Business,Semester 1
Student 215,STU0215,20,1,90,1,4,2,Yes,No,No,No,Computer Science,Semester 2
Student 216,STU0216,22,5,85,5,6,4,Yes,No,No,Yes,Engineering,Semester 3
Student 217,STU0217,19,3,81,0,4,2,Yes,No,No,Yes,Software Engineering,Semester 1
Student 218,STU0218,20,3,86,1,1,3,Yes,Yes,No,Yes,Engineering,Semester 2
Student 219,STU0219,19,5,84,2,6,1,Yes,No,No,Yes,Data Science,Semester 4
Student 220,STU0220,21,0,79,0,7,1,Yes,Yes,No,Yes,Data Science,Semester 2
Student 221,STU0221,26,5,70,3,4,1,Yes,No,Yes,No,Software Engineering,Semester 2
Student 222,STU0222,17,6,77,3,7,3,Yes,No,No,No,Software Engineering,Semester 2
Student 223,STU0223,22,2,77,0,4,2,Yes,No,No,No,Business,Semester 3
Student 224,STU0224,17,3,86,1,3,2,Yes,Yes,No,Yes,Business,Semester 1
Student 225,STU0225,20,4,81,2,4,4,Yes,Yes,No,No,Data Science,Semester 1
Student 226,STU0226,23,4,75,2,5,2,Yes,No,No,Yes,Computer Science,Semester 2
Student 227,STU0227,21,5,80,1,3,3,No,No,Yes,No,Business,Semester 4
Student 228,STU0228,18,4,79,1,7,3,Yes,No,Yes,No,Computer Science,Semester 4
Student 229,STU0229,19,5,74,0,2,3,No,Yes,No,No,Data Science,Semester 1
Student 230,STU0230,22,8,93,1,4,3,Yes,Yes,No,Yes,Business,Semester 4
Student 231,STU0231,19,1,80,2,3,2,Yes,No,No,No,Computer Science,Semester 2
Student 232,STU0232,21,5,75,3,7,2,Yes,Yes,No,No,Computer Science,Semester 1
Student 233,STU0233,21,5,68,0,2,3,Yes,No,No,No,Business,Semester 1
Student 234,STU0234,19,2,82,0,7,0,Yes,No,No,No,Software Engineering,Semester 4
Student 235,STU0235,25,2,86,4,5,1,Yes,No,Yes,No,Engineering,Semester 1
Student 236,STU0236,22,4,76,2,3,4,Yes,No,Yes,Yes,Software Engineering,Semester 3
Student 237,STU0237,17,2,83,0,4,2,Yes,No,Yes,No,Engineering,Semester 2
Student 238,STU0238,21,3,73,2,5,1,Yes,Yes,No,Yes,Computer Science,Semester 3
Student 239,STU0239,19,4,80,0,6,2,Yes,No,No,Yes,Business,Semester 1
Student 240,STU0240,22,3,90,1,4,3,Yes,Yes,Yes,Yes,Data Science,Semester 4
Student 241,STU0241,19,3,80,4,6,0,No,No,Yes,No,Business,Semester 3
Student 242,STU0242,20,2,76,1,5,0,No,Yes,No,Yes,Software Engineering,Semester 3
Student 243,STU0243,22,2,92,1,6,0,No,No,No,No,Engineering,Semester 3
Student 244,STU0244,22,4,83,0,3,3,Yes,Yes,No,No,Business,Semester 4
Student 245,STU0245,18,3,78,0,5,1,Yes,Yes,No,No,Engineering,Semester 4
Student 246,STU0246,20,4,75,1,5,0,No,No,Yes,No,Software Engineering,Semester 1
Student 247,STU0247,20,4,72,1,5,1,Yes,Yes,No,No,Software Engineering,Semester 4
Student 248,STU0248,19,4,85,4,5,2,No,No,Yes,Yes,Business,Semester 3
Student 249,STU0249,24,3,88,3,9,1,No,No,No,Yes,Data Science,Semester 1
Student 250,STU0250,21,2,82,0,6,3,No,Yes,No,No,Data Science,Semester 4
Student 251,STU0251,18,4,80,2,6,2,Yes,No,No,No,Engineering,Semester 2
Student 252,STU0252,23,4,71,1,5,3,Yes,Yes,No,Yes,Business,Semester 4
Student 253,STU0253,25,5,70,1,6,2,No,Yes,No,No,Computer Science,Semester 4
Student 254,STU0254,23,2,82,1,5,0,Yes,No,No,No,Software Engineering,Semester 1
Student 255,STU0255,17,1,82,3,8,0,Yes,No,No,No,Engineering,Semester 1
Student 256,STU0256,19,3,85,2,5,1,Yes,Yes,No,No,Software Engineering,Semester 1
Student 257,STU0257,23,2,85,3,7,2,No,No,Yes,No,Engineering,Semester 2
Student 258,STU0258,19,2,78,0,9,0,Yes,No,No,No,Business,Semester 2
Student 259,STU0259,22,0,96,2,6,1,Yes,No,No,No,Engineering,Semester 4
Student 260,STU0260,22,4,73,2,5,1,Yes,Yes,No,No,Engineering,Semester 4
Student 261,STU0261,19,2,78,1,4,3,Yes,No,No,Yes,Computer Science,Semester 1
Student 262,STU0262,20,2,88,2,4,3,No,No,No,No,Engineering,Semester 1
Student 263,STU0263,17,3,76,3,6,1,Yes,No,No,No,Data Science,Semester 2
Student 264,STU0264,18,4,82,1,5,2,Yes,No,No,No,Engineering,Semester 2
Student 265,STU0265,20,3,77,2,6,2,No,No,Yes,Yes,Engineering,Semester 1
Student 266,STU0266,18,2,78,1,4,3,Yes,Yes,Yes,Yes,Business,Semester 4
Student 267,STU0267,24,5,71,3,5,2,Yes,No,No,Yes,Engineering,Semester 2
Student 268,STU0268,17,4,88,3,5,3,Yes,No,No,Yes,Computer Science,Semester 1
Student 269,STU0269,20,4,88,0,3,4,Yes,Yes,No,No,Business,Semester 1
Student 270,STU0270,21,3,88,2,4,1,Yes,No,No,No,Software Engineering,Semester 1
Student 271,STU0271,24,5,78,2,4,3,Yes,No,No,Yes,Data Science,Semester 2
Student 272,STU0272,17,4,84,2,10,0,Yes,No,No,Yes,Data Science,Semester 4
Student 273,STU0273,23,4,98,0,7,1,No,No,No,Yes,Software Engineering,Semester 2
Student 274,STU0274,21,5,84,3,3,3,No,Yes,No,No,Engineering,Semester 4
Student 275,STU0275,18,1,72,2,2,1,Yes,No,No,No,Computer Science,Semester 2
Student 276,STU0276,22,4,75,1,3,1,Yes,No,Yes,No,Computer Science,Semester 1
Student 277,STU0277,21,3,74,0,8,2,Yes,No,Yes,Yes,Computer Science,Semester 1
Student 278,STU0278,19,3,92,3,3,3,Yes,No,No,No,Computer Science,Semester 3
Student 279,STU0279,21,5,85,1,8,2,Yes,No,No,Yes,Engineering,Semester 1
Student 280,STU0280,20,5,69,1,5,3,Yes,No,Yes,Yes,Software Engineering,Semester 4
Student 281,STU0281,21,5,92,1,5,3,No,No,Yes,Yes,Software Engineering,Semester 1
Student 282,STU0282,22,4,86,0,3,3,Yes,No,No,No,Data Science,Semester 3
Student 283,STU0283,24,3,83,1,7,2,Yes,No,No,Yes,Software Engineering,Semester 1
Student 284,STU0284,18,5,94,0,6,3,Yes,No,Yes,No,Computer Science,Semester 1
Student 285,STU0285,25,2,80,2,7,2,Yes,Yes,Yes,No,Engineering,Semester 2
Student 286,STU0286,17,6,92,1,5,1,Yes,Yes,No,Yes,Business,Semester 4
Student 287,STU0287,20,3,64,1,6,0,Yes,No,No,Yes,Business,Semester 3
Student 288,STU0288,22,3,76,0,8,2,Yes,Yes,Yes,No,Computer Science,Semester 2
Student 289,STU0289,21,3,88,1,6,1,Yes,No,No,No,Data Science,Semester 3
Student 290,STU0290,19,4,95,1,3,2,Yes,Yes,No,No,Business,Semester 1
Student 291,STU0291,20,4,72,3,5,1,Yes,No,No,Yes,Computer Science,Semester 3
Student 292,STU0292,19,3,78,2,6,1,Yes,Yes,No,Yes,Engineering,Semester 2
Student 293,STU0293,19,4,83,1,8,1,Yes,Yes,No,Yes,Business,Semester 1
Student 294,STU0294,22,3,74,2,6,3,Yes,No,No,No,Computer Science,Semester 2
Student 295,STU0295,21,0,79,3,7,1,Yes,No,No,No,Business,Semester 4
Student 296,STU0296,19,7,94,3,6,3,Yes,No,Yes,No,Engineering,Semester 4
Student 297,STU0297,23,6,73,1,3,4,Yes,No,No,No,Software Engineering,Semester 4
Student 298,STU0298,21,2,80,4,7,2,Yes,No,No,No,Software Engineering,Semester 3
Student 299,STU0299,22,3,84,4,5,3,Yes,Yes,No,No,Engineering,Semester 4
Student 300,STU0300,22,3,85,4,9,2,Yes,No,Yes,No,Engineering,Semester 3
Student 301,STU0301,19,4,75,3,2,2,Yes,No,No,No,Software Engineering,Semester 3
Student 302,STU0302,19,4,80,0,3,2,Yes,No,Yes,Yes,Engineering,Semester 2
Student 303,STU0303,22,2,79,2,6,1,Yes,Yes,No,Yes,Engineering,Semester 1
Student 304,STU0304,22,4,84,0,5,2,Yes,No,Yes,Yes,Engineering,Semester 1
Student 305,STU0305,21,4,72,4,5,1,Yes,Yes,No,No,Software Engineering,Semester 2
Student 306,STU0306,21,6,92,0,5,3,No,No,No,Yes,Software Engineering,Semester 4
Student 307,STU0307,23,3,84,0,5,2,Yes,No,No,Yes,Business,Semester 2
Student 308,STU0308,19,5,90,4,4,3,Yes,Yes,Yes,No,Software Engineering,Semester 2
Student 309,STU0309,22,4,77,2,7,3,Yes,No,No,Yes,Business,Semester 1
Student 310,STU0310,20,2,72,7,4,1,Yes,Yes,No,Yes,Software Engineering,Semester 3
Student 311,STU0311,20,4,74,2,6,1,Yes,No,No,No,Data Science,Semester 2
Student 312,STU0312,23,4,87,1,5,4,Yes,Yes,Yes,No,Business,Semester 2
Student 313,STU0313,22,5,78,0,8,0,Yes,No,Yes,Yes,Engineering,Semester 3
Student 314,STU0314,22,2,69,2,1,3,No,Yes,No,No,Data Science,Semester 1
Student 315,STU0315,23,3,83,2,3,2,Yes,No,No,Yes,Software Engineering,Semester 4
Student 316,STU0316,21,5,79,4,9,1,Yes,No,Yes,No,Software Engineering,Semester 2
Student 317,STU0317,22,1,79,4,5,0,Yes,No,No,Yes,Data Science,Semester 4
Student 318,STU0318,20,2,68,2,4,2,Yes,Yes,No,Yes,Computer Science,Semester 4
Student 319,STU0319,21,4,69,2,3,1,Yes,No,Yes,No,Engineering,Semester 2
Student 320,STU0320,20,4,77,0,4,2,Yes,Yes,No,No,Business,Semester 4
Student 321,STU0321,21,3,74,2,6,2,Yes,No,No,No,Data Science,Semester 2
Student 322,STU0322,22,4,62,1,5,3,Yes,Yes,No,No,Business,Semester 3
Student 323,STU0323,19,3,88,1,6,3,Yes,No,No,No,Software Engineering,Semester 3
Student 324,STU0324,25,5,73,2,2,1,Yes,Yes,No,Yes,Computer Science,Semester 3
Student 325,STU0325,18,4,74,1,5,2,No,Yes,Yes,Yes,Computer Science,Semester 3
Student 326,STU0326,18,2,77,2,6,3,Yes,Yes,Yes,No,Business,Semester 1
Student 327,STU0327,23,4,74,3,6,2,Yes,No,Yes,No,Software Engineering,Semester 3
Student 328,STU0328,22,3,80,2,5,2,Yes,Yes,No,No,Computer Science,Semester 2
Student 329,STU0329,22,3,90,3,3,2,Yes,No,No,Yes,Engineering,Semester 2
Student 330,STU0330,22,2,79,4,3,1,Yes,No,No,Yes,Software Engineering,Semester 2
Student 331,STU0331,21,2,84,1,7,2,Yes,No,Yes,Yes,Data Science,Semester 4
Student 332,STU0332,19,2,63,5,4,2,Yes,No,No,Yes,Data Science,Semester 2
Student 333,STU0333,21,5,82,4,4,4,Yes,Yes,No,Yes,Data Science,Semester 1
Student 334,STU0334,19,4,93,2,5,1,Yes,No,No,No,Engineering,Semester 1
Student 335,STU0335,23,5,82,4,3,2,Yes,Yes,No,No,Software Engineering,Semester 1
Student 336,STU0336,20,2,83,2,6,1,Yes,No,No,Yes,Business,Semester 1
Student 337,STU0337,19,3,84,2,3,3,No,Yes,No,Yes,Business,Semester 1
Student 338,STU0338,20,3,94,3,7,0,Yes,No,Yes,No,Software Engineering,Semester 1
Student 339,STU0339,21,3,92,1,3,3,Yes,No,No,No,Engineering,Semester 3
Student 340,STU0340,19,4,73,1,5,2,Yes,No,No,No,Software Engineering,Semester 1
Student 341,STU0341,19,4,91,2,6,3,Yes,Yes,No,No,Business,Semester 4
Student 342,STU0342,21,5,93,2,6,1,Yes,No,Yes,No,Software Engineering,Semester 1
Student 343,STU0343,21,1,68,3,5,2,Yes,Yes,No,No,Data Science,Semester 2
Student 344,STU0344,19,6,82,2,4,3,Yes,No,Yes,No,Software Engineering,Semester 2
Student 345,STU0345,20,2,86,3,8,0,Yes,No,No,No,Computer Science,Semester 4
Student 346,STU0346,21,4,59,0,5,2,Yes,No,No,Yes,Software Engineering,Semester 1
Student 347,STU0347,17,4,76,2,5,2,Yes,No,No,Yes,Business,Semester 3
Student 348,STU0348,17,4,76,0,2,3,Yes,No,Yes,No,Business,Semester 3
Student 349,STU0349,19,5,76,2,5,3,Yes,No,No,No,Business,Semester 3
Student 350,STU0350,20,5,90,0,5,3,Yes,No,No,No,Data Science,Semester 3
Student 351,STU0351,21,4,81,2,3,3,Yes,No,Yes,Yes,Business,Semester 1
Student 352,STU0352,24,4,85,0,4,3,No,No,No,No,Computer Science,Semester 4
Student 353,STU0353,22,2,82,2,5,3,Yes,Yes,Yes,No,Software Engineering,Semester 3
Student 354,STU0354,20,3,100,3,6,3,Yes,No,No,No,Engineering,Semester 1
Student 355,STU0355,21,2,90,0,3,2,Yes,No,No,No,Business,Semester 1
Student 356,STU0356,18,0,81,3,3,1,Yes,Yes,No,No,Software Engineering,Semester 1
Student 357,STU0357,21,2,79,1,5,3,Yes,No,No,No,Data Science,Semester 1
Student 358,STU0358,20,2,76,2,4,3,Yes,No,No,Yes,Software Engineering,Semester 1
Student 359,STU0359,21,2,74,3,5,2,No,Yes,No,No,Business,Semester 2
Student 360,STU0360,19,4,72,1,8,0,Yes,No,Yes,Yes,Business,Semester 1
Student 361,STU0361,22,4,89,2,5,0,Yes,No,No,No,Business,Semester 1
Student 362,STU0362,24,5,74,2,7,1,Yes,No,No,Yes,Computer Science,Semester 1
Student 363,STU0363,20,1,87,1,3,2,Yes,No,No,Yes,Software Engineering,Semester 2
Student 364,STU0364,21,3,78,1,4,0,Yes,No,No,Yes,Engineering,Semester 2
Student 365,STU0365,22,3,76,1,4,3,No,Yes,Yes,Yes,Computer Science,Semester 4
Student 366,STU0366,20,5,79,0,3,3,Yes,No,No,Yes,Engineering,Semester 4
Student 367,STU0367,21,4,96,3,2,3,No,No,No,Yes,Business,Semester 1
Student 368,STU0368,21,4,100,1,5,3,No,No,No,No,Engineering,Semester 3
Student 369,STU0369,21,2,79,0,6,1,Yes,No,Yes,No,Engineering,Semester 1
Student 370,STU0370,19,5,78,4,3,3,Yes,No,No,No,Computer Science,Semester 4
Student 371,STU0371,21,3,89,2,4,2,Yes,No,Yes,No,Computer Science,Semester 3
Student 372,STU0372,22,1,83,0,5,1,Yes,No,No,No,Software Engineering,Semester 3
Student 373,STU0373,24,4,76,0,5,1,Yes,No,No,No,Engineering,Semester 4
Student 374,STU0374,23,4,85,2,7,2,Yes,No,No,No,Computer Science,Semester 1
Student 375,STU0375,25,3,88,0,7,1,Yes,No,No,No,Software Engineering,Semester 4
Student 376,STU0376,19,3,80,3,4,3,Yes,No,No,No,Engineering,Semester 3
Student 377,STU0377,22,2,80,0,5,0,Yes,Yes,No,Yes,Engineering,Semester 2
Student 378,STU0378,21,5,95,0,3,2,Yes,No,No,No,Business,Semester 1
Student 379,STU0379,25,4,75,2,8,1,Yes,No,No,No,Computer Science,Semester 4
Student 380,STU0380,19,2,77,4,6,1,Yes,No,No,Yes,Data Science,Semester 4
Student 381,STU0381,19,4,78,3,7,3,Yes,No,No,Yes,Computer Science,Semester 4
Student 382,STU0382,19,3,95,2,4,3,Yes,No,No,Yes,Business,Semester 2
Student 383,STU0383,17,2,66,1,7,1,Yes,Yes,Yes,No,Software Engineering,Semester 2
Student 384,STU0384,19,6,88,0,6,2,No,No,No,No,Computer Science,Semester 1
Student 385,STU0385,19,3,81,2,7,0,Yes,No,No,Yes,Engineering,Semester 1
Student 386,STU0386,21,2,96,1,3,2,Yes,Yes,Yes,Yes,Data Science,Semester 1
Student 387,STU0387,21,2,84,2,5,2,Yes,Yes,No,Yes,Software Engineering,Semester 4
Student 388,STU0388,25,3,64,1,7,1,Yes,No,No,No,Computer Science,Semester 2
Student 389,STU0389,23,4,94,1,5,2,Yes,No,No,Yes,Software Engineering,Semester 1
Student 390,STU0390,19,3,80,2,6,0,Yes,No,Yes,No,Engineering,Semester 2
Student 391,STU0391,19,5,65,0,6,2,No,No,No,No,Data Science,Semester 3
Student 392,STU0392,22,5,78,2,6,1,Yes,No,Yes,No,Engineering,Semester 1
Student 393,STU0393,18,4,82,2,6,3,Yes,No,Yes,No,Data Science,Semester 2
Student 394,STU0394,25,7,73,1,6,2,Yes,No,No,No,Software Engineering,Semester 1
Student 395,STU0395,23,4,69,1,6,0,Yes,Yes,Yes,No,Computer Science,Semester 2
Student 396,STU0396,20,2,84,2,7,2,No,No,No,No,Data Science,Semester 2
Student 397,STU0397,17,5,72,4,4,3,No,No,Yes,No,Engineering,Semester 4
Student 398,STU0398,24,4,73,3,6,2,Yes,No,No,No,Data Science,Semester 3
Student 399,STU0399,20,4,92,2,7,2,Yes,No,No,No,Software Engineering,Semester 1
Student 400,STU0400,23,4,79,3,4,1,Yes,No,No,No,Software Engineering,Semester 2
Student 401,STU0401,17,3,72,0,4,4,Yes,Yes,No,No,Software Engineering,Semester 1
Student 402,STU0402,19,6,74,3,6,3,No,Yes,No,No,Computer Science,Semester 2
Student 403,STU0403,21,1,85,2,8,2,Yes,Yes,No,Yes,Software Engineering,Semester 3
Student 404,STU0404,21,5,85,3,5,2,Yes,Yes,No,Yes,Computer Science,Semester 2
Student 405,STU0405,20,4,87,2,5,1,Yes,No,No,No,Business,Semester 2
Student 406,STU0406,22,4,88,4,6,2,No,Yes,No,Yes,Data Science,Semester 1
Student 407,STU0407,18,3,84,3,4,3,Yes,Yes,No,Yes,Engineering,Semester 3
Student 408,STU0408,20,5,86,1,9,2,Yes,No,No,Yes,Computer Science,Semester 2
Student 409,STU0409,21,5,78,1,3,2,No,No,No,No,Computer Science,Semester 1
Student 410,STU0410,22,3,73,1,5,1,Yes,Yes,No,No,Engineering,Semester 2
Student 411,STU0411,22,5,92,2,5,2,Yes,No,Yes,Yes,Data Science,Semester 1
Student 412,STU0412,18,4,89,2,1,3,No,No,No,Yes,Software Engineering,Semester 3
Student 413,STU0413,17,3,79,2,4,3,No,Yes,No,No,Data Science,Semester 4
Student 414,STU0414,23,1,76,3,3,1,Yes,Yes,No,No,Computer Science,Semester 3
Student 415,STU0415,21,5,100,4,6,1,Yes,No,No,Yes,Software Engineering,Semester 1
Student 416,STU0416,19,3,74,3,2,2,Yes,No,Yes,Yes,Business,Semester 3
Student 417,STU0417,24,4,83,2,5,1,Yes,No,No,No,Engineering,Semester 1
Student 418,STU0418,21,5,76,1,3,3,Yes,Yes,No,No,Data Science,Semester 1
Student 419,STU0419,23,2,78,0,7,2,Yes,No,No,No,Software Engineering,Semester 3
Student 420,STU0420,21,5,76,0,3,2,Yes,No,No,No,Engineering,Semester 4
Student 421,STU0421,25,2,64,1,6,0,Yes,Yes,No,No,Data Science,Semester 3
Student 422,STU0422,24,5,85,0,7,1,Yes,No,No,Yes,Computer Science,Semester 1
Student 423,STU0423,20,6,87,7,6,2,Yes,No,No,Yes,Computer Science,Semester 4
Student 424,STU0424,23,5,76,0,3,3,Yes,Yes,No,No,Computer Science,Semester 1
Student 425,STU0425,22,4,100,2,7,3,Yes,No,No,No,Business,Semester 4
Student 426,STU0426,24,5,84,1,6,3,Yes,No,No,No,Computer Science,Semester 3
Student 427,STU0427,18,3,83,0,1,4,Yes,Yes,No,No,Computer Science,Semester 3
Student 428,STU0428,22,2,85,4,5,0,No,No,Yes,No,Computer Science,Semester 1
Student 429,STU0429,23,3,77,5,10,1,Yes,Yes,Yes,No,Software Engineering,Semester 4
Student 430,STU0430,17,6,74,1,7,1,Yes,No,Yes,Yes,Engineering,Semester 1
Student 431,STU0431,18,2,75,4,4,2,Yes,Yes,No,Yes,Business,Semester 4
Student 432,STU0432,17,5,77,2,6,3,Yes,Yes,No,No,Data Science,Semester 1
Student 433,STU0433,20,3,86,0,4,3,Yes,No,No,Yes,Business,Semester 3
Student 434,STU0434,22,3,79,3,7,1,Yes,No,No,Yes,Engineering,Semester 2
Student 435,STU0435,24,6,86,5,4,1,Yes,No,No,No,Computer Science,Semester 1
Student 436,STU0436,21,4,71,1,7,0,Yes,No,No,No,Computer Science,Semester 2
Student 437,STU0437,24,5,76,1,7,2,Yes,Yes,Yes,Yes,Data Science,Semester 3
Student 438,STU0438,18,7,76,2,6,0,Yes,No,No,No,Business,Semester 2
Student 439,STU0439,17,3,51,4,9,0,Yes,No,Yes,Yes,Business,Semester 4
Student 440,STU0440,20,4,63,2,5,1,Yes,Yes,Yes,Yes,Data Science,Semester 2
Student 441,STU0441,21,4,73,2,7,1,Yes,No,Yes,No,Business,Semester 1
Student 442,STU0442,20,3,85,1,7,1,No,No,Yes,No,Business,Semester 2
Student 443,STU0443,17,4,87,0,6,1,Yes,No,Yes,Yes,Business,Semester 4
Student 444,STU0444,20,5,70,2,6,1,Yes,No,No,Yes,Data Science,Semester 3
Student 445,STU0445,18,5,80,1,4,3,Yes,Yes,Yes,Yes,Data Science,Semester 4
Student 446,STU0446,22,4,71,0,4,1,No,No,No,No,Engineering,Semester 1
Student 447,STU0447,21,0,84,1,6,2,No,No,Yes,No,Business,Semester 4
Student 448,STU0448,18,2,76,2,6,1,Yes,No,Yes,No,Engineering,Semester 2
Student 449,STU0449,19,6,77,3,5,2,Yes,No,No,Yes,Software Engineering,Semester 2
Student 450,STU0450,18,2,80,0,4,4,Yes,No,No,No,Software Engineering,Semester 4
Student 451,STU0451,20,5,84,2,5,3,Yes,No,No,No,Business,Semester 2
Student 452,STU0452,23,2,82,2,5,3,Yes,No,No,No,Computer Science,Semester 2
Student 453,STU0453,18,2,85,5,6,3,Yes,No,No,Yes,Software Engineering,Semester 1
Student 454,STU0454,22,4,87,2,5,1,No,No,No,No,Computer Science,Semester 1
Student 455,STU0455,19,6,80,0,7,1,Yes,No,No,No,Engineering,Semester 1
Student 456,STU0456,19,4,73,3,5,3,Yes,No,No,Yes,Business,Semester 3
Student 457,STU0457,20,4,69,3,4,3,Yes,Yes,Yes,Yes,Engineering,Semester 3
Student 458,STU0458,18,2,75,0,5,1,Yes,No,No,No,Engineering,Semester 1
Student 459,STU0459,19,1,83,0,3,2,Yes,Yes,No,No,Data Science,Semester 4
Student 460,STU0460,18,3,70,3,9,2,Yes,No,No,No,Business,Semester 4
Student 461,STU0461,25,4,90,2,6,1,Yes,No,No,No,Data Science,Semester 4
Student 462,STU0462,21,3,73,5,5,0,Yes,No,Yes,Yes,Engineering,Semester 1
Student 463,STU0463,19,6,81,3,8,2,Yes,No,No,Yes,Computer Science,Semester 3
Student 464,STU0464,21,2,93,4,5,2,Yes,No,Yes,No,Business,Semester 2
Student 465,STU0465,20,3,80,3,5,1,No,Yes,No,No,Business,Semester 4
Student 466,STU0466,20,6,73,1,4,1,Yes,No,Yes,No,Software Engineering,Semester 1
Student 467,STU0467,22,4,61,4,3,1,Yes,No,Yes,Yes,Computer Science,Semester 1
Student 468,STU0468,22,2,85,3,5,3,No,No,No,Yes,Computer Science,Semester 2
Student 469,STU0469,19,1,84,1,7,2,Yes,No,No,Yes,Engineering,Semester 3
Student 470,STU0470,19,3,86,3,3,2,No,No,Yes,No,Engineering,Semester 3
Student 471,STU0471,20,2,82,0,5,2,Yes,No,No,No,Engineering,Semester 1
Student 472,STU0472,17,3,77,0,5,2,No,No,Yes,Yes,Software Engineering,Semester 2
Student 473,STU0473,17,6,75,0,6,2,Yes,No,Yes,Yes,Computer Science,Semester 3
Student 474,STU0474,24,2,82,1,4,2,No,Yes,Yes,Yes,Data Science,Semester 2
Student 475,STU0475,24,3,89,1,6,3,Yes,No,No,No,Computer Science,Semester 2
Student 476,STU0476,20,5,58,4,6,0,No,No,No,No,Data Science,Semester 1
Student 477,STU0477,22,4,89,1,4,2,Yes,Yes,No,No,Business,Semester 2
Student 478,STU0478,21,5,79,1,5,3,Yes,Yes,No,No,Data Science,Semester 2
Student 479,STU0479,27,5,80,2,5,3,No,No,Yes,Yes,Business,Semester 2
Student 480,STU0480,23,3,87,1,4,1,Yes,No,No,No,Engineering,Semester 4
Student 481,STU0481,20,4,80,2,3,3,Yes,Yes,No,No,Computer Science,Semester 2
Student 482,STU0482,18,4,83,4,8,1,Yes,No,Yes,Yes,Engineering,Semester 2
Student 483,STU0483,17,1,68,1,2,1,Yes,No,No,No,Computer Science,Semester 1
Student 484,STU0484,21,4,79,2,5,2,Yes,Yes,No,No,Data Science,Semester 3
Student 485,STU0485,19,2,86,5,8,1,Yes,Yes,No,No,Computer Science,Semester 3
Student 486,STU0486,17,3,78,3,4,1,No,No,No,No,Data Science,Semester 2
Student 487,STU0487,19,3,79,2,5,3,Yes,Yes,No,No,Computer Science,Semester 1
Student 488,STU0488,18,4,83,2,5,2,Yes,No,No,No,Business,Semester 1
Student 489,STU0489,24,4,85,4,1,3,No,No,No,Yes,Data Science,Semester 2
Student 490,STU0490,22,4,94,1,5,2,No,Yes,Yes,Yes,Engineering,Semester 2
Student 491,STU0491,21,3,85,1,2,2,Yes,Yes,No,Yes,Engineering,Semester 3
Student 492,STU0492,24,5,92,0,7,2,Yes,Yes,Yes,No,Engineering,Semester 3
Student 493,STU0493,21,3,81,1,4,1,Yes,Yes,Yes,No,Engineering,Semester 3
Student 494,STU0494,19,3,63,3,8,0,Yes,Yes,No,No,Business,Semester 2
Student 495,STU0495,24,1,78,0,3,2,Yes,No,No,No,Business,Semester 3
Student 496,STU0496,22,4,75,5,6,2,Yes,Yes,No,Yes,Software Engineering,Semester 1
Student 497,STU0497,18,5,81,1,3,1,Yes,No,No,No,Software Engineering,Semester 4
Student 498,STU0498,20,3,79,2,5,2,Yes,No,Yes,No,Software Engineering,Semester 4
Student 499,STU0499,19,6,84,3,5,2,No,Yes,No,Yes,Software Engineering,Semester 4
Student 500,STU0500,18,2,76,2,5,2,No,Yes,Yes,Yes,Computer Science,Semester 1
Student 501,STU0501,23,4,83,2,5,1,Yes,Yes,No,No,Data Science,Semester 4
Student 502,STU0502,25,5,85,1,8,0,Yes,Yes,No,No,Engineering,Semester 2
Student 503,STU0503,17,3,82,1,4,2,Yes,No,Yes,Yes,Computer Science,Semester 2
Student 504,STU0504,22,2,70,2,5,2,Yes,Yes,No,No,Business,Semester 4
Student 505,STU0505,19,4,89,0,3,3,Yes,No,No,No,Engineering,Semester 4
Student 506,STU0506,19,4,87,2,3,3,Yes,No,No,Yes,Data Science,Semester 3
Student 507,STU0507,19,5,80,1,4,3,No,No,No,Yes,Data Science,Semester 1
Student 508,STU0508,19,3,67,1,8,0,Yes,No,Yes,Yes,Business,Semester 3
Student 509,STU0509,21,2,84,2,2,2,No,No,Yes,No,Engineering,Semester 1
Student 510,STU0510,19,3,77,1,6,2,Yes,Yes,Yes,No,Software Engineering,Semester 3
Student 511,STU0511,21,4,62,1,5,2,Yes,Yes,Yes,Yes,Engineering,Semester 2
Student 512,STU0512,20,5,81,0,4,2,Yes,No,No,No,Engineering,Semester 1
Student 513,STU0513,20,2,93,3,6,0,No,Yes,No,Yes,Data Science,Semester 4
Student 514,STU0514,19,3,83,0,6,0,No,No,No,Yes,Business,Semester 1
Student 515,STU0515,19,4,81,3,5,1,Yes,No,No,No,Engineering,Semester 1
Student 516,STU0516,22,6,77,2,5,2,Yes,No,No,Yes,Computer Science,Semester 3
Student 517,STU0517,22,3,82,3,5,3,Yes,No,No,No,Computer Science,Semester 4
Student 518,STU0518,18,2,82,4,4,1,Yes,No,No,No,Business,Semester 3
Student 519,STU0519,21,4,86,2,5,1,No,No,No,Yes,Software Engineering,Semester 4
Student 520,STU0520,22,1,77,2,4,0,Yes,No,No,Yes,Engineering,Semester 3
Student 521,STU0521,17,3,75,1,5,2,Yes,No,Yes,Yes,Engineering,Semester 4
Student 522,STU0522,22,4,78,4,4,1,Yes,No,No,No,Data Science,Semester 1
Student 523,STU0523,19,4,81,1,4,3,No,No,Yes,No,Engineering,Semester 2
Student 524,STU0524,22,4,81,1,4,2,Yes,No,No,No,Software Engineering,Semester 4
Student 525,STU0525,19,1,81,0,7,2,Yes,No,No,No,Engineering,Semester 3
Student 526,STU0526,17,2,74,2,3,1,Yes,No,Yes,Yes,Engineering,Semester 1
Student 527,STU0527,17,5,81,2,8,2,Yes,No,No,Yes,Data Science,Semester 3
Student 528,STU0528,21,3,87,1,6,2,Yes,Yes,No,Yes,Computer Science,Semester 1
Student 529,STU0529,21,3,92,3,2,3,Yes,No,No,No,Computer Science,Semester 1
Student 530,STU0530,19,2,89,2,4,4,No,Yes,No,Yes,Software Engineering,Semester 4
Student 531,STU0531,22,4,81,0,2,0,Yes,No,Yes,No,Business,Semester 3
Student 532,STU0532,17,3,80,2,6,0,No,No,No,No,Business,Semester 1
Student 533,STU0533,20,5,91,1,7,1,No,No,No,Yes,Data Science,Semester 3
Student 534,STU0534,18,2,81,1,5,1,Yes,Yes,Yes,No,Engineering,Semester 1
Student 535,STU0535,19,5,88,3,7,1,Yes,No,No,No,Data Science,Semester 4
Student 536,STU0536,21,6,81,2,5,3,No,No,No,Yes,Computer Science,Semester 2
Student 537,STU0537,19,4,62,2,7,1,Yes,Yes,Yes,Yes,Software Engineering,Semester 2
Student 538,STU0538,20,2,87,1,6,1,Yes,Yes,No,No,Business,Semester 2
Student 539,STU0539,23,5,89,2,5,2,Yes,No,Yes,No,Engineering,Semester 2
Student 540,STU0540,19,3,79,2,6,1,Yes,No,No,Yes,Business,Semester 4
Student 541,STU0541,22,3,72,3,5,0,No,Yes,No,No,Computer Science,Semester 4
Student 542,STU0542,18,4,94,1,8,1,Yes,No,Yes,No,Engineering,Semester 4
Student 543,STU0543,22,3,80,2,4,3,Yes,No,No,No,Computer Science,Semester 3
Student 544,STU0544,24,3,79,1,6,0,Yes,No,Yes,Yes,Business,Semester 1
Student 545,STU0545,17,4,85,2,4,3,Yes,No,No,No,Business,Semester 1
Student 546,STU0546,19,4,100,1,2,3,Yes,No,No,Yes,Computer Science,Semester 2
Student 547,STU0547,22,1,85,1,6,1,Yes,No,No,Yes,Engineering,Semester 2
Student 548,STU0548,20,5,83,3,2,4,Yes,No,Yes,No,Computer Science,Semester 1
Student 549,STU0549,21,5,82,2,9,1,Yes,Yes,No,Yes,Engineering,Semester 1
Student 550,STU0550,19,4,95,4,4,3,Yes,Yes,No,No,Data Science,Semester 1
Student 551,STU0551,21,4,86,1,5,2,Yes,No,No,No,Data Science,Semester 4
Student 552,STU0552,20,3,88,3,4,0,No,No,No,No,Engineering,Semester 4
Student 553,STU0553,23,2,84,3,5,3,Yes,No,Yes,No,Computer Science,Semester 4
Student 554,STU0554,21,4,86,3,6,3,Yes,No,No,No,Engineering,Semester 2
Student 555,STU0555,21,6,79,1,4,3,No,No,No,Yes,Business,Semester 4
Student 556,STU0556,20,4,83,1,1,4,Yes,No,No,No,Computer Science,Semester 1
Student 557,STU0557,19,6,76,1,3,3,Yes,Yes,No,No,Engineering,Semester 2
Student 558,STU0558,20,6,77,2,4,4,Yes,No,No,No,Business,Semester 2
Student 559,STU0559,21,3,85,1,6,3,Yes,Yes,Yes,Yes,Software Engineering,Semester 4
Student 560,STU0560,20,3,76,2,5,1,Yes,No,Yes,No,Business,Semester 2
Student 561,STU0561,21,3,83,2,6,0,Yes,Yes,Yes,No,Engineering,Semester 1
Student 562,STU0562,25,3,79,0,2,4,Yes,No,Yes,Yes,Computer Science,Semester 2
Student 563,STU0563,22,2,73,3,3,1,Yes,Yes,No,No,Computer Science,Semester 3
Student 564,STU0564,20,4,83,1,4,4,Yes,Yes,No,No,Data Science,Semester 1
Student 565,STU0565,23,5,88,4,8,0,Yes,Yes,No,Yes,Engineering,Semester 1
Student 566,STU0566,20,1,71,1,10,0,Yes,No,No,No,Business,Semester 4
Student 567,STU0567,17,6,86,3,3,3,Yes,No,No,No,Business,Semester 1
Student 568,STU0568,18,3,73,1,7,2,Yes,No,No,Yes,Engineering,Semester 1
Student 569,STU0569,17,4,92,1,5,2,No,No,No,No,Business,Semester 2
Student 570,STU0570,20,4,86,0,6,3,Yes,No,No,No,Software Engineering,Semester 3
Student 571,STU0571,21,2,71,1,3,2,Yes,No,No,No,Data Science,Semester 2
Student 572,STU0572,24,3,88,3,7,1,Yes,No,Yes,No,Computer Science,Semester 3
Student 573,STU0573,21,2,77,3,1,3,Yes,Yes,Yes,No,Business,Semester 1
Student 574,STU0574,20,4,74,0,3,1,Yes,No,No,Yes,Software Engineering,Semester 2
Student 575,STU0575,22,3,87,2,5,2,No,No,No,No,Engineering,Semester 2
Student 576,STU0576,17,4,91,4,4,3,No,No,No,No,Business,Semester 4
Student 577,STU0577,21,4,70,2,5,2,Yes,No,No,Yes,Engineering,Semester 2
Student 578,STU0578,22,4,79,1,4,2,No,No,No,Yes,Software Engineering,Semester 3
Student 579,STU0579,17,2,83,0,4,1,Yes,Yes,No,No,Software Engineering,Semester 3
Student 580,STU0580,23,5,77,3,5,2,Yes,No,No,No,Computer Science,Semester 1
Student 581,STU0581,21,5,80,1,5,2,Yes,No,No,No,Engineering,Semester 4
Student 582,STU0582,20,1,85,3,5,1,No,No,Yes,No,Data Science,Semester 4
Student 583,STU0583,22,4,55,1,5,3,Yes,No,No,No,Computer Science,Semester 2
Student 584,STU0584,26,0,85,2,4,0,Yes,No,Yes,No,Engineering,Semester 1
Student 585,STU0585,21,2,70,1,7,1,Yes,No,No,No,Engineering,Semester 3
Student 586,STU0586,21,5,71,1,5,2,Yes,Yes,No,No,Software Engineering,Semester 4
Student 587,STU0587,20,3,87,2,7,2,Yes,Yes,No,No,Software Engineering,Semester 1
Student 588,STU0588,19,6,75,1,4,2,Yes,No,No,No,Engineering,Semester 2
Student 589,STU0589,22,4,74,3,3,0,Yes,No,No,No,Software Engineering,Semester 4
Student 590,STU0590,19,3,79,3,5,3,Yes,Yes,No,No,Engineering,Semester 2
Student 591,STU0591,21,3,77,1,10,0,Yes,No,No,Yes,Engineering,Semester 3
Student 592,STU0592,19,5,83,0,3,2,Yes,No,No,Yes,Computer Science,Semester 3
Student 593,STU0593,22,3,83,2,6,0,Yes,No,No,Yes,Computer Science,Semester 1
Student 594,STU0594,21,1,74,1,5,1,Yes,Yes,No,No,Data Science,Semester 2
Student 595,STU0595,23,2,68,1,6,0,No,No,Yes,No,Computer Science,Semester 1
Student 596,STU0596,19,4,80,0,3,1,Yes,No,Yes,No,Business,Semester 3
Student 597,STU0597,20,2,90,1,6,3,Yes,No,No,No,Business,Semester 4
Student 598,STU0598,18,7,81,2,6,2,Yes,No,No,No,Software Engineering,Semester 3
Student 599,STU0599,20,3,79,4,2,3,Yes,Yes,No,Yes,Business,Semester 1
Student 600,STU0600,21,3,95,4,5,0,Yes,No,No,Yes,Computer Science,Semester 2
Student 601,STU0601,22,2,88,3,5,1,Yes,Yes,No,No,Data Science,Semester 3
Student 602,STU0602,19,5,68,2,4,1,Yes,Yes,No,No,Engineering,Semester 1
Student 603,STU0603,22,3,79,2,5,0,Yes,No,No,No,Data Science,Semester 2
Student 604,STU0604,24,5,83,2,7,2,Yes,No,No,Yes,Computer Science,Semester 1
Student 605,STU0605,21,5,73,0,6,3,Yes,No,No,Yes,Computer Science,Semester 3
Student 606,STU0606,25,4,79,1,3,2,Yes,Yes,No,No,Computer Science,Semester 2
Student 607,STU0607,19,4,82,0,6,1,Yes,No,Yes,No,Software Engineering,Semester 3
Student 608,STU0608,18,2,80,4,5,1,Yes,No,Yes,No,Business,Semester 3
Student 609,STU0609,17,2,72,1,4,0,Yes,No,No,No,Computer Science,Semester 3
Student 610,STU0610,24,2,93,3,3,1,Yes,No,No,Yes,Engineering,Semester 3
Student 611,STU0611,22,4,84,0,7,3,Yes,No,No,No,Business,Semester 3
Student 612,STU0612,20,7,75,1,4,2,Yes,No,No,Yes,Business,Semester 1
Student 613,STU0613,21,3,89,0,7,0,Yes,Yes,No,Yes,Software Engineering,Semester 4
Student 614,STU0614,18,5,81,1,3,2,Yes,Yes,No,No,Data Science,Semester 4
Student 615,STU0615,26,4,89,2,9,1,No,No,No,No,Business,Semester 3
Student 616,STU0616,21,4,81,1,10,1,No,No,Yes,No,Business,Semester 3
Student 617,STU0617,21,3,70,3,6,1,Yes,No,Yes,No,Computer Science,Semester 3
Student 618,STU0618,22,3,73,4,7,0,Yes,No,No,Yes,Engineering,Semester 2
Student 619,STU0619,22,3,91,0,4,3,Yes,Yes,No,Yes,Computer Science,Semester 3
Student 620,STU0620,21,4,90,1,4,3,Yes,Yes,No,Yes,Engineering,Semester 2
Student 621,STU0621,19,5,71,0,7,3,Yes,No,No,No,Business,Semester 1
Student 622,STU0622,22,4,93,1,5,2,Yes,Yes,No,Yes,Engineering,Semester 4
Student 623,STU0623,25,3,90,2,3,4,Yes,No,No,No,Computer Science,Semester 3
Student 624,STU0624,24,4,76,1,5,1,Yes,No,No,Yes,Computer Science,Semester 4
Student 625,STU0625,24,4,81,2,5,2,Yes,No,No,No,Data Science,Semester 1
Student 626,STU0626,19,5,64,1,5,1,Yes,No,Yes,No,Software Engineering,Semester 4
Student 627,STU0627,18,5,76,3,7,2,Yes,No,No,No,Data Science,Semester 1
Student 628,STU0628,20,2,80,2,8,2,Yes,No,No,Yes,Business,Semester 3
Student 629,STU0629,21,3,84,5,6,1,Yes,Yes,No,No,Engineering,Semester 1
Student 630,STU0630,23,6,81,1,7,0,Yes,No,No,No,Computer Science,Semester 3
Student 631,STU0631,17,5,83,2,4,0,Yes,No,No,No,Computer Science,Semester 4
Student 632,STU0632,24,2,74,3,8,2,No,No,No,No,Computer Science,Semester 1
Student 633,STU0633,20,2,84,2,4,2,Yes,Yes,No,Yes,Computer Science,Semester 2
Student 634,STU0634,20,4,95,3,4,2,Yes,No,No,No,Business,Semester 2
Student 635,STU0635,18,5,85,0,4,2,Yes,No,Yes,No,Software Engineering,Semester 2
Student 636,STU0636,17,2,82,4,4,3,Yes,No,No,No,Data Science,Semester 3
Student 637,STU0637,22,4,76,1,6,2,Yes,No,No,No,Data Science,Semester 1
Student 638,STU0638,21,5,79,1,7,0,Yes,No,No,Yes,Computer Science,Semester 2
Student 639,STU0639,18,3,71,1,5,0,Yes,No,No,Yes,Computer Science,Semester 3
Student 640,STU0640,18,3,70,0,6,1,Yes,Yes,Yes,Yes,Engineering,Semester 2
Student 641,STU0641,20,5,81,2,3,2,Yes,No,No,No,Computer Science,Semester 4
Student 642,STU0642,24,3,86,1,5,2,Yes,No,No,Yes,Data Science,Semester 4
Student 643,STU0643,20,5,75,4,8,1,Yes,No,Yes,No,Engineering,Semester 4
Student 644,STU0644,17,3,91,0,8,1,Yes,No,Yes,No,Engineering,Semester 2
Student 645,STU0645,20,2,77,2,3,1,Yes,Yes,Yes,No,Computer Science,Semester 3
Student 646,STU0646,20,4,81,0,4,2,No,Yes,No,Yes,Engineering,Semester 2
Student 647,STU0647,17,3,89,3,10,2,Yes,No,Yes,Yes,Software Engineering,Semester 3
Student 648,STU0648,20,2,79,1,6,1,Yes,No,Yes,No,Computer Science,Semester 2
Student 649,STU0649,20,6,87,1,8,2,Yes,No,Yes,Yes,Software Engineering,Semester 3
Student 650,STU0650,22,4,86,0,8,1,Yes,No,No,Yes,Computer Science,Semester 2
Student 651,STU0651,25,3,76,4,3,2,Yes,No,No,Yes,Software Engineering,Semester 1
Student 652,STU0652,23,3,76,2,6,0,Yes,No,No,No,Computer Science,Semester 1
Student 653,STU0653,20,5,91,1,5,2,Yes,No,No,Yes,Data Science,Semester 3
Student 654,STU0654,18,6,92,1,8,2,Yes,No,Yes,Yes,Computer Science,Semester 4
Student 655,STU0655,26,3,87,1,9,0,Yes,No,No,Yes,Data Science,Semester 4
Student 656,STU0656,21,4,75,0,4,3,Yes,No,No,Yes,Business,Semester 4
Student 657,STU0657,21,3,88,0,10,1,Yes,No,Yes,No,Business,Semester 3
Student 658,STU0658,20,5,79,1,5,2,Yes,No,No,Yes,Computer Science,Semester 1
Student 659,STU0659,21,3,71,4,6,2,Yes,No,Yes,No,Data Science,Semester 3
Student 660,STU0660,20,1,76,2,1,2,Yes,No,Yes,Yes,Data Science,Semester 2
Student 661,STU0661,19,2,80,0,7,1,Yes,No,No,No,Engineering,Semester 2
Student 662,STU0662,19,5,90,2,1,4,No,Yes,No,Yes,Engineering,Semester 2
Student 663,STU0663,20,3,75,7,5,1,Yes,No,Yes,No,Software Engineering,Semester 2
Student 664,STU0664,19,5,74,2,4,3,Yes,No,No,No,Engineering,Semester 2
Student 665,STU0665,19,4,78,2,6,2,Yes,No,No,No,Computer Science,Semester 2
Student 666,STU0666,21,3,81,2,5,0,Yes,Yes,No,No,Engineering,Semester 4
Student 667,STU0667,20,3,87,2,6,0,Yes,Yes,No,Yes,Engineering,Semester 4
Student 668,STU0668,24,3,86,1,7,1,Yes,Yes,No,Yes,Computer Science,Semester 2
Student 669,STU0669,17,4,64,1,5,3,Yes,No,No,Yes,Computer Science,Semester 3
Student 670,STU0670,23,1,79,1,5,0,Yes,Yes,No,Yes,Software Engineering,Semester 1
Student 671,STU0671,23,3,83,2,4,3,Yes,No,Yes,Yes,Data Science,Semester 2
Student 672,STU0672,17,3,75,3,3,2,No,Yes,No,No,Engineering,Semester 2
Student 673,STU0673,20,4,75,2,9,2,Yes,Yes,No,Yes,Business,Semester 3
Student 674,STU0674,20,4,87,3,5,3,Yes,Yes,Yes,Yes,Data Science,Semester 4
Student 675,STU0675,17,4,87,3,4,4,Yes,Yes,No,Yes,Computer Science,Semester 3
Student 676,STU0676,19,3,80,4,9,0,No,No,Yes,No,Engineering,Semester 1
Student 677,STU0677,18,3,85,4,5,1,Yes,No,No,No,Software Engineering,Semester 1
Student 678,STU0678,24,3,85,3,5,0,Yes,No,Yes,No,Business,Semester 3
Student 679,STU0679,23,5,73,1,6,0,No,Yes,No,No,Data Science,Semester 2
Student 680,STU0680,23,3,73,3,3,3,No,Yes,Yes,Yes,Engineering,Semester 4
Student 681,STU0681,22,3,78,0,3,1,Yes,No,Yes,No,Computer Science,Semester 2
Student 682,STU0682,18,2,76,2,4,1,Yes,No,No,Yes,Data Science,Semester 2
Student 683,STU0683,19,4,77,1,7,1,Yes,Yes,No,No,Business,Semester 2
Student 684,STU0684,22,3,81,1,6,4,Yes,No,No,No,Computer Science,Semester 2
Student 685,STU0685,18,2,81,0,4,2,No,No,Yes,Yes,Business,Semester 4
Student 686,STU0686,22,2,61,3,5,1,Yes,Yes,No,No,Engineering,Semester 3
Student 687,STU0687,20,4,82,3,6,1,Yes,No,No,No,Data Science,Semester 1
Student 688,STU0688,20,4,80,1,1,3,Yes,Yes,No,No,Software Engineering,Semester 1
Student 689,STU0689,22,3,83,4,6,2,Yes,No,No,Yes,Engineering,Semester 4
Student 690,STU0690,22,4,76,2,6,3,Yes,Yes,No,No,Engineering,Semester 3
Student 691,STU0691,20,5,76,4,3,3,Yes,No,No,Yes,Software Engineering,Semester 4
Student 692,STU0692,23,4,78,2,6,2,Yes,Yes,No,Yes,Software Engineering,Semester 2
Student 693,STU0693,18,4,90,4,5,2,Yes,No,No,Yes,Computer Science,Semester 4
Student 694,STU0694,22,6,78,2,8,0,Yes,Yes,No,No,Business,Semester 3
Student 695,STU0695,22,5,90,1,4,3,Yes,No,No,No,Engineering,Semester 1
Student 696,STU0696,20,4,89,3,6,2,Yes,No,No,Yes,Computer Science,Semester 4
Student 697,STU0697,21,5,79,2,2,3,Yes,No,Yes,No,Computer Science,Semester 1
Student 698,STU0698,18,4,77,0,5,3,Yes,No,No,Yes,Engineering,Semester 1
Student 699,STU0699,23,3,78,2,7,0,Yes,No,No,Yes,Business,Semester 1
Student 700,STU0700,20,6,80,1,4,3,Yes,No,No,No,Software Engineering,Semester 3
Student 701,STU0701,19,6,77,1,7,3,Yes,Yes,No,No,Engineering,Semester 2
Student 702,STU0702,23,5,87,1,7,1,Yes,No,No,No,Business,Semester 2
Student 703,STU0703,19,4,76,0,5,3,Yes,Yes,No,No,Software Engineering,Semester 3
Student 704,STU0704,17,5,88,2,5,2,Yes,No,No,Yes,Data Science,Semester 2
Student 705,STU0705,17,3,74,0,1,2,Yes,Yes,No,No,Engineering,Semester 2
Student 706,STU0706,22,5,68,0,4,1,No,No,No,No,Engineering,Semester 2
Student 707,STU0707,18,2,67,2,7,0,Yes,No,No,Yes,Business,Semester 4
Student 708,STU0708,24,3,77,1,5,2,Yes,No,No,No,Computer Science,Semester 2
Student 709,STU0709,17,0,75,0,6,1,Yes,No,No,No,Computer Science,Semester 4
Student 710,STU0710,24,4,75,0,4,2,Yes,Yes,No,No,Business,Semester 1
Student 711,STU0711,21,5,89,0,2,3,Yes,No,No,No,Engineering,Semester 4
Student 712,STU0712,20,6,76,1,6,2,Yes,Yes,Yes,Yes,Engineering,Semester 2
Student 713,STU0713,19,3,66,4,3,2,Yes,No,No,No,Engineering,Semester 3
Student 714,STU0714,21,4,86,1,5,3,Yes,No,No,Yes,Data Science,Semester 1
Student 715,STU0715,20,3,92,1,6,1,Yes,No,Yes,No,Computer Science,Semester 1
Student 716,STU0716,23,6,85,2,4,3,No,Yes,No,No,Data Science,Semester 4
Student 717,STU0717,21,4,76,1,8,1,Yes,Yes,Yes,Yes,Engineering,Semester 3
Student 718,STU0718,21,6,83,3,9,0,No,Yes,No,Yes,Computer Science,Semester 2
Student 719,STU0719,20,5,75,2,4,4,Yes,Yes,No,No,Engineering,Semester 4
Student 720,STU0720,20,4,74,1,4,3,Yes,Yes,No,No,Engineering,Semester 4
Student 721,STU0721,21,3,80,1,4,4,No,No,No,No,Business,Semester 1
Student 722,STU0722,17,2,81,0,7,1,Yes,Yes,No,Yes,Computer Science,Semester 4
Student 723,STU0723,18,4,80,3,6,3,Yes,No,No,No,Engineering,Semester 3
Student 724,STU0724,22,4,95,4,6,3,Yes,No,Yes,No,Software Engineering,Semester 4
Student 725,STU0725,21,2,82,2,7,0,Yes,No,Yes,No,Software Engineering,Semester 4
Student 726,STU0726,20,5,89,0,3,3,Yes,No,No,Yes,Engineering,Semester 3
Student 727,STU0727,21,4,99,1,6,2,Yes,No,No,No,Business,Semester 4
Student 728,STU0728,21,4,78,0,5,3,Yes,No,Yes,Yes,Engineering,Semester 2
Student 729,STU0729,19,6,83,3,6,3,Yes,Yes,No,Yes,Software Engineering,Semester 4
Student 730,STU0730,19,2,88,2,7,0,Yes,No,No,No,Computer Science,Semester 2
Student 731,STU0731,21,1,83,6,5,2,Yes,No,No,Yes,Business,Semester 3
Student 732,STU0732,18,3,79,0,4,3,Yes,No,No,Yes,Engineering,Semester 2
Student 733,STU0733,21,6,100,2,3,3,Yes,No,No,No,Software Engineering,Semester 3
Student 734,STU0734,17,4,91,2,5,0,Yes,No,No,No,Computer Science,Semester 2
Student 735,STU0735,23,3,65,4,5,3,Yes,No,No,No,Software Engineering,Semester 2
Student 736,STU0736,22,4,92,3,5,1,No,Yes,No,No,Business,Semester 3
Student 737,STU0737,21,3,94,1,8,1,Yes,No,No,No,Data Science,Semester 3
Student 738,STU0738,23,3,91,3,2,0,Yes,No,Yes,Yes,Engineering,Semester 2
Student 739,STU0739,24,3,88,3,2,4,Yes,Yes,Yes,Yes,Computer Science,Semester 3
Student 740,STU0740,23,5,94,1,4,2,Yes,Yes,Yes,No,Business,Semester 1
Student 741,STU0741,17,7,89,1,4,3,Yes,Yes,No,Yes,Business,Semester 4
Student 742,STU0742,18,2,86,3,6,2,Yes,No,No,No,Data Science,Semester 2
Student 743,STU0743,19,3,83,1,2,3,Yes,Yes,No,No,Data Science,Semester 1
Student 744,STU0744,21,3,73,2,6,1,Yes,No,No,Yes,Engineering,Semester 1
Student 745,STU0745,22,6,71,3,7,0,Yes,No,No,No,Engineering,Semester 1
Student 746,STU0746,19,4,88,1,3,1,No,No,No,No,Business,Semester 3
Student 747,STU0747,21,3,88,1,4,2,Yes,No,No,Yes,Engineering,Semester 4
Student 748,STU0748,19,3,81,0,4,2,Yes,No,Yes,Yes,Engineering,Semester 2
Student 749,STU0749,19,6,75,2,6,1,No,No,No,No,Data Science,Semester 4
Student 750,STU0750,17,4,73,1,3,4,Yes,Yes,No,Yes,Business,Semester 2
Student 751,STU0751,19,3,79,0,3,2,Yes,No,No,Yes,Software Engineering,Semester 4
Student 752,STU0752,18,1,87,3,5,2,No,No,No,Yes,Software Engineering,Semester 4
Student 753,STU0753,18,5,99,4,6,3,Yes,No,Yes,No,Computer Science,Semester 1
Student 754,STU0754,23,3,81,4,5,2,Yes,No,No,No,Data Science,Semester 3
Student 755,STU0755,18,4,84,4,4,3,Yes,Yes,No,No,Computer Science,Semester 2
Student 756,STU0756,26,4,91,5,6,3,Yes,No,Yes,No,Business,Semester 2
Student 757,STU0757,22,5,81,3,5,1,Yes,Yes,No,No,Software Engineering,Semester 2
Student 758,STU0758,21,1,84,0,3,1,Yes,No,No,No,Software Engineering,Semester 1
Student 759,STU0759,19,2,88,1,1,3,No,Yes,No,No,Software Engineering,Semester 1
Student 760,STU0760,22,6,90,5,6,1,Yes,No,No,Yes,Computer Science,Semester 1
Student 761,STU0761,19,2,82,0,5,2,Yes,Yes,No,No,Engineering,Semester 1
Student 762,STU0762,21,3,78,1,3,2,Yes,No,Yes,Yes,Computer Science,Semester 1
Student 763,STU0763,26,5,83,1,8,3,Yes,No,No,No,Software Engineering,Semester 4
Student 764,STU0764,20,4,68,3,8,0,Yes,Yes,No,Yes,Data Science,Semester 2
Student 765,STU0765,23,4,69,3,5,1,Yes,No,No,No,Data Science,Semester 4
Student 766,STU0766,19,4,73,3,5,3,Yes,No,Yes,No,Computer Science,Semester 1
Student 767,STU0767,20,3,95,1,1,3,Yes,No,No,Yes,Computer Science,Semester 3
Student 768,STU0768,24,3,89,2,7,2,No,No,No,Yes,Business,Semester 1
Student 769,STU0769,19,4,61,4,3,2,Yes,No,No,Yes,Computer Science,Semester 1
Student 770,STU0770,25,4,93,0,4,3,Yes,No,Yes,No,Computer Science,Semester 1
Student 771,STU0771,22,5,93,4,7,3,Yes,No,Yes,Yes,Software Engineering,Semester 2
Student 772,STU0772,19,3,74,3,9,2,Yes,No,Yes,No,Engineering,Semester 2
Student 773,STU0773,22,4,78,1,8,2,Yes,No,No,Yes,Software Engineering,Semester 3
Student 774,STU0774,23,3,93,0,5,3,Yes,Yes,Yes,Yes,Engineering,Semester 2
Student 775,STU0775,22,3,82,3,6,2,Yes,Yes,No,No,Software Engineering,Semester 1
Student 776,STU0776,17,2,77,1,3,2,Yes,Yes,No,No,Software Engineering,Semester 3
Student 777,STU0777,19,3,76,1,2,1,Yes,Yes,No,Yes,Business,Semester 3
Student 778,STU0778,20,3,100,0,7,0,Yes,No,No,No,Engineering,Semester 3
Student 779,STU0779,20,5,88,2,6,3,Yes,No,No,No,Software Engineering,Semester 1
Student 780,STU0780,22,4,79,0,2,1,Yes,Yes,No,Yes,Software Engineering,Semester 2
Student 781,STU0781,21,4,93,1,5,2,Yes,No,No,Yes,Engineering,Semester 4
Student 782,STU0782,18,3,81,0,6,3,Yes,No,Yes,No,Business,Semester 2
Student 783,STU0783,21,2,91,3,7,3,Yes,No,Yes,Yes,Engineering,Semester 4
Student 784,STU0784,22,4,86,1,6,3,Yes,No,No,Yes,Business,Semester 1
Student 785,STU0785,22,5,79,2,4,1,Yes,No,No,No,Business,Semester 2
Student 786,STU0786,23,2,86,3,4,1,No,Yes,Yes,Yes,Data Science,Semester 1
Student 787,STU0787,22,4,86,5,5,3,Yes,Yes,No,Yes,Business,Semester 1
Student 788,STU0788,22,3,88,3,6,1,Yes,Yes,No,No,Data Science,Semester 3
Student 789,STU0789,20,3,95,1,7,1,Yes,No,Yes,Yes,Computer Science,Semester 2
Student 790,STU0790,17,3,99,2,8,2,No,Yes,No,No,Business,Semester 3
Student 791,STU0791,21,4,85,0,5,3,Yes,No,Yes,Yes,Engineering,Semester 2
Student 792,STU0792,21,3,66,3,3,0,Yes,Yes,No,No,Data Science,Semester 1
Student 793,STU0793,21,3,89,4,7,0,Yes,No,No,No,Computer Science,Semester 3
Student 794,STU0794,18,1,79,3,5,2,Yes,Yes,No,Yes,Computer Science,Semester 1
Student 795,STU0795,18,4,68,3,5,3,Yes,Yes,No,No,Business,Semester 4
Student 796,STU0796,23,4,87,2,5,2,No,Yes,No,No,Engineering,Semester 1
Student 797,STU0797,20,4,85,1,8,2,No,No,No,Yes,Business,Semester 4
Student 798,STU0798,22,3,75,0,6,1,Yes,Yes,No,No,Software Engineering,Semester 4
Student 799,STU0799,21,5,72,2,8,1,Yes,No,No,No,Computer Science,Semester 3
Student 800,STU0800,21,4,78,2,5,0,No,Yes,No,No,Software Engineering,Semester 3
Student 801,STU0801,23,5,86,2,4,2,Yes,No,No,No,Software Engineering,Semester 2
Student 802,STU0802,19,4,75,2,7,2,Yes,No,No,Yes,Data Science,Semester 2
Student 803,STU0803,21,4,87,5,4,3,Yes,Yes,Yes,Yes,Software Engineering,Semester 3
Student 804,STU0804,20,2,78,0,7,1,Yes,No,Yes,No,Computer Science,Semester 2
Student 805,STU0805,20,1,86,5,5,1,Yes,No,No,No,Computer Science,Semester 1
Student 806,STU0806,20,5,84,2,7,2,Yes,Yes,Yes,Yes,Engineering,Semester 1
Student 807,STU0807,21,4,61,1,6,1,No,Yes,No,No,Business,Semester 1
Student 808,STU0808,19,8,82,0,3,3,No,No,No,Yes,Engineering,Semester 1
Student 809,STU0809,23,3,80,4,1,4,Yes,No,No,No,Engineering,Semester 1
Student 810,STU0810,19,4,76,3,6,2,Yes,No,No,No,Business,Semester 4
Student 811,STU0811,20,5,71,0,6,1,No,No,No,No,Computer Science,Semester 1
Student 812,STU0812,20,3,80,0,3,1,Yes,No,No,No,Data Science,Semester 2
Student 813,STU0813,24,3,79,2,6,1,Yes,Yes,Yes,Yes,Software Engineering,Semester 3
Student 814,STU0814,21,3,87,2,8,3,No,No,No,Yes,Data Science,Semester 3
Student 815,STU0815,23,3,80,2,4,3,No,No,Yes,No,Software Engineering,Semester 2
Student 816,STU0816,17,4,82,2,2,3,Yes,No,No,Yes,Business,Semester 2
Student 817,STU0817,21,4,84,3,7,1,Yes,No,No,No,Business,Semester 2
Student 818,STU0818,23,1,78,2,7,1,Yes,No,No,No,Engineering,Semester 3
Student 819,STU0819,21,4,74,3,4,2,Yes,Yes,No,No,Business,Semester 2
Student 820,STU0820,23,4,99,0,6,4,Yes,No,Yes,Yes,Software Engineering,Semester 2
Student 821,STU0821,19,3,81,1,6,0,Yes,No,No,Yes,Data Science,Semester 4
Student 822,STU0822,24,6,80,1,5,1,Yes,Yes,Yes,No,Data Science,Semester 4
Student 823,STU0823,26,4,93,2,6,2,Yes,No,No,Yes,Data Science,Semester 4
Student 824,STU0824,20,4,97,1,4,3,Yes,Yes,No,No,Data Science,Semester 3
Student 825,STU0825,20,5,93,4,3,3,Yes,No,No,No,Engineering,Semester 2
Student 826,STU0826,24,6,78,2,6,4,No,No,No,Yes,Data Science,Semester 1
Student 827,STU0827,24,3,84,3,6,1,Yes,Yes,No,Yes,Software Engineering,Semester 3
Student 828,STU0828,19,5,86,3,1,3,Yes,No,Yes,No,Engineering,Semester 4
Student 829,STU0829,20,6,99,1,3,4,Yes,No,No,No,Engineering,Semester 4
Student 830,STU0830,20,3,85,2,4,2,Yes,No,No,No,Engineering,Semester 3
Student 831,STU0831,18,2,85,2,6,1,Yes,Yes,No,No,Business,Semester 3
Student 832,STU0832,19,4,73,0,2,3,Yes,Yes,No,No,Engineering,Semester 2
Student 833,STU0833,18,5,72,2,4,3,Yes,No,No,No,Software Engineering,Semester 3
Student 834,STU0834,19,3,92,1,9,3,Yes,Yes,No,Yes,Data Science,Semester 1
Student 835,STU0835,20,5,84,2,5,3,Yes,No,Yes,No,Business,Semester 1
Student 836,STU0836,21,2,85,3,5,0,Yes,No,No,Yes,Data Science,Semester 3
Student 837,STU0837,24,3,90,1,5,1,No,No,No,No,Computer Science,Semester 1
Student 838,STU0838,18,3,88,0,7,3,Yes,No,No,No,Business,Semester 2
Student 839,STU0839,23,3,87,1,5,2,Yes,No,No,Yes,Software Engineering,Semester 3
Student 840,STU0840,20,2,87,1,5,0,Yes,No,No,No,Business,Semester 1
Student 841,STU0841,20,3,83,1,5,2,Yes,No,Yes,No,Engineering,Semester 4
Student 842,STU0842,22,1,83,1,7,1,Yes,No,No,Yes,Business,Semester 2
Student 843,STU0843,18,4,89,2,6,2,Yes,No,Yes,No,Engineering,Semester 3
Student 844,STU0844,21,4,74,1,5,1,No,Yes,No,Yes,Data Science,Semester 3
Student 845,STU0845,21,5,73,3,7,0,Yes,Yes,No,No,Business,Semester 3
Student 846,STU0846,22,3,82,0,4,3,Yes,No,No,Yes,Business,Semester 4
Student 847,STU0847,21,1,83,1,1,3,Yes,No,No,No,Software Engineering,Semester 1
Student 848,STU0848,26,4,87,4,6,1,No,No,Yes,Yes,Computer Science,Semester 3
Student 849,STU0849,19,3,80,1,6,1,Yes,No,No,Yes,Business,Semester 1
Student 850,STU0850,19,5,75,0,4,3,Yes,Yes,Yes,No,Data Science,Semester 2
Student 851,STU0851,19,3,86,1,5,3,Yes,No,Yes,No,Engineering,Semester 4
Student 852,STU0852,19,6,92,4,7,2,Yes,No,No,Yes,Data Science,Semester 4
Student 853,STU0853,19,2,84,1,6,0,Yes,No,Yes,No,Software Engineering,Semester 2
Student 854,STU0854,23,4,70,2,8,3,No,No,No,Yes,Business,Semester 2
Student 855,STU0855,24,4,84,1,6,1,Yes,Yes,No,No,Computer Science,Semester 3
Student 856,STU0856,19,3,66,1,5,1,Yes,No,No,No,Computer Science,Semester 2
Student 857,STU0857,19,4,81,3,5,0,Yes,No,No,No,Business,Semester 4
Student 858,STU0858,22,3,65,1,6,1,Yes,Yes,No,Yes,Computer Science,Semester 1
Student 859,STU0859,19,1,78,3,6,1,Yes,No,No,No,Data Science,Semester 1
Student 860,STU0860,22,3,86,1,5,0,Yes,No,No,No,Engineering,Semester 1
Student 861,STU0861,21,3,79,3,4,2,Yes,No,Yes,Yes,Business,Semester 1
Student 862,STU0862,17,5,91,1,4,3,Yes,Yes,No,Yes,Engineering,Semester 1
Student 863,STU0863,24,4,83,0,6,2,Yes,Yes,No,Yes,Computer Science,Semester 1
Student 864,STU0864,25,3,73,2,6,2,Yes,No,No,Yes,Software Engineering,Semester 4
Student 865,STU0865,19,3,89,2,1,3,Yes,Yes,Yes,Yes,Engineering,Semester 2
Student 866,STU0866,20,3,87,0,4,2,Yes,No,Yes,Yes,Software Engineering,Semester 4
Student 867,STU0867,21,5,92,3,2,2,Yes,Yes,No,No,Data Science,Semester 3
Student 868,STU0868,21,2,87,1,4,1,Yes,No,No,Yes,Software Engineering,Semester 1
Student 869,STU0869,22,2,85,3,4,2,No,No,No,Yes,Engineering,Semester 2
Student 870,STU0870,25,2,74,5,5,1,No,No,No,Yes,Engineering,Semester 2
Student 871,STU0871,20,4,88,0,5,2,Yes,Yes,No,No,Business,Semester 1
Student 872,STU0872,19,5,80,1,9,1,Yes,No,No,Yes,Software Engineering,Semester 2
Student 873,STU0873,18,4,88,0,6,2,Yes,No,Yes,No,Data Science,Semester 1
Student 874,STU0874,19,4,99,0,6,3,Yes,Yes,No,No,Business,Semester 3
Student 875,STU0875,20,3,91,2,2,1,Yes,No,Yes,No,Business,Semester 1
Student 876,STU0876,24,4,84,0,4,2,Yes,Yes,No,Yes,Data Science,Semester 3
Student 877,STU0877,19,3,82,0,3,1,Yes,No,No,No,Business,Semester 2
Student 878,STU0878,21,3,78,1,6,2,Yes,No,No,Yes,Data Science,Semester 4
Student 879,STU0879,21,3,63,0,5,1,Yes,Yes,No,No,Computer Science,Semester 2
Student 880,STU0880,23,4,82,0,4,2,Yes,No,Yes,No,Business,Semester 4
Student 881,STU0881,26,6,77,1,7,3,Yes,No,No,No,Engineering,Semester 1
Student 882,STU0882,19,5,84,2,5,2,Yes,Yes,No,No,Computer Science,Semester 2
Student 883,STU0883,19,4,77,4,7,0,Yes,No,No,No,Business,Semester 2
Student 884,STU0884,23,6,83,1,7,1,Yes,No,No,Yes,Data Science,Semester 3
Student 885,STU0885,22,7,92,0,4,4,Yes,No,No,Yes,Computer Science,Semester 1
Student 886,STU0886,25,4,83,0,7,1,Yes,No,Yes,No,Computer Science,Semester 4
Student 887,STU0887,22,4,73,2,5,2,Yes,Yes,No,No,Engineering,Semester 1
Student 888,STU0888,20,2,75,1,4,2,Yes,Yes,Yes,No,Business,Semester 3
Student 889,STU0889,22,4,87,2,6,3,Yes,No,No,No,Business,Semester 3
Student 890,STU0890,23,3,88,1,2,0,Yes,Yes,No,Yes,Data Science,Semester 3
Student 891,STU0891,22,1,75,1,4,1,Yes,No,No,No,Computer Science,Semester 1
Student 892,STU0892,22,5,81,4,6,3,No,Yes,No,No,Engineering,Semester 3
Student 893,STU0893,23,4,89,0,5,1,Yes,No,Yes,No,Data Science,Semester 1
Student 894,STU0894,23,2,95,3,7,0,Yes,No,No,No,Data Science,Semester 3
Student 895,STU0895,24,1,83,3,4,2,Yes,No,Yes,No,Engineering,Semester 2
Student 896,STU0896,22,3,80,3,5,0,Yes,Yes,Yes,No,Business,Semester 4
Student 897,STU0897,20,3,79,5,5,2,Yes,Yes,No,No,Engineering,Semester 1
Student 898,STU0898,21,3,83,1,2,2,No,Yes,Yes,Yes,Business,Semester 4
Student 899,STU0899,23,1,93,2,6,2,Yes,Yes,Yes,Yes,Software Engineering,Semester 1
Student 900,STU0900,19,4,83,3,6,2,Yes,Yes,No,No,Computer Science,Semester 1
Student 901,STU0901,21,4,86,1,2,2,Yes,No,No,No,Engineering,Semester 2
Student 902,STU0902,20,2,70,5,1,4,Yes,No,Yes,Yes,Data Science,Semester 2
Student 903,STU0903,21,1,94,3,4,2,Yes,No,No,No,Business,Semester 1
Student 904,STU0904,23,5,92,5,7,2,Yes,No,No,No,Computer Science,Semester 3
Student 905,STU0905,21,3,79,4,10,0,Yes,No,No,No,Computer Science,Semester 1
Student 906,STU0906,21,4,81,2,2,3,No,No,No,No,Engineering,Semester 1
Student 907,STU0907,18,4,91,0,8,4,Yes,No,No,Yes,Data Science,Semester 2
Student 908,STU0908,22,3,100,2,7,0,Yes,No,No,No,Engineering,Semester 2
Student 909,STU0909,22,5,68,1,4,1,Yes,No,No,Yes,Data Science,Semester 4
Student 910,STU0910,25,5,77,0,8,1,Yes,Yes,Yes,No,Software Engineering,Semester 4
Student 911,STU0911,20,4,78,0,6,2,Yes,Yes,No,Yes,Engineering,Semester 3
Student 912,STU0912,21,4,90,2,5,1,Yes,No,No,No,Business,Semester 4
Student 913,STU0913,21,3,84,0,2,3,Yes,Yes,No,No,Engineering,Semester 4
Student 914,STU0914,24,4,77,3,5,1,Yes,No,Yes,No,Engineering,Semester 4
Student 915,STU0915,20,6,70,1,5,1,Yes,No,No,No,Software Engineering,Semester 3
Student 916,STU0916,21,5,90,1,9,2,Yes,Yes,No,Yes,Software Engineering,Semester 1
Student 917,STU0917,22,1,80,0,3,3,Yes,Yes,No,No,Engineering,Semester 1
Student 918,STU0918,21,4,72,0,3,2,No,No,No,Yes,Data Science,Semester 3
Student 919,STU0919,20,4,76,3,4,2,Yes,No,No,Yes,Software Engineering,Semester 1
Student 920,STU0920,21,5,78,2,10,0,Yes,Yes,Yes,No,Software Engineering,Semester 4
Student 921,STU0921,23,5,79,1,3,3,No,No,No,No,Data Science,Semester 4
Student 922,STU0922,18,4,73,2,7,1,Yes,No,No,No,Computer Science,Semester 4
Student 923,STU0923,21,2,73,4,2,3,No,Yes,Yes,No,Software Engineering,Semester 4
Student 924,STU0924,19,3,100,1,6,3,Yes,Yes,No,No,Software Engineering,Semester 1
Student 925,STU0925,23,2,84,0,5,2,Yes,No,No,No,Data Science,Semester 3
Student 926,STU0926,17,2,78,0,4,2,Yes,Yes,No,No,Data Science,Semester 3
Student 927,STU0927,19,5,85,4,6,3,Yes,No,No,No,Engineering,Semester 3
Student 928,STU0928,21,3,83,2,4,3,Yes,No,Yes,No,Engineering,Semester 2
Student 929,STU0929,24,6,74,2,2,2,Yes,No,Yes,No,Computer Science,Semester 3
Student 930,STU0930,20,3,66,1,4,0,Yes,No,Yes,No,Computer Science,Semester 2
Student 931,STU0931,19,3,77,0,3,0,Yes,No,No,Yes,Computer Science,Semester 3
Student 932,STU0932,25,4,80,1,6,3,Yes,No,No,No,Business,Semester 4
Student 933,STU0933,17,3,81,2,5,3,No,Yes,No,No,Data Science,Semester 3
Student 934,STU0934,17,4,67,1,8,2,Yes,No,No,Yes,Software Engineering,Semester 2
Student 935,STU0935,22,3,100,3,4,2,Yes,No,Yes,Yes,Data Science,Semester 4
Student 936,STU0936,19,3,100,2,6,3,Yes,Yes,Yes,No,Data Science,Semester 2
Student 937,STU0937,18,3,85,2,3,1,Yes,No,No,Yes,Computer Science,Semester 1
Student 938,STU0938,22,2,82,4,4,2,No,Yes,Yes,No,Data Science,Semester 1
Student 939,STU0939,21,5,77,2,3,3,Yes,Yes,Yes,Yes,Business,Semester 1
Student 940,STU0940,19,4,86,2,7,1,Yes,Yes,No,Yes,Software Engineering,Semester 4
Student 941,STU0941,18,4,81,4,4,2,Yes,No,No,No,Computer Science,Semester 4
Student 942,STU0942,22,4,92,1,4,2,Yes,No,No,Yes,Engineering,Semester 2
Student 943,STU0943,22,4,89,1,6,0,Yes,Yes,No,No,Software Engineering,Semester 4
Student 944,STU0944,20,6,75,3,4,2,Yes,Yes,No,No,Engineering,Semester 3
Student 945,STU0945,25,4,76,2,8,2,Yes,Yes,No,No,Engineering,Semester 2
Student 946,STU0946,18,1,89,0,9,0,Yes,No,Yes,No,Data Science,Semester 3
Student 947,STU0947,17,3,87,0,3,3,Yes,Yes,No,Yes,Software Engineering,Semester 4
Student 948,STU0948,19,2,73,1,7,0,No,No,Yes,Yes,Business,Semester 3
Student 949,STU0949,20,4,78,0,4,0,No,Yes,Yes,Yes,Data Science,Semester 4
Student 950,STU0950,21,3,80,1,4,1,Yes,No,Yes,Yes,Engineering,Semester 4
Student 951,STU0951,20,4,81,1,6,1,Yes,Yes,No,No,Software Engineering,Semester 3
Student 952,STU0952,21,3,81,2,5,2,Yes,No,No,Yes,Data Science,Semester 1
Student 953,STU0953,18,4,74,3,5,3,Yes,Yes,No,No,Software Engineering,Semester 4
Student 954,STU0954,24,3,83,2,7,1,No,Yes,No,Yes,Computer Science,Semester 2
Student 955,STU0955,20,3,82,1,7,2,Yes,No,No,No,Business,Semester 2
Student 956,STU0956,23,4,75,4,5,3,Yes,No,No,Yes,Business,Semester 1
Student 957,STU0957,21,4,83,0,4,1,Yes,No,No,Yes,Business,Semester 3
Student 958,STU0958,22,5,81,2,5,0,Yes,No,No,No,Engineering,Semester 1
Student 959,STU0959,22,4,78,1,5,3,Yes,No,No,No,Engineering,Semester 3
Student 960,STU0960,22,5,72,3,6,2,Yes,No,No,No,Business,Semester 1
Student 961,STU0961,22,4,92,3,5,1,Yes,Yes,No,No,Software Engineering,Semester 4
Student 962,STU0962,23,3,96,1,3,1,Yes,No,Yes,No,Computer Science,Semester 2
Student 963,STU0963,21,4,84,4,7,1,Yes,No,No,No,Engineering,Semester 1
Student 964,STU0964,22,5,93,1,5,3,Yes,No,No,Yes,Data Science,Semester 2
Student 965,STU0965,20,5,83,3,4,2,Yes,No,No,Yes,Data Science,Semester 3
Student 966,STU0966,24,4,70,2,7,1,Yes,Yes,No,No,Engineering,Semester 1
Student 967,STU0967,19,3,84,2,7,1,Yes,Yes,No,Yes,Business,Semester 1
Student 968,STU0968,25,5,79,1,2,4,Yes,No,No,Yes,Software Engineering,Semester 1
Student 969,STU0969,20,0,85,1,7,0,Yes,No,No,Yes,Computer Science,Semester 1
Student 970,STU0970,17,6,94,2,5,3,Yes,Yes,No,Yes,Data Science,Semester 2
Student 971,STU0971,21,4,77,0,5,2,Yes,No,No,No,Engineering,Semester 4
Student 972,STU0972,19,4,70,0,5,1,No,No,No,Yes,Software Engineering,Semester 2
Student 973,STU0973,22,3,88,1,6,0,Yes,Yes,Yes,No,Business,Semester 4
Student 974,STU0974,19,6,92,2,5,3,Yes,No,No,Yes,Computer Science,Semester 1
Student 975,STU0975,20,2,89,2,7,4,Yes,No,Yes,No,Computer Science,Semester 4
Student 976,STU0976,17,3,73,1,4,2,Yes,No,No,No,Data Science,Semester 2
Student 977,STU0977,20,6,73,4,7,1,Yes,No,Yes,Yes,Data Science,Semester 1
Student 978,STU0978,17,2,88,0,5,2,Yes,No,No,No,Engineering,Semester 2
Student 979,STU0979,17,4,78,2,6,0,Yes,No,Yes,Yes,Computer Science,Semester 2
Student 980,STU0980,22,3,74,5,3,3,Yes,No,Yes,No,Business,Semester 2
Student 981,STU0981,22,6,91,0,6,4,Yes,No,No,No,Business,Semester 4
Student 982,STU0982,21,3,79,1,6,1,Yes,No,No,No,Engineering,Semester 1
Student 983,STU0983,18,2,95,2,8,2,Yes,No,Yes,Yes,Computer Science,Semester 1
Student 984,STU0984,20,4,78,0,6,2,Yes,No,No,Yes,Data Science,Semester 2
Student 985,STU0985,21,3,76,3,4,2,Yes,Yes,No,Yes,Business,Semester 3
Student 986,STU0986,18,4,81,1,4,4,Yes,Yes,Yes,Yes,Software Engineering,Semester 2
Student 987,STU0987,24,4,88,0,6,1,Yes,Yes,No,Yes,Engineering,Semester 4
Student 988,STU0988,22,2,84,2,4,3,Yes,Yes,No,Yes,Business,Semester 4
Student 989,STU0989,20,6,97,2,4,2,Yes,No,No,No,Software Engineering,Semester 1
Student 990,STU0990,21,3,83,1,4,1,Yes,No,No,No,Software Engineering,Semester 3
Student 991,STU0991,21,3,80,0,5,1,Yes,No,No,Yes,Business,Semester 4
Student 992,STU0992,17,4,94,1,5,2,Yes,No,Yes,No,Engineering,Semester 1
Student 993,STU0993,20,6,86,2,4,0,Yes,No,No,No,Software Engineering,Semester 3
Student 994,STU0994,19,4,78,2,5,2,Yes,No,Yes,No,Software Engineering,Semester 3
Student 995,STU0995,18,3,83,0,6,2,Yes,No,No,No,Computer Science,Semester 1
Student 996,STU0996,20,5,83,2,8,2,Yes,No,Yes,No,Computer Science,Semester 4
Student 997,STU0997,25,3,80,2,5,1,No,No,No,No,Computer Science,Semester 2
Student 998,STU0998,22,4,83,0,4,1,Yes,No,No,No,Software Engineering,Semester 4
Student 999,STU0999,19,3,71,0,3,1,No,Yes,No,No,Software Engineering,Semester 4
Student 1000,STU1000,22,4,79,2,5,0,Yes,No,No,No,Engineering,Semester 4
Student 1001,STU1001,24,2,85,3,6,3,Yes,No,No,Yes,Data Science,Semester 1
Student 1002,STU1002,23,4,77,1,5,2,Yes,Yes,No,Yes,Computer Science,Semester 1
Student 1003,STU1003,21,4,74,2,7,3,No,No,No,No,Data Science,Semester 2
Student 1004,STU1004,19,4,81,2,8,2,Yes,Yes,Yes,No,Computer Science,Semester 4
Student 1005,STU1005,22,3,78,1,4,2,Yes,Yes,Yes,No,Computer Science,Semester 4
Student 1006,STU1006,21,5,71,2,3,1,Yes,No,No,Yes,Engineering,Semester 2
Student 1007,STU1007,23,1,71,2,7,2,Yes,No,No,No,Engineering,Semester 3
Student 1008,STU1008,22,3,85,2,6,2,Yes,No,Yes,Yes,Business,Semester 3
Student 1009,STU1009,23,7,82,2,6,0,Yes,No,Yes,No,Computer Science,Semester 2
Student 1010,STU1010,19,4,84,1,6,2,Yes,No,Yes,Yes,Computer Science,Semester 4
Student 1011,STU1011,23,5,79,5,2,3,Yes,No,No,No,Computer Science,Semester 1
Student 1012,STU1012,21,4,69,1,6,2,No,No,No,Yes,Engineering,Semester 4
Student 1013,STU1013,25,6,75,2,5,1,No,No,No,Yes,Computer Science,Semester 2
Student 1014,STU1014,19,3,79,1,6,1,Yes,Yes,Yes,Yes,Business,Semester 2
Student 1015,STU1015,24,4,85,5,3,3,Yes,No,Yes,Yes,Software Engineering,Semester 2
Student 1016,STU1016,21,5,68,1,5,2,No,No,No,No,Business,Semester 1
Student 1017,STU1017,19,5,63,0,4,0,Yes,No,No,Yes,Software Engineering,Semester 4
Student 1018,STU1018,19,1,93,2,7,2,Yes,No,No,No,Engineering,Semester 1
Student 1019,STU1019,20,4,86,3,5,3,No,No,Yes,Yes,Data Science,Semester 3
Student 1020,STU1020,21,2,75,2,4,2,Yes,No,No,No,Engineering,Semester 4
Student 1021,STU1021,22,3,80,1,3,3,Yes,No,No,Yes,Data Science,Semester 2
Student 1022,STU1022,19,3,78,2,7,0,Yes,Yes,No,Yes,Software Engineering,Semester 4
Student 1023,STU1023,20,1,84,1,7,1,No,No,No,No,Data Science,Semester 2
Student 1024,STU1024,25,5,77,2,9,1,No,No,Yes,No,Software Engineering,Semester 1
Student 1025,STU1025,24,2,72,3,4,0,No,No,No,No,Data Science,Semester 4
Student 1026,STU1026,22,3,85,1,3,3,Yes,No,No,No,Software Engineering,Semester 2
Student 1027,STU1027,21,4,96,4,5,3,No,Yes,No,Yes,Data Science,Semester 1
Student 1028,STU1028,21,2,86,1,4,3,Yes,No,No,No,Software Engineering,Semester 4
Student 1029,STU1029,22,4,82,1,4,2,Yes,No,Yes,No,Business,Semester 4
Student 1030,STU1030,18,3,80,3,6,0,Yes,Yes,No,No,Computer Science,Semester 3
Student 1031,STU1031,20,3,75,1,7,1,Yes,Yes,No,Yes,Business,Semester 4
Student 1032,STU1032,17,2,78,0,6,1,Yes,Yes,No,No,Engineering,Semester 3
Student 1033,STU1033,21,2,85,3,5,1,Yes,No,Yes,No,Data Science,Semester 4
Student 1034,STU1034,22,4,91,0,7,2,Yes,No,Yes,No,Software Engineering,Semester 3
Student 1035,STU1035,19,1,91,2,5,2,Yes,No,Yes,No,Business,Semester 1
Student 1036,STU1036,24,6,83,3,8,0,Yes,No,Yes,No,Business,Semester 4
Student 1037,STU1037,18,3,83,3,10,1,Yes,No,No,No,Software Engineering,Semester 1
Student 1038,STU1038,17,2,82,1,4,0,Yes,Yes,Yes,Yes,Data Science,Semester 4
Student 1039,STU1039,21,4,86,4,7,1,Yes,No,No,No,Engineering,Semester 4
Student 1040,STU1040,23,3,82,2,7,0,Yes,No,Yes,No,Engineering,Semester 4
Student 1041,STU1041,24,5,82,2,6,2,Yes,No,No,No,Engineering,Semester 4
Student 1042,STU1042,20,2,75,1,7,2,Yes,No,No,Yes,Software Engineering,Semester 4
Student 1043,STU1043,23,2,74,4,6,1,Yes,No,No,No,Business,Semester 4
Student 1044,STU1044,20,4,76,1,6,2,Yes,No,No,No,Engineering,Semester 2
Student 1045,STU1045,20,5,83,1,5,3,No,No,No,Yes,Business,Semester 4
Student 1046,STU1046,22,4,79,2,5,1,Yes,No,No,No,Engineering,Semester 3
Student 1047,STU1047,22,4,100,3,6,1,Yes,Yes,No,Yes,Engineering,Semester 4
Student 1048,STU1048,17,2,85,1,6,3,Yes,No,No,Yes,Data Science,Semester 1
Student 1049,STU1049,24,3,94,0,3,2,No,No,No,No,Software Engineering,Semester 3
Student 1050,STU1050,24,3,93,2,6,3,Yes,Yes,Yes,No,Data Science,Semester 3
Student 1051,STU1051,19,5,85,0,5,3,No,Yes,No,Yes,Business,Semester 3
Student 1052,STU1052,21,5,81,2,4,2,Yes,Yes,Yes,Yes,Business,Semester 2
Student 1053,STU1053,22,4,74,0,7,1,No,No,No,No,Software Engineering,Semester 4
Student 1054,STU1054,21,6,77,2,3,3,Yes,No,No,Yes,Engineering,Semester 1
Student 1055,STU1055,19,4,88,3,5,3,No,No,No,Yes,Software Engineering,Semester 1
Student 1056,STU1056,19,5,84,1,3,3,Yes,Yes,No,No,Engineering,Semester 1
Student 1057,STU1057,20,4,61,5,5,2,Yes,No,No,Yes,Computer Science,Semester 2
Student 1058,STU1058,23,3,80,1,9,1,Yes,No,No,No,Computer Science,Semester 2
Student 1059,STU1059,22,3,84,2,4,2,Yes,Yes,No,Yes,Software Engineering,Semester 2
Student 1060,STU1060,20,2,82,1,5,3,Yes,No,No,No,Computer Science,Semester 4
Student 1061,STU1061,22,3,80,3,8,3,No,No,No,Yes,Computer Science,Semester 2
Student 1062,STU1062,17,4,81,0,6,3,No,Yes,No,No,Business,Semester 1
Student 1063,STU1063,23,3,62,1,5,2,Yes,No,Yes,No,Engineering,Semester 2
Student 1064,STU1064,17,4,82,1,4,2,Yes,No,No,No,Computer Science,Semester 1
Student 1065,STU1065,20,3,73,1,6,1,Yes,Yes,No,No,Data Science,Semester 3
Student 1066,STU1066,18,2,84,2,4,2,Yes,Yes,No,No,Business,Semester 1
Student 1067,STU1067,18,4,83,3,9,1,Yes,Yes,No,Yes,Engineering,Semester 3
Student 1068,STU1068,23,1,88,1,5,1,Yes,Yes,No,No,Business,Semester 4
Student 1069,STU1069,20,4,73,1,5,2,Yes,No,No,Yes,Data Science,Semester 2
Student 1070,STU1070,21,4,95,7,7,0,Yes,No,No,No,Engineering,Semester 4
Student 1071,STU1071,20,5,66,4,7,1,Yes,Yes,Yes,Yes,Software Engineering,Semester 4
Student 1072,STU1072,22,4,81,2,5,2,Yes,No,Yes,No,Software Engineering,Semester 4
Student 1073,STU1073,21,3,65,2,4,3,Yes,No,Yes,Yes,Business,Semester 3
Student 1074,STU1074,18,4,85,0,5,2,Yes,Yes,Yes,No,Software Engineering,Semester 2
Student 1075,STU1075,23,4,80,0,7,2,No,Yes,Yes,No,Engineering,Semester 4
Student 1076,STU1076,19,2,78,4,6,0,Yes,No,Yes,Yes,Data Science,Semester 4
Student 1077,STU1077,17,4,84,2,2,3,Yes,No,Yes,No,Data Science,Semester 1
Student 1078,STU1078,20,3,73,1,3,1,Yes,Yes,No,No,Software Engineering,Semester 1
Student 1079,STU1079,24,6,96,1,5,3,Yes,Yes,Yes,No,Computer Science,Semester 2
Student 1080,STU1080,22,3,80,4,6,2,No,No,No,No,Computer Science,Semester 1
Student 1081,STU1081,20,3,82,2,5,0,Yes,No,No,No,Computer Science,Semester 3
Student 1082,STU1082,20,2,81,2,4,0,Yes,Yes,No,No,Software Engineering,Semester 3
Student 1083,STU1083,20,3,89,1,3,3,Yes,No,No,Yes,Software Engineering,Semester 3
Student 1084,STU1084,25,1,72,5,7,0,No,No,No,No,Software Engineering,Semester 4
Student 1085,STU1085,21,4,88,1,5,1,No,No,No,Yes,Engineering,Semester 2
Student 1086,STU1086,21,4,77,1,8,1,Yes,No,Yes,No,Computer Science,Semester 3
Student 1087,STU1087,23,3,77,1,3,2,Yes,No,No,No,Business,Semester 3
Student 1088,STU1088,21,4,89,2,6,2,Yes,No,No,Yes,Engineering,Semester 3
Student 1089,STU1089,20,2,79,1,6,2,No,No,No,No,Engineering,Semester 3
Student 1090,STU1090,20,3,86,0,7,1,Yes,No,No,No,Software Engineering,Semester 3
Student 1091,STU1091,20,4,87,3,5,3,No,No,No,Yes,Software Engineering,Semester 3
Student 1092,STU1092,20,2,79,4,4,0,Yes,No,Yes,No,Engineering,Semester 2
Student 1093,STU1093,22,4,83,3,5,2,Yes,Yes,Yes,No,Software Engineering,Semester 3
Student 1094,STU1094,21,3,78,0,5,3,Yes,Yes,No,Yes,Computer Science,Semester 2
Student 1095,STU1095,22,1,81,1,3,2,Yes,No,No,No,Engineering,Semester 2
Student 1096,STU1096,20,2,85,1,7,1,Yes,Yes,Yes,Yes,Engineering,Semester 2
Student 1097,STU1097,21,5,74,2,1,3,Yes,No,No,No,Engineering,Semester 3
Student 1098,STU1098,17,3,85,2,3,3,Yes,No,Yes,Yes,Software Engineering,Semester 3
Student 1099,STU1099,23,4,84,1,2,3,Yes,No,No,No,Engineering,Semester 2
Student 1100,STU1100,21,3,70,1,7,0,Yes,No,No,Yes,Business,Semester 2
Student 1101,STU1101,23,4,76,2,5,1,Yes,Yes,No,Yes,Business,Semester 3
Student 1102,STU1102,17,4,76,5,4,2,No,No,Yes,No,Computer Science,Semester 1
Student 1103,STU1103,25,3,78,2,5,1,No,No,No,No,Engineering,Semester 1
Student 1104,STU1104,20,3,74,1,6,2,No,No,No,No,Engineering,Semester 1
Student 1105,STU1105,23,4,89,1,3,3,No,No,Yes,No,Software Engineering,Semester 3
Student 1106,STU1106,18,3,90,3,5,2,Yes,Yes,Yes,No,Data Science,Semester 2
Student 1107,STU1107,22,3,75,1,8,2,Yes,No,No,No,Data Science,Semester 1
Student 1108,STU1108,18,2,72,3,8,1,Yes,No,No,No,Engineering,Semester 4
Student 1109,STU1109,19,4,81,0,7,2,Yes,Yes,Yes,No,Computer Science,Semester 4
Student 1110,STU1110,25,5,92,2,6,2,Yes,No,No,No,Business,Semester 2
Student 1111,STU1111,20,2,99,5,7,2,Yes,No,No,Yes,Engineering,Semester 4
Student 1112,STU1112,21,3,76,2,6,1,Yes,Yes,Yes,No,Engineering,Semester 3
Student 1113,STU1113,22,4,63,0,5,2,Yes,Yes,No,No,Computer Science,Semester 4
Student 1114,STU1114,22,4,70,1,3,1,Yes,No,Yes,No,Computer Science,Semester 2
Student 1115,STU1115,21,1,67,1,6,1,Yes,No,Yes,Yes,Data Science,Semester 1
Student 1116,STU1116,21,4,85,3,4,2,Yes,No,Yes,No,Engineering,Semester 3
Student 1117,STU1117,26,4,82,1,3,4,Yes,No,No,Yes,Engineering,Semester 2
Student 1118,STU1118,20,5,83,2,7,1,No,No,No,No,Software Engineering,Semester 3
Student 1119,STU1119,21,4,91,2,5,0,Yes,No,Yes,No,Business,Semester 1
Student 1120,STU1120,23,2,95,0,5,2,Yes,No,No,Yes,Software Engineering,Semester 1
Student 1121,STU1121,23,3,88,0,3,2,No,No,No,No,Software Engineering,Semester 1
Student 1122,STU1122,23,4,87,0,5,3,No,Yes,Yes,No,Business,Semester 3
Student 1123,STU1123,22,4,70,5,4,2,No,No,No,No,Engineering,Semester 4
Student 1124,STU1124,18,4,62,0,5,3,Yes,No,No,Yes,Data Science,Semester 3
Student 1125,STU1125,24,3,93,1,3,3,Yes,Yes,No,No,Business,Semester 1
Student 1126,STU1126,18,3,77,0,8,3,Yes,No,No,No,Computer Science,Semester 3
Student 1127,STU1127,21,3,90,5,8,1,Yes,No,No,No,Engineering,Semester 3
Student 1128,STU1128,19,2,83,1,5,1,Yes,No,No,Yes,Business,Semester 4
Student 1129,STU1129,20,2,88,1,3,2,Yes,No,Yes,Yes,Business,Semester 1
Student 1130,STU1130,21,3,75,4,2,3,Yes,No,No,No,Business,Semester 4
Student 1131,STU1131,21,2,88,0,4,1,Yes,No,No,No,Data Science,Semester 1
Student 1132,STU1132,21,2,76,0,1,3,Yes,Yes,Yes,No,Software Engineering,Semester 2
Student 1133,STU1133,24,2,83,2,4,2,Yes,Yes,No,Yes,Software Engineering,Semester 1
Student 1134,STU1134,22,4,81,2,1,3,Yes,No,No,No,Business,Semester 3
Student 1135,STU1135,20,4,91,3,5,3,Yes,No,No,No,Business,Semester 2
Student 1136,STU1136,23,4,88,1,5,2,Yes,Yes,Yes,No,Software Engineering,Semester 3
Student 1137,STU1137,23,3,67,0,5,1,No,Yes,No,Yes,Data Science,Semester 2
Student 1138,STU1138,18,3,75,1,9,0,Yes,No,No,No,Engineering,Semester 3
Student 1139,STU1139,22,1,76,4,5,0,Yes,No,Yes,No,Software Engineering,Semester 2
Student 1140,STU1140,22,4,87,2,8,3,Yes,No,Yes,No,Business,Semester 2
Student 1141,STU1141,20,3,78,0,6,0,Yes,No,No,Yes,Data Science,Semester 3
Student 1142,STU1142,24,4,73,1,9,0,Yes,No,Yes,No,Data Science,Semester 2
Student 1143,STU1143,20,2,71,2,2,1,Yes,Yes,Yes,No,Business,Semester 3
Student 1144,STU1144,21,6,87,1,3,3,Yes,No,No,Yes,Computer Science,Semester 4
Student 1145,STU1145,20,4,65,2,5,2,Yes,Yes,No,No,Data Science,Semester 3
Student 1146,STU1146,21,3,90,2,8,0,No,No,No,Yes,Software Engineering,Semester 4
Student 1147,STU1147,18,2,71,2,5,3,Yes,No,No,No,Computer Science,Semester 2
Student 1148,STU1148,17,4,78,0,5,3,Yes,Yes,No,No,Engineering,Semester 1
Student 1149,STU1149,24,4,72,1,6,2,No,No,No,Yes,Software Engineering,Semester 4
Student 1150,STU1150,19,1,74,1,7,0,No,No,Yes,Yes,Business,Semester 1
Student 1151,STU1151,18,3,80,2,4,3,Yes,Yes,No,No,Computer Science,Semester 1
Student 1152,STU1152,17,3,80,3,4,3,Yes,No,No,Yes,Software Engineering,Semester 3
Student 1153,STU1153,19,4,69,2,8,0,Yes,No,No,No,Data Science,Semester 3
Student 1154,STU1154,18,1,78,0,7,0,Yes,No,No,Yes,Business,Semester 1
Student 1155,STU1155,24,5,82,3,8,2,Yes,No,Yes,No,Computer Science,Semester 3
Student 1156,STU1156,23,4,85,5,7,1,Yes,Yes,No,Yes,Data Science,Semester 1
Student 1157,STU1157,19,5,65,2,4,1,Yes,No,No,Yes,Business,Semester 3
Student 1158,STU1158,26,3,78,0,5,0,No,Yes,No,Yes,Business,Semester 3
Student 1159,STU1159,23,5,65,1,3,3,No,No,No,No,Computer Science,Semester 3
Student 1160,STU1160,20,2,77,1,7,1,Yes,No,Yes,No,Computer Science,Semester 1
Student 1161,STU1161,17,1,78,3,4,0,Yes,Yes,Yes,Yes,Computer Science,Semester 2
Student 1162,STU1162,26,4,87,6,2,2,Yes,Yes,Yes,No,Software Engineering,Semester 3
Student 1163,STU1163,17,3,89,1,5,0,Yes,No,No,No,Business,Semester 3
Student 1164,STU1164,17,5,73,3,7,1,Yes,No,Yes,Yes,Engineering,Semester 1
Student 1165,STU1165,23,2,84,1,3,3,Yes,Yes,No,No,Data Science,Semester 4
Student 1166,STU1166,26,3,87,2,5,1,Yes,No,No,No,Computer Science,Semester 1
Student 1167,STU1167,24,3,76,3,4,2,Yes,Yes,No,Yes,Business,Semester 3
Student 1168,STU1168,22,5,88,4,7,1,Yes,Yes,Yes,Yes,Data Science,Semester 3
Student 1169,STU1169,22,2,83,3,1,2,Yes,No,No,No,Engineering,Semester 2
Student 1170,STU1170,22,5,79,0,7,3,Yes,Yes,No,No,Data Science,Semester 3
Student 1171,STU1171,22,3,83,4,4,1,Yes,No,No,Yes,Engineering,Semester 4
Student 1172,STU1172,21,3,69,1,5,0,No,No,No,No,Computer Science,Semester 3
Student 1173,STU1173,21,4,83,1,7,0,Yes,No,Yes,No,Software Engineering,Semester 3
Student 1174,STU1174,20,2,75,2,8,1,Yes,No,Yes,Yes,Engineering,Semester 2
Student 1175,STU1175,19,4,82,4,5,1,Yes,No,No,Yes,Computer Science,Semester 4
Student 1176,STU1176,20,4,78,4,4,1,Yes,No,No,Yes,Data Science,Semester 4
Student 1177,STU1177,17,3,84,1,4,1,Yes,No,Yes,No,Data Science,Semester 3
Student 1178,STU1178,20,4,91,1,7,2,Yes,No,No,No,Data Science,Semester 4
Student 1179,STU1179,18,4,83,2,3,3,Yes,No,No,No,Software Engineering,Semester 2
Student 1180,STU1180,18,4,90,1,6,3,Yes,Yes,No,No,Business,Semester 1
Student 1181,STU1181,21,5,73,0,5,0,No,No,Yes,Yes,Engineering,Semester 3
Student 1182,STU1182,24,4,93,0,6,1,Yes,No,No,No,Business,Semester 3
Student 1183,STU1183,23,4,73,1,5,2,Yes,No,Yes,Yes,Data Science,Semester 4
Student 1184,STU1184,17,2,72,2,4,2,No,No,Yes,Yes,Software Engineering,Semester 3
Student 1185,STU1185,18,2,79,2,4,2,Yes,No,No,No,Computer Science,Semester 3
Student 1186,STU1186,23,3,78,2,4,1,No,No,Yes,Yes,Software Engineering,Semester 2
Student 1187,STU1187,18,4,69,2,3,3,Yes,Yes,No,No,Business,Semester 1
Student 1188,STU1188,20,4,73,4,6,2,Yes,No,Yes,No,Data Science,Semester 1
Student 1189,STU1189,22,4,38,3,5,0,Yes,Yes,No,No,Engineering,Semester 4
Student 1190,STU1190,18,4,71,2,2,1,Yes,No,No,Yes,Software Engineering,Semester 2
Student 1191,STU1191,21,5,76,1,4,2,Yes,No,No,Yes,Business,Semester 2
Student 1192,STU1192,18,6,93,1,5,2,Yes,Yes,No,Yes,Business,Semester 2
Student 1193,STU1193,19,5,87,3,4,2,Yes,Yes,No,No,Computer Science,Semester 2
Student 1194,STU1194,21,3,84,4,5,2,Yes,No,No,No,Engineering,Semester 3
Student 1195,STU1195,17,3,99,1,5,3,Yes,Yes,No,No,Business,Semester 4
Student 1196,STU1196,22,4,67,2,7,2,No,Yes,Yes,No,Engineering,Semester 4
Student 1197,STU1197,21,5,81,1,5,1,No,No,No,No,Data Science,Semester 3
Student 1198,STU1198,22,5,98,4,6,3,No,Yes,No,No,Software Engineering,Semester 4
Student 1199,STU1199,21,4,77,1,3,1,Yes,No,No,Yes,Business,Semester 2
Student 1200,STU1200,24,2,75,4,3,1,Yes,No,Yes,No,Data Science,Semester 3
Student 1201,STU1201,21,2,88,1,3,4,Yes,Yes,Yes,No,Computer Science,Semester 3
Student 1202,STU1202,20,5,77,1,4,3,Yes,No,No,Yes,Engineering,Semester 1
Student 1203,STU1203,21,3,92,3,5,2,Yes,No,No,No,Data Science,Semester 3
Student 1204,STU1204,22,2,88,2,8,0,Yes,No,No,No,Engineering,Semester 1
Student 1205,STU1205,21,2,80,1,4,3,Yes,No,Yes,No,Engineering,Semester 3
Student 1206,STU1206,21,3,89,0,7,0,Yes,No,Yes,No,Business,Semester 4
Student 1207,STU1207,19,6,80,1,4,3,Yes,No,No,Yes,Engineering,Semester 1
Student 1208,STU1208,19,3,83,2,5,2,Yes,Yes,No,No,Data Science,Semester 1
Student 1209,STU1209,17,4,86,1,5,1,Yes,Yes,Yes,Yes,Computer Science,Semester 1
Student 1210,STU1210,24,4,78,1,3,2,No,No,Yes,No,Business,Semester 1
Student 1211,STU1211,18,3,94,3,4,3,Yes,Yes,No,No,Software Engineering,Semester 2
Student 1212,STU1212,19,1,82,1,8,2,Yes,No,No,Yes,Computer Science,Semester 3
Student 1213,STU1213,19,5,84,1,4,1,Yes,No,No,No,Data Science,Semester 2
Student 1214,STU1214,23,3,71,0,7,1,Yes,Yes,No,Yes,Business,Semester 4
Student 1215,STU1215,20,1,76,1,6,0,Yes,No,No,Yes,Engineering,Semester 3
Student 1216,STU1216,23,1,83,2,4,1,Yes,Yes,Yes,Yes,Computer Science,Semester 2
Student 1217,STU1217,19,4,88,4,5,3,Yes,No,No,No,Business,Semester 3
Student 1218,STU1218,21,5,93,3,5,1,Yes,No,No,Yes,Software Engineering,Semester 2
Student 1219,STU1219,19,1,73,0,6,1,Yes,No,No,Yes,Software Engineering,Semester 4
Student 1220,STU1220,25,3,75,2,4,1,Yes,No,No,Yes,Software Engineering,Semester 2
Student 1221,STU1221,18,4,72,2,2,2,No,Yes,No,Yes,Business,Semester 4
Student 1222,STU1222,21,4,85,3,4,2,Yes,No,No,No,Computer Science,Semester 1
Student 1223,STU1223,22,3,93,2,7,0,Yes,No,No,No,Engineering,Semester 2
Student 1224,STU1224,21,3,80,2,5,1,No,No,No,Yes,Computer Science,Semester 1
Student 1225,STU1225,20,4,67,2,5,2,Yes,No,Yes,No,Engineering,Semester 4
Student 1226,STU1226,20,4,83,2,2,2,Yes,No,No,Yes,Computer Science,Semester 1
Student 1227,STU1227,21,4,78,4,7,0,Yes,No,No,Yes,Computer Science,Semester 2
Student 1228,STU1228,20,3,72,2,5,2,Yes,No,Yes,Yes,Business,Semester 3
Student 1229,STU1229,23,2,90,1,7,1,No,Yes,Yes,No,Software Engineering,Semester 2
Student 1230,STU1230,25,4,83,2,6,1,Yes,No,No,No,Software Engineering,Semester 1
Student 1231,STU1231,19,5,77,1,6,2,No,No,No,No,Software Engineering,Semester 1
Student 1232,STU1232,18,3,100,2,8,0,Yes,No,Yes,No,Software Engineering,Semester 2
Student 1233,STU1233,20,4,82,3,5,2,Yes,Yes,No,Yes,Computer Science,Semester 2
Student 1234,STU1234,26,4,68,2,5,0,Yes,No,No,No,Software Engineering,Semester 2
Student 1235,STU1235,19,1,87,1,8,0,Yes,Yes,No,Yes,Computer Science,Semester 2
Student 1236,STU1236,24,3,67,1,7,3,Yes,No,Yes,Yes,Engineering,Semester 4
Student 1237,STU1237,24,4,85,3,4,1,No,No,No,Yes,Data Science,Semester 3
Student 1238,STU1238,19,3,85,0,7,3,Yes,No,Yes,Yes,Data Science,Semester 1
Student 1239,STU1239,22,5,93,1,8,1,No,No,No,Yes,Engineering,Semester 4
Student 1240,STU1240,24,2,74,3,1,3,Yes,Yes,No,No,Computer Science,Semester 2
Student 1241,STU1241,20,6,79,2,3,3,No,Yes,No,Yes,Software Engineering,Semester 2
Student 1242,STU1242,20,4,81,2,4,2,Yes,No,No,No,Business,Semester 4
Student 1243,STU1243,19,3,88,3,6,2,Yes,Yes,Yes,Yes,Computer Science,Semester 2
Student 1244,STU1244,18,5,85,4,6,2,Yes,No,No,No,Computer Science,Semester 1
Student 1245,STU1245,19,2,86,2,6,2,Yes,Yes,No,Yes,Engineering,Semester 1
Student 1246,STU1246,18,6,91,2,7,3,Yes,No,No,No,Engineering,Semester 1
Student 1247,STU1247,21,3,80,2,3,2,Yes,No,No,No,Business,Semester 4
Student 1248,STU1248,19,4,93,3,5,3,Yes,No,Yes,Yes,Software Engineering,Semester 2
Student 1249,STU1249,21,4,81,2,7,1,No,No,Yes,Yes,Data Science,Semester 4
Student 1250,STU1250,17,2,89,1,5,2,Yes,No,Yes,Yes,Software Engineering,Semester 1
Student 1251,STU1251,21,5,78,0,7,1,Yes,No,No,Yes,Software Engineering,Semester 4
Student 1252,STU1252,22,4,86,0,4,2,Yes,No,Yes,Yes,Computer Science,Semester 2
Student 1253,STU1253,17,7,91,2,3,3,Yes,No,Yes,No,Business,Semester 2
Student 1254,STU1254,21,4,73,5,5,2,Yes,No,No,No,Computer Science,Semester 3
Student 1255,STU1255,23,3,89,5,6,0,Yes,Yes,Yes,No,Engineering,Semester 3
Student 1256,STU1256,18,1,83,1,7,0,Yes,No,Yes,Yes,Data Science,Semester 3
Student 1257,STU1257,24,3,98,2,6,3,Yes,Yes,No,No,Business,Semester 1
Student 1258,STU1258,21,4,79,1,4,2,Yes,No,Yes,Yes,Business,Semester 3
Student 1259,STU1259,19,3,84,2,6,1,Yes,No,No,Yes,Software Engineering,Semester 1
Student 1260,STU1260,20,4,80,3,6,2,Yes,Yes,No,Yes,Computer Science,Semester 4
Student 1261,STU1261,22,4,87,3,1,3,Yes,Yes,Yes,Yes,Software Engineering,Semester 2
Student 1262,STU1262,21,4,64,6,5,2,Yes,Yes,No,No,Software Engineering,Semester 4
Student 1263,STU1263,22,3,70,1,6,1,Yes,No,No,No,Business,Semester 3
Student 1264,STU1264,19,2,87,3,7,0,Yes,No,No,No,Data Science,Semester 3
Student 1265,STU1265,21,4,82,0,5,3,Yes,No,No,No,Engineering,Semester 1
Student 1266,STU1266,17,4,66,0,5,0,Yes,No,No,No,Software Engineering,Semester 1
Student 1267,STU1267,20,3,76,3,5,1,Yes,No,Yes,No,Data Science,Semester 4
Student 1268,STU1268,19,1,78,1,6,0,Yes,Yes,No,No,Software Engineering,Semester 4
Student 1269,STU1269,19,7,78,4,3,3,Yes,No,No,Yes,Data Science,Semester 3
Student 1270,STU1270,23,4,89,0,4,3,Yes,Yes,No,Yes,Computer Science,Semester 1
Student 1271,STU1271,23,4,92,3,1,3,Yes,Yes,No,No,Engineering,Semester 1
Student 1272,STU1272,22,1,64,1,4,2,No,Yes,Yes,Yes,Business,Semester 4
Student 1273,STU1273,18,4,81,3,6,1,Yes,No,No,No,Computer Science,Semester 1
Student 1274,STU1274,20,5,82,3,4,3,Yes,Yes,No,Yes,Software Engineering,Semester 4
Student 1275,STU1275,23,4,70,1,5,1,Yes,Yes,No,No,Software Engineering,Semester 2
Student 1276,STU1276,21,4,92,3,6,3,Yes,Yes,Yes,No,Engineering,Semester 3
Student 1277,STU1277,26,4,85,3,10,0,Yes,Yes,No,Yes,Engineering,Semester 1
Student 1278,STU1278,21,2,88,4,5,3,No,No,No,No,Engineering,Semester 1
Student 1279,STU1279,21,3,78,4,6,1,Yes,No,Yes,No,Software Engineering,Semester 2
Student 1280,STU1280,20,3,75,2,5,2,Yes,No,Yes,No,Software Engineering,Semester 2
Student 1281,STU1281,21,5,77,2,6,1,Yes,Yes,Yes,Yes,Business,Semester 2
Student 1282,STU1282,20,4,81,1,5,2,Yes,Yes,No,No,Engineering,Semester 4
Student 1283,STU1283,22,3,78,0,4,2,Yes,No,No,Yes,Data Science,Semester 4
Student 1284,STU1284,23,3,89,0,5,2,Yes,Yes,No,No,Business,Semester 2
Student 1285,STU1285,19,1,100,2,7,1,Yes,No,Yes,No,Data Science,Semester 3
Student 1286,STU1286,18,4,86,0,6,2,Yes,Yes,No,No,Computer Science,Semester 3
Student 1287,STU1287,17,3,66,1,3,1,Yes,No,No,Yes,Engineering,Semester 1
Student 1288,STU1288,22,4,83,0,4,2,Yes,Yes,No,No,Business,Semester 4
Student 1289,STU1289,18,7,72,1,3,2,Yes,No,Yes,No,Business,Semester 3
Student 1290,STU1290,17,3,78,2,7,1,Yes,No,Yes,Yes,Computer Science,Semester 1
Student 1291,STU1291,21,4,81,1,4,1,Yes,No,No,No,Computer Science,Semester 3
Student 1292,STU1292,26,3,79,3,7,3,Yes,Yes,No,No,Computer Science,Semester 4
Student 1293,STU1293,21,3,73,1,7,2,Yes,No,No,No,Business,Semester 3
Student 1294,STU1294,22,2,86,2,5,1,Yes,No,Yes,No,Software Engineering,Semester 3
Student 1295,STU1295,21,2,66,0,6,1,Yes,Yes,No,Yes,Data Science,Semester 4
Student 1296,STU1296,20,1,85,2,4,2,Yes,Yes,Yes,Yes,Data Science,Semester 1
Student 1297,STU1297,23,2,74,1,7,0,Yes,No,No,Yes,Computer Science,Semester 1
Student 1298,STU1298,20,4,84,1,3,1,Yes,Yes,No,Yes,Software Engineering,Semester 2
Student 1299,STU1299,21,3,71,0,4,1,Yes,No,No,Yes,Software Engineering,Semester 1
Student 1300,STU1300,21,3,83,0,4,2,Yes,Yes,No,Yes,Computer Science,Semester 2
Student 1301,STU1301,19,3,93,3,7,2,Yes,No,No,Yes,Engineering,Semester 4
Student 1302,STU1302,23,4,77,3,8,0,No,Yes,No,No,Business,Semester 1
Student 1303,STU1303,20,4,77,2,4,3,Yes,No,No,No,Engineering,Semester 4
Student 1304,STU1304,19,4,85,5,5,1,Yes,Yes,No,No,Software Engineering,Semester 1
Student 1305,STU1305,22,3,83,2,3,1,Yes,Yes,Yes,Yes,Computer Science,Semester 3
Student 1306,STU1306,19,4,70,2,5,0,No,Yes,No,No,Business,Semester 1
Student 1307,STU1307,21,1,90,0,7,0,Yes,No,Yes,Yes,Data Science,Semester 3
Student 1308,STU1308,21,3,88,1,2,4,Yes,Yes,Yes,No,Software Engineering,Semester 1
Student 1309,STU1309,23,2,92,3,5,3,Yes,No,No,No,Business,Semester 4
Student 1310,STU1310,22,4,86,5,6,2,Yes,Yes,No,No,Business,Semester 2
Student 1311,STU1311,20,3,97,0,5,4,Yes,Yes,No,No,Engineering,Semester 1
Student 1312,STU1312,22,2,67,2,5,1,No,No,No,No,Data Science,Semester 4
Student 1313,STU1313,24,4,94,1,7,3,Yes,No,No,No,Engineering,Semester 3
Student 1314,STU1314,22,5,78,3,4,3,Yes,No,No,Yes,Engineering,Semester 3
Student 1315,STU1315,21,4,77,2,4,3,Yes,No,No,No,Engineering,Semester 3
Student 1316,STU1316,18,4,61,1,5,2,Yes,No,No,No,Engineering,Semester 3
Student 1317,STU1317,18,4,86,0,6,1,Yes,No,Yes,No,Software Engineering,Semester 4
Student 1318,STU1318,20,4,88,0,5,2,Yes,No,Yes,No,Data Science,Semester 1
Student 1319,STU1319,19,3,78,1,4,2,Yes,No,No,Yes,Engineering,Semester 3
Student 1320,STU1320,20,3,84,1,3,2,Yes,No,No,Yes,Software Engineering,Semester 3
Student 1321,STU1321,21,2,100,0,5,3,Yes,No,Yes,Yes,Software Engineering,Semester 1
Student 1322,STU1322,22,4,76,0,5,0,Yes,No,No,Yes,Business,Semester 4
Student 1323,STU1323,20,1,78,2,3,2,No,Yes,No,No,Business,Semester 3
Student 1324,STU1324,22,2,93,0,2,3,Yes,Yes,No,Yes,Computer Science,Semester 2
Student 1325,STU1325,21,6,69,1,2,3,No,No,No,No,Software Engineering,Semester 4
Student 1326,STU1326,17,3,84,0,2,3,Yes,Yes,No,No,Computer Science,Semester 2
Student 1327,STU1327,18,4,62,4,3,3,Yes,No,No,Yes,Software Engineering,Semester 4
Student 1328,STU1328,20,2,71,3,5,0,Yes,Yes,No,Yes,Engineering,Semester 3
Student 1329,STU1329,18,4,72,2,5,3,Yes,No,No,No,Engineering,Semester 4
Student 1330,STU1330,22,5,75,1,5,0,Yes,Yes,No,Yes,Computer Science,Semester 4
Student 1331,STU1331,24,5,72,4,6,3,Yes,No,No,No,Engineering,Semester 2
Student 1332,STU1332,23,2,83,3,6,1,Yes,Yes,Yes,No,Engineering,Semester 4
Student 1333,STU1333,20,5,93,1,6,1,Yes,No,Yes,No,Business,Semester 4
Student 1334,STU1334,24,4,98,3,5,2,No,No,No,Yes,Engineering,Semester 3
Student 1335,STU1335,21,0,73,4,3,2,No,Yes,No,No,Business,Semester 1
Student 1336,STU1336,20,2,87,2,3,2,Yes,No,No,Yes,Data Science,Semester 2
Student 1337,STU1337,19,1,91,1,4,1,Yes,Yes,No,Yes,Software Engineering,Semester 2
Student 1338,STU1338,20,4,83,2,7,1,Yes,Yes,Yes,No,Business,Semester 1
Student 1339,STU1339,20,3,87,2,9,3,Yes,No,Yes,No,Business,Semester 2
Student 1340,STU1340,21,3,85,0,6,0,Yes,No,No,Yes,Business,Semester 3
Student 1341,STU1341,21,3,85,2,6,1,Yes,No,Yes,No,Software Engineering,Semester 4
Student 1342,STU1342,21,6,76,2,7,2,Yes,Yes,No,Yes,Software Engineering,Semester 4
Student 1343,STU1343,22,3,66,3,8,2,No,No,No,Yes,Software Engineering,Semester 3
Student 1344,STU1344,23,4,79,3,3,1,Yes,No,No,No,Engineering,Semester 2
Student 1345,STU1345,23,4,75,1,10,0,Yes,No,No,Yes,Business,Semester 4
Student 1346,STU1346,17,2,79,1,8,0,Yes,No,No,Yes,Software Engineering,Semester 1
Student 1347,STU1347,17,4,89,0,3,3,Yes,No,No,Yes,Data Science,Semester 4
Student 1348,STU1348,23,4,78,4,5,3,Yes,Yes,No,Yes,Software Engineering,Semester 3
Student 1349,STU1349,18,5,83,3,10,1,No,Yes,No,Yes,Computer Science,Semester 4
Student 1350,STU1350,20,3,72,3,7,2,Yes,No,No,No,Computer Science,Semester 3
Student 1351,STU1351,18,5,78,0,4,3,No,No,Yes,No,Business,Semester 2
Student 1352,STU1352,17,4,75,2,5,3,Yes,Yes,No,No,Business,Semester 1
Student 1353,STU1353,22,4,83,2,6,3,Yes,Yes,No,No,Business,Semester 3
Student 1354,STU1354,22,5,78,3,7,0,Yes,No,Yes,No,Engineering,Semester 1
Student 1355,STU1355,19,6,89,0,8,1,Yes,No,Yes,No,Computer Science,Semester 2
Student 1356,STU1356,17,5,75,1,5,2,No,Yes,Yes,No,Computer Science,Semester 2
Student 1357,STU1357,19,3,99,1,6,2,No,Yes,No,Yes,Business,Semester 3
Student 1358,STU1358,21,3,70,2,4,2,Yes,No,No,Yes,Computer Science,Semester 4
Student 1359,STU1359,17,4,84,3,3,3,Yes,No,Yes,No,Computer Science,Semester 1
Student 1360,STU1360,21,4,69,1,3,2,Yes,No,No,Yes,Engineering,Semester 4
Student 1361,STU1361,21,5,90,5,5,2,No,No,No,No,Data Science,Semester 1
Student 1362,STU1362,22,2,82,0,6,3,Yes,No,No,No,Business,Semester 2
Student 1363,STU1363,21,5,83,0,2,3,Yes,No,No,Yes,Data Science,Semester 2
Student 1364,STU1364,18,2,74,2,9,3,Yes,No,Yes,No,Data Science,Semester 2
Student 1365,STU1365,23,3,90,4,4,3,Yes,Yes,No,Yes,Engineering,Semester 4
Student 1366,STU1366,20,4,87,2,4,3,Yes,No,No,No,Computer Science,Semester 2
Student 1367,STU1367,20,3,77,3,5,0,Yes,No,No,No,Business,Semester 4
Student 1368,STU1368,18,4,81,1,1,4,No,No,No,No,Software Engineering,Semester 2
Student 1369,STU1369,20,5,74,0,6,1,Yes,Yes,No,Yes,Data Science,Semester 4
Student 1370,STU1370,19,3,74,3,3,3,Yes,No,Yes,Yes,Data Science,Semester 3
Student 1371,STU1371,20,2,77,1,2,0,No,No,No,No,Engineering,Semester 3
Student 1372,STU1372,24,2,79,0,5,0,Yes,Yes,No,No,Data Science,Semester 1
Student 1373,STU1373,18,3,82,4,5,2,No,No,Yes,Yes,Data Science,Semester 4
Student 1374,STU1374,17,4,81,2,5,2,Yes,No,Yes,Yes,Data Science,Semester 4
Student 1375,STU1375,24,3,75,1,5,2,Yes,No,No,Yes,Engineering,Semester 3
Student 1376,STU1376,20,6,88,2,5,1,No,No,No,No,Computer Science,Semester 3
Student 1377,STU1377,19,2,90,2,5,1,Yes,No,Yes,No,Data Science,Semester 3
Student 1378,STU1378,23,1,89,1,1,3,Yes,No,No,Yes,Business,Semester 1
Student 1379,STU1379,19,4,87,1,5,3,Yes,Yes,No,Yes,Data Science,Semester 3
Student 1380,STU1380,25,3,62,0,5,0,Yes,Yes,No,No,Data Science,Semester 1
Student 1381,STU1381,22,3,74,1,5,3,Yes,No,Yes,No,Business,Semester 1
Student 1382,STU1382,19,4,70,1,4,1,Yes,No,No,No,Engineering,Semester 3
Student 1383,STU1383,25,2,67,4,6,1,No,No,Yes,No,Software Engineering,Semester 3
Student 1384,STU1384,19,4,91,2,3,2,Yes,No,No,Yes,Business,Semester 3
Student 1385,STU1385,22,4,95,3,6,1,Yes,Yes,No,Yes,Software Engineering,Semester 4
Student 1386,STU1386,21,3,82,2,6,1,Yes,No,No,No,Computer Science,Semester 2
Student 1387,STU1387,23,4,85,1,8,0,Yes,Yes,No,No,Computer Science,Semester 4
Student 1388,STU1388,24,6,79,0,4,4,Yes,No,Yes,No,Data Science,Semester 1
Student 1389,STU1389,21,3,91,3,7,0,No,No,No,No,Data Science,Semester 1
Student 1390,STU1390,19,3,84,0,5,0,Yes,No,Yes,No,Engineering,Semester 2
Student 1391,STU1391,22,4,77,0,5,2,Yes,Yes,No,No,Software Engineering,Semester 2
Student 1392,STU1392,19,3,86,0,4,1,Yes,Yes,Yes,Yes,Computer Science,Semester 3
Student 1393,STU1393,25,4,80,1,6,3,Yes,No,No,No,Computer Science,Semester 4
Student 1394,STU1394,21,5,83,0,4,3,Yes,No,No,No,Data Science,Semester 4
Student 1395,STU1395,20,5,87,1,5,1,Yes,No,No,No,Data Science,Semester 4
Student 1396,STU1396,21,3,100,3,6,2,Yes,Yes,Yes,No,Engineering,Semester 2
Student 1397,STU1397,18,2,96,0,5,3,Yes,No,No,No,Data Science,Semester 4
Student 1398,STU1398,18,3,83,4,6,2,Yes,No,Yes,Yes,Data Science,Semester 2
Student 1399,STU1399,23,4,74,1,8,2,Yes,Yes,No,Yes,Engineering,Semester 4
Student 1400,STU1400,19,3,64,3,6,1,Yes,No,No,No,Data Science,Semester 2
Student 1401,STU1401,18,4,92,1,4,2,Yes,Yes,No,No,Data Science,Semester 4
Student 1402,STU1402,22,6,91,0,4,3,Yes,No,No,Yes,Data Science,Semester 1
Student 1403,STU1403,23,3,77,3,5,2,Yes,No,Yes,No,Software Engineering,Semester 2
Student 1404,STU1404,22,2,81,0,9,0,Yes,No,No,No,Computer Science,Semester 3
Student 1405,STU1405,23,5,83,1,3,1,Yes,No,Yes,No,Business,Semester 1
Student 1406,STU1406,19,2,86,1,5,2,Yes,No,No,No,Computer Science,Semester 1
Student 1407,STU1407,17,4,95,5,8,2,Yes,Yes,No,Yes,Software Engineering,Semester 2
Student 1408,STU1408,24,3,71,2,6,0,Yes,No,No,No,Business,Semester 4
Student 1409,STU1409,20,4,87,1,5,3,Yes,No,No,No,Computer Science,Semester 4
Student 1410,STU1410,20,3,83,1,2,3,No,No,No,Yes,Engineering,Semester 2
Student 1411,STU1411,23,3,77,0,8,1,Yes,Yes,No,No,Software Engineering,Semester 4
Student 1412,STU1412,22,4,88,1,4,3,Yes,No,No,Yes,Engineering,Semester 4
Student 1413,STU1413,22,4,81,2,3,2,Yes,Yes,No,Yes,Engineering,Semester 4
Student 1414,STU1414,25,4,81,2,6,2,Yes,Yes,No,Yes,Computer Science,Semester 2
Student 1415,STU1415,19,2,84,1,8,1,Yes,No,Yes,No,Business,Semester 2
Student 1416,STU1416,23,3,78,3,6,2,No,Yes,No,No,Data Science,Semester 3
Student 1417,STU1417,21,4,87,2,4,2,Yes,No,Yes,No,Data Science,Semester 4
Student 1418,STU1418,21,2,78,3,5,0,Yes,No,No,No,Software Engineering,Semester 4
Student 1419,STU1419,24,3,95,2,5,2,Yes,No,Yes,Yes,Engineering,Semester 2
Student 1420,STU1420,22,4,83,1,4,2,No,No,No,Yes,Software Engineering,Semester 3
Student 1421,STU1421,22,4,76,0,5,2,Yes,No,No,Yes,Computer Science,Semester 2
Student 1422,STU1422,23,3,84,3,4,2,Yes,Yes,Yes,No,Engineering,Semester 2
Student 1423,STU1423,20,3,89,1,3,2,Yes,No,No,No,Data Science,Semester 3
Student 1424,STU1424,19,4,69,1,6,3,Yes,No,No,No,Computer Science,Semester 2
Student 1425,STU1425,18,3,92,2,4,2,No,No,Yes,No,Computer Science,Semester 1
Student 1426,STU1426,17,2,84,0,5,4,No,No,No,Yes,Software Engineering,Semester 3
Student 1427,STU1427,25,4,81,0,4,2,Yes,Yes,Yes,No,Software Engineering,Semester 4
Student 1428,STU1428,18,3,76,1,4,1,No,No,Yes,Yes,Business,Semester 4
Student 1429,STU1429,20,4,84,1,4,2,Yes,Yes,No,No,Data Science,Semester 3
Student 1430,STU1430,20,3,74,4,4,2,No,No,No,Yes,Data Science,Semester 4
Student 1431,STU1431,21,4,66,0,4,1,Yes,Yes,No,Yes,Software Engineering,Semester 1
Student 1432,STU1432,22,1,76,1,5,2,Yes,No,No,No,Data Science,Semester 4
Student 1433,STU1433,22,4,79,0,8,0,Yes,No,No,Yes,Data Science,Semester 3
Student 1434,STU1434,19,3,86,0,6,3,Yes,No,No,Yes,Computer Science,Semester 2
Student 1435,STU1435,20,3,80,0,4,2,Yes,No,No,No,Engineering,Semester 3
Student 1436,STU1436,21,3,72,2,4,2,Yes,No,Yes,Yes,Engineering,Semester 3
Student 1437,STU1437,20,3,76,1,2,1,Yes,No,No,Yes,Business,Semester 1
Student 1438,STU1438,24,4,82,0,4,2,Yes,No,No,Yes,Engineering,Semester 4
Student 1439,STU1439,22,4,87,3,3,3,Yes,No,No,No,Data Science,Semester 3
Student 1440,STU1440,22,4,88,2,5,0,Yes,No,Yes,Yes,Computer Science,Semester 4
Student 1441,STU1441,22,2,71,3,8,0,No,Yes,No,Yes,Engineering,Semester 2
Student 1442,STU1442,23,5,82,3,4,3,Yes,No,Yes,No,Data Science,Semester 3
Student 1443,STU1443,21,3,88,2,2,2,Yes,Yes,No,No,Data Science,Semester 3
Student 1444,STU1444,18,4,75,1,5,1,Yes,No,No,No,Software Engineering,Semester 4
Student 1445,STU1445,21,3,96,0,4,2,No,No,No,Yes,Software Engineering,Semester 1
Student 1446,STU1446,19,2,78,2,7,2,Yes,No,No,Yes,Engineering,Semester 1
Student 1447,STU1447,19,7,90,3,2,3,Yes,No,No,No,Software Engineering,Semester 4
Student 1448,STU1448,22,4,87,0,3,4,Yes,No,Yes,No,Data Science,Semester 3
Student 1449,STU1449,23,1,76,1,6,1,No,Yes,No,No,Data Science,Semester 2
Student 1450,STU1450,21,3,82,0,2,3,Yes,No,No,Yes,Software Engineering,Semester 1
Student 1451,STU1451,21,3,92,2,6,0,Yes,Yes,No,Yes,Computer Science,Semester 1
Student 1452,STU1452,24,3,77,1,4,1,Yes,No,No,No,Software Engineering,Semester 2
Student 1453,STU1453,21,1,83,2,7,1,No,Yes,Yes,No,Computer Science,Semester 1
Student 1454,STU1454,26,4,70,1,5,0,Yes,No,No,Yes,Software Engineering,Semester 4
Student 1455,STU1455,22,2,84,2,5,0,Yes,No,No,Yes,Data Science,Semester 3
Student 1456,STU1456,17,5,78,1,6,1,No,Yes,Yes,No,Data Science,Semester 1
Student 1457,STU1457,22,3,86,0,5,2,Yes,No,Yes,Yes,Software Engineering,Semester 2
Student 1458,STU1458,21,4,75,2,3,3,Yes,Yes,No,No,Business,Semester 4
Student 1459,STU1459,23,5,84,7,4,0,Yes,No,No,No,Computer Science,Semester 4
Student 1460,STU1460,22,4,79,1,2,3,Yes,No,No,Yes,Business,Semester 4
Student 1461,STU1461,20,4,60,2,3,2,Yes,Yes,No,Yes,Data Science,Semester 4
Student 1462,STU1462,18,5,82,1,1,3,Yes,Yes,No,Yes,Computer Science,Semester 3
Student 1463,STU1463,20,3,92,1,9,0,Yes,No,No,No,Software Engineering,Semester 4
Student 1464,STU1464,19,4,73,2,5,3,Yes,Yes,No,No,Computer Science,Semester 4
Student 1465,STU1465,19,3,76,1,6,2,No,No,Yes,No,Computer Science,Semester 4
Student 1466,STU1466,22,4,92,0,4,3,Yes,Yes,No,No,Engineering,Semester 2
Student 1467,STU1467,24,2,86,0,6,1,No,Yes,Yes,No,Computer Science,Semester 2
Student 1468,STU1468,21,2,79,3,6,3,Yes,No,No,No,Data Science,Semester 2
Student 1469,STU1469,18,3,84,0,7,1,No,Yes,No,No,Business,Semester 2
Student 1470,STU1470,22,5,77,2,5,1,Yes,No,No,Yes,Business,Semester 1
Student 1471,STU1471,23,3,100,0,7,1,Yes,Yes,Yes,No,Software Engineering,Semester 4
Student 1472,STU1472,19,6,89,4,4,4,Yes,Yes,Yes,No,Engineering,Semester 1
Student 1473,STU1473,20,4,95,3,5,2,No,No,No,No,Business,Semester 1
Student 1474,STU1474,21,3,82,4,5,2,Yes,No,No,No,Business,Semester 1
Student 1475,STU1475,19,5,71,3,3,3,Yes,No,No,Yes,Computer Science,Semester 3
Student 1476,STU1476,22,5,86,1,2,3,Yes,Yes,No,Yes,Data Science,Semester 4
Student 1477,STU1477,20,2,92,0,5,2,Yes,No,No,No,Data Science,Semester 4
Student 1478,STU1478,21,3,92,2,5,0,Yes,No,Yes,Yes,Software Engineering,Semester 1
Student 1479,STU1479,19,4,68,3,5,2,Yes,Yes,Yes,No,Data Science,Semester 2
Student 1480,STU1480,20,4,83,1,7,2,Yes,No,Yes,No,Business,Semester 3
Student 1481,STU1481,22,4,69,2,8,0,Yes,No,No,No,Computer Science,Semester 1
Student 1482,STU1482,20,3,77,3,6,2,Yes,No,Yes,No,Data Science,Semester 1
Student 1483,STU1483,24,3,86,2,6,2,Yes,No,Yes,No,Engineering,Semester 3
Student 1484,STU1484,20,3,92,3,5,4,Yes,No,No,No,Engineering,Semester 1
Student 1485,STU1485,21,3,83,3,5,2,Yes,Yes,No,No,Engineering,Semester 4
Student 1486,STU1486,23,2,72,0,6,1,Yes,No,No,Yes,Data Science,Semester 2
Student 1487,STU1487,17,4,86,2,5,2,Yes,Yes,No,No,Computer Science,Semester 2
Student 1488,STU1488,17,4,75,1,6,3,Yes,No,Yes,Yes,Data Science,Semester 2
Student 1489,STU1489,17,6,79,1,5,1,Yes,No,No,No,Business,Semester 2
Student 1490,STU1490,23,3,82,2,4,2,Yes,No,Yes,Yes,Data Science,Semester 1
Student 1491,STU1491,19,4,76,0,6,2,Yes,No,No,Yes,Engineering,Semester 2
Student 1492,STU1492,26,3,87,4,5,3,Yes,Yes,No,No,Engineering,Semester 1
Student 1493,STU1493,19,3,88,4,8,2,Yes,No,No,No,Computer Science,Semester 4
Student 1494,STU1494,21,3,90,1,4,3,Yes,No,No,Yes,Software Engineering,Semester 1
Student 1495,STU1495,24,4,93,1,5,1,Yes,No,No,Yes,Engineering,Semester 1
Student 1496,STU1496,25,5,80,3,8,2,Yes,No,No,No,Engineering,Semester 1
Student 1497,STU1497,25,3,72,0,3,2,Yes,Yes,Yes,No,Software Engineering,Semester 3
Student 1498,STU1498,23,4,73,2,7,1,Yes,No,No,Yes,Data Science,Semester 3
Student 1499,STU1499,23,4,95,1,5,2,Yes,Yes,Yes,No,Engineering,Semester 3
Student 1500,STU1500,22,2,94,1,6,0,No,No,No,Yes,Computer Science,Semester 4
Student 1501,STU1501,22,3,92,1,8,1,Yes,Yes,No,Yes,Data Science,Semester 2
Student 1502,STU1502,19,6,77,3,4,2,Yes,No,Yes,No,Data Science,Semester 1
Student 1503,STU1503,19,2,95,0,4,2,Yes,No,No,Yes,Engineering,Semester 1
Student 1504,STU1504,21,2,80,2,6,0,Yes,Yes,Yes,Yes,Data Science,Semester 2
Student 1505,STU1505,20,2,84,1,4,3,Yes,No,No,No,Data Science,Semester 3
Student 1506,STU1506,20,6,88,2,1,4,Yes,No,Yes,No,Computer Science,Semester 4
Student 1507,STU1507,22,5,92,1,7,4,Yes,No,No,Yes,Data Science,Semester 1
Student 1508,STU1508,23,4,86,1,6,2,Yes,Yes,No,No,Engineering,Semester 2
Student 1509,STU1509,21,5,93,3,5,1,Yes,Yes,No,No,Engineering,Semester 3
Student 1510,STU1510,24,4,82,2,5,1,Yes,Yes,No,Yes,Software Engineering,Semester 4
Student 1511,STU1511,18,3,80,1,9,0,Yes,Yes,Yes,No,Business,Semester 2
Student 1512,STU1512,20,3,79,2,7,0,Yes,No,No,No,Software Engineering,Semester 2
Student 1513,STU1513,19,4,57,3,5,2,No,No,Yes,No,Computer Science,Semester 1
Student 1514,STU1514,17,4,44,1,5,1,Yes,No,No,No,Computer Science,Semester 4
Student 1515,STU1515,20,2,90,0,7,1,Yes,No,No,No,Engineering,Semester 4
Student 1516,STU1516,20,4,80,0,7,2,Yes,No,No,Yes,Business,Semester 3
Student 1517,STU1517,24,3,87,4,2,2,Yes,No,Yes,No,Software Engineering,Semester 3
Student 1518,STU1518,22,5,86,3,4,3,No,Yes,Yes,Yes,Business,Semester 1
Student 1519,STU1519,18,2,83,3,3,2,Yes,No,Yes,No,Engineering,Semester 4
Student 1520,STU1520,25,4,89,1,6,4,No,No,No,No,Data Science,Semester 3
Student 1521,STU1521,23,4,90,3,3,3,Yes,No,Yes,No,Engineering,Semester 4
Student 1522,STU1522,22,4,74,1,8,1,No,Yes,No,No,Engineering,Semester 2
Student 1523,STU1523,20,4,94,2,7,2,Yes,Yes,Yes,No,Business,Semester 2
Student 1524,STU1524,18,3,88,0,5,3,Yes,Yes,Yes,Yes,Computer Science,Semester 2
Student 1525,STU1525,20,4,75,2,3,2,Yes,No,No,No,Data Science,Semester 4
Student 1526,STU1526,23,4,76,1,4,1,Yes,No,Yes,No,Data Science,Semester 1
Student 1527,STU1527,25,4,72,0,6,1,Yes,Yes,No,No,Computer Science,Semester 3
Student 1528,STU1528,24,5,87,1,7,3,Yes,No,No,No,Business,Semester 1
Student 1529,STU1529,19,2,80,1,5,0,Yes,No,Yes,Yes,Business,Semester 1
Student 1530,STU1530,18,4,62,1,1,3,Yes,No,No,Yes,Computer Science,Semester 1
Student 1531,STU1531,21,4,77,1,6,0,Yes,No,No,Yes,Software Engineering,Semester 1
Student 1532,STU1532,17,4,79,1,1,3,Yes,Yes,Yes,No,Business,Semester 3
Student 1533,STU1533,21,4,82,2,1,3,Yes,No,Yes,Yes,Computer Science,Semester 2
Student 1534,STU1534,20,4,69,1,7,2,Yes,Yes,No,No,Software Engineering,Semester 2
Student 1535,STU1535,20,3,82,2,3,1,Yes,No,Yes,No,Engineering,Semester 2
Student 1536,STU1536,17,3,94,2,6,0,Yes,No,No,Yes,Data Science,Semester 4
Student 1537,STU1537,22,4,83,2,5,2,Yes,No,No,No,Computer Science,Semester 4
Student 1538,STU1538,19,5,86,0,4,2,Yes,No,Yes,No,Business,Semester 3
Student 1539,STU1539,18,3,94,3,5,2,Yes,No,No,Yes,Data Science,Semester 3
Student 1540,STU1540,17,2,81,0,4,1,Yes,No,No,No,Software Engineering,Semester 3
Student 1541,STU1541,20,5,81,2,5,2,Yes,No,No,No,Data Science,Semester 2
Student 1542,STU1542,24,2,84,0,4,2,Yes,Yes,No,Yes,Computer Science,Semester 3
Student 1543,STU1543,24,4,74,1,4,2,Yes,No,No,No,Engineering,Semester 2
Student 1544,STU1544,20,2,76,2,4,3,Yes,No,Yes,No,Software Engineering,Semester 2
Student 1545,STU1545,19,3,65,0,3,1,No,No,No,Yes,Software Engineering,Semester 1
Student 1546,STU1546,22,3,100,3,7,0,Yes,No,No,No,Software Engineering,Semester 4
Student 1547,STU1547,18,3,88,1,4,2,Yes,No,No,Yes,Data Science,Semester 4
Student 1548,STU1548,21,4,74,3,3,2,Yes,No,No,No,Engineering,Semester 3
Student 1549,STU1549,22,4,90,1,4,1,Yes,No,No,No,Computer Science,Semester 1
Student 1550,STU1550,23,3,75,2,4,2,Yes,No,No,Yes,Computer Science,Semester 3
Student 1551,STU1551,20,3,82,1,4,3,No,Yes,No,No,Data Science,Semester 3
Student 1552,STU1552,20,5,82,2,6,3,Yes,No,No,Yes,Computer Science,Semester 4
Student 1553,STU1553,19,3,78,2,4,1,Yes,No,No,Yes,Computer Science,Semester 1
Student 1554,STU1554,19,4,75,1,4,1,No,No,Yes,No,Engineering,Semester 3
Student 1555,STU1555,20,2,91,2,6,0,Yes,No,No,Yes,Data Science,Semester 3
Student 1556,STU1556,21,6,82,2,6,2,Yes,No,Yes,No,Data Science,Semester 3
Student 1557,STU1557,23,4,95,2,4,4,Yes,No,Yes,No,Software Engineering,Semester 2
Student 1558,STU1558,19,1,73,1,7,0,Yes,No,No,Yes,Computer Science,Semester 4
Student 1559,STU1559,24,4,78,1,5,0,Yes,Yes,No,Yes,Business,Semester 2
Student 1560,STU1560,20,3,81,1,7,0,No,No,No,No,Engineering,Semester 3
Student 1561,STU1561,21,6,90,1,6,3,Yes,No,No,Yes,Engineering,Semester 1
Student 1562,STU1562,19,7,75,2,5,3,Yes,Yes,Yes,Yes,Business,Semester 2
Student 1563,STU1563,17,4,86,1,5,2,Yes,No,No,Yes,Software Engineering,Semester 2
Student 1564,STU1564,22,5,84,0,3,3,Yes,No,Yes,No,Business,Semester 3
Student 1565,STU1565,22,5,93,3,5,3,Yes,No,Yes,No,Business,Semester 2
Student 1566,STU1566,20,2,86,2,5,2,Yes,Yes,No,Yes,Software Engineering,Semester 1
Student 1567,STU1567,21,3,67,3,5,0,Yes,Yes,No,Yes,Business,Semester 1
Student 1568,STU1568,22,3,73,3,5,2,Yes,No,Yes,No,Software Engineering,Semester 4
Student 1569,STU1569,17,5,74,1,8,2,Yes,Yes,No,No,Computer Science,Semester 4
Student 1570,STU1570,19,6,78,2,8,2,Yes,No,No,Yes,Software Engineering,Semester 1
Student 1571,STU1571,22,6,92,0,3,4,Yes,Yes,Yes,No,Data Science,Semester 1
Student 1572,STU1572,18,4,79,2,6,1,Yes,No,Yes,No,Data Science,Semester 2
Student 1573,STU1573,21,4,82,3,5,2,Yes,Yes,No,No,Business,Semester 4
Student 1574,STU1574,18,3,80,2,6,1,No,Yes,Yes,Yes,Data Science,Semester 2
Student 1575,STU1575,22,4,86,0,8,2,Yes,No,No,No,Software Engineering,Semester 1
Student 1576,STU1576,20,4,76,2,5,1,Yes,Yes,No,No,Computer Science,Semester 4
Student 1577,STU1577,17,5,80,0,6,2,Yes,No,No,No,Software Engineering,Semester 2
Student 1578,STU1578,23,4,80,3,5,3,Yes,No,No,No,Engineering,Semester 4
Student 1579,STU1579,19,4,81,2,5,1,Yes,No,No,No,Business,Semester 3
Student 1580,STU1580,19,6,77,2,10,1,Yes,No,Yes,No,Computer Science,Semester 3
Student 1581,STU1581,21,4,71,4,4,0,Yes,Yes,No,No,Business,Semester 3
Student 1582,STU1582,23,4,89,1,7,1,Yes,Yes,No,No,Engineering,Semester 3
Student 1583,STU1583,18,5,81,1,5,2,Yes,No,Yes,No,Data Science,Semester 3
Student 1584,STU1584,21,3,91,1,3,0,Yes,No,No,No,Engineering,Semester 4
Student 1585,STU1585,21,3,85,1,8,0,No,No,Yes,No,Data Science,Semester 1
Student 1586,STU1586,22,3,86,1,2,2,Yes,No,Yes,Yes,Business,Semester 2
Student 1587,STU1587,21,2,91,1,1,3,Yes,No,No,No,Business,Semester 1
Student 1588,STU1588,20,4,100,2,6,2,Yes,Yes,No,No,Business,Semester 1
Student 1589,STU1589,19,1,92,2,5,1,Yes,No,No,No,Software Engineering,Semester 1
Student 1590,STU1590,21,3,89,2,6,3,Yes,No,Yes,No,Computer Science,Semester 2
Student 1591,STU1591,18,1,84,1,5,2,Yes,No,No,No,Software Engineering,Semester 3
Student 1592,STU1592,17,3,92,6,6,1,No,No,Yes,No,Engineering,Semester 4
Student 1593,STU1593,22,3,76,4,5,1,Yes,Yes,No,No,Computer Science,Semester 4
Student 1594,STU1594,23,4,86,3,5,0,Yes,Yes,No,No,Business,Semester 1
Student 1595,STU1595,17,4,92,3,7,3,Yes,No,No,No,Business,Semester 4
Student 1596,STU1596,18,2,89,3,8,3,Yes,No,No,No,Business,Semester 2
Student 1597,STU1597,22,3,81,3,7,2,Yes,No,No,Yes,Data Science,Semester 1
Student 1598,STU1598,25,5,85,0,5,1,Yes,Yes,No,Yes,Engineering,Semester 2
Student 1599,STU1599,21,2,79,2,6,1,Yes,Yes,No,No,Software Engineering,Semester 1
Student 1600,STU1600,19,6,75,1,6,1,No,No,No,No,Engineering,Semester 3
Student 1601,STU1601,20,4,93,3,6,2,Yes,No,No,Yes,Data Science,Semester 4
Student 1602,STU1602,24,2,78,0,3,2,Yes,No,No,Yes,Data Science,Semester 4
Student 1603,STU1603,19,2,78,5,6,0,Yes,No,No,Yes,Engineering,Semester 2
Student 1604,STU1604,19,5,78,0,6,2,Yes,No,Yes,No,Data Science,Semester 4
Student 1605,STU1605,19,4,76,1,8,0,Yes,No,Yes,No,Computer Science,Semester 1
Student 1606,STU1606,18,4,76,3,7,1,Yes,No,No,No,Business,Semester 3
Student 1607,STU1607,21,4,68,2,5,1,Yes,No,No,Yes,Software Engineering,Semester 4
Student 1608,STU1608,24,3,69,1,5,2,Yes,Yes,No,Yes,Data Science,Semester 3
Student 1609,STU1609,21,2,80,3,3,3,Yes,Yes,No,No,Software Engineering,Semester 2
Student 1610,STU1610,20,4,85,2,8,1,Yes,No,No,Yes,Business,Semester 3
Student 1611,STU1611,20,6,68,0,3,3,No,No,No,No,Engineering,Semester 4
Student 1612,STU1612,17,3,83,0,2,3,Yes,Yes,No,Yes,Business,Semester 4
Student 1613,STU1613,22,4,92,2,7,3,Yes,Yes,Yes,Yes,Software Engineering,Semester 2
Student 1614,STU1614,20,5,78,3,5,1,Yes,No,No,No,Computer Science,Semester 2
Student 1615,STU1615,20,3,74,1,6,2,Yes,Yes,No,Yes,Engineering,Semester 3
Student 1616,STU1616,28,4,81,3,5,2,Yes,No,No,Yes,Data Science,Semester 3
Student 1617,STU1617,21,5,86,2,3,4,No,Yes,No,No,Computer Science,Semester 2
Student 1618,STU1618,19,4,77,4,5,3,Yes,Yes,Yes,Yes,Business,Semester 4
Student 1619,STU1619,20,2,89,0,4,2,Yes,No,Yes,No,Software Engineering,Semester 3
Student 1620,STU1620,23,3,85,4,4,3,Yes,Yes,No,Yes,Software Engineering,Semester 2
Student 1621,STU1621,21,5,95,2,8,3,Yes,No,Yes,No,Software Engineering,Semester 3
Student 1622,STU1622,17,2,68,0,6,1,Yes,Yes,Yes,No,Business,Semester 2
Student 1623,STU1623,23,4,70,0,1,3,Yes,Yes,No,No,Engineering,Semester 4
Student 1624,STU1624,19,3,78,2,5,2,No,Yes,No,No,Data Science,Semester 3
Student 1625,STU1625,25,3,71,2,7,0,Yes,Yes,No,No,Computer Science,Semester 3
Student 1626,STU1626,23,4,94,1,3,3,Yes,Yes,Yes,Yes,Business,Semester 1
Student 1627,STU1627,20,1,83,2,3,3,Yes,No,No,Yes,Software Engineering,Semester 1
Student 1628,STU1628,23,5,79,1,7,0,Yes,No,No,Yes,Data Science,Semester 4
Student 1629,STU1629,21,2,94,2,4,1,Yes,Yes,No,No,Software Engineering,Semester 2
Student 1630,STU1630,22,4,84,1,1,3,Yes,No,No,No,Business,Semester 1
Student 1631,STU1631,22,4,80,2,7,1,Yes,No,No,Yes,Software Engineering,Semester 1
Student 1632,STU1632,19,4,75,1,5,1,Yes,No,No,No,Business,Semester 4
Student 1633,STU1633,19,3,86,2,6,2,Yes,No,No,Yes,Software Engineering,Semester 2
Student 1634,STU1634,23,2,86,5,5,0,Yes,No,Yes,No,Business,Semester 4
Student 1635,STU1635,20,1,87,1,7,0,No,Yes,Yes,No,Software Engineering,Semester 3
Student 1636,STU1636,20,5,88,1,3,3,Yes,No,Yes,No,Data Science,Semester 3
Student 1637,STU1637,18,3,93,1,6,4,Yes,No,Yes,No,Data Science,Semester 2
Student 1638,STU1638,21,3,75,2,7,2,Yes,No,Yes,Yes,Software Engineering,Semester 1
Student 1639,STU1639,25,2,99,0,3,3,No,No,No,No,Software Engineering,Semester 4
Student 1640,STU1640,18,3,96,0,4,3,No,No,Yes,Yes,Business,Semester 4
Student 1641,STU1641,21,6,95,3,8,2,Yes,No,No,No,Business,Semester 3
Student 1642,STU1642,24,4,80,4,7,3,Yes,No,No,Yes,Business,Semester 4
Student 1643,STU1643,20,2,76,2,4,3,Yes,No,Yes,Yes,Engineering,Semester 1
Student 1644,STU1644,22,5,82,3,3,3,Yes,No,No,No,Software Engineering,Semester 2
Student 1645,STU1645,18,0,84,1,6,0,Yes,Yes,Yes,Yes,Software Engineering,Semester 4
Student 1646,STU1646,21,3,88,1,6,3,Yes,Yes,No,Yes,Software Engineering,Semester 1
Student 1647,STU1647,20,3,80,3,5,2,Yes,No,No,No,Software Engineering,Semester 2
Student 1648,STU1648,23,3,89,1,9,1,Yes,No,Yes,No,Business,Semester 4
Student 1649,STU1649,23,2,79,2,6,0,Yes,Yes,No,No,Business,Semester 4
Student 1650,STU1650,26,3,82,2,4,1,Yes,No,No,No,Engineering,Semester 2
Student 1651,STU1651,22,4,87,3,5,1,Yes,No,Yes,No,Business,Semester 4
Student 1652,STU1652,21,2,83,1,5,2,Yes,No,No,Yes,Software Engineering,Semester 4
Student 1653,STU1653,21,3,76,0,4,3,Yes,Yes,No,No,Software Engineering,Semester 4
Student 1654,STU1654,20,1,74,2,7,0,Yes,Yes,Yes,No,Computer Science,Semester 3
Student 1655,STU1655,21,6,90,1,8,2,Yes,No,No,No,Business,Semester 2
Student 1656,STU1656,20,0,86,0,5,2,No,No,Yes,No,Computer Science,Semester 3
Student 1657,STU1657,21,3,93,5,3,3,Yes,No,No,Yes,Software Engineering,Semester 2
Student 1658,STU1658,23,3,91,2,5,2,Yes,No,Yes,Yes,Business,Semester 3
Student 1659,STU1659,18,3,79,3,3,3,Yes,No,No,Yes,Software Engineering,Semester 4
Student 1660,STU1660,23,3,90,3,5,2,Yes,Yes,No,Yes,Computer Science,Semester 1
Student 1661,STU1661,23,4,84,2,6,2,Yes,No,Yes,Yes,Computer Science,Semester 2
Student 1662,STU1662,20,2,81,2,1,2,Yes,No,No,No,Data Science,Semester 1
Student 1663,STU1663,17,1,100,3,6,1,No,No,Yes,Yes,Data Science,Semester 2
Student 1664,STU1664,19,3,100,3,4,2,Yes,No,No,No,Business,Semester 2
Student 1665,STU1665,23,0,87,4,4,2,No,No,Yes,No,Business,Semester 4
Student 1666,STU1666,20,2,75,1,3,0,No,No,No,Yes,Business,Semester 2
Student 1667,STU1667,18,3,78,0,3,1,Yes,No,No,No,Business,Semester 4
Student 1668,STU1668,19,4,77,0,8,1,No,No,No,No,Business,Semester 4
Student 1669,STU1669,22,5,88,3,7,1,Yes,No,Yes,No,Business,Semester 4
Student 1670,STU1670,22,4,85,3,7,0,Yes,Yes,No,No,Business,Semester 3
Student 1671,STU1671,20,4,79,3,4,3,Yes,Yes,No,Yes,Computer Science,Semester 3
Student 1672,STU1672,20,3,98,1,8,1,No,Yes,No,No,Computer Science,Semester 4
Student 1673,STU1673,20,3,78,1,5,3,No,Yes,No,No,Computer Science,Semester 1
Student 1674,STU1674,19,3,96,1,4,4,Yes,No,No,Yes,Software Engineering,Semester 1
Student 1675,STU1675,24,3,91,0,3,2,Yes,Yes,No,No,Engineering,Semester 2
Student 1676,STU1676,20,3,87,3,3,1,Yes,Yes,No,No,Software Engineering,Semester 1
Student 1677,STU1677,23,4,75,0,4,2,Yes,Yes,Yes,Yes,Business,Semester 2
Student 1678,STU1678,24,4,94,2,3,3,Yes,No,No,No,Engineering,Semester 2
Student 1679,STU1679,23,5,97,1,7,2,Yes,No,No,Yes,Computer Science,Semester 2
Student 1680,STU1680,20,4,83,4,10,1,Yes,Yes,Yes,No,Computer Science,Semester 3
Student 1681,STU1681,21,4,92,0,5,3,Yes,Yes,No,Yes,Data Science,Semester 4
Student 1682,STU1682,20,5,82,0,5,2,No,Yes,No,Yes,Business,Semester 1
Student 1683,STU1683,19,4,94,3,2,4,Yes,No,No,No,Business,Semester 4
Student 1684,STU1684,21,3,74,4,3,3,Yes,Yes,Yes,Yes,Data Science,Semester 4
Student 1685,STU1685,18,2,89,3,2,3,Yes,No,Yes,Yes,Software Engineering,Semester 3
Student 1686,STU1686,23,3,61,5,7,1,No,No,No,No,Data Science,Semester 2
Student 1687,STU1687,20,2,72,1,9,0,No,Yes,Yes,Yes,Business,Semester 4
Student 1688,STU1688,21,4,73,2,3,2,Yes,No,No,No,Computer Science,Semester 2
Student 1689,STU1689,21,4,82,4,5,4,Yes,Yes,No,Yes,Data Science,Semester 3
Student 1690,STU1690,20,3,74,1,5,2,Yes,No,Yes,No,Engineering,Semester 4
Student 1691,STU1691,22,3,75,4,6,1,Yes,Yes,No,Yes,Computer Science,Semester 1
Student 1692,STU1692,20,4,80,0,5,1,Yes,No,No,Yes,Software Engineering,Semester 4
Student 1693,STU1693,22,3,81,3,9,1,Yes,No,Yes,Yes,Computer Science,Semester 3
Student 1694,STU1694,18,8,72,1,4,3,Yes,No,No,No,Software Engineering,Semester 3
Student 1695,STU1695,21,5,71,1,7,2,Yes,Yes,Yes,Yes,Computer Science,Semester 4
Student 1696,STU1696,25,5,75,2,4,3,Yes,Yes,No,No,Business,Semester 1
Student 1697,STU1697,18,4,90,2,2,3,Yes,No,No,Yes,Software Engineering,Semester 2
Student 1698,STU1698,19,5,100,1,8,3,Yes,No,No,No,Software Engineering,Semester 4
Student 1699,STU1699,22,3,93,2,8,1,No,No,No,Yes,Data Science,Semester 4
Student 1700,STU1700,21,2,79,3,6,1,Yes,Yes,No,No,Computer Science,Semester 1
Student 1701,STU1701,21,5,85,1,4,4,No,Yes,Yes,Yes,Software Engineering,Semester 1
Student 1702,STU1702,22,2,82,1,3,3,Yes,No,No,Yes,Software Engineering,Semester 3
Student 1703,STU1703,22,4,80,2,6,2,Yes,Yes,No,Yes,Computer Science,Semester 2
Student 1704,STU1704,23,6,82,2,1,4,Yes,Yes,No,Yes,Computer Science,Semester 2
Student 1705,STU1705,21,5,84,1,7,1,Yes,Yes,No,No,Engineering,Semester 4
Student 1706,STU1706,20,3,68,1,4,2,Yes,No,No,No,Data Science,Semester 2
Student 1707,STU1707,22,5,77,2,4,2,Yes,No,No,Yes,Software Engineering,Semester 3
Student 1708,STU1708,25,4,81,3,3,2,Yes,No,No,No,Computer Science,Semester 3
Student 1709,STU1709,20,3,100,3,2,2,Yes,No,No,Yes,Software Engineering,Semester 1
Student 1710,STU1710,18,4,87,1,5,1,Yes,No,No,Yes,Engineering,Semester 1
Student 1711,STU1711,23,2,90,2,5,1,Yes,No,No,Yes,Engineering,Semester 3
Student 1712,STU1712,20,2,81,1,5,2,Yes,Yes,No,No,Software Engineering,Semester 1
Student 1713,STU1713,17,3,93,3,7,1,Yes,No,No,Yes,Data Science,Semester 3
Student 1714,STU1714,22,3,84,1,5,3,Yes,No,Yes,No,Business,Semester 1
Student 1715,STU1715,19,2,88,3,6,3,Yes,Yes,No,Yes,Software Engineering,Semester 4
Student 1716,STU1716,20,4,83,0,2,3,No,No,Yes,Yes,Engineering,Semester 2
Student 1717,STU1717,21,3,86,4,4,1,Yes,Yes,Yes,No,Data Science,Semester 3
Student 1718,STU1718,21,2,78,1,8,0,Yes,No,No,Yes,Computer Science,Semester 1
Student 1719,STU1719,22,3,96,1,7,2,No,Yes,No,Yes,Data Science,Semester 3
Student 1720,STU1720,20,2,78,2,6,2,Yes,Yes,No,Yes,Data Science,Semester 4
Student 1721,STU1721,22,5,74,1,4,2,Yes,Yes,No,Yes,Software Engineering,Semester 3
Student 1722,STU1722,20,6,83,1,3,3,Yes,No,No,No,Data Science,Semester 1
Student 1723,STU1723,22,4,97,4,4,3,Yes,No,Yes,Yes,Computer Science,Semester 1
Student 1724,STU1724,22,3,76,1,6,2,Yes,No,No,No,Software Engineering,Semester 3
Student 1725,STU1725,18,4,80,4,1,3,Yes,No,No,Yes,Engineering,Semester 3
Student 1726,STU1726,23,3,84,2,8,0,Yes,No,No,No,Computer Science,Semester 1
Student 1727,STU1727,19,4,71,1,7,1,Yes,Yes,No,No,Software Engineering,Semester 4
Student 1728,STU1728,22,4,71,0,7,0,No,No,No,Yes,Software Engineering,Semester 4
Student 1729,STU1729,21,5,91,2,6,3,Yes,Yes,No,No,Business,Semester 4
Student 1730,STU1730,25,3,82,2,5,1,Yes,Yes,Yes,Yes,Computer Science,Semester 2
Student 1731,STU1731,20,4,73,3,6,0,Yes,No,No,No,Data Science,Semester 2
Student 1732,STU1732,20,4,64,0,5,1,Yes,Yes,No,No,Computer Science,Semester 2
Student 1733,STU1733,21,4,77,0,9,1,Yes,Yes,No,Yes,Computer Science,Semester 3
Student 1734,STU1734,20,4,82,2,5,3,Yes,No,No,No,Business,Semester 2
Student 1735,STU1735,22,2,83,1,4,2,Yes,No,No,No,Data Science,Semester 3
Student 1736,STU1736,17,4,64,1,5,3,No,No,No,No,Business,Semester 4
Student 1737,STU1737,18,3,92,2,4,2,Yes,No,No,No,Business,Semester 1
Student 1738,STU1738,18,2,82,0,7,3,Yes,No,No,No,Business,Semester 2
Student 1739,STU1739,23,3,76,2,4,2,Yes,No,Yes,Yes,Computer Science,Semester 1
Student 1740,STU1740,24,4,89,4,5,2,Yes,Yes,Yes,No,Business,Semester 2
Student 1741,STU1741,20,3,73,1,7,2,Yes,Yes,Yes,Yes,Engineering,Semester 2
Student 1742,STU1742,20,3,79,1,7,0,Yes,No,Yes,Yes,Data Science,Semester 1
Student 1743,STU1743,21,1,72,3,3,2,Yes,Yes,No,No,Data Science,Semester 4
Student 1744,STU1744,23,5,88,0,7,1,Yes,No,No,No,Business,Semester 4
Student 1745,STU1745,19,2,91,2,3,1,Yes,No,Yes,Yes,Computer Science,Semester 4
Student 1746,STU1746,21,4,85,0,2,3,Yes,Yes,No,No,Software Engineering,Semester 1
Student 1747,STU1747,23,3,80,1,4,3,Yes,Yes,Yes,No,Software Engineering,Semester 3
Student 1748,STU1748,22,4,71,5,6,1,Yes,Yes,No,Yes,Computer Science,Semester 1
Student 1749,STU1749,21,4,78,1,5,2,Yes,Yes,Yes,No,Business,Semester 3
Student 1750,STU1750,23,3,83,1,6,1,Yes,Yes,Yes,No,Business,Semester 4
Student 1751,STU1751,17,4,77,2,4,3,Yes,No,Yes,Yes,Engineering,Semester 3
Student 1752,STU1752,22,4,78,3,1,2,Yes,No,No,Yes,Software Engineering,Semester 4
Student 1753,STU1753,19,2,73,5,5,1,Yes,No,No,Yes,Software Engineering,Semester 4
Student 1754,STU1754,17,5,76,4,2,2,Yes,Yes,Yes,No,Data Science,Semester 4
Student 1755,STU1755,22,5,70,3,5,1,No,No,No,Yes,Business,Semester 4
Student 1756,STU1756,24,2,84,1,3,2,Yes,No,Yes,Yes,Computer Science,Semester 1
Student 1757,STU1757,20,1,82,5,6,1,No,No,No,No,Business,Semester 2
Student 1758,STU1758,23,5,82,3,7,2,Yes,No,No,No,Business,Semester 2
Student 1759,STU1759,24,2,79,3,2,3,Yes,No,Yes,Yes,Engineering,Semester 2
Student 1760,STU1760,23,5,77,1,1,3,Yes,No,No,No,Computer Science,Semester 1
Student 1761,STU1761,24,4,64,2,5,3,Yes,No,No,No,Engineering,Semester 4
Student 1762,STU1762,22,3,78,2,7,1,Yes,Yes,No,No,Engineering,Semester 4
Student 1763,STU1763,21,3,83,3,5,3,Yes,No,No,Yes,Engineering,Semester 4
Student 1764,STU1764,17,2,96,2,4,3,Yes,Yes,No,No,Engineering,Semester 2
Student 1765,STU1765,20,4,80,1,3,1,Yes,No,No,No,Business,Semester 4
Student 1766,STU1766,19,4,77,3,6,1,Yes,No,No,Yes,Data Science,Semester 3
Student 1767,STU1767,25,4,80,2,8,0,Yes,Yes,No,No,Business,Semester 1
Student 1768,STU1768,20,4,78,1,2,4,Yes,Yes,No,Yes,Engineering,Semester 4
Student 1769,STU1769,21,5,78,2,6,0,Yes,Yes,No,No,Engineering,Semester 4
Student 1770,STU1770,22,3,77,3,10,3,Yes,Yes,No,No,Data Science,Semester 4
Student 1771,STU1771,21,7,87,2,4,3,Yes,Yes,No,No,Software Engineering,Semester 3
Student 1772,STU1772,24,4,87,1,5,1,Yes,Yes,No,Yes,Computer Science,Semester 4
Student 1773,STU1773,19,4,89,3,5,2,No,Yes,No,No,Engineering,Semester 2
Student 1774,STU1774,21,4,90,2,4,3,No,Yes,No,Yes,Engineering,Semester 4
Student 1775,STU1775,19,4,79,2,7,1,Yes,No,Yes,No,Business,Semester 2
Student 1776,STU1776,18,4,69,2,5,0,Yes,Yes,No,No,Engineering,Semester 2
Student 1777,STU1777,19,5,97,2,2,2,Yes,Yes,No,Yes,Engineering,Semester 4
Student 1778,STU1778,20,0,63,3,3,2,Yes,No,No,Yes,Computer Science,Semester 3
Student 1779,STU1779,20,3,79,1,7,0,Yes,No,Yes,No,Business,Semester 2
Student 1780,STU1780,19,1,70,4,6,2,Yes,No,Yes,No,Software Engineering,Semester 4
Student 1781,STU1781,17,5,85,1,6,2,Yes,Yes,No,No,Engineering,Semester 4
Student 1782,STU1782,20,2,74,1,6,1,No,No,No,Yes,Engineering,Semester 3
Student 1783,STU1783,17,2,91,1,5,3,Yes,No,No,No,Software Engineering,Semester 4
Student 1784,STU1784,22,3,83,2,6,3,Yes,No,No,Yes,Data Science,Semester 1
Student 1785,STU1785,21,2,94,2,4,2,Yes,No,No,No,Software Engineering,Semester 1
Student 1786,STU1786,17,3,82,3,5,2,No,No,No,No,Software Engineering,Semester 1
Student 1787,STU1787,20,1,91,1,5,1,Yes,No,No,No,Business,Semester 4
Student 1788,STU1788,19,5,73,0,4,2,Yes,No,No,Yes,Software Engineering,Semester 2
Student 1789,STU1789,21,4,89,1,6,2,Yes,No,No,No,Business,Semester 3
Student 1790,STU1790,23,3,80,2,6,3,Yes,No,No,Yes,Software Engineering,Semester 4
Student 1791,STU1791,17,4,83,1,2,3,Yes,No,No,No,Engineering,Semester 2
Student 1792,STU1792,21,4,89,1,5,2,Yes,Yes,Yes,No,Engineering,Semester 4
Student 1793,STU1793,20,2,85,1,5,2,Yes,No,Yes,Yes,Data Science,Semester 1
Student 1794,STU1794,22,4,75,0,8,3,Yes,Yes,No,Yes,Software Engineering,Semester 1
Student 1795,STU1795,21,4,78,2,5,0,Yes,No,No,Yes,Computer Science,Semester 2
Student 1796,STU1796,19,5,73,1,5,3,Yes,No,No,No,Software Engineering,Semester 2
Student 1797,STU1797,20,3,87,2,5,3,Yes,Yes,Yes,No,Computer Science,Semester 2
Student 1798,STU1798,19,2,79,3,7,0,Yes,No,No,No,Software Engineering,Semester 3
Student 1799,STU1799,23,5,78,0,3,3,Yes,Yes,No,Yes,Business,Semester 2
Student 1800,STU1800,21,3,83,4,4,3,Yes,No,No,No,Engineering,Semester 1
Student 1801,STU1801,25,3,80,0,4,0,No,Yes,No,No,Computer Science,Semester 1
Student 1802,STU1802,20,4,91,2,5,4,Yes,No,No,No,Computer Science,Semester 3
Student 1803,STU1803,19,2,88,0,2,3,Yes,No,No,No,Software Engineering,Semester 4
Student 1804,STU1804,17,3,87,0,8,1,Yes,No,No,Yes,Engineering,Semester 2
Student 1805,STU1805,17,3,78,2,6,0,Yes,No,Yes,No,Data Science,Semester 3
Student 1806,STU1806,17,3,87,2,6,3,Yes,Yes,Yes,No,Computer Science,Semester 4
Student 1807,STU1807,21,5,86,0,9,3,Yes,No,Yes,No,Engineering,Semester 4
Student 1808,STU1808,22,2,72,3,4,1,Yes,Yes,No,No,Engineering,Semester 2
Student 1809,STU1809,17,2,80,1,7,3,Yes,Yes,Yes,Yes,Computer Science,Semester 1
Student 1810,STU1810,23,5,80,0,6,2,Yes,Yes,Yes,No,Business,Semester 2
Student 1811,STU1811,19,2,94,3,8,2,Yes,No,Yes,Yes,Business,Semester 2
Student 1812,STU1812,21,4,78,3,6,3,Yes,No,Yes,No,Software Engineering,Semester 1
Student 1813,STU1813,24,4,85,3,4,4,Yes,Yes,No,Yes,Software Engineering,Semester 1
Student 1814,STU1814,23,4,92,0,6,3,Yes,Yes,Yes,Yes,Engineering,Semester 1
Student 1815,STU1815,20,2,74,3,4,2,Yes,Yes,No,No,Computer Science,Semester 4
Student 1816,STU1816,19,3,84,2,4,2,No,No,No,Yes,Business,Semester 4
Student 1817,STU1817,17,1,98,1,5,2,Yes,No,Yes,No,Engineering,Semester 2
Student 1818,STU1818,19,5,69,2,5,2,Yes,Yes,No,No,Business,Semester 3
Student 1819,STU1819,20,5,77,6,3,3,Yes,No,No,No,Computer Science,Semester 2
Student 1820,STU1820,18,5,84,2,1,4,Yes,Yes,No,Yes,Business,Semester 3
Student 1821,STU1821,20,3,84,2,6,1,Yes,No,Yes,Yes,Data Science,Semester 2
Student 1822,STU1822,21,3,83,1,6,3,Yes,No,No,No,Software Engineering,Semester 2
Student 1823,STU1823,20,3,86,3,6,2,Yes,No,No,Yes,Business,Semester 2
Student 1824,STU1824,19,2,92,3,8,0,Yes,No,Yes,No,Computer Science,Semester 4
Student 1825,STU1825,21,4,82,1,2,2,Yes,No,Yes,No,Computer Science,Semester 2
Student 1826,STU1826,22,2,81,3,8,2,Yes,Yes,No,No,Data Science,Semester 3
Student 1827,STU1827,18,1,86,3,10,0,Yes,Yes,No,No,Computer Science,Semester 4
Student 1828,STU1828,24,5,97,1,8,2,No,No,No,Yes,Data Science,Semester 2
Student 1829,STU1829,20,3,86,1,4,2,Yes,Yes,No,No,Engineering,Semester 1
Student 1830,STU1830,21,4,90,4,6,3,Yes,Yes,Yes,No,Business,Semester 4
Student 1831,STU1831,22,3,69,1,4,2,No,No,No,Yes,Computer Science,Semester 1
Student 1832,STU1832,21,5,80,1,4,2,Yes,No,No,Yes,Software Engineering,Semester 2
Student 1833,STU1833,23,2,72,3,8,1,Yes,No,No,No,Business,Semester 3
Student 1834,STU1834,21,4,82,1,6,4,Yes,No,No,No,Data Science,Semester 1
Student 1835,STU1835,19,3,93,4,6,2,Yes,No,No,No,Business,Semester 1
Student 1836,STU1836,21,4,71,4,3,3,Yes,Yes,No,No,Business,Semester 4
Student 1837,STU1837,18,3,95,1,2,3,Yes,No,No,No,Computer Science,Semester 1
Student 1838,STU1838,21,3,82,3,7,0,Yes,No,No,No,Software Engineering,Semester 2
Student 1839,STU1839,20,5,89,1,6,2,No,Yes,No,No,Engineering,Semester 4
Student 1840,STU1840,20,3,90,1,5,2,Yes,Yes,No,Yes,Software Engineering,Semester 1
Student 1841,STU1841,20,3,98,0,8,2,Yes,Yes,No,Yes,Data Science,Semester 3
Student 1842,STU1842,17,3,86,3,6,2,Yes,No,No,No,Software Engineering,Semester 4
Student 1843,STU1843,19,2,75,1,4,0,Yes,No,No,No,Software Engineering,Semester 3
Student 1844,STU1844,21,3,90,0,2,3,Yes,No,Yes,Yes,Data Science,Semester 3
Student 1845,STU1845,21,3,60,0,6,1,No,No,No,No,Software Engineering,Semester 4
Student 1846,STU1846,18,4,74,1,4,3,Yes,Yes,No,Yes,Engineering,Semester 1
Student 1847,STU1847,23,3,77,3,5,0,Yes,No,No,Yes,Business,Semester 1
Student 1848,STU1848,19,1,65,3,5,2,Yes,No,No,No,Engineering,Semester 3
Student 1849,STU1849,23,4,95,3,8,1,No,Yes,Yes,Yes,Business,Semester 1
Student 1850,STU1850,21,3,92,3,7,0,Yes,No,No,No,Business,Semester 4
Student 1851,STU1851,19,2,85,2,5,1,Yes,Yes,Yes,No,Software Engineering,Semester 3
Student 1852,STU1852,24,4,89,2,5,4,Yes,No,Yes,No,Business,Semester 2
Student 1853,STU1853,18,4,84,2,6,2,No,No,No,Yes,Data Science,Semester 2
Student 1854,STU1854,23,4,88,1,7,2,Yes,No,No,No,Engineering,Semester 2
Student 1855,STU1855,23,4,92,1,5,3,No,No,No,No,Business,Semester 1
Student 1856,STU1856,19,4,70,1,4,3,Yes,Yes,No,Yes,Software Engineering,Semester 2
Student 1857,STU1857,24,4,89,2,3,3,Yes,No,Yes,No,Software Engineering,Semester 2
Student 1858,STU1858,20,6,91,4,5,3,Yes,No,No,No,Software Engineering,Semester 3
Student 1859,STU1859,21,5,77,2,3,4,Yes,No,No,Yes,Computer Science,Semester 4
Student 1860,STU1860,21,4,80,1,6,0,Yes,No,Yes,No,Engineering,Semester 3
Student 1861,STU1861,20,1,75,2,6,3,Yes,No,No,No,Software Engineering,Semester 3
Student 1862,STU1862,22,6,84,1,7,3,Yes,Yes,No,Yes,Data Science,Semester 2
Student 1863,STU1863,22,4,70,1,5,2,Yes,No,No,No,Software Engineering,Semester 3
Student 1864,STU1864,17,4,83,2,7,0,Yes,No,No,Yes,Computer Science,Semester 2
Student 1865,STU1865,23,4,75,1,8,1,No,No,No,Yes,Engineering,Semester 1
Student 1866,STU1866,17,3,93,2,5,2,No,Yes,No,No,Business,Semester 2
Student 1867,STU1867,23,3,77,3,9,1,Yes,Yes,No,No,Engineering,Semester 4
Student 1868,STU1868,23,3,86,0,8,0,Yes,Yes,Yes,No,Business,Semester 3
Student 1869,STU1869,18,0,88,3,4,0,Yes,No,No,Yes,Business,Semester 4
Student 1870,STU1870,20,2,68,0,10,0,Yes,No,Yes,No,Software Engineering,Semester 4
Student 1871,STU1871,18,3,84,4,5,0,Yes,No,No,No,Data Science,Semester 3
Student 1872,STU1872,20,4,92,1,8,2,Yes,No,No,No,Data Science,Semester 3
Student 1873,STU1873,20,4,81,2,6,2,Yes,Yes,No,No,Software Engineering,Semester 3
Student 1874,STU1874,22,3,89,0,6,1,Yes,No,Yes,Yes,Computer Science,Semester 4
Student 1875,STU1875,23,4,76,2,7,1,Yes,No,No,Yes,Business,Semester 1
Student 1876,STU1876,24,3,90,2,5,0,Yes,No,Yes,No,Data Science,Semester 4
Student 1877,STU1877,19,3,72,4,5,2,Yes,No,No,No,Engineering,Semester 1
Student 1878,STU1878,20,4,81,1,5,2,Yes,No,No,Yes,Computer Science,Semester 2
Student 1879,STU1879,17,4,91,4,3,3,Yes,No,No,No,Software Engineering,Semester 3
Student 1880,STU1880,19,3,91,1,7,2,Yes,No,Yes,Yes,Computer Science,Semester 4
Student 1881,STU1881,23,4,71,2,4,2,Yes,No,No,Yes,Data Science,Semester 1
Student 1882,STU1882,24,4,80,2,5,2,No,Yes,No,No,Software Engineering,Semester 1
Student 1883,STU1883,18,4,77,0,5,3,Yes,Yes,No,Yes,Data Science,Semester 1
Student 1884,STU1884,19,3,91,0,6,2,Yes,Yes,No,No,Business,Semester 3
Student 1885,STU1885,20,3,81,1,5,2,Yes,No,Yes,No,Computer Science,Semester 1
Student 1886,STU1886,21,4,83,4,5,1,Yes,Yes,No,No,Business,Semester 3
Student 1887,STU1887,19,3,85,2,6,2,Yes,Yes,No,Yes,Engineering,Semester 4
Student 1888,STU1888,21,2,72,2,6,0,Yes,Yes,No,Yes,Business,Semester 1
Student 1889,STU1889,20,4,84,2,3,2,Yes,No,No,Yes,Computer Science,Semester 1
Student 1890,STU1890,21,5,73,2,5,0,No,No,Yes,No,Engineering,Semester 3
Student 1891,STU1891,22,5,78,3,7,2,Yes,No,No,Yes,Data Science,Semester 3
Student 1892,STU1892,21,5,78,2,9,3,Yes,Yes,Yes,No,Engineering,Semester 4
Student 1893,STU1893,20,4,85,0,2,2,Yes,Yes,No,No,Computer Science,Semester 3
Student 1894,STU1894,20,4,75,1,7,1,Yes,No,No,No,Software Engineering,Semester 4
Student 1895,STU1895,20,5,78,1,5,2,Yes,Yes,No,No,Engineering,Semester 4
Student 1896,STU1896,20,3,84,1,4,2,Yes,Yes,No,No,Data Science,Semester 1
Student 1897,STU1897,20,5,93,2,4,4,Yes,Yes,Yes,No,Engineering,Semester 2
Student 1898,STU1898,24,4,85,1,3,3,Yes,No,Yes,Yes,Business,Semester 2
Student 1899,STU1899,22,4,91,1,3,2,Yes,No,Yes,Yes,Software Engineering,Semester 3
Student 1900,STU1900,20,1,65,5,6,0,Yes,Yes,Yes,No,Computer Science,Semester 3
Student 1901,STU1901,22,3,93,3,8,1,Yes,Yes,No,No,Software Engineering,Semester 2
Student 1902,STU1902,20,3,75,4,6,0,Yes,No,Yes,Yes,Business,Semester 4
Student 1903,STU1903,23,5,77,0,5,4,Yes,No,No,No,Software Engineering,Semester 2
Student 1904,STU1904,21,2,97,2,4,2,Yes,No,No,No,Business,Semester 4
Student 1905,STU1905,20,2,83,2,3,3,Yes,No,No,Yes,Engineering,Semester 4
Student 1906,STU1906,22,2,76,1,5,0,Yes,No,No,Yes,Computer Science,Semester 3
Student 1907,STU1907,17,3,77,2,3,2,No,No,No,No,Business,Semester 3
Student 1908,STU1908,18,4,70,5,7,0,Yes,No,Yes,No,Business,Semester 3
Student 1909,STU1909,18,6,82,1,4,3,Yes,No,No,No,Engineering,Semester 2
Student 1910,STU1910,21,3,79,2,4,2,Yes,Yes,No,Yes,Business,Semester 2
Student 1911,STU1911,24,3,87,0,9,2,Yes,No,No,No,Computer Science,Semester 2
Student 1912,STU1912,25,6,95,1,7,3,No,No,Yes,No,Data Science,Semester 4
Student 1913,STU1913,22,6,72,2,3,3,No,Yes,No,No,Software Engineering,Semester 3
Student 1914,STU1914,22,1,86,1,3,3,Yes,No,Yes,Yes,Business,Semester 1
Student 1915,STU1915,17,3,69,1,5,0,Yes,No,No,No,Software Engineering,Semester 2
Student 1916,STU1916,19,4,85,5,5,1,Yes,No,No,Yes,Software Engineering,Semester 1
Student 1917,STU1917,19,4,72,1,4,1,No,No,No,Yes,Data Science,Semester 1
Student 1918,STU1918,19,6,71,3,7,2,Yes,No,No,Yes,Business,Semester 2
Student 1919,STU1919,20,3,100,2,5,0,Yes,Yes,No,Yes,Computer Science,Semester 2
Student 1920,STU1920,20,2,99,2,5,1,Yes,No,No,No,Business,Semester 2
Student 1921,STU1921,17,2,76,0,4,4,Yes,No,Yes,Yes,Software Engineering,Semester 3
Student 1922,STU1922,22,5,97,0,3,3,Yes,Yes,No,No,Engineering,Semester 1
Student 1923,STU1923,18,3,81,0,4,2,Yes,Yes,No,Yes,Data Science,Semester 4
Student 1924,STU1924,21,6,71,0,3,4,Yes,No,Yes,No,Computer Science,Semester 1
Student 1925,STU1925,25,4,87,2,3,2,Yes,Yes,No,Yes,Computer Science,Semester 4
Student 1926,STU1926,19,3,89,1,7,0,Yes,No,Yes,No,Software Engineering,Semester 1
Student 1927,STU1927,17,5,88,3,7,1,Yes,Yes,Yes,No,Computer Science,Semester 1
Student 1928,STU1928,20,5,68,0,4,2,Yes,Yes,No,No,Software Engineering,Semester 3
Student 1929,STU1929,23,5,72,1,7,0,Yes,No,No,No,Computer Science,Semester 4
Student 1930,STU1930,25,2,89,1,6,3,Yes,Yes,Yes,Yes,Computer Science,Semester 2
Student 1931,STU1931,18,4,72,3,3,3,Yes,No,No,Yes,Software Engineering,Semester 2
Student 1932,STU1932,22,2,90,1,2,2,Yes,No,No,No,Data Science,Semester 3
Student 1933,STU1933,20,3,79,2,6,0,Yes,Yes,Yes,Yes,Computer Science,Semester 2
Student 1934,STU1934,20,3,68,2,6,0,Yes,Yes,No,No,Business,Semester 1
Student 1935,STU1935,26,4,71,2,3,2,Yes,No,No,No,Engineering,Semester 3
Student 1936,STU1936,17,4,85,1,4,3,Yes,Yes,Yes,No,Software Engineering,Semester 4
Student 1937,STU1937,21,3,86,1,7,3,Yes,No,No,No,Computer Science,Semester 3
Student 1938,STU1938,22,5,94,1,8,1,Yes,No,Yes,No,Data Science,Semester 1
Student 1939,STU1939,23,5,82,1,5,2,Yes,Yes,No,No,Business,Semester 3
Student 1940,STU1940,21,4,80,3,5,1,Yes,No,No,No,Software Engineering,Semester 1
Student 1941,STU1941,21,6,96,1,4,2,Yes,Yes,Yes,Yes,Business,Semester 3
Student 1942,STU1942,20,3,75,0,8,2,Yes,Yes,No,No,Engineering,Semester 4
Student 1943,STU1943,21,1,79,2,6,0,Yes,Yes,No,Yes,Data Science,Semester 4
Student 1944,STU1944,20,2,85,2,4,1,Yes,No,No,No,Software Engineering,Semester 2
Student 1945,STU1945,22,3,74,3,6,0,Yes,No,No,Yes,Software Engineering,Semester 1
Student 1946,STU1946,20,5,85,2,4,2,Yes,No,Yes,Yes,Computer Science,Semester 2
Student 1947,STU1947,21,2,82,0,3,3,Yes,Yes,No,No,Business,Semester 3
Student 1948,STU1948,20,3,91,1,4,0,Yes,Yes,No,Yes,Software Engineering,Semester 3
Student 1949,STU1949,23,7,78,2,4,3,Yes,No,No,No,Business,Semester 3
Student 1950,STU1950,20,4,76,2,3,2,Yes,No,No,No,Engineering,Semester 3
Student 1951,STU1951,17,6,97,2,3,3,Yes,No,No,No,Computer Science,Semester 4
Student 1952,STU1952,23,2,88,1,4,3,Yes,Yes,No,Yes,Engineering,Semester 3
Student 1953,STU1953,19,1,90,3,4,3,Yes,Yes,No,No,Computer Science,Semester 4
Student 1954,STU1954,19,1,88,4,3,3,Yes,No,No,No,Computer Science,Semester 2
Student 1955,STU1955,19,5,76,4,6,0,No,No,No,Yes,Business,Semester 4
Student 1956,STU1956,24,3,74,2,2,3,No,No,Yes,No,Computer Science,Semester 4
Student 1957,STU1957,17,3,74,2,4,1,Yes,No,No,No,Engineering,Semester 1
Student 1958,STU1958,27,6,77,4,6,2,Yes,No,No,No,Engineering,Semester 3
Student 1959,STU1959,23,5,91,1,7,2,Yes,No,No,No,Engineering,Semester 3
Student 1960,STU1960,21,4,81,2,4,1,Yes,No,No,Yes,Business,Semester 3
Student 1961,STU1961,20,5,89,0,7,1,Yes,No,Yes,No,Business,Semester 2
Student 1962,STU1962,21,3,88,1,4,2,Yes,No,No,No,Data Science,Semester 3
Student 1963,STU1963,22,4,94,2,9,2,Yes,Yes,Yes,No,Software Engineering,Semester 3
Student 1964,STU1964,22,4,73,0,5,3,Yes,Yes,No,No,Data Science,Semester 3
Student 1965,STU1965,22,3,83,2,3,2,Yes,No,No,No,Data Science,Semester 1
Student 1966,STU1966,21,3,71,2,5,0,Yes,No,No,No,Computer Science,Semester 4
Student 1967,STU1967,20,3,97,2,3,2,Yes,No,No,No,Computer Science,Semester 1
Student 1968,STU1968,20,5,90,1,4,4,Yes,Yes,No,No,Data Science,Semester 3
Student 1969,STU1969,20,5,85,2,6,2,Yes,Yes,No,No,Software Engineering,Semester 4
Student 1970,STU1970,23,7,83,5,5,3,Yes,No,No,No,Data Science,Semester 1
Student 1971,STU1971,22,6,67,1,5,2,Yes,Yes,Yes,No,Business,Semester 3
Student 1972,STU1972,17,5,85,3,5,3,Yes,Yes,No,Yes,Engineering,Semester 3
Student 1973,STU1973,22,2,77,2,1,2,Yes,No,No,Yes,Data Science,Semester 1
Student 1974,STU1974,21,5,68,0,5,3,Yes,No,No,No,Computer Science,Semester 4
Student 1975,STU1975,21,6,78,1,4,3,Yes,Yes,No,No,Software Engineering,Semester 4
Student 1976,STU1976,20,4,83,1,4,0,No,No,No,Yes,Computer Science,Semester 1
Student 1977,STU1977,23,1,85,1,2,2,Yes,No,Yes,No,Business,Semester 3
Student 1978,STU1978,23,4,72,2,6,2,Yes,No,Yes,Yes,Computer Science,Semester 4
Student 1979,STU1979,19,5,71,2,6,2,No,No,No,No,Computer Science,Semester 1
Student 1980,STU1980,21,4,79,2,3,1,Yes,Yes,Yes,No,Software Engineering,Semester 1
Student 1981,STU1981,18,3,86,3,5,1,Yes,Yes,Yes,No,Software Engineering,Semester 1
Student 1982,STU1982,18,3,75,3,8,0,Yes,Yes,No,Yes,Computer Science,Semester 4
Student 1983,STU1983,19,5,78,3,5,1,Yes,No,No,No,Computer Science,Semester 2
Student 1984,STU1984,22,4,83,2,1,4,Yes,Yes,No,No,Data Science,Semester 2
Student 1985,STU1985,23,5,75,0,4,3,Yes,No,Yes,No,Business,Semester 2
Student 1986,STU1986,22,5,65,2,5,2,Yes,No,No,No,Data Science,Semester 2
Student 1987,STU1987,22,3,84,2,9,1,Yes,Yes,No,No,Software Engineering,Semester 2
Student 1988,STU1988,22,5,68,2,3,3,Yes,Yes,No,No,Data Science,Semester 3
Student 1989,STU1989,19,5,84,0,5,3,Yes,No,No,No,Data Science,Semester 1
Student 1990,STU1990,22,4,80,3,3,2,Yes,No,No,Yes,Computer Science,Semester 2
Student 1991,STU1991,22,4,80,1,7,1,Yes,Yes,No,No,Computer Science,Semester 4
Student 1992,STU1992,22,2,73,1,4,0,Yes,Yes,No,No,Business,Semester 1
Student 1993,STU1993,23,3,79,5,1,3,Yes,No,No,No,Engineering,Semester 4
Student 1994,STU1994,22,3,75,1,4,2,Yes,Yes,No,Yes,Engineering,Semester 4
Student 1995,STU1995,21,2,100,1,5,2,Yes,No,Yes,No,Data Science,Semester 4
Student 1996,STU1996,23,4,75,1,6,3,Yes,Yes,No,No,Business,Semester 3
Student 1997,STU1997,20,6,90,3,5,1,No,No,No,No,Business,Semester 4
Student 1998,STU1998,19,4,77,4,6,2,Yes,Yes,No,No,Software Engineering,Semester 1
Student 1999,STU1999,20,5,83,2,5,3,Yes,No,No,Yes,Computer Science,Semester 1
Student 2000,STU2000,19,4,82,4,5,2,Yes,Yes,No,Yes,Software Engineering,Semester 3
Student 2001,STU2001,19,6,80,2,5,2,Yes,No,No,Yes,Engineering,Semester 3
Student 2002,STU2002,20,3,80,4,4,3,Yes,Yes,Yes,Yes,Business,Semester 1
Student 2003,STU2003,19,3,84,0,6,2,No,Yes,No,Yes,Engineering,Semester 1
Student 2004,STU2004,20,5,93,2,7,3,Yes,No,No,No,Computer Science,Semester 4
Student 2005,STU2005,17,1,73,3,5,1,Yes,No,No,No,Computer Science,Semester 4
Student 2006,STU2006,21,4,67,2,4,3,Yes,No,No,Yes,Computer Science,Semester 3
Student 2007,STU2007,21,1,75,1,3,1,Yes,No,No,No,Engineering,Semester 2
Student 2008,STU2008,19,2,83,1,6,2,Yes,No,No,No,Business,Semester 4
Student 2009,STU2009,22,4,79,1,3,3,Yes,No,No,No,Software Engineering,Semester 4
Student 2010,STU2010,23,2,94,1,5,3,Yes,No,No,No,Business,Semester 2
Student 2011,STU2011,17,3,93,1,5,0,Yes,No,No,Yes,Business,Semester 4
Student 2012,STU2012,19,2,78,0,7,1,Yes,Yes,No,Yes,Data Science,Semester 2
Student 2013,STU2013,19,4,94,4,8,2,No,No,No,Yes,Business,Semester 2
Student 2014,STU2014,18,5,85,0,1,3,Yes,No,Yes,No,Software Engineering,Semester 1
Student 2015,STU2015,22,4,76,3,5,3,Yes,Yes,No,No,Data Science,Semester 2
Student 2016,STU2016,20,6,81,1,1,3,Yes,No,No,Yes,Business,Semester 2
Student 2017,STU2017,20,3,80,3,7,2,Yes,Yes,No,No,Data Science,Semester 3
Student 2018,STU2018,17,2,76,0,5,2,No,No,No,No,Business,Semester 3
Student 2019,STU2019,22,4,76,3,5,2,Yes,Yes,No,No,Computer Science,Semester 3
Student 2020,STU2020,18,3,85,1,6,2,Yes,Yes,Yes,Yes,Computer Science,Semester 4
Student 2021,STU2021,21,4,63,2,5,2,No,No,No,Yes,Business,Semester 3
Student 2022,STU2022,21,7,79,1,3,4,Yes,No,No,Yes,Data Science,Semester 1
Student 2023,STU2023,24,2,80,1,5,1,No,No,No,Yes,Software Engineering,Semester 1
Student 2024,STU2024,18,3,80,1,6,0,Yes,No,No,No,Computer Science,Semester 1
Student 2025,STU2025,17,4,89,3,5,3,Yes,No,Yes,Yes,Data Science,Semester 4
Student 2026,STU2026,21,4,75,1,5,2,Yes,Yes,Yes,No,Software Engineering,Semester 2
Student 2027,STU2027,25,3,83,3,4,1,Yes,No,No,Yes,Data Science,Semester 2
Student 2028,STU2028,23,3,69,2,7,1,No,No,No,Yes,Business,Semester 1
Student 2029,STU2029,21,2,77,2,5,2,Yes,No,No,No,Computer Science,Semester 2
Student 2030,STU2030,19,4,71,1,5,2,Yes,Yes,No,No,Computer Science,Semester 2
Student 2031,STU2031,22,2,94,2,6,2,Yes,No,Yes,No,Computer Science,Semester 2
Student 2032,STU2032,18,5,83,2,4,3,Yes,Yes,No,No,Business,Semester 4
Student 2033,STU2033,22,4,78,1,4,1,Yes,No,No,No,Software Engineering,Semester 2
Student 2034,STU2034,22,3,68,0,6,1,No,No,No,No,Software Engineering,Semester 2
Student 2035,STU2035,23,4,71,1,6,0,Yes,No,No,No,Computer Science,Semester 4
Student 2036,STU2036,27,4,88,0,7,2,Yes,No,No,Yes,Software Engineering,Semester 3
Student 2037,STU2037,21,3,84,2,5,2,Yes,Yes,No,Yes,Computer Science,Semester 1
Student 2038,STU2038,19,1,70,0,5,1,Yes,No,Yes,No,Software Engineering,Semester 4
Student 2039,STU2039,20,3,70,0,4,3,Yes,No,No,Yes,Computer Science,Semester 4
Student 2040,STU2040,17,4,96,2,6,3,Yes,Yes,No,Yes,Software Engineering,Semester 1
Student 2041,STU2041,19,5,92,0,3,2,No,No,No,Yes,Data Science,Semester 2
Student 2042,STU2042,20,4,84,2,5,3,Yes,No,No,No,Computer Science,Semester 2
Student 2043,STU2043,19,3,82,3,7,2,Yes,No,No,No,Computer Science,Semester 4
Student 2044,STU2044,21,4,80,0,5,2,Yes,No,No,No,Engineering,Semester 3
Student 2045,STU2045,19,4,71,1,6,1,No,No,No,No,Computer Science,Semester 1
Student 2046,STU2046,23,4,88,3,5,1,Yes,Yes,Yes,No,Software Engineering,Semester 3
Student 2047,STU2047,21,1,80,1,2,1,Yes,No,Yes,No,Data Science,Semester 4
Student 2048,STU2048,21,3,87,1,4,2,Yes,No,Yes,No,Data Science,Semester 3
Student 2049,STU2049,20,5,78,3,5,2,Yes,No,No,No,Software Engineering,Semester 4
Student 2050,STU2050,21,4,84,2,4,2,Yes,Yes,Yes,No,Business,Semester 1
Student 2051,STU2051,22,5,78,0,6,1,Yes,Yes,No,No,Computer Science,Semester 3
Student 2052,STU2052,19,3,82,2,2,3,Yes,Yes,Yes,No,Data Science,Semester 3
Student 2053,STU2053,19,3,88,2,2,4,Yes,No,No,No,Software Engineering,Semester 1
Student 2054,STU2054,20,0,77,3,6,0,No,No,No,Yes,Data Science,Semester 1
Student 2055,STU2055,18,1,98,0,4,0,Yes,No,No,No,Data Science,Semester 4
Student 2056,STU2056,19,4,77,2,6,0,Yes,No,Yes,Yes,Software Engineering,Semester 4
Student 2057,STU2057,20,4,83,4,4,2,Yes,No,Yes,Yes,Engineering,Semester 4
Student 2058,STU2058,22,1,93,0,6,3,Yes,No,No,No,Data Science,Semester 4
Student 2059,STU2059,21,4,93,2,7,1,Yes,Yes,No,No,Data Science,Semester 4
Student 2060,STU2060,21,5,85,1,8,2,Yes,No,No,Yes,Business,Semester 1
Student 2061,STU2061,22,4,84,2,4,2,Yes,No,No,Yes,Engineering,Semester 3
Student 2062,STU2062,20,3,82,1,4,2,Yes,No,No,No,Business,Semester 2
Student 2063,STU2063,21,0,92,2,5,2,Yes,No,Yes,No,Software Engineering,Semester 2
Student 2064,STU2064,20,4,89,2,8,1,Yes,No,No,Yes,Computer Science,Semester 4
Student 2065,STU2065,21,2,90,4,3,3,Yes,No,No,Yes,Software Engineering,Semester 2
Student 2066,STU2066,19,4,95,0,3,3,Yes,No,Yes,No,Engineering,Semester 3
Student 2067,STU2067,17,4,85,3,7,1,Yes,Yes,No,No,Software Engineering,Semester 3
Student 2068,STU2068,20,4,78,3,5,4,Yes,No,No,Yes,Engineering,Semester 4
Student 2069,STU2069,24,4,84,0,6,1,Yes,No,No,Yes,Business,Semester 2
Student 2070,STU2070,23,3,82,2,4,2,Yes,Yes,Yes,No,Data Science,Semester 1
Student 2071,STU2071,23,4,80,1,6,3,Yes,No,No,Yes,Software Engineering,Semester 1
Student 2072,STU2072,23,2,78,2,4,1,Yes,No,No,Yes,Software Engineering,Semester 4
Student 2073,STU2073,21,5,86,1,3,3,Yes,Yes,Yes,No,Data Science,Semester 3
Student 2074,STU2074,21,3,87,3,5,2,No,No,Yes,No,Software Engineering,Semester 2
Student 2075,STU2075,19,6,76,0,3,3,No,No,No,Yes,Software Engineering,Semester 3
Student 2076,STU2076,20,3,84,0,6,3,No,No,No,No,Computer Science,Semester 4
Student 2077,STU2077,22,4,95,1,5,2,Yes,Yes,No,Yes,Computer Science,Semester 3
Student 2078,STU2078,23,4,76,0,3,4,Yes,No,No,No,Data Science,Semester 2
Student 2079,STU2079,20,1,93,2,6,1,No,Yes,No,Yes,Business,Semester 3
Student 2080,STU2080,20,4,75,3,6,2,Yes,No,No,No,Software Engineering,Semester 4
Student 2081,STU2081,21,3,84,0,1,3,Yes,No,No,No,Software Engineering,Semester 1
Student 2082,STU2082,22,3,67,1,5,2,Yes,No,No,No,Business,Semester 1
Student 2083,STU2083,17,4,87,1,5,1,Yes,Yes,No,No,Software Engineering,Semester 2
Student 2084,STU2084,17,2,80,0,5,1,No,Yes,No,Yes,Business,Semester 4
Student 2085,STU2085,19,3,68,1,2,2,Yes,Yes,Yes,No,Data Science,Semester 4
Student 2086,STU2086,18,5,78,3,6,3,Yes,Yes,No,Yes,Data Science,Semester 3
Student 2087,STU2087,19,2,96,0,6,3,Yes,No,No,No,Business,Semester 1
Student 2088,STU2088,20,4,86,4,3,2,Yes,No,No,No,Business,Semester 2
Student 2089,STU2089,20,3,82,2,3,3,Yes,No,No,No,Engineering,Semester 2
Student 2090,STU2090,24,5,86,4,3,1,Yes,No,No,No,Computer Science,Semester 2
Student 2091,STU2091,21,4,90,2,5,2,Yes,Yes,No,No,Computer Science,Semester 3
Student 2092,STU2092,21,3,94,0,3,3,No,Yes,No,No,Software Engineering,Semester 4
Student 2093,STU2093,22,4,79,1,3,3,Yes,Yes,No,No,Software Engineering,Semester 2
Student 2094,STU2094,18,3,86,4,9,2,Yes,No,Yes,No,Business,Semester 3
Student 2095,STU2095,23,6,85,4,5,2,Yes,No,No,No,Business,Semester 2
Student 2096,STU2096,20,4,82,3,4,1,Yes,Yes,No,No,Computer Science,Semester 3
Student 2097,STU2097,22,3,80,2,4,3,Yes,Yes,No,Yes,Software Engineering,Semester 1
Student 2098,STU2098,18,3,94,3,4,1,Yes,No,No,Yes,Computer Science,Semester 3
Student 2099,STU2099,17,3,84,0,8,2,Yes,No,No,No,Data Science,Semester 4
Student 2100,STU2100,22,3,72,4,7,2,Yes,No,No,Yes,Computer Science,Semester 1
Student 2101,STU2101,21,4,58,4,9,0,No,No,Yes,No,Computer Science,Semester 1
Student 2102,STU2102,19,3,89,0,6,3,Yes,Yes,No,No,Business,Semester 2
Student 2103,STU2103,19,2,78,1,3,2,Yes,No,Yes,No,Software Engineering,Semester 1
Student 2104,STU2104,23,5,80,3,6,1,Yes,No,No,Yes,Data Science,Semester 3
Student 2105,STU2105,18,5,85,2,6,2,Yes,Yes,Yes,Yes,Computer Science,Semester 4
Student 2106,STU2106,24,2,100,1,6,1,Yes,No,No,Yes,Computer Science,Semester 1
Student 2107,STU2107,19,3,92,2,4,2,No,No,Yes,Yes,Business,Semester 4
Student 2108,STU2108,22,5,80,0,8,0,No,Yes,No,No,Engineering,Semester 3
Student 2109,STU2109,20,4,87,1,3,3,Yes,No,No,Yes,Software Engineering,Semester 3
Student 2110,STU2110,22,6,77,1,6,3,No,Yes,Yes,Yes,Software Engineering,Semester 4
Student 2111,STU2111,19,4,88,2,5,1,Yes,Yes,No,Yes,Software Engineering,Semester 3
Student 2112,STU2112,20,4,75,5,4,2,Yes,No,No,No,Computer Science,Semester 4
Student 2113,STU2113,21,3,83,3,5,2,Yes,Yes,No,No,Computer Science,Semester 2
Student 2114,STU2114,18,2,83,0,7,1,No,No,No,Yes,Computer Science,Semester 3
Student 2115,STU2115,22,2,73,4,6,0,Yes,No,No,No,Engineering,Semester 2
Student 2116,STU2116,19,3,77,0,6,3,Yes,Yes,No,No,Computer Science,Semester 1
Student 2117,STU2117,20,5,64,3,1,4,Yes,No,No,Yes,Software Engineering,Semester 1
Student 2118,STU2118,18,2,79,4,7,0,Yes,No,No,No,Software Engineering,Semester 2
Student 2119,STU2119,17,3,90,2,4,4,Yes,No,No,No,Business,Semester 1
Student 2120,STU2120,20,1,98,0,6,0,No,No,No,Yes,Engineering,Semester 1
Student 2121,STU2121,26,5,93,2,7,3,Yes,Yes,No,No,Data Science,Semester 1
Student 2122,STU2122,22,2,78,4,5,1,Yes,No,Yes,Yes,Computer Science,Semester 1
Student 2123,STU2123,21,6,81,0,1,2,No,No,No,No,Data Science,Semester 3
Student 2124,STU2124,20,4,81,0,8,0,Yes,No,No,No,Computer Science,Semester 1
Student 2125,STU2125,21,4,80,1,5,2,No,Yes,No,No,Engineering,Semester 3
Student 2126,STU2126,22,1,89,3,7,1,Yes,No,Yes,No,Engineering,Semester 4
Student 2127,STU2127,18,0,77,0,4,2,Yes,Yes,Yes,Yes,Software Engineering,Semester 1
Student 2128,STU2128,23,3,93,1,7,2,Yes,No,No,Yes,Engineering,Semester 4
Student 2129,STU2129,22,4,83,6,5,0,No,No,No,No,Data Science,Semester 2
Student 2130,STU2130,22,4,72,0,5,2,Yes,No,No,Yes,Data Science,Semester 2
Student 2131,STU2131,22,6,81,5,7,3,Yes,No,No,Yes,Engineering,Semester 3
Student 2132,STU2132,21,3,85,5,6,1,Yes,Yes,Yes,No,Data Science,Semester 2
Student 2133,STU2133,22,3,89,2,1,3,Yes,Yes,No,Yes,Computer Science,Semester 3
Student 2134,STU2134,22,3,88,2,5,3,Yes,Yes,No,Yes,Business,Semester 4
Student 2135,STU2135,20,4,79,3,7,1,Yes,Yes,No,Yes,Software Engineering,Semester 4
Student 2136,STU2136,19,2,77,1,3,2,No,Yes,No,Yes,Business,Semester 1
Student 2137,STU2137,21,1,95,2,7,2,Yes,No,Yes,No,Data Science,Semester 4
Student 2138,STU2138,24,4,82,2,2,1,Yes,No,Yes,Yes,Software Engineering,Semester 2
Student 2139,STU2139,18,2,72,1,5,1,Yes,Yes,No,No,Business,Semester 3
Student 2140,STU2140,17,5,77,1,6,2,No,No,No,Yes,Business,Semester 3
Student 2141,STU2141,21,1,66,2,5,0,Yes,No,No,No,Data Science,Semester 1
Student 2142,STU2142,21,2,69,3,7,0,Yes,No,Yes,No,Software Engineering,Semester 1
Student 2143,STU2143,21,2,77,5,3,1,Yes,No,Yes,Yes,Software Engineering,Semester 2
Student 2144,STU2144,21,3,75,2,7,1,Yes,Yes,No,No,Business,Semester 3
Student 2145,STU2145,20,2,76,1,5,0,Yes,No,No,No,Software Engineering,Semester 1
Student 2146,STU2146,24,5,88,2,4,3,Yes,No,No,Yes,Software Engineering,Semester 4
Student 2147,STU2147,17,7,89,0,6,2,Yes,Yes,Yes,No,Computer Science,Semester 2
Student 2148,STU2148,19,4,72,2,5,1,Yes,Yes,No,Yes,Data Science,Semester 4
Student 2149,STU2149,20,3,97,1,8,0,Yes,Yes,No,Yes,Data Science,Semester 3
Student 2150,STU2150,17,3,82,3,6,3,Yes,Yes,No,No,Computer Science,Semester 1
Student 2151,STU2151,20,2,82,3,6,0,Yes,No,No,Yes,Business,Semester 2
Student 2152,STU2152,24,4,75,1,4,1,Yes,No,No,No,Engineering,Semester 2
Student 2153,STU2153,21,2,79,2,5,3,Yes,Yes,No,No,Business,Semester 1
Student 2154,STU2154,21,4,98,2,4,2,Yes,No,Yes,No,Computer Science,Semester 1
Student 2155,STU2155,18,4,73,2,5,1,Yes,No,No,No,Software Engineering,Semester 3
Student 2156,STU2156,19,4,84,2,7,0,Yes,Yes,No,No,Computer Science,Semester 4
Student 2157,STU2157,20,3,77,4,5,3,Yes,Yes,No,No,Data Science,Semester 4
Student 2158,STU2158,20,4,67,2,2,2,Yes,Yes,No,Yes,Software Engineering,Semester 4
Student 2159,STU2159,23,4,69,3,6,2,Yes,No,No,No,Business,Semester 3
Student 2160,STU2160,22,3,86,2,6,2,Yes,Yes,No,No,Software Engineering,Semester 1
Student 2161,STU2161,18,4,68,1,8,0,Yes,No,No,No,Data Science,Semester 2
Student 2162,STU2162,21,5,72,3,7,0,Yes,No,Yes,No,Computer Science,Semester 4
Student 2163,STU2163,22,1,88,3,5,1,Yes,No,No,No,Business,Semester 1
Student 2164,STU2164,23,1,87,0,6,0,Yes,Yes,No,No,Engineering,Semester 4
Student 2165,STU2165,24,5,82,2,6,2,Yes,Yes,Yes,No,Engineering,Semester 3
Student 2166,STU2166,18,4,57,4,5,2,No,No,No,No,Computer Science,Semester 3
Student 2167,STU2167,19,5,72,3,1,3,Yes,No,Yes,Yes,Business,Semester 1
Student 2168,STU2168,18,3,71,5,4,2,Yes,No,No,No,Business,Semester 3
Student 2169,STU2169,20,6,80,2,6,2,Yes,No,Yes,Yes,Software Engineering,Semester 2
Student 2170,STU2170,22,7,87,2,7,4,Yes,No,No,No,Computer Science,Semester 3
Student 2171,STU2171,23,5,78,1,4,2,Yes,No,No,Yes,Software Engineering,Semester 2
Student 2172,STU2172,20,4,89,2,4,3,Yes,No,No,Yes,Computer Science,Semester 4
Student 2173,STU2173,20,4,94,0,5,2,Yes,Yes,Yes,Yes,Data Science,Semester 3
Student 2174,STU2174,21,4,85,2,5,4,No,No,Yes,Yes,Computer Science,Semester 2
Student 2175,STU2175,19,4,72,1,7,2,Yes,No,No,No,Software Engineering,Semester 4
Student 2176,STU2176,25,4,82,3,4,1,Yes,No,No,Yes,Business,Semester 4
Student 2177,STU2177,17,6,92,4,7,2,Yes,Yes,No,No,Computer Science,Semester 4
Student 2178,STU2178,21,3,77,1,8,2,Yes,No,Yes,No,Business,Semester 4
Student 2179,STU2179,25,3,76,2,4,2,Yes,No,No,Yes,Data Science,Semester 1
Student 2180,STU2180,21,4,91,1,4,3,Yes,Yes,Yes,No,Engineering,Semester 2
Student 2181,STU2181,20,4,70,1,5,2,Yes,Yes,No,No,Engineering,Semester 1
Student 2182,STU2182,20,4,83,1,4,1,Yes,No,No,No,Software Engineering,Semester 4
Student 2183,STU2183,20,2,77,3,5,0,Yes,No,No,No,Computer Science,Semester 3
Student 2184,STU2184,24,4,78,4,2,3,Yes,No,No,Yes,Data Science,Semester 2
Student 2185,STU2185,17,3,95,1,7,3,Yes,Yes,No,No,Data Science,Semester 2
Student 2186,STU2186,24,3,78,0,8,2,No,No,No,Yes,Business,Semester 4
Student 2187,STU2187,17,5,83,2,4,2,No,No,No,No,Software Engineering,Semester 3
Student 2188,STU2188,20,5,90,3,2,3,Yes,No,No,No,Data Science,Semester 3
Student 2189,STU2189,20,2,71,2,7,1,Yes,No,No,Yes,Computer Science,Semester 2
Student 2190,STU2190,22,4,88,0,5,3,Yes,No,No,No,Data Science,Semester 1
Student 2191,STU2191,17,2,78,1,4,2,Yes,No,Yes,Yes,Engineering,Semester 3
Student 2192,STU2192,22,3,71,3,5,2,No,Yes,Yes,Yes,Software Engineering,Semester 2
Student 2193,STU2193,25,3,78,1,3,1,Yes,No,Yes,No,Business,Semester 3
Student 2194,STU2194,18,4,82,2,6,2,Yes,No,Yes,No,Computer Science,Semester 4
Student 2195,STU2195,21,1,83,1,3,1,Yes,Yes,Yes,No,Engineering,Semester 3
Student 2196,STU2196,19,6,76,1,3,3,Yes,No,No,Yes,Data Science,Semester 1
Student 2197,STU2197,21,1,80,4,3,2,Yes,No,Yes,No,Software Engineering,Semester 1
Student 2198,STU2198,21,6,70,1,5,1,No,Yes,No,Yes,Software Engineering,Semester 1
Student 2199,STU2199,19,3,76,1,2,2,Yes,Yes,No,Yes,Computer Science,Semester 2
Student 2200,STU2200,22,4,71,3,9,1,Yes,No,Yes,No,Business,Semester 3
Student 2201,STU2201,25,1,81,1,4,3,No,Yes,Yes,No,Engineering,Semester 1
Student 2202,STU2202,20,4,75,0,1,3,Yes,No,Yes,No,Business,Semester 4
Student 2203,STU2203,22,3,98,1,3,3,Yes,Yes,Yes,No,Computer Science,Semester 4
Student 2204,STU2204,18,5,85,4,6,2,Yes,No,No,Yes,Computer Science,Semester 4
Student 2205,STU2205,18,2,69,2,7,1,Yes,Yes,No,Yes,Engineering,Semester 2
Student 2206,STU2206,22,5,76,2,5,2,No,Yes,Yes,No,Software Engineering,Semester 1
Student 2207,STU2207,24,1,87,1,5,2,Yes,No,No,No,Software Engineering,Semester 1
Student 2208,STU2208,21,4,84,1,2,3,No,No,Yes,Yes,Engineering,Semester 3
Student 2209,STU2209,20,2,69,2,8,1,Yes,No,No,Yes,Business,Semester 2
Student 2210,STU2210,21,6,75,1,6,1,No,Yes,No,Yes,Engineering,Semester 4
Student 2211,STU2211,18,5,87,2,6,2,Yes,No,No,Yes,Software Engineering,Semester 3
Student 2212,STU2212,22,6,85,2,5,1,Yes,No,No,No,Business,Semester 4
Student 2213,STU2213,22,3,86,2,6,2,Yes,No,Yes,No,Data Science,Semester 4
Student 2214,STU2214,20,4,79,2,5,1,No,No,No,No,Business,Semester 1
Student 2215,STU2215,20,3,75,0,7,0,Yes,No,No,No,Software Engineering,Semester 3
Student 2216,STU2216,21,4,71,4,5,1,Yes,No,No,No,Computer Science,Semester 2
Student 2217,STU2217,20,3,89,0,5,1,Yes,No,Yes,Yes,Business,Semester 4
Student 2218,STU2218,20,3,97,2,5,1,Yes,No,No,No,Business,Semester 1
Student 2219,STU2219,25,5,84,0,1,3,No,Yes,No,No,Computer Science,Semester 1
Student 2220,STU2220,20,5,89,0,2,2,Yes,Yes,No,Yes,Software Engineering,Semester 4
Student 2221,STU2221,20,2,75,0,6,3,Yes,Yes,Yes,No,Data Science,Semester 1
Student 2222,STU2222,19,4,81,1,7,3,Yes,Yes,No,No,Data Science,Semester 1
Student 2223,STU2223,22,2,81,2,7,0,Yes,Yes,Yes,Yes,Engineering,Semester 4
Student 2224,STU2224,20,5,85,1,3,4,Yes,No,No,Yes,Data Science,Semester 2
Student 2225,STU2225,19,2,82,2,9,1,Yes,No,No,No,Data Science,Semester 4
Student 2226,STU2226,23,5,100,0,7,3,Yes,No,No,No,Business,Semester 3
Student 2227,STU2227,24,4,88,2,4,3,Yes,Yes,No,No,Engineering,Semester 4
Student 2228,STU2228,19,3,92,3,5,2,Yes,Yes,No,Yes,Data Science,Semester 4
Student 2229,STU2229,17,3,84,2,2,2,Yes,No,No,No,Business,Semester 2
Student 2230,STU2230,23,3,65,0,4,1,Yes,Yes,Yes,Yes,Engineering,Semester 4
Student 2231,STU2231,19,4,85,1,6,0,Yes,No,No,Yes,Business,Semester 4
Student 2232,STU2232,22,5,90,1,5,2,Yes,No,No,Yes,Computer Science,Semester 1
Student 2233,STU2233,17,4,93,1,5,3,No,Yes,Yes,No,Software Engineering,Semester 4
Student 2234,STU2234,23,4,81,2,5,2,No,Yes,No,Yes,Software Engineering,Semester 2
Student 2235,STU2235,18,4,70,0,5,1,Yes,No,Yes,Yes,Software Engineering,Semester 1
Student 2236,STU2236,22,4,79,2,3,2,Yes,No,No,Yes,Data Science,Semester 4
Student 2237,STU2237,21,3,70,2,8,0,No,No,No,Yes,Software Engineering,Semester 1
Student 2238,STU2238,18,4,92,4,6,2,Yes,No,No,Yes,Software Engineering,Semester 3
Student 2239,STU2239,20,5,85,3,5,3,Yes,Yes,No,No,Engineering,Semester 4
Student 2240,STU2240,22,5,77,1,5,1,Yes,No,Yes,No,Engineering,Semester 4
Student 2241,STU2241,21,4,87,0,3,2,Yes,Yes,No,No,Engineering,Semester 1
Student 2242,STU2242,22,3,93,1,7,0,Yes,Yes,Yes,No,Data Science,Semester 4
Student 2243,STU2243,25,4,88,2,5,1,Yes,No,No,Yes,Software Engineering,Semester 4
Student 2244,STU2244,17,4,98,1,5,4,No,No,No,No,Data Science,Semester 2
Student 2245,STU2245,24,5,74,1,6,1,No,Yes,No,Yes,Data Science,Semester 4
Student 2246,STU2246,21,4,89,3,3,1,Yes,Yes,Yes,No,Data Science,Semester 2
Student 2247,STU2247,19,5,70,1,9,2,Yes,Yes,No,No,Data Science,Semester 3
Student 2248,STU2248,18,5,97,2,8,3,Yes,Yes,No,No,Data Science,Semester 3
Student 2249,STU2249,20,3,87,2,5,0,Yes,Yes,No,Yes,Data Science,Semester 1
Student 2250,STU2250,23,4,64,2,5,2,Yes,No,Yes,Yes,Software Engineering,Semester 1
Student 2251,STU2251,20,6,72,2,6,1,Yes,No,No,Yes,Engineering,Semester 1
Student 2252,STU2252,24,4,77,0,7,2,No,No,Yes,No,Business,Semester 1
Student 2253,STU2253,17,4,79,1,8,1,Yes,No,No,No,Business,Semester 4
Student 2254,STU2254,21,3,83,2,6,2,Yes,No,No,No,Business,Semester 2
Student 2255,STU2255,18,4,81,3,5,3,No,No,Yes,Yes,Computer Science,Semester 1
Student 2256,STU2256,21,4,76,4,5,3,Yes,No,Yes,No,Engineering,Semester 3
Student 2257,STU2257,23,4,91,3,2,4,Yes,Yes,No,No,Software Engineering,Semester 4
Student 2258,STU2258,20,4,68,2,4,1,Yes,No,No,Yes,Data Science,Semester 2
Student 2259,STU2259,17,4,86,4,6,3,Yes,No,Yes,Yes,Business,Semester 2
Student 2260,STU2260,21,3,83,3,1,3,Yes,No,No,No,Engineering,Semester 1
Student 2261,STU2261,22,4,81,0,5,1,Yes,No,No,No,Software Engineering,Semester 1
Student 2262,STU2262,21,5,87,3,4,2,Yes,No,No,Yes,Business,Semester 2
Student 2263,STU2263,23,4,76,1,8,0,No,No,Yes,Yes,Engineering,Semester 3
Student 2264,STU2264,18,2,75,5,5,1,Yes,Yes,Yes,No,Software Engineering,Semester 1
Student 2265,STU2265,22,3,79,0,5,2,Yes,No,No,Yes,Engineering,Semester 2
Student 2266,STU2266,23,3,77,2,5,1,Yes,No,No,Yes,Data Science,Semester 4
Student 2267,STU2267,17,6,80,1,5,0,Yes,Yes,No,No,Engineering,Semester 2
Student 2268,STU2268,21,3,87,2,6,4,Yes,No,No,No,Engineering,Semester 1
Student 2269,STU2269,19,5,82,1,4,2,Yes,No,No,No,Computer Science,Semester 4
Student 2270,STU2270,20,4,82,2,5,3,Yes,Yes,Yes,No,Data Science,Semester 3
Student 2271,STU2271,21,3,83,2,6,2,Yes,No,No,No,Engineering,Semester 2
Student 2272,STU2272,19,2,79,1,5,2,Yes,Yes,No,No,Data Science,Semester 2
Student 2273,STU2273,19,3,89,3,6,0,Yes,No,No,No,Engineering,Semester 2
Student 2274,STU2274,21,4,86,2,4,2,Yes,No,No,Yes,Data Science,Semester 4
Student 2275,STU2275,18,2,82,5,6,2,No,Yes,No,Yes,Software Engineering,Semester 1
Student 2276,STU2276,18,4,72,1,7,3,Yes,No,No,Yes,Business,Semester 2
Student 2277,STU2277,22,2,92,2,6,1,Yes,No,Yes,No,Computer Science,Semester 4
Student 2278,STU2278,18,2,87,3,2,3,Yes,No,No,No,Business,Semester 2
Student 2279,STU2279,22,2,86,3,6,1,Yes,No,No,Yes,Engineering,Semester 1
Student 2280,STU2280,22,3,95,1,3,3,Yes,No,No,Yes,Engineering,Semester 4
Student 2281,STU2281,17,4,87,1,3,1,Yes,No,No,Yes,Software Engineering,Semester 3
Student 2282,STU2282,19,6,81,1,6,2,Yes,No,No,Yes,Engineering,Semester 2
Student 2283,STU2283,23,3,77,2,3,2,Yes,Yes,No,No,Data Science,Semester 1
Student 2284,STU2284,18,4,77,0,3,1,Yes,No,No,No,Business,Semester 3
Student 2285,STU2285,20,3,84,2,5,1,Yes,Yes,No,Yes,Engineering,Semester 1
Student 2286,STU2286,22,1,89,1,4,2,Yes,No,No,Yes,Software Engineering,Semester 3
Student 2287,STU2287,22,4,89,3,2,3,No,No,No,Yes,Computer Science,Semester 1
Student 2288,STU2288,20,3,71,5,6,1,Yes,Yes,No,No,Business,Semester 3
Student 2289,STU2289,19,1,89,6,7,0,Yes,Yes,No,No,Software Engineering,Semester 4
Student 2290,STU2290,24,6,79,1,7,3,Yes,Yes,No,No,Software Engineering,Semester 3
Student 2291,STU2291,24,4,77,2,3,1,Yes,No,Yes,No,Business,Semester 1
Student 2292,STU2292,23,1,84,0,6,0,Yes,No,No,No,Software Engineering,Semester 2
Student 2293,STU2293,21,4,88,3,4,1,Yes,No,No,No,Computer Science,Semester 3
Student 2294,STU2294,19,7,72,0,3,2,Yes,No,Yes,No,Computer Science,Semester 1
Student 2295,STU2295,19,4,83,5,4,3,Yes,Yes,Yes,Yes,Engineering,Semester 2
Student 2296,STU2296,22,4,69,3,1,3,Yes,No,Yes,No,Data Science,Semester 4
Student 2297,STU2297,21,3,88,1,3,3,Yes,No,No,No,Engineering,Semester 4
Student 2298,STU2298,24,3,73,1,2,4,Yes,No,No,No,Data Science,Semester 2
Student 2299,STU2299,22,6,83,1,5,1,Yes,Yes,Yes,Yes,Business,Semester 1
Student 2300,STU2300,17,4,79,2,6,3,Yes,No,No,Yes,Software Engineering,Semester 1
Student 2301,STU2301,23,5,77,2,2,3,Yes,No,Yes,Yes,Engineering,Semester 3
Student 2302,STU2302,18,3,66,1,7,3,Yes,No,No,Yes,Software Engineering,Semester 4
Student 2303,STU2303,20,4,70,1,4,1,Yes,Yes,No,No,Engineering,Semester 4
Student 2304,STU2304,21,3,81,3,3,2,Yes,No,No,No,Engineering,Semester 4
Student 2305,STU2305,25,4,59,0,5,2,No,No,No,No,Computer Science,Semester 4
Student 2306,STU2306,27,3,79,1,4,3,Yes,Yes,No,No,Data Science,Semester 1
Student 2307,STU2307,22,6,75,4,5,3,Yes,No,No,No,Business,Semester 4
Student 2308,STU2308,20,3,79,4,7,2,Yes,No,Yes,No,Software Engineering,Semester 2
Student 2309,STU2309,22,4,72,1,5,3,Yes,Yes,No,Yes,Engineering,Semester 1
Student 2310,STU2310,23,1,78,3,4,3,Yes,No,No,No,Software Engineering,Semester 2
Student 2311,STU2311,20,5,79,2,6,0,Yes,No,No,Yes,Computer Science,Semester 2
Student 2312,STU2312,24,2,82,4,5,1,No,No,No,No,Business,Semester 1
Student 2313,STU2313,21,3,67,2,2,3,Yes,No,Yes,No,Data Science,Semester 2
Student 2314,STU2314,22,2,82,1,4,2,Yes,Yes,No,No,Data Science,Semester 2
Student 2315,STU2315,22,2,73,3,4,1,No,No,No,Yes,Engineering,Semester 3
Student 2316,STU2316,21,5,71,1,5,3,Yes,Yes,Yes,Yes,Business,Semester 4
Student 2317,STU2317,22,2,91,1,4,2,Yes,No,No,Yes,Data Science,Semester 2
Student 2318,STU2318,19,2,87,1,4,1,Yes,Yes,No,No,Business,Semester 3
Student 2319,STU2319,19,2,86,0,8,0,Yes,Yes,No,No,Software Engineering,Semester 3
Student 2320,STU2320,18,5,80,2,5,2,Yes,No,Yes,Yes,Computer Science,Semester 4
Student 2321,STU2321,22,3,77,0,6,0,No,No,No,No,Business,Semester 3
Student 2322,STU2322,22,3,93,4,5,3,Yes,No,No,Yes,Business,Semester 3
Student 2323,STU2323,22,5,83,1,7,3,Yes,Yes,Yes,No,Data Science,Semester 2
Student 2324,STU2324,24,4,74,2,5,3,Yes,No,No,Yes,Engineering,Semester 4
Student 2325,STU2325,21,4,74,2,7,2,Yes,Yes,No,Yes,Engineering,Semester 4
Student 2326,STU2326,22,5,84,3,1,3,No,No,No,No,Software Engineering,Semester 2
Student 2327,STU2327,18,2,79,2,5,1,Yes,No,No,No,Data Science,Semester 1
Student 2328,STU2328,20,3,90,1,6,1,Yes,Yes,No,Yes,Data Science,Semester 3
Student 2329,STU2329,22,5,82,0,6,2,Yes,No,Yes,No,Computer Science,Semester 2
Student 2330,STU2330,22,6,72,2,3,2,Yes,Yes,No,No,Engineering,Semester 3
Student 2331,STU2331,20,6,96,2,4,2,Yes,No,No,No,Data Science,Semester 4
Student 2332,STU2332,20,2,73,2,3,2,Yes,No,Yes,No,Software Engineering,Semester 4
Student 2333,STU2333,17,4,72,0,6,3,Yes,No,No,No,Computer Science,Semester 3
Student 2334,STU2334,20,4,81,2,7,0,Yes,No,No,No,Engineering,Semester 4
Student 2335,STU2335,23,3,85,1,2,3,Yes,Yes,No,No,Engineering,Semester 4
Student 2336,STU2336,22,4,74,2,5,1,Yes,Yes,No,No,Engineering,Semester 1
Student 2337,STU2337,22,6,87,4,3,2,Yes,Yes,No,No,Computer Science,Semester 4
Student 2338,STU2338,21,2,78,1,8,0,Yes,No,Yes,No,Software Engineering,Semester 4
Student 2339,STU2339,21,2,100,1,6,2,Yes,No,No,No,Software Engineering,Semester 3
Student 2340,STU2340,19,4,84,1,4,1,Yes,Yes,No,Yes,Data Science,Semester 2
Student 2341,STU2341,22,4,58,2,5,1,Yes,No,No,No,Data Science,Semester 4
Student 2342,STU2342,21,4,76,3,7,1,Yes,Yes,No,No,Engineering,Semester 4
Student 2343,STU2343,22,4,85,2,5,4,Yes,Yes,No,Yes,Business,Semester 2
Student 2344,STU2344,19,3,75,1,2,1,Yes,No,No,Yes,Data Science,Semester 2
Student 2345,STU2345,17,4,66,2,5,0,No,No,Yes,No,Software Engineering,Semester 2
Student 2346,STU2346,23,4,97,1,7,3,Yes,No,Yes,No,Engineering,Semester 3
Student 2347,STU2347,19,3,87,1,4,3,Yes,Yes,Yes,Yes,Software Engineering,Semester 4
Student 2348,STU2348,19,5,86,3,6,2,Yes,No,No,Yes,Engineering,Semester 4
Student 2349,STU2349,22,4,97,1,4,2,Yes,Yes,Yes,No,Computer Science,Semester 2
Student 2350,STU2350,20,2,75,0,4,2,Yes,Yes,No,Yes,Data Science,Semester 1
Student 2351,STU2351,23,5,81,0,5,3,Yes,No,Yes,No,Computer Science,Semester 3
Student 2352,STU2352,22,3,79,1,6,3,No,No,No,No,Data Science,Semester 2
Student 2353,STU2353,22,6,77,2,6,1,Yes,Yes,No,No,Software Engineering,Semester 2
Student 2354,STU2354,18,3,80,2,7,0,No,Yes,No,Yes,Software Engineering,Semester 4
Student 2355,STU2355,23,2,78,1,6,0,Yes,No,No,Yes,Business,Semester 1
Student 2356,STU2356,21,3,76,3,8,1,Yes,Yes,Yes,No,Software Engineering,Semester 3
Student 2357,STU2357,20,3,79,1,8,2,No,No,No,No,Engineering,Semester 1
Student 2358,STU2358,21,3,76,1,6,1,Yes,No,Yes,Yes,Business,Semester 1
Student 2359,STU2359,17,3,84,2,4,2,Yes,Yes,No,Yes,Engineering,Semester 4
Student 2360,STU2360,21,3,74,4,5,1,Yes,No,No,No,Business,Semester 2
Student 2361,STU2361,18,4,90,4,5,3,Yes,No,No,No,Engineering,Semester 2
Student 2362,STU2362,18,3,87,3,5,0,Yes,Yes,No,No,Business,Semester 1
Student 2363,STU2363,17,6,85,1,4,3,Yes,No,No,Yes,Data Science,Semester 3
Student 2364,STU2364,23,5,78,3,4,1,Yes,Yes,No,Yes,Data Science,Semester 3
Student 2365,STU2365,19,3,82,2,5,3,Yes,No,No,Yes,Business,Semester 4
Student 2366,STU2366,24,4,81,2,1,3,Yes,Yes,No,Yes,Computer Science,Semester 3
Student 2367,STU2367,19,3,82,1,5,2,Yes,No,No,No,Business,Semester 4
Student 2368,STU2368,17,5,71,1,5,2,Yes,No,Yes,No,Computer Science,Semester 1
Student 2369,STU2369,18,5,82,2,2,2,Yes,Yes,No,Yes,Engineering,Semester 3
Student 2370,STU2370,23,4,84,2,7,1,Yes,No,No,No,Business,Semester 2
Student 2371,STU2371,20,3,93,2,6,3,Yes,Yes,Yes,No,Computer Science,Semester 1
Student 2372,STU2372,19,4,73,1,7,2,Yes,No,No,No,Business,Semester 4
Student 2373,STU2373,21,3,72,3,6,0,Yes,No,No,No,Data Science,Semester 1
Student 2374,STU2374,22,2,89,0,6,0,Yes,Yes,No,No,Data Science,Semester 1
Student 2375,STU2375,23,4,69,0,8,1,Yes,No,No,No,Business,Semester 4
Student 2376,STU2376,24,1,93,2,7,1,Yes,No,No,Yes,Business,Semester 3
Student 2377,STU2377,20,3,91,1,9,2,Yes,Yes,Yes,Yes,Software Engineering,Semester 3
Student 2378,STU2378,18,4,86,1,5,3,Yes,No,Yes,No,Data Science,Semester 2
Student 2379,STU2379,20,6,69,1,4,3,Yes,No,No,No,Engineering,Semester 3
Student 2380,STU2380,21,3,80,6,3,2,Yes,No,No,Yes,Business,Semester 4
Student 2381,STU2381,18,2,81,1,3,2,Yes,Yes,No,No,Software Engineering,Semester 4
Student 2382,STU2382,18,5,84,4,6,1,No,No,No,Yes,Business,Semester 4
Student 2383,STU2383,21,4,86,2,10,0,No,No,Yes,No,Data Science,Semester 3
Student 2384,STU2384,20,4,76,1,8,2,Yes,No,No,No,Computer Science,Semester 4
Student 2385,STU2385,21,2,90,1,5,1,Yes,No,Yes,No,Computer Science,Semester 3
Student 2386,STU2386,19,5,86,1,6,0,Yes,Yes,Yes,No,Data Science,Semester 4
Student 2387,STU2387,20,1,86,4,4,0,Yes,No,No,No,Engineering,Semester 4
Student 2388,STU2388,19,4,80,1,4,1,Yes,No,Yes,Yes,Software Engineering,Semester 3
Student 2389,STU2389,23,5,85,1,3,2,Yes,No,No,No,Business,Semester 2
Student 2390,STU2390,23,4,64,1,3,3,Yes,Yes,Yes,Yes,Business,Semester 2
Student 2391,STU2391,17,3,85,2,6,2,Yes,No,Yes,No,Business,Semester 2
Student 2392,STU2392,19,2,95,2,8,3,Yes,No,No,No,Software Engineering,Semester 3
Student 2393,STU2393,17,3,88,0,7,1,Yes,No,No,No,Software Engineering,Semester 4
Student 2394,STU2394,19,6,87,2,8,0,Yes,No,Yes,No,Data Science,Semester 3
Student 2395,STU2395,20,3,88,0,6,4,No,No,No,No,Software Engineering,Semester 1
Student 2396,STU2396,17,4,91,1,5,3,Yes,No,No,Yes,Business,Semester 1
Student 2397,STU2397,19,2,80,2,4,2,Yes,No,No,No,Business,Semester 3
Student 2398,STU2398,18,3,89,1,6,2,Yes,Yes,Yes,Yes,Software Engineering,Semester 1
Student 2399,STU2399,21,1,85,2,2,3,Yes,No,No,Yes,Software Engineering,Semester 2
Student 2400,STU2400,21,3,82,0,4,1,Yes,Yes,No,Yes,Data Science,Semester 2
Student 2401,STU2401,19,3,92,4,4,3,Yes,No,Yes,No,Computer Science,Semester 2
Student 2402,STU2402,21,5,76,2,7,3,Yes,No,Yes,No,Software Engineering,Semester 1
Student 2403,STU2403,19,2,76,1,3,2,Yes,No,No,Yes,Computer Science,Semester 2
Student 2404,STU2404,20,3,63,1,7,0,Yes,Yes,Yes,Yes,Engineering,Semester 2
Student 2405,STU2405,24,5,74,0,6,0,Yes,No,No,No,Computer Science,Semester 2
Student 2406,STU2406,23,3,78,1,6,3,Yes,Yes,Yes,No,Software Engineering,Semester 3
Student 2407,STU2407,18,3,81,1,4,4,Yes,Yes,No,No,Business,Semester 4
Student 2408,STU2408,22,3,85,0,2,4,Yes,Yes,No,No,Business,Semester 4
Student 2409,STU2409,22,2,89,1,6,2,No,No,Yes,No,Software Engineering,Semester 3
Student 2410,STU2410,18,3,71,1,7,0,Yes,No,No,No,Data Science,Semester 2
Student 2411,STU2411,22,4,82,3,6,1,Yes,No,No,No,Software Engineering,Semester 2
Student 2412,STU2412,24,2,74,2,5,1,Yes,No,Yes,No,Software Engineering,Semester 3
Student 2413,STU2413,18,2,71,1,3,3,Yes,Yes,No,No,Data Science,Semester 3
Student 2414,STU2414,19,5,84,0,4,3,Yes,No,No,No,Data Science,Semester 1
Student 2415,STU2415,23,4,82,3,6,3,Yes,Yes,No,No,Engineering,Semester 3
Student 2416,STU2416,21,4,85,0,4,2,No,Yes,Yes,Yes,Engineering,Semester 2
Student 2417,STU2417,22,3,86,2,3,2,Yes,Yes,No,No,Engineering,Semester 3
Student 2418,STU2418,21,4,78,4,2,3,Yes,No,No,No,Data Science,Semester 2
Student 2419,STU2419,21,0,90,1,6,2,Yes,No,No,No,Computer Science,Semester 1
Student 2420,STU2420,18,2,74,2,6,2,Yes,No,No,No,Software Engineering,Semester 3
Student 2421,STU2421,23,4,73,3,7,1,Yes,No,Yes,No,Engineering,Semester 1
Student 2422,STU2422,23,3,85,1,1,3,Yes,No,No,Yes,Computer Science,Semester 2
Student 2423,STU2423,20,3,83,2,7,2,Yes,Yes,No,Yes,Software Engineering,Semester 2
Student 2424,STU2424,20,4,75,1,7,0,Yes,No,Yes,No,Computer Science,Semester 2
Student 2425,STU2425,17,3,75,2,7,2,Yes,No,Yes,No,Business,Semester 2
Student 2426,STU2426,22,3,85,3,5,4,No,No,Yes,No,Business,Semester 1
Student 2427,STU2427,22,3,84,1,5,2,Yes,No,No,No,Software Engineering,Semester 3
Student 2428,STU2428,20,4,73,0,5,2,No,No,No,No,Computer Science,Semester 3
Student 2429,STU2429,23,1,76,0,3,2,Yes,Yes,No,No,Computer Science,Semester 2
Student 2430,STU2430,20,4,74,1,3,2,No,No,No,Yes,Data Science,Semester 2
Student 2431,STU2431,22,3,65,2,5,1,Yes,No,No,No,Engineering,Semester 1
Student 2432,STU2432,18,4,92,2,5,4,Yes,Yes,No,No,Software Engineering,Semester 1
Student 2433,STU2433,20,3,83,2,6,1,No,No,Yes,No,Computer Science,Semester 2
Student 2434,STU2434,20,3,91,0,4,1,Yes,No,Yes,Yes,Engineering,Semester 2
Student 2435,STU2435,21,5,79,1,2,3,No,Yes,Yes,Yes,Software Engineering,Semester 3
Student 2436,STU2436,20,4,74,1,2,3,Yes,No,No,Yes,Computer Science,Semester 3
Student 2437,STU2437,20,5,75,2,4,1,Yes,No,No,No,Business,Semester 3
Student 2438,STU2438,22,2,75,1,6,0,Yes,Yes,No,No,Computer Science,Semester 2
Student 2439,STU2439,20,4,77,0,4,3,Yes,Yes,No,No,Business,Semester 4
Student 2440,STU2440,17,3,69,1,6,1,Yes,Yes,No,Yes,Business,Semester 1
Student 2441,STU2441,24,1,78,3,2,0,Yes,No,No,Yes,Data Science,Semester 1
Student 2442,STU2442,24,5,77,2,5,2,Yes,No,No,Yes,Data Science,Semester 1
Student 2443,STU2443,18,5,89,0,5,3,Yes,No,Yes,Yes,Engineering,Semester 2
Student 2444,STU2444,22,5,86,0,7,2,Yes,Yes,No,No,Software Engineering,Semester 2
Student 2445,STU2445,19,2,78,1,5,1,Yes,Yes,No,No,Engineering,Semester 1
Student 2446,STU2446,21,4,85,2,6,2,Yes,Yes,Yes,Yes,Data Science,Semester 1
Student 2447,STU2447,21,3,73,2,9,0,Yes,No,Yes,Yes,Engineering,Semester 1
Student 2448,STU2448,20,5,71,2,5,3,Yes,No,No,Yes,Software Engineering,Semester 2
Student 2449,STU2449,19,2,81,2,8,0,Yes,No,No,Yes,Software Engineering,Semester 4
Student 2450,STU2450,19,3,82,3,5,0,Yes,Yes,No,No,Computer Science,Semester 4
Student 2451,STU2451,19,4,80,1,4,0,Yes,No,Yes,No,Engineering,Semester 4
Student 2452,STU2452,19,4,92,2,5,3,No,No,No,No,Data Science,Semester 3
Student 2453,STU2453,20,4,87,1,4,0,Yes,Yes,No,No,Computer Science,Semester 3
Student 2454,STU2454,19,3,90,1,4,0,Yes,No,No,Yes,Engineering,Semester 2
Student 2455,STU2455,22,3,77,3,4,2,Yes,Yes,No,Yes,Software Engineering,Semester 4
Student 2456,STU2456,24,3,84,2,5,2,Yes,Yes,No,Yes,Data Science,Semester 4
Student 2457,STU2457,19,4,73,2,6,1,Yes,Yes,Yes,No,Engineering,Semester 3
Student 2458,STU2458,21,2,76,1,2,2,Yes,No,No,No,Software Engineering,Semester 4
Student 2459,STU2459,22,4,84,1,5,0,Yes,No,No,No,Software Engineering,Semester 1
Student 2460,STU2460,22,3,74,2,5,2,Yes,Yes,No,Yes,Engineering,Semester 3
Student 2461,STU2461,21,1,75,1,8,1,No,Yes,No,No,Engineering,Semester 1
Student 2462,STU2462,22,1,85,1,4,0,No,No,No,Yes,Data Science,Semester 4
Student 2463,STU2463,22,2,75,1,7,0,Yes,No,No,Yes,Computer Science,Semester 2
Student 2464,STU2464,18,3,89,1,4,3,Yes,No,No,No,Software Engineering,Semester 4
Student 2465,STU2465,22,4,80,1,4,3,Yes,Yes,No,No,Computer Science,Semester 2
Student 2466,STU2466,23,3,80,0,6,2,Yes,Yes,Yes,No,Computer Science,Semester 1
Student 2467,STU2467,19,1,84,1,6,0,Yes,Yes,No,No,Software Engineering,Semester 1
Student 2468,STU2468,21,5,80,2,5,2,Yes,Yes,No,Yes,Engineering,Semester 4
Student 2469,STU2469,22,4,84,2,5,1,Yes,No,No,Yes,Software Engineering,Semester 3
Student 2470,STU2470,20,3,74,2,5,1,Yes,No,No,Yes,Computer Science,Semester 1
Student 2471,STU2471,23,4,60,2,6,2,Yes,No,No,Yes,Data Science,Semester 2
Student 2472,STU2472,26,2,70,2,5,1,No,No,No,Yes,Software Engineering,Semester 2
Student 2473,STU2473,19,5,78,1,5,3,No,Yes,No,No,Data Science,Semester 3
Student 2474,STU2474,18,4,85,3,7,3,Yes,Yes,No,Yes,Engineering,Semester 4
Student 2475,STU2475,21,3,99,1,5,2,Yes,No,No,No,Engineering,Semester 1
Student 2476,STU2476,22,3,77,3,6,2,No,Yes,No,No,Data Science,Semester 4
Student 2477,STU2477,20,4,76,2,10,0,Yes,Yes,Yes,Yes,Data Science,Semester 1
Student 2478,STU2478,24,4,84,5,1,3,Yes,No,No,No,Software Engineering,Semester 4
Student 2479,STU2479,18,1,83,2,3,1,Yes,Yes,No,No,Engineering,Semester 3
Student 2480,STU2480,22,2,84,3,3,1,Yes,Yes,Yes,No,Data Science,Semester 2
Student 2481,STU2481,19,3,80,1,4,0,Yes,No,No,Yes,Business,Semester 4
Student 2482,STU2482,24,3,66,2,8,1,No,No,No,No,Software Engineering,Semester 4
Student 2483,STU2483,25,3,83,1,1,3,No,Yes,No,Yes,Software Engineering,Semester 1
Student 2484,STU2484,19,5,81,4,6,3,Yes,Yes,Yes,No,Business,Semester 4
Student 2485,STU2485,19,3,69,3,2,2,Yes,No,No,Yes,Engineering,Semester 4
Student 2486,STU2486,22,2,86,4,5,0,No,Yes,No,No,Data Science,Semester 3
Student 2487,STU2487,20,3,87,3,6,1,Yes,No,No,No,Data Science,Semester 4
Student 2488,STU2488,20,5,86,2,7,2,No,Yes,No,No,Engineering,Semester 3
Student 2489,STU2489,21,4,78,2,5,3,Yes,Yes,No,Yes,Business,Semester 3
Student 2490,STU2490,17,3,83,2,5,2,Yes,No,No,Yes,Business,Semester 3
Student 2491,STU2491,21,3,74,2,1,2,Yes,No,No,No,Business,Semester 1
Student 2492,STU2492,19,1,70,2,9,0,Yes,Yes,Yes,No,Software Engineering,Semester 3
Student 2493,STU2493,19,3,81,4,6,3,Yes,Yes,No,No,Data Science,Semester 1
Student 2494,STU2494,24,4,70,3,6,3,Yes,Yes,No,Yes,Computer Science,Semester 2
Student 2495,STU2495,18,4,80,1,7,3,Yes,Yes,No,Yes,Software Engineering,Semester 3
Student 2496,STU2496,22,3,81,3,5,2,Yes,No,No,No,Software Engineering,Semester 4
Student 2497,STU2497,20,3,75,2,6,1,Yes,No,No,Yes,Data Science,Semester 3
Student 2498,STU2498,20,5,97,2,6,2,No,No,No,Yes,Engineering,Semester 2
Student 2499,STU2499,22,4,77,2,5,2,No,No,No,No,Data Science,Semester 3
Student 2500,STU2500,21,2,83,0,6,0,Yes,No,No,No,Engineering,Semester 1
Student 2501,STU2501,22,3,80,4,9,2,Yes,No,No,Yes,Data Science,Semester 2
Student 2502,STU2502,23,3,89,3,8,2,Yes,Yes,Yes,Yes,Software Engineering,Semester 2
Student 2503,STU2503,20,3,79,1,8,2,Yes,Yes,Yes,No,Business,Semester 1
Student 2504,STU2504,19,3,71,2,8,0,No,No,No,Yes,Software Engineering,Semester 1
Student 2505,STU2505,18,4,85,1,3,3,Yes,No,No,No,Software Engineering,Semester 4
Student 2506,STU2506,19,3,70,1,4,1,Yes,No,No,Yes,Computer Science,Semester 2
Student 2507,STU2507,27,5,75,1,3,1,No,No,No,Yes,Software Engineering,Semester 3
Student 2508,STU2508,23,4,77,0,10,0,Yes,No,No,No,Software Engineering,Semester 1
Student 2509,STU2509,18,3,78,1,5,0,Yes,Yes,Yes,No,Software Engineering,Semester 4
Student 2510,STU2510,18,3,79,3,3,1,No,No,No,Yes,Computer Science,Semester 1
Student 2511,STU2511,22,3,78,5,3,2,Yes,Yes,No,No,Engineering,Semester 1
Student 2512,STU2512,22,2,83,0,5,1,No,No,No,Yes,Computer Science,Semester 4
Student 2513,STU2513,22,3,76,1,3,2,Yes,Yes,No,No,Business,Semester 2
Student 2514,STU2514,20,4,85,3,8,1,Yes,No,No,Yes,Engineering,Semester 3
Student 2515,STU2515,20,5,75,0,6,1,Yes,No,No,No,Computer Science,Semester 1
Student 2516,STU2516,21,4,71,2,6,1,No,No,No,No,Business,Semester 2
Student 2517,STU2517,21,8,72,1,3,3,Yes,No,No,No,Business,Semester 4
Student 2518,STU2518,17,4,78,3,3,3,Yes,No,No,No,Data Science,Semester 4
Student 2519,STU2519,20,1,89,4,6,1,Yes,No,Yes,No,Data Science,Semester 4
Student 2520,STU2520,19,4,81,0,5,2,Yes,No,No,No,Software Engineering,Semester 2
Student 2521,STU2521,21,5,78,1,3,2,Yes,Yes,No,Yes,Engineering,Semester 3
Student 2522,STU2522,27,3,81,3,5,2,Yes,No,Yes,Yes,Computer Science,Semester 2
Student 2523,STU2523,21,4,72,1,5,1,Yes,No,Yes,No,Software Engineering,Semester 2
Student 2524,STU2524,20,1,68,3,6,2,Yes,No,No,No,Engineering,Semester 4
Student 2525,STU2525,23,3,74,0,9,1,Yes,Yes,No,Yes,Data Science,Semester 1
Student 2526,STU2526,22,2,73,4,1,2,Yes,No,Yes,No,Computer Science,Semester 1
Student 2527,STU2527,21,3,100,1,6,4,Yes,Yes,No,No,Business,Semester 4
Student 2528,STU2528,22,3,97,1,4,3,No,Yes,No,No,Business,Semester 1
Student 2529,STU2529,25,5,97,2,6,2,Yes,No,No,Yes,Software Engineering,Semester 4
Student 2530,STU2530,18,5,72,0,5,0,No,Yes,No,Yes,Software Engineering,Semester 2
Student 2531,STU2531,22,3,96,2,6,3,Yes,Yes,Yes,No,Computer Science,Semester 4
Student 2532,STU2532,19,3,76,3,3,3,Yes,No,No,Yes,Business,Semester 3
Student 2533,STU2533,22,5,95,2,7,2,Yes,Yes,No,No,Software Engineering,Semester 3
Student 2534,STU2534,19,4,85,1,5,2,Yes,Yes,No,No,Business,Semester 3
Student 2535,STU2535,20,4,74,1,8,2,Yes,Yes,No,No,Data Science,Semester 2
Student 2536,STU2536,20,5,95,2,8,3,Yes,No,No,No,Software Engineering,Semester 1
Student 2537,STU2537,23,3,94,2,5,3,Yes,No,No,No,Engineering,Semester 2
Student 2538,STU2538,23,5,73,0,7,3,Yes,No,No,Yes,Software Engineering,Semester 1
Student 2539,STU2539,18,3,84,4,7,3,Yes,Yes,No,No,Data Science,Semester 2
Student 2540,STU2540,21,1,66,0,7,0,Yes,Yes,Yes,No,Computer Science,Semester 2
Student 2541,STU2541,19,2,78,1,7,2,Yes,Yes,No,No,Business,Semester 3
Student 2542,STU2542,18,2,78,4,3,2,Yes,No,Yes,Yes,Computer Science,Semester 2
Student 2543,STU2543,20,5,78,3,6,1,Yes,No,No,Yes,Software Engineering,Semester 3
Student 2544,STU2544,20,3,94,1,3,3,Yes,Yes,No,Yes,Engineering,Semester 2
Student 2545,STU2545,26,3,71,2,4,2,Yes,Yes,No,No,Computer Science,Semester 4
Student 2546,STU2546,22,4,65,3,5,3,Yes,Yes,No,Yes,Engineering,Semester 3
Student 2547,STU2547,18,2,88,1,6,2,Yes,No,No,No,Software Engineering,Semester 4
Student 2548,STU2548,19,3,71,2,5,1,Yes,No,No,No,Engineering,Semester 2
Student 2549,STU2549,23,4,74,2,5,1,Yes,No,No,Yes,Engineering,Semester 2
Student 2550,STU2550,25,3,90,3,7,2,Yes,No,No,No,Data Science,Semester 4
Student 2551,STU2551,17,4,92,3,7,3,Yes,No,No,Yes,Computer Science,Semester 1
Student 2552,STU2552,17,4,78,0,6,1,Yes,Yes,No,No,Software Engineering,Semester 1
Student 2553,STU2553,25,2,88,1,6,0,Yes,Yes,No,Yes,Data Science,Semester 1
Student 2554,STU2554,21,1,94,3,6,0,No,No,No,Yes,Engineering,Semester 2
Student 2555,STU2555,19,4,78,2,9,0,Yes,No,No,Yes,Data Science,Semester 1
Student 2556,STU2556,22,1,88,1,5,3,No,No,No,No,Data Science,Semester 1
Student 2557,STU2557,17,4,78,5,4,3,Yes,No,Yes,No,Engineering,Semester 2
Student 2558,STU2558,21,4,71,2,5,1,Yes,No,No,No,Software Engineering,Semester 2
Student 2559,STU2559,21,5,82,1,3,3,Yes,No,No,Yes,Business,Semester 1
Student 2560,STU2560,23,3,80,1,4,0,Yes,No,No,No,Data Science,Semester 1
Student 2561,STU2561,18,6,74,1,6,0,Yes,No,No,Yes,Computer Science,Semester 4
Student 2562,STU2562,21,2,79,0,4,0,Yes,Yes,No,No,Engineering,Semester 2
Student 2563,STU2563,19,5,80,3,5,0,Yes,No,No,No,Business,Semester 2
Student 2564,STU2564,21,3,84,0,5,3,Yes,No,No,No,Data Science,Semester 4
Student 2565,STU2565,19,4,90,2,4,3,Yes,No,No,No,Engineering,Semester 3
Student 2566,STU2566,20,4,90,1,3,2,Yes,No,No,Yes,Engineering,Semester 3
Student 2567,STU2567,18,5,81,6,7,3,Yes,No,Yes,Yes,Data Science,Semester 2
Student 2568,STU2568,22,2,77,2,8,2,Yes,Yes,Yes,Yes,Computer Science,Semester 2
Student 2569,STU2569,22,6,92,0,7,3,Yes,No,Yes,Yes,Engineering,Semester 1
Student 2570,STU2570,20,1,81,3,7,0,No,Yes,No,No,Engineering,Semester 3
Student 2571,STU2571,21,3,77,2,4,2,Yes,No,Yes,Yes,Data Science,Semester 1
Student 2572,STU2572,17,4,83,0,5,3,No,No,No,No,Business,Semester 3
Student 2573,STU2573,20,5,67,1,4,3,Yes,Yes,No,No,Engineering,Semester 4
Student 2574,STU2574,20,2,78,0,5,2,Yes,Yes,No,Yes,Engineering,Semester 1
Student 2575,STU2575,26,1,77,2,5,0,Yes,No,Yes,Yes,Data Science,Semester 4
Student 2576,STU2576,18,5,75,1,3,2,Yes,Yes,No,Yes,Engineering,Semester 4
Student 2577,STU2577,24,4,85,1,5,3,No,Yes,No,Yes,Data Science,Semester 3
Student 2578,STU2578,23,1,90,1,4,1,Yes,No,No,No,Computer Science,Semester 2
Student 2579,STU2579,21,3,95,1,6,1,Yes,No,No,No,Data Science,Semester 2
Student 2580,STU2580,24,3,78,2,5,2,Yes,Yes,No,No,Business,Semester 4
Student 2581,STU2581,21,5,79,2,6,2,Yes,No,No,No,Engineering,Semester 2
Student 2582,STU2582,21,3,76,1,6,2,No,No,No,Yes,Computer Science,Semester 1
Student 2583,STU2583,20,3,86,2,3,1,Yes,No,Yes,Yes,Engineering,Semester 3
Student 2584,STU2584,23,3,67,2,4,3,Yes,No,No,No,Engineering,Semester 1
Student 2585,STU2585,23,6,78,2,4,0,Yes,Yes,No,Yes,Data Science,Semester 2
Student 2586,STU2586,19,5,84,1,7,0,Yes,Yes,No,Yes,Engineering,Semester 4
Student 2587,STU2587,18,4,77,1,8,0,Yes,Yes,No,No,Computer Science,Semester 3
Student 2588,STU2588,20,4,78,0,5,1,Yes,No,No,No,Software Engineering,Semester 4
Student 2589,STU2589,19,4,89,0,6,3,Yes,No,Yes,No,Engineering,Semester 3
Student 2590,STU2590,20,2,81,1,2,4,Yes,No,No,Yes,Data Science,Semester 1
Student 2591,STU2591,23,5,91,4,6,1,Yes,No,No,No,Business,Semester 2
Student 2592,STU2592,20,3,95,3,5,2,Yes,No,No,Yes,Engineering,Semester 1
Student 2593,STU2593,20,4,71,3,5,1,Yes,No,No,No,Data Science,Semester 4
Student 2594,STU2594,21,3,79,4,5,1,Yes,No,Yes,Yes,Engineering,Semester 1
Student 2595,STU2595,22,4,94,1,4,3,Yes,Yes,No,Yes,Software Engineering,Semester 2
Student 2596,STU2596,17,5,61,3,3,1,Yes,Yes,Yes,No,Software Engineering,Semester 2
Student 2597,STU2597,19,5,69,3,5,2,Yes,No,No,No,Computer Science,Semester 1
Student 2598,STU2598,21,2,88,2,4,4,Yes,No,No,No,Software Engineering,Semester 3
Student 2599,STU2599,23,5,100,0,7,3,Yes,No,No,Yes,Data Science,Semester 2
Student 2600,STU2600,19,0,87,2,6,0,Yes,No,No,No,Software Engineering,Semester 2
Student 2601,STU2601,17,4,83,0,5,1,Yes,Yes,No,No,Data Science,Semester 2
Student 2602,STU2602,22,3,78,0,6,3,Yes,No,No,No,Engineering,Semester 2
Student 2603,STU2603,19,2,86,3,8,1,Yes,No,Yes,Yes,Computer Science,Semester 3
Student 2604,STU2604,18,2,91,1,3,2,Yes,No,No,Yes,Computer Science,Semester 3
Student 2605,STU2605,19,5,88,3,4,2,Yes,No,No,No,Software Engineering,Semester 4
Student 2606,STU2606,20,4,82,0,9,1,Yes,No,No,No,Business,Semester 4
Student 2607,STU2607,19,4,90,1,4,3,Yes,No,No,No,Software Engineering,Semester 4
Student 2608,STU2608,17,5,84,3,6,1,Yes,No,No,Yes,Business,Semester 1
Student 2609,STU2609,23,3,86,3,7,1,Yes,No,No,No,Software Engineering,Semester 1
Student 2610,STU2610,23,4,89,1,5,0,Yes,No,Yes,No,Data Science,Semester 4
Student 2611,STU2611,22,3,74,1,6,1,Yes,Yes,No,Yes,Data Science,Semester 2
Student 2612,STU2612,18,0,81,2,5,2,Yes,Yes,No,No,Business,Semester 4
Student 2613,STU2613,20,6,82,1,8,2,Yes,Yes,No,Yes,Computer Science,Semester 1
Student 2614,STU2614,21,0,72,4,4,0,Yes,Yes,Yes,Yes,Business,Semester 3
Student 2615,STU2615,22,3,73,3,3,1,Yes,No,No,No,Engineering,Semester 2
Student 2616,STU2616,22,4,77,2,5,2,Yes,No,Yes,No,Computer Science,Semester 2
Student 2617,STU2617,19,0,90,0,6,0,Yes,Yes,No,No,Business,Semester 2
Student 2618,STU2618,21,3,80,1,5,1,Yes,Yes,Yes,Yes,Engineering,Semester 1
Student 2619,STU2619,22,3,83,3,5,3,Yes,Yes,No,Yes,Engineering,Semester 2
Student 2620,STU2620,24,5,84,2,4,3,Yes,No,Yes,No,Software Engineering,Semester 2
Student 2621,STU2621,22,4,87,2,4,2,Yes,No,No,Yes,Business,Semester 3
Student 2622,STU2622,22,2,86,2,4,2,No,No,No,No,Data Science,Semester 2
Student 2623,STU2623,21,3,82,1,6,0,Yes,No,Yes,Yes,Software Engineering,Semester 1
Student 2624,STU2624,24,2,80,0,5,3,No,Yes,Yes,No,Computer Science,Semester 2
Student 2625,STU2625,21,1,90,5,2,3,Yes,Yes,Yes,No,Data Science,Semester 1
Student 2626,STU2626,19,3,78,0,4,1,No,Yes,No,Yes,Engineering,Semester 3
Student 2627,STU2627,24,5,92,2,5,2,Yes,No,No,No,Computer Science,Semester 3
Student 2628,STU2628,22,4,77,2,5,2,Yes,No,No,Yes,Software Engineering,Semester 2
Student 2629,STU2629,20,4,79,1,6,2,Yes,No,No,Yes,Engineering,Semester 4
Student 2630,STU2630,19,2,87,1,8,2,Yes,No,Yes,No,Engineering,Semester 3
Student 2631,STU2631,21,1,100,3,3,1,Yes,No,No,No,Engineering,Semester 2
Student 2632,STU2632,22,4,66,0,6,1,Yes,Yes,No,Yes,Data Science,Semester 3
Student 2633,STU2633,21,5,88,3,6,3,Yes,Yes,No,No,Software Engineering,Semester 3
Student 2634,STU2634,21,4,85,2,6,1,Yes,No,No,Yes,Software Engineering,Semester 1
Student 2635,STU2635,24,4,78,1,5,0,Yes,No,No,Yes,Data Science,Semester 4
Student 2636,STU2636,23,3,84,0,4,3,Yes,Yes,No,No,Software Engineering,Semester 1
Student 2637,STU2637,21,4,72,2,5,1,No,No,No,No,Engineering,Semester 2
Student 2638,STU2638,23,3,75,1,2,3,Yes,No,Yes,No,Engineering,Semester 2
Student 2639,STU2639,18,4,85,2,3,4,No,No,No,No,Engineering,Semester 1
Student 2640,STU2640,21,3,73,1,3,2,Yes,No,Yes,No,Software Engineering,Semester 4
Student 2641,STU2641,25,4,83,1,6,1,Yes,No,No,No,Business,Semester 4
Student 2642,STU2642,20,5,76,2,6,2,Yes,No,No,Yes,Computer Science,Semester 4
Student 2643,STU2643,19,3,78,2,3,3,Yes,No,Yes,No,Business,Semester 3
Student 2644,STU2644,19,4,90,1,3,2,Yes,No,Yes,No,Data Science,Semester 2
Student 2645,STU2645,18,3,72,1,2,1,Yes,Yes,No,No,Business,Semester 3
Student 2646,STU2646,19,6,81,0,7,0,Yes,No,Yes,No,Business,Semester 1
Student 2647,STU2647,20,5,85,1,7,2,No,Yes,No,Yes,Data Science,Semester 4
Student 2648,STU2648,17,4,84,4,6,2,Yes,Yes,Yes,Yes,Business,Semester 3
Student 2649,STU2649,21,3,77,1,8,2,Yes,No,No,No,Computer Science,Semester 4
Student 2650,STU2650,23,4,84,3,8,1,Yes,No,No,Yes,Software Engineering,Semester 3
Student 2651,STU2651,19,2,73,1,3,1,Yes,No,Yes,No,Data Science,Semester 2
Student 2652,STU2652,24,4,78,2,4,2,Yes,Yes,No,No,Business,Semester 4
Student 2653,STU2653,22,1,94,0,6,2,Yes,Yes,No,No,Engineering,Semester 3
Student 2654,STU2654,23,2,87,2,1,3,Yes,No,No,No,Engineering,Semester 1
Student 2655,STU2655,19,4,82,3,5,1,Yes,Yes,No,Yes,Data Science,Semester 3
Student 2656,STU2656,22,5,85,3,7,1,Yes,Yes,Yes,No,Engineering,Semester 1
Student 2657,STU2657,18,4,75,1,4,2,Yes,No,Yes,No,Computer Science,Semester 1
Student 2658,STU2658,23,3,84,2,6,3,No,Yes,No,No,Business,Semester 4
Student 2659,STU2659,21,2,78,1,1,3,Yes,No,Yes,Yes,Computer Science,Semester 2
Student 2660,STU2660,22,3,77,1,6,1,Yes,No,No,Yes,Computer Science,Semester 1
Student 2661,STU2661,18,1,81,2,4,3,Yes,Yes,No,No,Software Engineering,Semester 1
Student 2662,STU2662,19,3,77,1,5,2,No,No,No,Yes,Business,Semester 2
Student 2663,STU2663,22,6,83,1,3,3,Yes,No,No,Yes,Data Science,Semester 2
Student 2664,STU2664,18,4,85,1,8,0,Yes,No,No,Yes,Engineering,Semester 2
Student 2665,STU2665,22,4,79,3,5,3,Yes,No,No,No,Software Engineering,Semester 1
Student 2666,STU2666,18,1,59,4,5,1,Yes,Yes,Yes,No,Computer Science,Semester 2
Student 2667,STU2667,22,5,75,1,9,2,Yes,No,No,No,Engineering,Semester 1
Student 2668,STU2668,18,5,73,3,3,0,Yes,No,No,No,Business,Semester 1
Student 2669,STU2669,22,4,85,1,5,2,Yes,Yes,Yes,Yes,Computer Science,Semester 1
Student 2670,STU2670,22,4,76,2,4,1,Yes,Yes,No,No,Computer Science,Semester 2
Student 2671,STU2671,19,3,78,1,4,0,Yes,Yes,No,Yes,Business,Semester 1
Student 2672,STU2672,22,3,88,0,6,2,Yes,Yes,No,No,Data Science,Semester 4
Student 2673,STU2673,21,7,75,1,5,3,Yes,No,Yes,No,Software Engineering,Semester 1
Student 2674,STU2674,19,4,83,1,5,3,Yes,Yes,No,Yes,Business,Semester 2
Student 2675,STU2675,18,6,77,0,8,1,No,Yes,No,Yes,Engineering,Semester 2
Student 2676,STU2676,17,6,78,3,5,1,Yes,No,No,No,Engineering,Semester 1
Student 2677,STU2677,21,4,72,1,2,3,Yes,Yes,No,Yes,Computer Science,Semester 1
Student 2678,STU2678,17,3,77,1,5,2,Yes,No,Yes,No,Software Engineering,Semester 1
Student 2679,STU2679,21,4,71,2,5,2,Yes,No,No,No,Data Science,Semester 4
Student 2680,STU2680,20,4,74,1,3,2,Yes,Yes,No,No,Data Science,Semester 2
Student 2681,STU2681,22,4,76,2,8,2,Yes,No,No,No,Engineering,Semester 4
Student 2682,STU2682,20,3,99,3,6,3,Yes,No,Yes,No,Data Science,Semester 2
Student 2683,STU2683,20,3,84,3,3,1,Yes,No,No,Yes,Engineering,Semester 3
Student 2684,STU2684,22,4,84,0,4,2,Yes,Yes,Yes,Yes,Software Engineering,Semester 2
Student 2685,STU2685,21,4,77,0,4,1,Yes,No,No,No,Computer Science,Semester 1
Student 2686,STU2686,21,3,90,2,4,2,Yes,No,No,No,Engineering,Semester 2
Student 2687,STU2687,22,5,91,0,3,2,Yes,No,No,Yes,Software Engineering,Semester 2
Student 2688,STU2688,17,3,77,2,4,1,Yes,Yes,Yes,Yes,Engineering,Semester 3
Student 2689,STU2689,22,4,90,0,5,2,Yes,No,Yes,Yes,Business,Semester 3
Student 2690,STU2690,22,2,92,4,7,0,Yes,No,No,No,Engineering,Semester 4
Student 2691,STU2691,18,3,65,1,6,0,Yes,No,No,No,Software Engineering,Semester 4
Student 2692,STU2692,20,3,88,2,6,0,Yes,No,No,No,Data Science,Semester 1
Student 2693,STU2693,20,0,75,2,6,1,Yes,No,No,No,Engineering,Semester 4
Student 2694,STU2694,20,4,92,1,4,3,Yes,No,No,No,Computer Science,Semester 4
Student 2695,STU2695,21,5,75,1,7,3,No,No,No,No,Software Engineering,Semester 3
Student 2696,STU2696,24,6,86,4,4,3,Yes,No,No,Yes,Data Science,Semester 1
Student 2697,STU2697,23,2,67,3,4,0,Yes,Yes,Yes,Yes,Software Engineering,Semester 1
Student 2698,STU2698,18,3,90,0,6,2,Yes,No,No,No,Engineering,Semester 4
Student 2699,STU2699,22,4,82,1,10,0,Yes,No,No,Yes,Business,Semester 1
Student 2700,STU2700,23,3,92,1,4,2,Yes,Yes,No,Yes,Business,Semester 1
Student 2701,STU2701,21,3,76,1,2,1,Yes,No,Yes,No,Computer Science,Semester 3
Student 2702,STU2702,23,2,83,0,6,2,No,Yes,No,No,Computer Science,Semester 4
Student 2703,STU2703,25,4,94,3,6,2,Yes,No,No,No,Data Science,Semester 1
Student 2704,STU2704,23,5,81,2,4,4,Yes,No,No,Yes,Business,Semester 4
Student 2705,STU2705,21,4,85,0,4,3,Yes,Yes,No,Yes,Engineering,Semester 4
Student 2706,STU2706,23,3,87,1,3,3,Yes,No,No,No,Software Engineering,Semester 1
Student 2707,STU2707,21,4,69,0,6,3,Yes,Yes,No,No,Software Engineering,Semester 2
Student 2708,STU2708,21,4,77,1,9,0,Yes,No,No,No,Business,Semester 1
Student 2709,STU2709,20,4,91,2,8,2,Yes,No,Yes,Yes,Business,Semester 2
Student 2710,STU2710,24,2,65,2,6,0,Yes,Yes,Yes,Yes,Software Engineering,Semester 3
Student 2711,STU2711,19,4,90,3,4,1,Yes,Yes,Yes,No,Data Science,Semester 4
Student 2712,STU2712,24,3,77,2,6,0,Yes,Yes,No,Yes,Software Engineering,Semester 2
Student 2713,STU2713,22,3,98,1,4,3,Yes,No,No,Yes,Computer Science,Semester 4
Student 2714,STU2714,17,2,85,2,4,1,Yes,No,No,Yes,Engineering,Semester 3
Student 2715,STU2715,21,3,75,4,5,0,Yes,Yes,Yes,No,Business,Semester 3
Student 2716,STU2716,17,3,89,1,7,3,Yes,Yes,Yes,No,Business,Semester 2
Student 2717,STU2717,22,3,93,2,5,3,Yes,Yes,Yes,Yes,Data Science,Semester 3
Student 2718,STU2718,22,2,86,1,5,2,No,No,Yes,No,Computer Science,Semester 4
Student 2719,STU2719,19,5,78,2,5,3,Yes,No,Yes,Yes,Software Engineering,Semester 3
Student 2720,STU2720,21,3,93,2,6,3,Yes,Yes,No,No,Computer Science,Semester 3
Student 2721,STU2721,25,3,74,1,7,2,No,No,No,No,Computer Science,Semester 2
Student 2722,STU2722,19,1,90,2,3,2,Yes,Yes,No,No,Data Science,Semester 3
Student 2723,STU2723,18,6,62,1,5,2,Yes,No,No,Yes,Data Science,Semester 1
Student 2724,STU2724,24,1,82,5,7,2,Yes,No,No,No,Software Engineering,Semester 4
Student 2725,STU2725,25,4,77,2,4,4,Yes,No,No,No,Software Engineering,Semester 2
Student 2726,STU2726,21,4,71,4,8,1,Yes,No,No,No,Engineering,Semester 1
Student 2727,STU2727,23,3,92,1,6,3,Yes,No,No,No,Computer Science,Semester 2
Student 2728,STU2728,24,4,64,2,8,0,Yes,No,Yes,No,Software Engineering,Semester 1
Student 2729,STU2729,19,4,93,2,4,1,Yes,No,Yes,Yes,Data Science,Semester 3
Student 2730,STU2730,19,5,69,2,6,2,Yes,Yes,Yes,Yes,Engineering,Semester 1
Student 2731,STU2731,23,4,90,1,6,1,Yes,Yes,No,Yes,Engineering,Semester 1
Student 2732,STU2732,24,3,75,1,7,0,Yes,Yes,Yes,No,Data Science,Semester 1
Student 2733,STU2733,22,3,66,2,6,0,Yes,No,No,No,Software Engineering,Semester 4
Student 2734,STU2734,19,6,78,3,7,2,No,Yes,Yes,No,Data Science,Semester 2
Student 2735,STU2735,25,5,86,1,4,1,No,Yes,No,No,Software Engineering,Semester 3
Student 2736,STU2736,19,3,74,2,5,1,Yes,No,Yes,No,Data Science,Semester 3
Student 2737,STU2737,20,4,84,0,2,2,No,Yes,No,Yes,Data Science,Semester 4
Student 2738,STU2738,21,4,87,0,5,2,Yes,No,Yes,Yes,Business,Semester 4
Student 2739,STU2739,24,3,93,3,4,2,No,No,Yes,No,Software Engineering,Semester 4
Student 2740,STU2740,22,6,82,0,6,1,Yes,No,No,Yes,Computer Science,Semester 1
Student 2741,STU2741,21,3,91,0,7,2,Yes,No,No,No,Business,Semester 4
Student 2742,STU2742,22,3,88,1,6,1,Yes,No,Yes,Yes,Business,Semester 4
Student 2743,STU2743,21,5,81,1,6,1,Yes,No,No,No,Business,Semester 1
Student 2744,STU2744,22,2,91,1,5,2,Yes,Yes,No,No,Business,Semester 2
Student 2745,STU2745,17,3,89,1,5,1,Yes,No,No,Yes,Computer Science,Semester 4
Student 2746,STU2746,20,5,80,0,3,3,Yes,Yes,No,No,Business,Semester 4
Student 2747,STU2747,21,3,87,4,2,2,Yes,Yes,No,Yes,Computer Science,Semester 1
Student 2748,STU2748,18,2,84,1,2,3,Yes,No,Yes,No,Computer Science,Semester 1
Student 2749,STU2749,21,4,86,6,4,1,Yes,Yes,No,Yes,Business,Semester 1
Student 2750,STU2750,20,4,97,2,7,2,Yes,No,No,No,Engineering,Semester 2
Student 2751,STU2751,24,4,60,0,5,3,Yes,Yes,No,Yes,Computer Science,Semester 4
Student 2752,STU2752,24,5,84,0,4,1,Yes,Yes,No,No,Business,Semester 4
Student 2753,STU2753,20,4,82,2,4,4,Yes,Yes,No,No,Data Science,Semester 1
Student 2754,STU2754,20,4,73,2,5,1,Yes,Yes,No,No,Data Science,Semester 1
Student 2755,STU2755,20,5,78,1,5,3,No,No,No,No,Software Engineering,Semester 4
Student 2756,STU2756,20,4,77,1,5,2,Yes,No,No,Yes,Computer Science,Semester 4
Student 2757,STU2757,21,2,81,1,6,1,Yes,No,No,No,Computer Science,Semester 4
Student 2758,STU2758,19,6,85,1,8,2,No,No,No,No,Data Science,Semester 1
Student 2759,STU2759,18,5,78,2,5,3,Yes,Yes,Yes,No,Computer Science,Semester 2
Student 2760,STU2760,22,2,60,1,2,0,Yes,Yes,No,No,Computer Science,Semester 2
Student 2761,STU2761,22,3,74,4,5,0,Yes,Yes,No,Yes,Data Science,Semester 4
Student 2762,STU2762,19,2,93,1,8,2,Yes,No,No,No,Business,Semester 3
Student 2763,STU2763,23,2,94,1,6,3,Yes,No,No,Yes,Data Science,Semester 2
Student 2764,STU2764,19,5,78,0,5,2,Yes,No,No,No,Engineering,Semester 3
Student 2765,STU2765,21,4,96,2,6,1,Yes,No,No,No,Data Science,Semester 3
Student 2766,STU2766,22,3,79,1,2,1,No,No,No,Yes,Data Science,Semester 4
Student 2767,STU2767,20,4,69,3,1,3,Yes,No,Yes,No,Business,Semester 1
Student 2768,STU2768,22,5,79,5,7,0,Yes,No,Yes,No,Data Science,Semester 3
Student 2769,STU2769,19,5,87,3,7,2,Yes,Yes,No,No,Data Science,Semester 4
Student 2770,STU2770,20,4,77,2,4,3,Yes,No,No,No,Business,Semester 1
Student 2771,STU2771,20,4,86,1,5,3,Yes,No,No,No,Data Science,Semester 2
Student 2772,STU2772,19,2,84,4,6,3,Yes,No,No,No,Business,Semester 4
Student 2773,STU2773,20,4,79,0,8,3,Yes,Yes,No,Yes,Engineering,Semester 2
Student 2774,STU2774,17,3,88,2,5,3,Yes,No,No,No,Business,Semester 4
Student 2775,STU2775,19,0,91,2,6,2,Yes,No,No,No,Computer Science,Semester 3
Student 2776,STU2776,20,4,83,5,9,1,Yes,No,No,No,Computer Science,Semester 1
Student 2777,STU2777,20,1,86,1,5,2,Yes,Yes,No,No,Business,Semester 3
Student 2778,STU2778,20,4,70,0,5,0,Yes,No,No,No,Data Science,Semester 4
Student 2779,STU2779,20,3,93,1,3,3,Yes,No,No,No,Software Engineering,Semester 4
Student 2780,STU2780,22,3,77,2,3,3,Yes,No,No,No,Software Engineering,Semester 3
Student 2781,STU2781,22,3,75,0,7,0,Yes,No,No,No,Engineering,Semester 4
Student 2782,STU2782,19,3,89,1,7,1,Yes,No,Yes,No,Engineering,Semester 2
Student 2783,STU2783,18,3,78,1,7,1,No,Yes,Yes,Yes,Software Engineering,Semester 3
Student 2784,STU2784,18,5,76,3,3,3,Yes,Yes,Yes,No,Software Engineering,Semester 1
Student 2785,STU2785,19,2,79,1,5,2,No,No,Yes,No,Business,Semester 2
Student 2786,STU2786,20,4,72,2,6,2,Yes,No,Yes,No,Software Engineering,Semester 2
Student 2787,STU2787,19,6,76,3,1,1,No,Yes,No,No,Computer Science,Semester 4
Student 2788,STU2788,18,3,90,2,6,3,Yes,No,No,Yes,Engineering,Semester 3
Student 2789,STU2789,20,3,91,2,8,2,No,No,No,No,Engineering,Semester 4
Student 2790,STU2790,21,5,82,3,7,1,No,No,No,No,Computer Science,Semester 3
Student 2791,STU2791,22,6,76,2,1,3,Yes,Yes,No,Yes,Engineering,Semester 3
Student 2792,STU2792,19,6,85,2,6,1,No,Yes,No,Yes,Software Engineering,Semester 1
Student 2793,STU2793,20,3,66,1,5,2,Yes,No,No,Yes,Engineering,Semester 4
Student 2794,STU2794,19,4,91,2,6,3,Yes,No,No,No,Computer Science,Semester 3
Student 2795,STU2795,20,3,81,0,5,1,Yes,No,No,No,Engineering,Semester 1
Student 2796,STU2796,19,5,73,1,4,2,Yes,No,No,No,Software Engineering,Semester 3
Student 2797,STU2797,22,3,93,2,1,3,Yes,No,No,No,Business,Semester 4
Student 2798,STU2798,17,6,82,2,6,3,Yes,No,Yes,No,Software Engineering,Semester 3
Student 2799,STU2799,20,1,78,1,6,1,No,No,No,No,Engineering,Semester 2
Student 2800,STU2800,21,4,98,0,4,2,Yes,No,Yes,Yes,Data Science,Semester 4
Student 2801,STU2801,21,4,77,2,7,1,Yes,No,Yes,Yes,Engineering,Semester 2
Student 2802,STU2802,26,0,88,1,2,2,No,Yes,No,No,Engineering,Semester 1
Student 2803,STU2803,21,4,87,1,5,2,No,No,No,Yes,Computer Science,Semester 3
Student 2804,STU2804,18,5,75,3,5,2,No,Yes,No,Yes,Data Science,Semester 4
Student 2805,STU2805,20,4,80,2,4,3,Yes,No,No,Yes,Computer Science,Semester 1
Student 2806,STU2806,17,5,80,1,7,3,No,No,No,Yes,Computer Science,Semester 2
Student 2807,STU2807,20,6,67,1,4,2,Yes,Yes,No,Yes,Software Engineering,Semester 2
Student 2808,STU2808,19,3,66,3,7,0,Yes,Yes,Yes,No,Business,Semester 2
Student 2809,STU2809,23,6,64,1,4,0,Yes,No,No,Yes,Engineering,Semester 2
Student 2810,STU2810,19,7,78,0,5,3,Yes,No,No,Yes,Data Science,Semester 1
Student 2811,STU2811,20,5,74,2,1,1,Yes,Yes,No,Yes,Engineering,Semester 3
Student 2812,STU2812,19,4,74,3,5,3,Yes,No,Yes,No,Computer Science,Semester 1
Student 2813,STU2813,24,3,78,1,5,3,Yes,Yes,Yes,No,Business,Semester 3
Student 2814,STU2814,20,4,82,0,7,1,Yes,Yes,No,No,Computer Science,Semester 4
Student 2815,STU2815,25,4,79,1,2,3,Yes,Yes,No,No,Engineering,Semester 2
Student 2816,STU2816,22,4,76,3,5,1,Yes,Yes,No,Yes,Software Engineering,Semester 1
Student 2817,STU2817,22,2,97,0,8,2,Yes,No,No,Yes,Engineering,Semester 4
Student 2818,STU2818,21,4,80,1,8,1,Yes,No,Yes,Yes,Computer Science,Semester 3
Student 2819,STU2819,21,4,90,1,4,3,Yes,No,No,No,Data Science,Semester 4
Student 2820,STU2820,17,5,72,2,4,3,Yes,No,No,No,Data Science,Semester 4
Student 2821,STU2821,20,4,92,1,2,4,No,Yes,Yes,Yes,Data Science,Semester 3
Student 2822,STU2822,22,3,77,0,1,2,Yes,No,No,Yes,Data Science,Semester 4
Student 2823,STU2823,20,2,100,1,4,2,Yes,Yes,No,No,Data Science,Semester 2
Student 2824,STU2824,17,3,71,5,4,3,Yes,No,No,Yes,Business,Semester 3
Student 2825,STU2825,20,2,73,1,9,0,Yes,No,Yes,No,Business,Semester 3
Student 2826,STU2826,24,4,80,1,6,2,Yes,Yes,No,No,Software Engineering,Semester 1
Student 2827,STU2827,23,3,79,3,5,1,Yes,No,No,No,Data Science,Semester 4
Student 2828,STU2828,20,5,72,2,6,2,Yes,Yes,No,No,Computer Science,Semester 2
Student 2829,STU2829,23,4,93,5,7,2,Yes,No,Yes,Yes,Computer Science,Semester 2
Student 2830,STU2830,20,5,93,1,7,2,Yes,Yes,No,No,Engineering,Semester 3
Student 2831,STU2831,17,3,79,3,6,0,Yes,No,No,No,Data Science,Semester 4
Student 2832,STU2832,19,4,90,1,5,3,Yes,Yes,No,Yes,Computer Science,Semester 3
Student 2833,STU2833,24,5,93,1,5,3,Yes,No,No,No,Software Engineering,Semester 2
Student 2834,STU2834,20,4,81,4,5,3,Yes,No,No,No,Computer Science,Semester 2
Student 2835,STU2835,20,4,76,1,4,2,Yes,Yes,Yes,Yes,Software Engineering,Semester 2
Student 2836,STU2836,20,3,92,2,7,2,No,No,No,No,Data Science,Semester 3
Student 2837,STU2837,25,5,91,2,5,3,No,No,Yes,Yes,Engineering,Semester 4
Student 2838,STU2838,24,3,72,0,3,2,Yes,No,Yes,No,Engineering,Semester 4
Student 2839,STU2839,25,6,93,1,5,2,Yes,Yes,No,Yes,Business,Semester 3
Student 2840,STU2840,20,4,73,2,6,1,Yes,Yes,Yes,No,Data Science,Semester 2
Student 2841,STU2841,21,5,85,3,2,4,Yes,No,No,Yes,Computer Science,Semester 4
Student 2842,STU2842,17,3,75,2,5,3,Yes,No,No,Yes,Engineering,Semester 2
Student 2843,STU2843,24,3,83,1,4,1,No,No,No,No,Software Engineering,Semester 3
Student 2844,STU2844,18,3,82,4,9,0,No,Yes,No,No,Software Engineering,Semester 4
Student 2845,STU2845,21,1,99,2,5,2,Yes,No,No,No,Computer Science,Semester 4
Student 2846,STU2846,18,0,69,1,8,1,Yes,Yes,Yes,No,Computer Science,Semester 3
Student 2847,STU2847,19,3,75,3,5,0,Yes,No,No,No,Data Science,Semester 3
Student 2848,STU2848,19,1,78,5,6,2,Yes,No,Yes,No,Computer Science,Semester 4
Student 2849,STU2849,19,4,84,1,5,1,Yes,Yes,No,Yes,Computer Science,Semester 1
Student 2850,STU2850,19,3,79,1,5,2,Yes,No,No,Yes,Computer Science,Semester 2
Student 2851,STU2851,19,0,64,3,5,0,Yes,Yes,No,Yes,Engineering,Semester 1
Student 2852,STU2852,22,3,87,4,4,0,Yes,No,Yes,Yes,Data Science,Semester 4
Student 2853,STU2853,18,3,92,1,5,3,Yes,No,Yes,Yes,Computer Science,Semester 1
Student 2854,STU2854,21,5,85,2,2,3,No,No,No,No,Computer Science,Semester 3
Student 2855,STU2855,23,3,78,2,5,1,Yes,Yes,No,No,Software Engineering,Semester 2
Student 2856,STU2856,19,4,83,1,5,2,Yes,Yes,No,No,Engineering,Semester 3
Student 2857,STU2857,19,1,72,1,5,0,Yes,No,No,No,Computer Science,Semester 3
Student 2858,STU2858,20,3,90,2,6,2,Yes,No,Yes,No,Engineering,Semester 3
Student 2859,STU2859,23,2,86,0,8,1,Yes,No,Yes,Yes,Data Science,Semester 3
Student 2860,STU2860,21,3,77,1,6,1,Yes,Yes,No,No,Data Science,Semester 2
Student 2861,STU2861,19,4,82,1,5,1,No,Yes,No,No,Business,Semester 4
Student 2862,STU2862,22,4,90,1,4,2,Yes,No,Yes,No,Software Engineering,Semester 4
Student 2863,STU2863,18,4,91,1,6,0,No,No,No,No,Business,Semester 2
Student 2864,STU2864,22,3,81,4,5,1,Yes,No,No,Yes,Engineering,Semester 3
Student 2865,STU2865,21,4,99,2,4,3,Yes,No,Yes,No,Software Engineering,Semester 1
Student 2866,STU2866,20,2,92,2,5,1,Yes,No,No,Yes,Computer Science,Semester 4
Student 2867,STU2867,19,4,86,3,2,2,Yes,Yes,No,Yes,Software Engineering,Semester 3
Student 2868,STU2868,19,4,78,0,5,1,Yes,Yes,No,No,Software Engineering,Semester 1
Student 2869,STU2869,22,4,79,1,4,2,Yes,No,No,Yes,Data Science,Semester 1
Student 2870,STU2870,23,2,83,0,4,2,Yes,No,Yes,No,Business,Semester 3
Student 2871,STU2871,19,2,81,2,9,0,No,No,No,Yes,Data Science,Semester 2
Student 2872,STU2872,22,4,95,3,4,2,No,No,No,No,Data Science,Semester 3
Student 2873,STU2873,17,3,74,3,6,0,No,No,No,No,Business,Semester 2
Student 2874,STU2874,19,4,86,2,7,1,Yes,Yes,No,No,Data Science,Semester 1
Student 2875,STU2875,20,3,66,4,7,3,Yes,No,No,Yes,Software Engineering,Semester 4
Student 2876,STU2876,19,7,85,2,6,3,Yes,No,No,No,Engineering,Semester 2
Student 2877,STU2877,18,4,74,0,5,3,Yes,No,Yes,No,Computer Science,Semester 2
Student 2878,STU2878,19,5,93,2,4,2,Yes,No,No,Yes,Computer Science,Semester 2
Student 2879,STU2879,21,7,77,2,3,3,Yes,No,No,Yes,Data Science,Semester 4
Student 2880,STU2880,20,5,76,1,4,2,Yes,Yes,No,Yes,Business,Semester 3
Student 2881,STU2881,17,3,90,2,4,3,Yes,No,No,Yes,Software Engineering,Semester 1
Student 2882,STU2882,17,3,91,4,3,1,No,No,No,Yes,Data Science,Semester 1
Student 2883,STU2883,19,0,80,1,6,1,Yes,No,No,No,Software Engineering,Semester 2
Student 2884,STU2884,22,0,66,2,4,1,Yes,No,No,Yes,Software Engineering,Semester 1
Student 2885,STU2885,17,4,73,4,5,2,Yes,Yes,No,No,Computer Science,Semester 2
Student 2886,STU2886,19,3,81,1,2,2,No,Yes,No,No,Engineering,Semester 4
Student 2887,STU2887,19,2,70,3,5,2,Yes,Yes,No,No,Engineering,Semester 2
Student 2888,STU2888,24,4,87,1,5,2,Yes,Yes,Yes,Yes,Business,Semester 4
Student 2889,STU2889,20,3,75,1,4,1,Yes,No,No,No,Engineering,Semester 2
Student 2890,STU2890,21,2,81,2,6,1,Yes,No,No,Yes,Data Science,Semester 2
Student 2891,STU2891,21,5,90,2,5,0,Yes,No,No,Yes,Computer Science,Semester 4
Student 2892,STU2892,17,2,84,2,6,1,Yes,No,Yes,Yes,Computer Science,Semester 3
Student 2893,STU2893,22,4,97,1,6,2,Yes,Yes,No,No,Software Engineering,Semester 4
Student 2894,STU2894,21,4,93,2,6,2,Yes,No,Yes,No,Data Science,Semester 2
Student 2895,STU2895,22,4,58,1,5,0,Yes,No,No,Yes,Data Science,Semester 1
Student 2896,STU2896,29,3,86,3,5,1,No,Yes,Yes,No,Software Engineering,Semester 3
Student 2897,STU2897,17,2,83,4,3,2,Yes,No,No,Yes,Software Engineering,Semester 1
Student 2898,STU2898,24,3,91,0,4,3,Yes,No,Yes,No,Computer Science,Semester 3
Student 2899,STU2899,20,3,86,2,4,3,Yes,No,Yes,No,Data Science,Semester 2
Student 2900,STU2900,21,5,78,2,3,2,Yes,Yes,No,Yes,Engineering,Semester 3
Student 2901,STU2901,20,5,85,1,1,4,Yes,No,Yes,Yes,Engineering,Semester 1
Student 2902,STU2902,20,3,79,1,5,1,Yes,Yes,No,No,Computer Science,Semester 4
Student 2903,STU2903,19,3,76,3,5,3,Yes,Yes,No,No,Engineering,Semester 3
Student 2904,STU2904,21,4,81,0,8,2,Yes,No,No,Yes,Engineering,Semester 3
Student 2905,STU2905,17,5,84,2,8,1,Yes,No,Yes,No,Data Science,Semester 2
Student 2906,STU2906,22,4,92,1,6,2,Yes,No,No,Yes,Data Science,Semester 2
Student 2907,STU2907,20,4,78,4,6,0,No,No,No,No,Business,Semester 3
Student 2908,STU2908,18,4,66,2,4,2,Yes,No,No,Yes,Data Science,Semester 2
Student 2909,STU2909,20,4,80,2,5,1,Yes,No,No,No,Business,Semester 2
Student 2910,STU2910,23,4,84,1,5,3,Yes,No,Yes,No,Data Science,Semester 4
Student 2911,STU2911,19,4,83,0,5,0,Yes,No,No,No,Software Engineering,Semester 3
Student 2912,STU2912,21,1,80,2,4,2,Yes,No,No,No,Data Science,Semester 1
Student 2913,STU2913,19,2,89,1,6,2,Yes,No,No,No,Business,Semester 4
Student 2914,STU2914,22,3,84,2,3,3,No,Yes,No,Yes,Engineering,Semester 2
Student 2915,STU2915,22,4,86,0,10,0,Yes,No,No,Yes,Data Science,Semester 4
Student 2916,STU2916,25,3,67,1,8,1,Yes,No,No,Yes,Engineering,Semester 3
Student 2917,STU2917,20,4,80,3,7,3,Yes,No,No,Yes,Engineering,Semester 3
Student 2918,STU2918,22,4,80,4,3,3,Yes,No,No,No,Data Science,Semester 3
Student 2919,STU2919,21,4,95,0,2,4,Yes,Yes,No,Yes,Data Science,Semester 1
Student 2920,STU2920,23,3,81,4,6,2,Yes,No,No,Yes,Software Engineering,Semester 1
Student 2921,STU2921,19,3,76,1,5,3,Yes,No,No,No,Business,Semester 1
Student 2922,STU2922,22,1,76,2,8,1,Yes,Yes,No,No,Data Science,Semester 2
Student 2923,STU2923,20,4,89,5,5,2,Yes,No,Yes,No,Engineering,Semester 3
Student 2924,STU2924,20,0,77,1,5,2,Yes,No,No,Yes,Engineering,Semester 3
Student 2925,STU2925,21,4,75,3,8,3,Yes,No,No,Yes,Data Science,Semester 1
Student 2926,STU2926,21,5,89,3,5,2,No,No,No,No,Business,Semester 4
Student 2927,STU2927,20,4,85,1,5,3,Yes,No,Yes,No,Engineering,Semester 4
Student 2928,STU2928,21,4,65,1,5,2,No,No,No,Yes,Software Engineering,Semester 2
Student 2929,STU2929,24,3,71,3,4,1,Yes,No,No,No,Engineering,Semester 4
Student 2930,STU2930,23,3,86,4,7,2,Yes,No,No,No,Business,Semester 2
Student 2931,STU2931,22,3,88,2,6,1,Yes,No,No,No,Computer Science,Semester 4
Student 2932,STU2932,20,4,74,2,3,0,Yes,No,Yes,No,Software Engineering,Semester 4
Student 2933,STU2933,19,3,84,4,9,1,Yes,No,No,No,Software Engineering,Semester 4
Student 2934,STU2934,23,2,81,2,4,3,Yes,Yes,No,No,Computer Science,Semester 3
Student 2935,STU2935,22,4,74,2,2,3,Yes,No,No,No,Software Engineering,Semester 1
Student 2936,STU2936,24,3,78,2,4,2,Yes,No,No,No,Software Engineering,Semester 3
Student 2937,STU2937,19,3,81,1,3,2,Yes,No,Yes,No,Software Engineering,Semester 1
Student 2938,STU2938,20,4,71,2,5,2,Yes,Yes,No,No,Engineering,Semester 4
Student 2939,STU2939,17,6,86,1,8,1,No,Yes,Yes,No,Engineering,Semester 1
Student 2940,STU2940,20,4,76,1,5,2,Yes,Yes,No,No,Data Science,Semester 3
Student 2941,STU2941,23,5,76,3,8,1,Yes,Yes,No,No,Data Science,Semester 1
Student 2942,STU2942,20,4,86,2,7,2,Yes,No,No,No,Engineering,Semester 1
Student 2943,STU2943,22,5,78,2,1,2,Yes,Yes,No,No,Software Engineering,Semester 1
Student 2944,STU2944,20,4,80,0,7,2,Yes,No,No,No,Business,Semester 4
Student 2945,STU2945,21,3,81,3,4,1,Yes,Yes,No,Yes,Computer Science,Semester 1
Student 2946,STU2946,18,4,75,3,6,1,Yes,Yes,No,No,Data Science,Semester 4
Student 2947,STU2947,21,4,77,2,5,3,Yes,No,No,No,Software Engineering,Semester 4
Student 2948,STU2948,17,3,81,3,10,1,Yes,Yes,Yes,No,Data Science,Semester 2
Student 2949,STU2949,20,5,81,3,6,4,Yes,No,No,No,Business,Semester 1
Student 2950,STU2950,17,2,86,2,6,0,No,Yes,No,Yes,Software Engineering,Semester 4
Student 2951,STU2951,23,4,86,0,7,0,Yes,No,No,No,Engineering,Semester 1
Student 2952,STU2952,22,3,91,1,2,3,Yes,No,No,No,Business,Semester 1
Student 2953,STU2953,22,1,69,1,7,1,Yes,No,No,No,Data Science,Semester 3
Student 2954,STU2954,24,4,89,0,5,1,Yes,Yes,No,Yes,Software Engineering,Semester 2
Student 2955,STU2955,18,3,79,1,4,2,No,No,Yes,No,Software Engineering,Semester 1
Student 2956,STU2956,24,3,87,1,7,1,Yes,No,No,No,Computer Science,Semester 1
Student 2957,STU2957,23,2,84,0,2,3,Yes,No,Yes,No,Computer Science,Semester 4
Student 2958,STU2958,20,6,77,3,7,2,No,No,Yes,No,Computer Science,Semester 4
Student 2959,STU2959,23,0,94,0,5,3,Yes,Yes,Yes,Yes,Engineering,Semester 3
Student 2960,STU2960,18,1,88,1,5,2,Yes,No,No,No,Software Engineering,Semester 2
Student 2961,STU2961,19,4,85,1,1,3,Yes,Yes,No,No,Software Engineering,Semester 2
Student 2962,STU2962,19,4,99,4,7,3,Yes,Yes,No,No,Data Science,Semester 2
Student 2963,STU2963,19,2,74,1,5,0,Yes,No,No,No,Engineering,Semester 1
Student 2964,STU2964,18,3,82,2,4,1,No,Yes,No,No,Computer Science,Semester 2
Student 2965,STU2965,23,4,86,1,3,3,No,Yes,Yes,No,Software Engineering,Semester 3
Student 2966,STU2966,20,3,73,1,6,2,Yes,Yes,Yes,No,Computer Science,Semester 3
Student 2967,STU2967,21,5,76,1,6,3,Yes,No,No,No,Business,Semester 1
Student 2968,STU2968,19,3,90,1,5,2,Yes,No,No,No,Engineering,Semester 1
Student 2969,STU2969,17,3,78,3,3,3,No,No,Yes,No,Computer Science,Semester 1
Student 2970,STU2970,21,2,89,1,6,0,Yes,Yes,No,No,Engineering,Semester 4
Student 2971,STU2971,17,3,77,1,5,2,Yes,No,No,No,Software Engineering,Semester 1
Student 2972,STU2972,20,3,98,3,7,2,Yes,No,No,No,Business,Semester 3
Student 2973,STU2973,18,5,63,0,3,3,Yes,No,Yes,Yes,Data Science,Semester 1
Student 2974,STU2974,25,5,90,1,4,2,Yes,Yes,No,Yes,Business,Semester 4
Student 2975,STU2975,23,3,84,3,9,3,Yes,No,No,No,Engineering,Semester 1
Student 2976,STU2976,21,3,69,4,5,1,Yes,No,No,No,Business,Semester 4
Student 2977,STU2977,23,3,80,3,6,0,Yes,Yes,No,Yes,Software Engineering,Semester 4
Student 2978,STU2978,19,3,66,2,7,2,Yes,Yes,Yes,No,Engineering,Semester 4
Student 2979,STU2979,22,2,84,4,8,0,Yes,Yes,No,No,Engineering,Semester 1
Student 2980,STU2980,21,4,77,5,3,1,No,No,No,No,Software Engineering,Semester 1
Student 2981,STU2981,21,3,66,2,9,0,Yes,Yes,No,No,Computer Science,Semester 3
Student 2982,STU2982,23,5,83,2,5,3,Yes,No,No,Yes,Data Science,Semester 2
Student 2983,STU2983,22,3,83,1,6,1,Yes,Yes,No,No,Business,Semester 1
Student 2984,STU2984,21,7,98,5,5,3,Yes,No,Yes,Yes,Data Science,Semester 3
Student 2985,STU2985,17,6,88,1,8,2,Yes,Yes,Yes,No,Data Science,Semester 2
Student 2986,STU2986,18,3,62,3,7,0,No,No,No,No,Software Engineering,Semester 3
Student 2987,STU2987,20,3,77,1,5,1,Yes,No,Yes,No,Computer Science,Semester 2
Student 2988,STU2988,21,1,90,0,3,1,Yes,Yes,Yes,No,Data Science,Semester 3
Student 2989,STU2989,18,3,69,1,5,3,Yes,No,No,Yes,Engineering,Semester 1
Student 2990,STU2990,26,4,75,3,3,3,No,Yes,No,Yes,Computer Science,Semester 2
Student 2991,STU2991,24,4,82,2,7,1,Yes,No,Yes,No,Software Engineering,Semester 4
Student 2992,STU2992,22,2,77,4,4,2,Yes,No,No,No,Data Science,Semester 3
Student 2993,STU2993,21,3,94,1,5,4,Yes,Yes,Yes,No,Software Engineering,Semester 1
Student 2994,STU2994,20,4,83,1,7,1,Yes,Yes,Yes,Yes,Business,Semester 1
Student 2995,STU2995,18,3,82,1,7,1,Yes,No,No,Yes,Software Engineering,Semester 2
Student 2996,STU2996,21,5,74,0,6,2,No,No,Yes,No,Engineering,Semester 3
Student 2997,STU2997,21,3,73,2,4,3,Yes,No,No,No,Software Engineering,Semester 1
Student 2998,STU2998,18,1,82,1,6,2,Yes,No,No,Yes,Computer Science,Semester 4
Student 2999,STU2999,21,1,81,2,4,1,Yes,No,No,No,Business,Semester 3
Student 3000,STU3000,20,3,72,2,6,1,No,Yes,Yes,Yes,Engineering,Semester 1
Student 3001,STU3001,17,2,83,1,3,1,Yes,No,No,No,Business,Semester 1
Student 3002,STU3002,19,1,82,0,7,1,Yes,Yes,Yes,Yes,Engineering,Semester 4
Student 3003,STU3003,20,3,79,1,5,0,Yes,No,Yes,No,Business,Semester 1
Student 3004,STU3004,25,5,91,1,5,4,Yes,No,No,Yes,Data Science,Semester 2
Student 3005,STU3005,22,3,81,2,6,1,Yes,Yes,No,No,Software Engineering,Semester 3
Student 3006,STU3006,18,4,80,1,5,3,Yes,No,Yes,No,Computer Science,Semester 2
Student 3007,STU3007,22,4,76,2,5,2,No,No,Yes,Yes,Computer Science,Semester 2
Student 3008,STU3008,17,4,80,2,5,0,Yes,No,No,No,Data Science,Semester 4
Student 3009,STU3009,23,2,78,2,7,0,Yes,Yes,No,Yes,Business,Semester 2
Student 3010,STU3010,20,3,72,1,6,2,Yes,Yes,No,Yes,Software Engineering,Semester 2
Student 3011,STU3011,20,3,82,1,6,3,Yes,No,No,No,Data Science,Semester 2
Student 3012,STU3012,23,4,89,0,4,2,Yes,No,No,No,Business,Semester 1
Student 3013,STU3013,18,4,78,1,7,2,Yes,No,Yes,No,Software Engineering,Semester 4
Student 3014,STU3014,17,3,71,2,3,3,Yes,Yes,No,No,Business,Semester 1
Student 3015,STU3015,19,4,90,1,8,1,Yes,No,Yes,No,Computer Science,Semester 1
Student 3016,STU3016,23,4,90,1,5,1,Yes,No,Yes,No,Software Engineering,Semester 2
Student 3017,STU3017,17,1,86,1,7,0,Yes,No,No,No,Computer Science,Semester 1
Student 3018,STU3018,17,1,82,3,6,1,Yes,No,No,Yes,Computer Science,Semester 1
Student 3019,STU3019,20,5,85,2,5,3,Yes,No,Yes,Yes,Software Engineering,Semester 1
Student 3020,STU3020,22,5,69,1,7,0,Yes,No,No,No,Data Science,Semester 2
Student 3021,STU3021,23,4,77,1,3,3,Yes,No,No,No,Business,Semester 3
Student 3022,STU3022,20,5,87,0,4,4,Yes,No,Yes,Yes,Software Engineering,Semester 3
Student 3023,STU3023,20,6,84,0,5,3,Yes,No,Yes,No,Computer Science,Semester 1
Student 3024,STU3024,23,3,89,1,3,1,Yes,No,Yes,Yes,Business,Semester 2
Student 3025,STU3025,17,3,94,1,6,3,Yes,No,No,Yes,Software Engineering,Semester 4
Student 3026,STU3026,20,4,72,2,7,2,Yes,Yes,No,No,Data Science,Semester 3
Student 3027,STU3027,21,5,85,2,2,1,No,Yes,No,No,Software Engineering,Semester 1
Student 3028,STU3028,22,3,79,2,4,3,Yes,Yes,No,No,Software Engineering,Semester 2
Student 3029,STU3029,19,5,78,0,5,2,Yes,Yes,Yes,Yes,Engineering,Semester 3
Student 3030,STU3030,21,3,100,4,6,2,Yes,Yes,Yes,No,Business,Semester 3
Student 3031,STU3031,17,4,69,0,7,2,Yes,Yes,Yes,Yes,Software Engineering,Semester 2
Student 3032,STU3032,19,3,80,6,5,2,Yes,No,Yes,No,Computer Science,Semester 3
Student 3033,STU3033,22,4,65,0,5,4,Yes,No,Yes,No,Computer Science,Semester 1
Student 3034,STU3034,18,2,82,2,5,0,Yes,Yes,No,No,Engineering,Semester 1
Student 3035,STU3035,21,5,66,1,4,3,Yes,Yes,Yes,No,Computer Science,Semester 2
Student 3036,STU3036,22,1,74,3,5,2,Yes,No,No,No,Software Engineering,Semester 2
Student 3037,STU3037,20,2,82,3,3,3,Yes,No,No,Yes,Business,Semester 4
Student 3038,STU3038,21,5,70,4,5,2,No,No,No,Yes,Engineering,Semester 4
Student 3039,STU3039,18,6,89,2,5,3,Yes,No,Yes,Yes,Engineering,Semester 1
Student 3040,STU3040,20,4,71,3,5,2,Yes,No,No,Yes,Data Science,Semester 2
Student 3041,STU3041,22,5,69,3,10,0,Yes,No,No,No,Data Science,Semester 4
Student 3042,STU3042,21,5,80,1,7,1,No,No,Yes,Yes,Business,Semester 4
Student 3043,STU3043,19,4,85,2,5,4,Yes,No,No,No,Business,Semester 3
Student 3044,STU3044,21,3,71,3,6,3,Yes,No,No,No,Engineering,Semester 3
Student 3045,STU3045,22,5,69,0,6,1,Yes,No,No,No,Software Engineering,Semester 4
Student 3046,STU3046,17,3,74,0,6,1,Yes,No,No,No,Software Engineering,Semester 3
Student 3047,STU3047,23,4,100,1,8,1,Yes,Yes,No,No,Data Science,Semester 4
Student 3048,STU3048,20,1,90,3,7,2,Yes,No,No,Yes,Business,Semester 3
Student 3049,STU3049,21,3,77,2,1,1,Yes,No,No,No,Business,Semester 2
Student 3050,STU3050,23,3,71,0,7,0,Yes,No,No,Yes,Software Engineering,Semester 3
Student 3051,STU3051,18,4,75,3,4,3,Yes,No,No,No,Data Science,Semester 2
Student 3052,STU3052,19,3,94,2,4,3,Yes,No,Yes,Yes,Software Engineering,Semester 1
Student 3053,STU3053,20,3,98,1,7,2,Yes,No,No,Yes,Software Engineering,Semester 3
Student 3054,STU3054,19,3,75,1,2,3,Yes,No,No,No,Engineering,Semester 2
Student 3055,STU3055,24,2,84,3,8,3,Yes,Yes,Yes,No,Business,Semester 4
Student 3056,STU3056,19,1,79,2,7,3,No,No,No,No,Engineering,Semester 1
Student 3057,STU3057,19,3,92,2,6,2,Yes,Yes,No,Yes,Engineering,Semester 3
Student 3058,STU3058,21,3,73,0,7,0,Yes,Yes,No,Yes,Software Engineering,Semester 4
Student 3059,STU3059,18,4,89,3,7,0,Yes,No,Yes,Yes,Data Science,Semester 4
Student 3060,STU3060,20,3,71,1,5,1,No,Yes,Yes,No,Software Engineering,Semester 3
Student 3061,STU3061,21,4,89,1,6,2,Yes,No,No,No,Data Science,Semester 3
Student 3062,STU3062,20,3,75,1,3,2,Yes,Yes,No,No,Business,Semester 2
Student 3063,STU3063,20,3,79,1,7,1,Yes,Yes,No,No,Computer Science,Semester 2
Student 3064,STU3064,19,1,76,1,6,3,Yes,No,No,No,Business,Semester 1
Student 3065,STU3065,17,3,97,0,8,2,Yes,No,Yes,No,Software Engineering,Semester 3
Student 3066,STU3066,21,0,90,4,5,2,Yes,No,Yes,Yes,Data Science,Semester 1
Student 3067,STU3067,24,2,78,0,6,2,Yes,No,No,No,Computer Science,Semester 2
Student 3068,STU3068,21,2,75,1,3,3,No,No,Yes,No,Data Science,Semester 3
Student 3069,STU3069,21,4,92,0,5,3,Yes,No,No,Yes,Data Science,Semester 4
Student 3070,STU3070,22,4,54,3,6,0,Yes,No,Yes,No,Computer Science,Semester 1
Student 3071,STU3071,18,4,85,4,5,3,Yes,No,No,Yes,Computer Science,Semester 3
Student 3072,STU3072,24,2,74,3,8,0,Yes,No,No,Yes,Business,Semester 4
Student 3073,STU3073,21,5,100,1,6,1,Yes,Yes,No,No,Engineering,Semester 2
Student 3074,STU3074,24,3,100,1,5,3,Yes,No,No,Yes,Computer Science,Semester 4
Student 3075,STU3075,19,6,82,7,6,1,Yes,No,No,Yes,Engineering,Semester 1
Student 3076,STU3076,25,3,79,0,4,1,No,No,No,No,Engineering,Semester 3
Student 3077,STU3077,22,6,82,3,7,1,No,No,No,No,Engineering,Semester 4
Student 3078,STU3078,22,7,77,2,4,3,Yes,No,No,Yes,Engineering,Semester 3
Student 3079,STU3079,21,4,75,0,4,3,Yes,No,No,Yes,Computer Science,Semester 4
Student 3080,STU3080,20,4,83,0,5,2,No,No,No,No,Data Science,Semester 3
Student 3081,STU3081,23,3,87,1,5,0,Yes,Yes,No,No,Computer Science,Semester 1
Student 3082,STU3082,21,5,83,2,6,3,No,Yes,No,No,Computer Science,Semester 2
Student 3083,STU3083,17,3,84,1,8,1,Yes,No,No,Yes,Software Engineering,Semester 2
Student 3084,STU3084,18,4,76,2,5,1,Yes,No,No,Yes,Software Engineering,Semester 4
Student 3085,STU3085,20,4,74,2,5,4,Yes,Yes,No,Yes,Business,Semester 1
Student 3086,STU3086,21,3,74,0,1,2,Yes,Yes,Yes,No,Engineering,Semester 3
Student 3087,STU3087,20,2,88,2,5,3,Yes,Yes,No,No,Engineering,Semester 1
Student 3088,STU3088,23,2,82,3,5,0,Yes,No,No,No,Software Engineering,Semester 1
Student 3089,STU3089,17,5,83,1,5,1,Yes,No,No,No,Data Science,Semester 4
Student 3090,STU3090,21,4,84,2,8,2,Yes,No,No,No,Business,Semester 2
Student 3091,STU3091,17,5,81,0,6,1,Yes,Yes,No,No,Data Science,Semester 1
Student 3092,STU3092,22,3,82,2,4,2,No,No,Yes,Yes,Software Engineering,Semester 4
Student 3093,STU3093,20,3,92,0,3,1,Yes,Yes,No,Yes,Data Science,Semester 3
Student 3094,STU3094,21,3,88,2,3,3,Yes,Yes,No,Yes,Engineering,Semester 2
Student 3095,STU3095,19,1,80,2,4,0,Yes,No,Yes,Yes,Software Engineering,Semester 2
Student 3096,STU3096,23,4,78,0,5,2,Yes,No,Yes,No,Data Science,Semester 3
Student 3097,STU3097,23,3,90,1,1,2,No,Yes,No,Yes,Business,Semester 1
Student 3098,STU3098,22,3,84,1,5,1,Yes,Yes,No,No,Business,Semester 2
Student 3099,STU3099,20,3,79,2,6,1,Yes,Yes,No,Yes,Computer Science,Semester 1
Student 3100,STU3100,22,5,71,2,3,3,Yes,No,No,Yes,Software Engineering,Semester 4
Student 3101,STU3101,19,4,95,0,5,3,Yes,Yes,No,Yes,Software Engineering,Semester 3
Student 3102,STU3102,22,5,73,1,3,3,Yes,Yes,Yes,Yes,Software Engineering,Semester 2
Student 3103,STU3103,24,4,84,2,1,2,No,Yes,No,No,Engineering,Semester 3
Student 3104,STU3104,23,4,96,4,4,3,Yes,No,Yes,No,Engineering,Semester 2
Student 3105,STU3105,19,4,79,4,3,3,Yes,No,No,No,Software Engineering,Semester 3
Student 3106,STU3106,21,3,81,3,6,2,Yes,No,No,No,Data Science,Semester 4
Student 3107,STU3107,18,3,88,1,6,3,Yes,No,No,Yes,Engineering,Semester 4
Student 3108,STU3108,22,3,72,3,3,1,Yes,No,No,No,Software Engineering,Semester 1
Student 3109,STU3109,22,4,68,3,7,2,Yes,No,No,Yes,Engineering,Semester 4
Student 3110,STU3110,17,1,79,1,6,2,Yes,Yes,No,No,Computer Science,Semester 3
Student 3111,STU3111,18,3,82,2,5,2,Yes,Yes,Yes,No,Business,Semester 3
Student 3112,STU3112,20,4,82,0,6,3,Yes,No,Yes,Yes,Computer Science,Semester 4
Student 3113,STU3113,20,3,93,5,3,1,Yes,Yes,No,No,Software Engineering,Semester 3
Student 3114,STU3114,18,4,74,0,1,2,Yes,No,No,No,Business,Semester 3
Student 3115,STU3115,21,4,80,3,5,0,Yes,No,No,Yes,Data Science,Semester 3
Student 3116,STU3116,21,4,94,3,3,3,No,No,Yes,Yes,Software Engineering,Semester 1
Student 3117,STU3117,20,1,79,1,5,3,Yes,Yes,No,Yes,Data Science,Semester 1
Student 3118,STU3118,19,5,97,3,6,3,Yes,No,No,No,Data Science,Semester 2
Student 3119,STU3119,23,7,80,3,2,3,Yes,No,No,Yes,Engineering,Semester 3
Student 3120,STU3120,24,5,76,2,5,2,Yes,Yes,No,No,Engineering,Semester 1
Student 3121,STU3121,19,3,81,4,7,1,Yes,No,No,No,Business,Semester 4
Student 3122,STU3122,19,2,84,1,1,3,Yes,Yes,No,No,Business,Semester 3
Student 3123,STU3123,22,4,63,1,5,1,Yes,Yes,Yes,Yes,Engineering,Semester 3
Student 3124,STU3124,20,4,85,0,8,0,Yes,No,Yes,No,Business,Semester 2
Student 3125,STU3125,20,5,80,1,5,1,Yes,Yes,Yes,Yes,Computer Science,Semester 4
Student 3126,STU3126,22,2,92,2,6,3,Yes,Yes,No,No,Software Engineering,Semester 4
Student 3127,STU3127,17,4,86,3,3,3,Yes,Yes,Yes,No,Computer Science,Semester 3
Student 3128,STU3128,23,4,82,1,7,2,Yes,No,No,No,Software Engineering,Semester 1
Student 3129,STU3129,21,5,79,1,6,2,No,No,No,No,Engineering,Semester 2
Student 3130,STU3130,20,5,88,2,5,4,Yes,Yes,No,No,Computer Science,Semester 2
Student 3131,STU3131,20,4,82,2,5,3,Yes,No,No,Yes,Data Science,Semester 2
Student 3132,STU3132,20,6,78,2,6,2,Yes,Yes,Yes,No,Computer Science,Semester 3
Student 3133,STU3133,17,3,76,1,5,2,No,No,Yes,Yes,Business,Semester 2
Student 3134,STU3134,24,5,87,2,3,3,Yes,No,Yes,Yes,Computer Science,Semester 1
Student 3135,STU3135,21,4,78,0,5,2,Yes,No,No,Yes,Engineering,Semester 4
Student 3136,STU3136,22,4,79,3,5,2,Yes,No,No,No,Engineering,Semester 1
Student 3137,STU3137,23,7,86,3,3,3,Yes,No,Yes,No,Business,Semester 2
Student 3138,STU3138,18,1,90,2,5,2,Yes,Yes,No,No,Software Engineering,Semester 4
Student 3139,STU3139,22,2,86,1,5,0,Yes,No,No,No,Business,Semester 2
Student 3140,STU3140,20,5,88,3,4,3,Yes,Yes,No,No,Software Engineering,Semester 2
Student 3141,STU3141,22,5,87,2,6,2,Yes,No,Yes,No,Engineering,Semester 3
Student 3142,STU3142,17,4,82,2,6,0,No,Yes,No,Yes,Engineering,Semester 4
Student 3143,STU3143,20,5,85,1,4,3,Yes,No,No,No,Software Engineering,Semester 2
Student 3144,STU3144,19,2,96,1,5,0,Yes,Yes,No,No,Computer Science,Semester 2
Student 3145,STU3145,22,6,80,3,7,2,Yes,Yes,No,No,Computer Science,Semester 3
Student 3146,STU3146,22,4,58,2,5,1,Yes,No,No,Yes,Business,Semester 4
Student 3147,STU3147,19,6,61,3,2,2,No,No,Yes,Yes,Engineering,Semester 2
Student 3148,STU3148,19,1,97,2,3,3,Yes,No,No,No,Computer Science,Semester 2
Student 3149,STU3149,20,5,97,2,6,3,Yes,No,No,Yes,Engineering,Semester 1
Student 3150,STU3150,19,4,74,3,4,2,Yes,No,No,No,Business,Semester 1
Student 3151,STU3151,22,7,92,2,3,3,Yes,Yes,No,Yes,Data Science,Semester 1
Student 3152,STU3152,20,4,90,3,7,2,Yes,Yes,No,Yes,Engineering,Semester 3
Student 3153,STU3153,17,2,87,0,3,2,Yes,Yes,No,Yes,Data Science,Semester 1
Student 3154,STU3154,20,4,86,2,5,2,Yes,No,No,No,Engineering,Semester 1
Student 3155,STU3155,18,4,61,3,5,3,Yes,Yes,No,No,Software Engineering,Semester 2
Student 3156,STU3156,17,5,83,2,6,3,Yes,Yes,No,Yes,Data Science,Semester 3
Student 3157,STU3157,18,3,84,2,6,2,No,Yes,No,Yes,Software Engineering,Semester 4
Student 3158,STU3158,21,3,82,1,4,1,Yes,Yes,No,No,Software Engineering,Semester 2
Student 3159,STU3159,23,4,81,1,6,1,Yes,No,No,Yes,Business,Semester 2
Student 3160,STU3160,21,3,92,1,5,1,Yes,Yes,Yes,No,Business,Semester 3
Student 3161,STU3161,19,4,90,2,5,3,Yes,No,No,Yes,Computer Science,Semester 3
Student 3162,STU3162,22,3,89,0,8,0,Yes,No,No,No,Data Science,Semester 2
Student 3163,STU3163,20,4,89,0,3,1,Yes,No,No,No,Computer Science,Semester 2
Student 3164,STU3164,19,4,83,1,6,2,Yes,Yes,No,No,Data Science,Semester 2
Student 3165,STU3165,18,4,91,2,5,4,Yes,Yes,No,No,Business,Semester 3
Student 3166,STU3166,17,2,72,4,7,2,Yes,Yes,No,Yes,Business,Semester 2
Student 3167,STU3167,20,1,82,3,8,0,No,No,No,Yes,Business,Semester 2
Student 3168,STU3168,21,5,87,4,8,0,Yes,Yes,No,No,Data Science,Semester 4
Student 3169,STU3169,20,2,86,2,7,0,Yes,No,Yes,No,Business,Semester 1
Student 3170,STU3170,20,6,85,1,4,2,Yes,No,No,Yes,Computer Science,Semester 1
Student 3171,STU3171,18,3,89,4,4,1,Yes,No,No,No,Software Engineering,Semester 1
Student 3172,STU3172,22,5,93,1,6,3,Yes,No,Yes,No,Data Science,Semester 1
Student 3173,STU3173,18,4,73,2,3,3,Yes,No,No,No,Software Engineering,Semester 1
Student 3174,STU3174,22,6,84,0,5,2,Yes,No,No,Yes,Computer Science,Semester 2
Student 3175,STU3175,18,4,76,2,4,2,Yes,Yes,No,No,Engineering,Semester 2
Student 3176,STU3176,19,4,90,1,3,4,Yes,No,No,Yes,Business,Semester 4
Student 3177,STU3177,17,2,87,2,5,1,Yes,No,No,No,Computer Science,Semester 3
Student 3178,STU3178,19,4,74,1,6,0,No,No,No,Yes,Engineering,Semester 4
Student 3179,STU3179,23,5,81,1,6,1,Yes,Yes,No,No,Data Science,Semester 3
Student 3180,STU3180,22,4,70,2,5,2,Yes,No,No,Yes,Computer Science,Semester 3
Student 3181,STU3181,23,5,89,2,4,2,Yes,Yes,No,Yes,Data Science,Semester 4
Student 3182,STU3182,22,4,77,2,4,1,Yes,Yes,No,Yes,Software Engineering,Semester 2
Student 3183,STU3183,18,5,73,2,7,1,Yes,Yes,Yes,Yes,Software Engineering,Semester 4
Student 3184,STU3184,20,4,79,2,4,2,Yes,Yes,Yes,No,Data Science,Semester 1
Student 3185,STU3185,19,5,86,1,4,3,Yes,No,Yes,Yes,Software Engineering,Semester 4
Student 3186,STU3186,23,4,84,1,6,1,Yes,No,No,No,Software Engineering,Semester 2
Student 3187,STU3187,18,6,78,2,3,0,Yes,Yes,No,No,Business,Semester 2
Student 3188,STU3188,23,3,81,0,5,2,Yes,No,Yes,No,Data Science,Semester 3
Student 3189,STU3189,23,3,79,2,4,1,Yes,No,Yes,Yes,Data Science,Semester 3
Student 3190,STU3190,25,3,74,0,4,0,Yes,No,No,No,Engineering,Semester 4
Student 3191,STU3191,20,3,67,4,5,1,Yes,No,No,Yes,Business,Semester 3
Student 3192,STU3192,22,3,81,0,6,1,No,No,Yes,No,Computer Science,Semester 4
Student 3193,STU3193,26,6,86,3,5,3,No,Yes,Yes,Yes,Business,Semester 3
Student 3194,STU3194,19,6,81,0,6,3,Yes,No,Yes,No,Computer Science,Semester 2
Student 3195,STU3195,17,3,98,1,6,1,Yes,No,No,Yes,Data Science,Semester 3
Student 3196,STU3196,17,5,77,4,6,2,Yes,No,Yes,No,Business,Semester 1
Student 3197,STU3197,22,3,81,2,5,3,No,No,No,Yes,Engineering,Semester 2
Student 3198,STU3198,17,4,85,1,6,2,No,No,No,Yes,Software Engineering,Semester 1
Student 3199,STU3199,20,6,85,2,5,1,Yes,Yes,No,No,Computer Science,Semester 2
Student 3200,STU3200,22,3,80,3,6,1,Yes,Yes,Yes,No,Software Engineering,Semester 4
Student 3201,STU3201,21,2,81,3,7,0,Yes,Yes,No,No,Data Science,Semester 2
Student 3202,STU3202,21,4,81,0,6,1,Yes,No,No,Yes,Data Science,Semester 3
Student 3203,STU3203,21,2,87,1,3,2,Yes,No,No,No,Data Science,Semester 1
Student 3204,STU3204,23,4,76,1,4,2,No,No,Yes,No,Software Engineering,Semester 2
Student 3205,STU3205,18,4,62,0,6,2,Yes,No,No,Yes,Data Science,Semester 4
Student 3206,STU3206,19,4,79,2,1,3,Yes,No,No,Yes,Data Science,Semester 1
Student 3207,STU3207,19,4,95,3,6,3,No,No,Yes,No,Software Engineering,Semester 2
Student 3208,STU3208,22,4,88,3,6,0,Yes,No,No,No,Data Science,Semester 4
Student 3209,STU3209,23,5,69,2,10,1,Yes,Yes,No,No,Computer Science,Semester 2
Student 3210,STU3210,22,6,87,1,6,1,Yes,No,No,No,Business,Semester 2
Student 3211,STU3211,23,5,83,0,5,2,Yes,No,Yes,Yes,Computer Science,Semester 1
Student 3212,STU3212,18,5,79,1,7,1,Yes,Yes,Yes,No,Data Science,Semester 2
Student 3213,STU3213,24,2,73,1,4,1,Yes,Yes,No,No,Data Science,Semester 1
Student 3214,STU3214,24,4,75,2,5,3,Yes,No,No,No,Data Science,Semester 1
Student 3215,STU3215,22,4,77,1,5,3,Yes,Yes,No,No,Data Science,Semester 3
Student 3216,STU3216,24,7,96,2,6,2,Yes,No,No,No,Software Engineering,Semester 1
Student 3217,STU3217,17,1,87,4,3,2,Yes,Yes,No,Yes,Business,Semester 2
Student 3218,STU3218,19,5,76,5,7,1,Yes,No,No,Yes,Software Engineering,Semester 2
Student 3219,STU3219,19,4,77,0,4,3,Yes,No,Yes,Yes,Software Engineering,Semester 2
Student 3220,STU3220,22,4,81,1,9,1,Yes,No,No,No,Data Science,Semester 2
Student 3221,STU3221,18,2,78,1,2,0,Yes,No,No,Yes,Computer Science,Semester 1
Student 3222,STU3222,22,4,82,0,4,0,Yes,No,No,No,Computer Science,Semester 3
Student 3223,STU3223,24,6,80,0,1,2,Yes,No,Yes,Yes,Engineering,Semester 1
Student 3224,STU3224,22,2,82,2,10,0,Yes,No,Yes,Yes,Business,Semester 2
Student 3225,STU3225,21,4,66,5,3,3,Yes,No,Yes,No,Engineering,Semester 1
Student 3226,STU3226,18,3,88,2,6,1,No,Yes,No,No,Software Engineering,Semester 3
Student 3227,STU3227,19,6,77,1,6,2,Yes,No,No,Yes,Engineering,Semester 4
Student 3228,STU3228,23,5,89,1,3,2,Yes,No,Yes,No,Engineering,Semester 3
Student 3229,STU3229,22,4,99,4,6,1,Yes,Yes,Yes,No,Engineering,Semester 3
Student 3230,STU3230,20,3,70,0,3,1,Yes,Yes,Yes,Yes,Business,Semester 4
Student 3231,STU3231,20,3,82,2,4,3,Yes,Yes,No,Yes,Computer Science,Semester 3
Student 3232,STU3232,17,4,78,4,5,3,Yes,No,Yes,No,Computer Science,Semester 3
Student 3233,STU3233,18,2,85,2,6,1,Yes,No,No,Yes,Engineering,Semester 1
Student 3234,STU3234,25,3,65,4,2,4,Yes,Yes,No,No,Business,Semester 3
Student 3235,STU3235,18,1,79,0,6,3,Yes,No,No,No,Computer Science,Semester 3
Student 3236,STU3236,21,4,75,1,5,2,Yes,No,No,Yes,Data Science,Semester 2
Student 3237,STU3237,23,3,95,2,8,2,Yes,Yes,No,Yes,Computer Science,Semester 3
Student 3238,STU3238,18,3,96,0,5,3,No,No,No,Yes,Computer Science,Semester 1
Student 3239,STU3239,21,4,79,1,5,2,Yes,No,No,No,Business,Semester 4
Student 3240,STU3240,23,4,72,1,6,0,Yes,No,No,No,Business,Semester 2
Student 3241,STU3241,21,6,75,0,5,3,Yes,Yes,No,No,Computer Science,Semester 1
Student 3242,STU3242,27,3,82,3,7,0,Yes,Yes,No,Yes,Data Science,Semester 2
Student 3243,STU3243,17,5,70,2,6,2,Yes,Yes,No,Yes,Data Science,Semester 3
Student 3244,STU3244,23,4,86,0,7,1,Yes,No,No,Yes,Engineering,Semester 1
Student 3245,STU3245,20,3,80,1,3,3,Yes,No,No,Yes,Engineering,Semester 2
Student 3246,STU3246,22,6,84,4,6,0,Yes,No,No,No,Computer Science,Semester 1
Student 3247,STU3247,22,1,85,0,6,2,Yes,Yes,Yes,No,Computer Science,Semester 2
Student 3248,STU3248,19,4,93,3,3,2,Yes,Yes,No,No,Computer Science,Semester 3
Student 3249,STU3249,21,3,87,4,5,3,No,No,No,No,Data Science,Semester 4
Student 3250,STU3250,17,4,84,1,2,3,Yes,No,No,Yes,Software Engineering,Semester 4
Student 3251,STU3251,22,2,84,1,2,1,Yes,No,No,Yes,Engineering,Semester 1
Student 3252,STU3252,21,5,66,1,5,2,Yes,No,Yes,Yes,Engineering,Semester 4
Student 3253,STU3253,22,1,83,3,8,2,Yes,Yes,No,Yes,Software Engineering,Semester 1
Student 3254,STU3254,23,4,86,0,8,2,Yes,Yes,No,No,Computer Science,Semester 1
Student 3255,STU3255,21,3,81,2,5,3,Yes,Yes,Yes,Yes,Engineering,Semester 3
Student 3256,STU3256,21,4,95,1,3,4,Yes,Yes,No,No,Data Science,Semester 3
Student 3257,STU3257,19,3,70,2,7,1,Yes,Yes,Yes,No,Software Engineering,Semester 2
Student 3258,STU3258,19,2,76,1,1,2,Yes,Yes,Yes,Yes,Data Science,Semester 1
Student 3259,STU3259,23,6,76,3,4,0,Yes,Yes,Yes,No,Computer Science,Semester 2
Student 3260,STU3260,24,6,82,0,4,3,No,Yes,No,No,Engineering,Semester 2
Student 3261,STU3261,20,2,76,1,5,2,Yes,No,No,Yes,Data Science,Semester 3
Student 3262,STU3262,21,4,72,0,8,2,Yes,Yes,Yes,No,Software Engineering,Semester 1
Student 3263,STU3263,19,5,79,0,1,4,Yes,No,No,Yes,Computer Science,Semester 3
Student 3264,STU3264,23,3,90,8,6,2,Yes,No,Yes,No,Engineering,Semester 1
Student 3265,STU3265,22,3,88,0,6,1,Yes,No,No,Yes,Engineering,Semester 4
Student 3266,STU3266,25,4,76,0,5,1,Yes,No,Yes,Yes,Computer Science,Semester 4
Student 3267,STU3267,19,4,79,1,6,2,Yes,Yes,Yes,No,Computer Science,Semester 2
Student 3268,STU3268,20,3,75,2,6,3,Yes,No,Yes,No,Computer Science,Semester 3
Student 3269,STU3269,21,4,71,2,5,1,Yes,No,No,Yes,Data Science,Semester 3
Student 3270,STU3270,22,3,85,1,1,3,Yes,No,No,Yes,Business,Semester 1
Student 3271,STU3271,20,3,71,3,3,1,Yes,Yes,No,No,Engineering,Semester 2
Student 3272,STU3272,19,3,87,2,8,1,Yes,Yes,Yes,Yes,Data Science,Semester 3
Student 3273,STU3273,22,3,96,2,3,2,Yes,Yes,No,No,Software Engineering,Semester 2
Student 3274,STU3274,22,4,85,1,5,1,Yes,No,No,No,Engineering,Semester 3
Student 3275,STU3275,19,2,87,2,4,0,Yes,No,Yes,No,Business,Semester 4
Student 3276,STU3276,24,1,86,2,6,0,Yes,Yes,Yes,No,Software Engineering,Semester 3
Student 3277,STU3277,23,3,78,3,5,1,Yes,No,Yes,No,Engineering,Semester 3
Student 3278,STU3278,21,4,85,1,6,1,Yes,No,No,No,Business,Semester 4
Student 3279,STU3279,21,2,84,1,6,1,Yes,No,No,No,Computer Science,Semester 2
Student 3280,STU3280,22,6,77,3,4,4,Yes,No,No,Yes,Business,Semester 2
Student 3281,STU3281,19,3,61,2,1,1,Yes,No,Yes,No,Engineering,Semester 2
Student 3282,STU3282,21,3,73,2,3,0,Yes,Yes,No,No,Business,Semester 4
Student 3283,STU3283,17,3,74,2,3,4,No,No,No,No,Engineering,Semester 4
Student 3284,STU3284,22,5,86,6,3,3,No,Yes,Yes,No,Engineering,Semester 4
Student 3285,STU3285,17,6,70,2,6,4,Yes,No,No,Yes,Business,Semester 2
Student 3286,STU3286,24,2,97,5,9,1,Yes,No,No,No,Business,Semester 2
Student 3287,STU3287,20,5,95,3,1,2,Yes,No,Yes,No,Software Engineering,Semester 2
Student 3288,STU3288,20,4,90,1,2,2,Yes,No,No,Yes,Software Engineering,Semester 2
Student 3289,STU3289,19,3,77,1,5,2,No,Yes,No,Yes,Data Science,Semester 1
Student 3290,STU3290,20,4,65,2,5,0,Yes,Yes,No,Yes,Engineering,Semester 4
Student 3291,STU3291,24,2,88,4,6,0,Yes,No,No,No,Software Engineering,Semester 4
Student 3292,STU3292,17,3,76,0,5,2,No,Yes,Yes,No,Data Science,Semester 4
Student 3293,STU3293,23,2,88,0,7,0,Yes,No,No,No,Engineering,Semester 2
Student 3294,STU3294,21,3,86,1,6,1,Yes,Yes,No,No,Data Science,Semester 2
Student 3295,STU3295,18,4,78,2,7,3,No,Yes,No,No,Software Engineering,Semester 1
Student 3296,STU3296,18,5,72,1,7,2,Yes,Yes,No,No,Data Science,Semester 1
Student 3297,STU3297,24,4,83,0,3,2,Yes,No,No,Yes,Business,Semester 2
Student 3298,STU3298,18,2,69,3,6,1,Yes,No,Yes,Yes,Data Science,Semester 2
Student 3299,STU3299,18,4,84,1,6,2,Yes,Yes,Yes,No,Computer Science,Semester 2
Student 3300,STU3300,23,1,85,1,4,1,Yes,Yes,Yes,Yes,Computer Science,Semester 4
Student 3301,STU3301,21,5,76,1,4,3,Yes,No,Yes,Yes,Data Science,Semester 1
Student 3302,STU3302,18,2,70,1,4,1,No,Yes,Yes,Yes,Computer Science,Semester 4
Student 3303,STU3303,21,6,95,2,3,3,Yes,No,No,Yes,Data Science,Semester 3
Student 3304,STU3304,18,5,77,2,3,1,Yes,No,No,No,Data Science,Semester 3
Student 3305,STU3305,23,4,80,3,9,2,Yes,No,No,No,Data Science,Semester 3
Student 3306,STU3306,23,4,75,2,5,0,Yes,No,No,No,Computer Science,Semester 3
Student 3307,STU3307,22,3,77,2,5,0,Yes,No,No,No,Engineering,Semester 4
Student 3308,STU3308,21,3,75,0,2,2,Yes,No,Yes,No,Data Science,Semester 3
Student 3309,STU3309,24,3,98,3,6,3,Yes,No,No,No,Data Science,Semester 2
Student 3310,STU3310,21,3,76,2,4,1,Yes,No,No,Yes,Business,Semester 3
Student 3311,STU3311,18,4,91,0,5,2,Yes,Yes,Yes,No,Business,Semester 2
Student 3312,STU3312,22,5,83,2,9,0,Yes,No,No,Yes,Software Engineering,Semester 4
Student 3313,STU3313,25,4,83,3,5,1,Yes,Yes,Yes,No,Computer Science,Semester 1
Student 3314,STU3314,18,5,77,1,1,3,Yes,No,Yes,No,Engineering,Semester 1
Student 3315,STU3315,20,2,80,2,6,2,Yes,No,Yes,Yes,Data Science,Semester 3
Student 3316,STU3316,21,4,96,5,5,2,Yes,Yes,No,Yes,Data Science,Semester 1
Student 3317,STU3317,20,4,88,2,6,2,Yes,Yes,No,Yes,Computer Science,Semester 2
Student 3318,STU3318,18,2,71,2,4,3,Yes,No,No,Yes,Software Engineering,Semester 3
Student 3319,STU3319,23,3,74,2,5,3,Yes,No,No,No,Software Engineering,Semester 3
Student 3320,STU3320,26,5,85,1,3,1,Yes,No,Yes,No,Business,Semester 2
Student 3321,STU3321,21,0,87,0,7,3,Yes,No,No,No,Computer Science,Semester 2
Student 3322,STU3322,19,3,88,3,7,2,Yes,Yes,No,No,Software Engineering,Semester 4
Student 3323,STU3323,17,3,81,2,8,1,Yes,No,Yes,Yes,Software Engineering,Semester 2
Student 3324,STU3324,21,4,75,1,4,1,Yes,No,No,Yes,Engineering,Semester 4
Student 3325,STU3325,23,5,75,0,6,3,Yes,No,Yes,No,Business,Semester 3
Student 3326,STU3326,22,4,63,0,9,0,Yes,Yes,Yes,No,Business,Semester 1
Student 3327,STU3327,21,5,95,0,4,3,Yes,No,No,No,Business,Semester 1
Student 3328,STU3328,19,5,61,1,3,3,Yes,Yes,No,Yes,Software Engineering,Semester 4
Student 3329,STU3329,18,3,80,1,6,0,Yes,Yes,No,No,Data Science,Semester 1
Student 3330,STU3330,22,0,67,0,7,1,Yes,No,No,No,Software Engineering,Semester 1
Student 3331,STU3331,23,4,77,1,4,2,Yes,Yes,No,No,Software Engineering,Semester 3
Student 3332,STU3332,17,2,86,0,9,2,Yes,Yes,No,No,Computer Science,Semester 4
Student 3333,STU3333,24,4,63,2,3,2,Yes,No,No,No,Business,Semester 2
Student 3334,STU3334,22,2,84,3,6,2,Yes,No,No,Yes,Business,Semester 1
Student 3335,STU3335,24,3,89,1,4,3,No,No,No,No,Engineering,Semester 3
Student 3336,STU3336,18,4,78,2,4,3,Yes,No,No,Yes,Business,Semester 3
Student 3337,STU3337,18,3,100,1,7,2,No,No,No,No,Software Engineering,Semester 1
Student 3338,STU3338,20,4,49,3,5,3,Yes,Yes,No,No,Computer Science,Semester 2
Student 3339,STU3339,22,2,68,2,2,2,Yes,No,No,No,Engineering,Semester 2
Student 3340,STU3340,25,5,79,1,4,2,Yes,No,No,Yes,Software Engineering,Semester 4
Student 3341,STU3341,22,3,79,1,6,1,No,No,Yes,Yes,Software Engineering,Semester 4
Student 3342,STU3342,20,3,82,2,6,3,Yes,Yes,No,No,Engineering,Semester 4
Student 3343,STU3343,18,3,89,0,6,2,Yes,Yes,No,Yes,Software Engineering,Semester 3
Student 3344,STU3344,23,2,72,0,4,1,Yes,No,No,No,Software Engineering,Semester 2
Student 3345,STU3345,18,3,71,2,3,3,Yes,No,No,Yes,Computer Science,Semester 4
Student 3346,STU3346,24,5,76,2,4,2,Yes,No,Yes,No,Computer Science,Semester 3
Student 3347,STU3347,20,2,90,0,4,3,Yes,No,No,Yes,Computer Science,Semester 2
Student 3348,STU3348,24,1,88,0,5,3,Yes,Yes,Yes,No,Business,Semester 1
Student 3349,STU3349,22,5,81,1,3,4,Yes,No,No,No,Engineering,Semester 4
Student 3350,STU3350,20,4,77,3,7,1,Yes,No,No,No,Computer Science,Semester 4
Student 3351,STU3351,19,4,65,3,5,3,Yes,No,No,Yes,Software Engineering,Semester 2
Student 3352,STU3352,20,4,84,1,3,4,Yes,Yes,No,No,Business,Semester 1
Student 3353,STU3353,21,1,82,1,5,2,No,No,No,No,Engineering,Semester 1
Student 3354,STU3354,21,3,70,5,3,1,Yes,No,Yes,Yes,Computer Science,Semester 3
Student 3355,STU3355,19,4,70,2,5,3,Yes,Yes,Yes,No,Computer Science,Semester 4
Student 3356,STU3356,20,3,79,2,4,2,Yes,No,No,No,Engineering,Semester 1
Student 3357,STU3357,21,3,87,6,9,3,Yes,Yes,Yes,Yes,Computer Science,Semester 3
Student 3358,STU3358,17,5,73,3,2,4,Yes,No,Yes,No,Engineering,Semester 4
Student 3359,STU3359,22,4,85,1,3,1,Yes,No,No,No,Engineering,Semester 4
Student 3360,STU3360,18,4,67,0,5,3,Yes,Yes,No,Yes,Software Engineering,Semester 4
Student 3361,STU3361,18,3,82,6,5,1,Yes,Yes,No,Yes,Engineering,Semester 4
Student 3362,STU3362,17,0,75,1,5,1,Yes,No,Yes,No,Data Science,Semester 1
Student 3363,STU3363,17,3,65,3,7,1,Yes,No,Yes,No,Computer Science,Semester 1
Student 3364,STU3364,18,3,77,1,6,0,Yes,No,No,No,Software Engineering,Semester 1
Student 3365,STU3365,19,3,71,1,3,1,No,Yes,No,No,Business,Semester 2
Student 3366,STU3366,25,3,79,4,7,1,Yes,No,No,Yes,Data Science,Semester 2
Student 3367,STU3367,19,4,85,2,6,1,Yes,Yes,Yes,Yes,Engineering,Semester 4
Student 3368,STU3368,21,5,85,0,8,2,Yes,No,Yes,No,Business,Semester 1
Student 3369,STU3369,21,2,66,5,5,1,Yes,No,Yes,No,Business,Semester 3
Student 3370,STU3370,21,3,86,2,7,0,Yes,No,No,Yes,Business,Semester 1
Student 3371,STU3371,20,6,85,2,1,4,Yes,No,Yes,No,Business,Semester 3
Student 3372,STU3372,18,1,78,1,4,3,Yes,Yes,No,No,Software Engineering,Semester 4
Student 3373,STU3373,24,3,71,2,3,4,Yes,Yes,Yes,No,Software Engineering,Semester 4
Student 3374,STU3374,25,1,78,0,6,0,Yes,No,No,Yes,Business,Semester 4
Student 3375,STU3375,17,3,94,1,4,2,Yes,No,Yes,Yes,Data Science,Semester 1
Student 3376,STU3376,18,4,86,0,7,1,Yes,No,No,No,Computer Science,Semester 1
Student 3377,STU3377,20,1,89,3,6,2,Yes,No,Yes,No,Computer Science,Semester 3
Student 3378,STU3378,18,4,74,5,4,0,Yes,No,No,Yes,Software Engineering,Semester 3
Student 3379,STU3379,22,3,77,2,5,1,Yes,No,No,No,Data Science,Semester 2
Student 3380,STU3380,19,5,71,5,5,1,Yes,No,Yes,Yes,Data Science,Semester 4
Student 3381,STU3381,25,4,76,2,5,3,Yes,Yes,No,Yes,Engineering,Semester 3
Student 3382,STU3382,23,3,92,7,6,2,Yes,Yes,No,Yes,Software Engineering,Semester 1
Student 3383,STU3383,21,3,78,0,4,1,Yes,No,No,Yes,Data Science,Semester 3
Student 3384,STU3384,23,6,76,7,2,0,Yes,No,No,No,Data Science,Semester 2
Student 3385,STU3385,23,3,83,2,6,3,Yes,No,No,No,Computer Science,Semester 1
Student 3386,STU3386,19,2,77,0,7,1,No,Yes,Yes,Yes,Data Science,Semester 1
Student 3387,STU3387,19,2,82,0,2,4,Yes,No,Yes,No,Data Science,Semester 1
Student 3388,STU3388,21,3,77,5,5,2,Yes,Yes,No,No,Business,Semester 3
Student 3389,STU3389,22,5,83,1,3,3,Yes,No,No,Yes,Computer Science,Semester 4
Student 3390,STU3390,21,3,79,4,7,2,Yes,Yes,Yes,No,Computer Science,Semester 4
Student 3391,STU3391,17,2,73,4,7,2,Yes,Yes,No,No,Business,Semester 4
Student 3392,STU3392,19,4,90,1,4,3,No,Yes,Yes,No,Computer Science,Semester 4
Student 3393,STU3393,20,4,96,4,3,2,No,Yes,No,No,Engineering,Semester 4
Student 3394,STU3394,20,4,86,3,5,2,Yes,No,No,Yes,Engineering,Semester 1
Student 3395,STU3395,25,1,70,4,3,3,No,Yes,No,Yes,Software Engineering,Semester 1
Student 3396,STU3396,18,4,80,2,7,1,No,Yes,Yes,No,Computer Science,Semester 3
Student 3397,STU3397,22,4,84,2,5,3,Yes,No,No,No,Computer Science,Semester 1
Student 3398,STU3398,24,3,68,2,8,0,Yes,No,No,Yes,Engineering,Semester 3
Student 3399,STU3399,26,5,77,1,8,0,Yes,Yes,No,Yes,Software Engineering,Semester 3
Student 3400,STU3400,20,4,55,0,5,2,Yes,Yes,Yes,No,Software Engineering,Semester 2
Student 3401,STU3401,22,4,73,0,5,2,Yes,No,No,Yes,Engineering,Semester 1
Student 3402,STU3402,22,4,84,3,3,4,Yes,No,No,Yes,Engineering,Semester 3
Student 3403,STU3403,21,1,81,3,2,4,No,No,No,Yes,Business,Semester 4
Student 3404,STU3404,20,3,73,1,6,1,Yes,No,No,No,Software Engineering,Semester 4
Student 3405,STU3405,22,3,81,1,6,2,Yes,Yes,No,Yes,Software Engineering,Semester 2
Student 3406,STU3406,17,4,79,3,6,3,Yes,Yes,Yes,No,Business,Semester 3
Student 3407,STU3407,22,7,89,6,3,3,No,No,No,Yes,Engineering,Semester 1
Student 3408,STU3408,21,3,65,5,4,3,No,No,No,No,Business,Semester 4
Student 3409,STU3409,20,5,76,2,5,1,Yes,Yes,No,No,Business,Semester 4
Student 3410,STU3410,25,5,94,1,4,2,Yes,No,No,No,Data Science,Semester 2
Student 3411,STU3411,19,4,72,4,5,1,Yes,Yes,Yes,No,Software Engineering,Semester 4
Student 3412,STU3412,20,5,73,2,3,4,Yes,Yes,No,No,Engineering,Semester 3
Student 3413,STU3413,25,4,77,2,5,2,Yes,Yes,No,Yes,Data Science,Semester 2
Student 3414,STU3414,19,4,92,1,5,1,Yes,Yes,No,Yes,Data Science,Semester 4
Student 3415,STU3415,19,6,85,1,4,3,Yes,No,No,Yes,Data Science,Semester 1
Student 3416,STU3416,20,4,73,2,5,2,Yes,No,No,Yes,Engineering,Semester 3
Student 3417,STU3417,22,3,81,3,5,2,Yes,Yes,No,No,Business,Semester 4
Student 3418,STU3418,21,4,79,0,6,0,Yes,No,No,No,Engineering,Semester 1
Student 3419,STU3419,18,2,85,0,3,3,Yes,No,No,No,Software Engineering,Semester 3
Student 3420,STU3420,19,5,81,3,4,2,Yes,No,No,No,Software Engineering,Semester 4
Student 3421,STU3421,19,3,83,3,5,2,Yes,No,No,No,Business,Semester 2
Student 3422,STU3422,20,0,79,1,5,0,Yes,Yes,Yes,Yes,Engineering,Semester 1
Student 3423,STU3423,21,3,92,1,3,2,Yes,No,No,No,Business,Semester 4
Student 3424,STU3424,21,3,81,2,4,0,Yes,No,No,No,Business,Semester 2
Student 3425,STU3425,17,4,77,0,6,3,Yes,No,No,Yes,Engineering,Semester 3
Student 3426,STU3426,23,2,90,1,4,3,Yes,No,No,No,Software Engineering,Semester 3
Student 3427,STU3427,21,4,86,2,6,2,Yes,Yes,Yes,No,Engineering,Semester 1
Student 3428,STU3428,24,3,74,1,5,2,Yes,No,No,No,Software Engineering,Semester 1
Student 3429,STU3429,22,3,50,0,4,0,No,Yes,Yes,No,Computer Science,Semester 3
Student 3430,STU3430,23,5,86,2,7,4,Yes,Yes,Yes,No,Computer Science,Semester 2
Student 3431,STU3431,22,5,78,4,5,2,Yes,Yes,No,Yes,Computer Science,Semester 3
Student 3432,STU3432,24,5,82,3,5,2,No,No,No,No,Data Science,Semester 4
Student 3433,STU3433,22,3,91,1,4,3,Yes,Yes,No,No,Software Engineering,Semester 4
Student 3434,STU3434,20,4,74,2,8,1,Yes,No,Yes,No,Software Engineering,Semester 2
Student 3435,STU3435,26,4,73,0,5,0,Yes,No,No,No,Engineering,Semester 4
Student 3436,STU3436,23,5,70,5,7,2,Yes,No,No,No,Software Engineering,Semester 4
Student 3437,STU3437,22,3,99,5,7,3,Yes,Yes,Yes,Yes,Engineering,Semester 1
Student 3438,STU3438,18,2,91,1,3,1,Yes,No,No,No,Data Science,Semester 4
Student 3439,STU3439,18,5,87,5,4,2,No,No,Yes,No,Engineering,Semester 2
Student 3440,STU3440,21,5,66,2,4,2,No,No,No,No,Computer Science,Semester 3
Student 3441,STU3441,21,4,70,1,7,1,Yes,No,No,No,Engineering,Semester 2
Student 3442,STU3442,19,2,87,1,9,1,Yes,No,No,No,Engineering,Semester 1
Student 3443,STU3443,21,6,85,1,6,0,Yes,No,No,Yes,Engineering,Semester 2
Student 3444,STU3444,24,4,79,3,8,1,No,No,No,No,Software Engineering,Semester 3
Student 3445,STU3445,22,3,71,0,6,1,No,Yes,No,No,Business,Semester 3
Student 3446,STU3446,18,5,90,0,6,3,Yes,No,No,No,Business,Semester 2
Student 3447,STU3447,20,6,96,2,4,4,Yes,No,No,Yes,Business,Semester 3
Student 3448,STU3448,19,1,85,4,6,0,Yes,No,No,No,Software Engineering,Semester 1
Student 3449,STU3449,20,4,76,0,7,4,Yes,No,No,No,Computer Science,Semester 2
Student 3450,STU3450,20,5,94,0,7,2,Yes,Yes,Yes,No,Business,Semester 4
Student 3451,STU3451,19,3,83,4,5,2,Yes,No,Yes,No,Business,Semester 2
Student 3452,STU3452,18,4,95,1,5,3,Yes,No,No,No,Data Science,Semester 4
Student 3453,STU3453,20,3,79,4,5,1,Yes,No,Yes,Yes,Data Science,Semester 4
Student 3454,STU3454,19,6,98,2,4,3,Yes,Yes,No,No,Computer Science,Semester 2
Student 3455,STU3455,17,2,78,0,7,0,No,No,No,Yes,Engineering,Semester 3
Student 3456,STU3456,25,3,76,2,2,1,Yes,No,No,Yes,Engineering,Semester 4
Student 3457,STU3457,23,6,88,4,2,3,Yes,Yes,No,Yes,Data Science,Semester 4
Student 3458,STU3458,20,3,81,2,4,1,Yes,Yes,No,No,Data Science,Semester 2
Student 3459,STU3459,21,2,85,1,3,2,Yes,No,Yes,Yes,Computer Science,Semester 4
Student 3460,STU3460,18,3,73,2,7,0,Yes,Yes,No,Yes,Computer Science,Semester 2
Student 3461,STU3461,24,5,74,2,4,1,Yes,No,No,Yes,Software Engineering,Semester 4
Student 3462,STU3462,25,3,78,2,7,3,Yes,Yes,Yes,No,Engineering,Semester 4
Student 3463,STU3463,21,3,84,0,7,1,Yes,No,Yes,No,Software Engineering,Semester 2
Student 3464,STU3464,23,4,75,1,5,1,Yes,No,Yes,No,Business,Semester 2
Student 3465,STU3465,21,7,90,2,6,3,Yes,No,Yes,No,Computer Science,Semester 1
Student 3466,STU3466,18,4,66,2,5,1,Yes,No,Yes,Yes,Engineering,Semester 3
Student 3467,STU3467,20,6,95,3,7,2,Yes,No,No,Yes,Engineering,Semester 1
Student 3468,STU3468,21,4,73,2,1,3,Yes,No,No,Yes,Software Engineering,Semester 2
Student 3469,STU3469,20,2,84,2,4,3,Yes,Yes,No,No,Data Science,Semester 4
Student 3470,STU3470,20,6,85,2,6,1,Yes,No,Yes,No,Data Science,Semester 3
Student 3471,STU3471,20,3,84,1,5,3,Yes,Yes,No,Yes,Computer Science,Semester 2
Student 3472,STU3472,20,1,81,1,3,2,Yes,No,No,No,Data Science,Semester 1
Student 3473,STU3473,21,4,88,2,2,3,Yes,Yes,No,No,Business,Semester 4
Student 3474,STU3474,18,4,72,3,5,1,Yes,Yes,No,Yes,Engineering,Semester 4
Student 3475,STU3475,19,6,84,3,4,3,Yes,No,No,Yes,Data Science,Semester 2
Student 3476,STU3476,18,4,74,1,5,2,Yes,Yes,No,No,Computer Science,Semester 4
Student 3477,STU3477,23,3,77,3,5,3,No,Yes,No,Yes,Business,Semester 1
Student 3478,STU3478,17,5,84,1,5,0,Yes,No,Yes,Yes,Software Engineering,Semester 4
Student 3479,STU3479,23,4,89,1,3,2,Yes,No,No,Yes,Software Engineering,Semester 1
Student 3480,STU3480,24,4,71,2,5,3,Yes,No,No,No,Business,Semester 4
Student 3481,STU3481,20,0,95,2,4,2,Yes,No,Yes,No,Computer Science,Semester 3
Student 3482,STU3482,17,2,90,0,8,2,Yes,Yes,No,Yes,Software Engineering,Semester 2
Student 3483,STU3483,20,4,82,0,5,2,Yes,No,No,Yes,Engineering,Semester 2
Student 3484,STU3484,20,2,73,2,10,0,No,Yes,No,Yes,Engineering,Semester 4
Student 3485,STU3485,18,3,94,2,3,3,Yes,No,Yes,Yes,Computer Science,Semester 2
Student 3486,STU3486,19,5,85,0,5,3,Yes,No,Yes,No,Computer Science,Semester 3
Student 3487,STU3487,24,4,85,2,5,1,Yes,No,No,No,Engineering,Semester 1
Student 3488,STU3488,22,5,76,4,4,1,Yes,No,No,Yes,Computer Science,Semester 3
Student 3489,STU3489,19,4,83,0,4,1,Yes,Yes,No,Yes,Business,Semester 3
Student 3490,STU3490,17,3,77,1,4,1,Yes,No,No,Yes,Computer Science,Semester 1
Student 3491,STU3491,20,5,91,1,3,2,Yes,No,No,Yes,Engineering,Semester 2
Student 3492,STU3492,20,4,91,1,8,2,Yes,Yes,No,No,Data Science,Semester 1
Student 3493,STU3493,22,2,80,3,5,3,No,Yes,No,Yes,Computer Science,Semester 1
Student 3494,STU3494,19,6,77,2,7,0,No,No,No,Yes,Software Engineering,Semester 1
Student 3495,STU3495,22,4,88,4,7,1,Yes,No,No,Yes,Business,Semester 2
Student 3496,STU3496,25,5,87,1,8,2,Yes,No,Yes,No,Business,Semester 1
Student 3497,STU3497,22,4,72,1,3,2,No,No,No,No,Business,Semester 3
Student 3498,STU3498,20,5,79,1,7,2,No,Yes,No,Yes,Software Engineering,Semester 1
Student 3499,STU3499,20,4,99,1,5,3,Yes,No,No,No,Software Engineering,Semester 1
Student 3500,STU3500,20,3,81,3,9,1,Yes,No,No,Yes,Business,Semester 4
Student 3501,STU3501,23,3,83,1,6,1,Yes,Yes,No,No,Business,Semester 4
Student 3502,STU3502,19,4,86,0,5,3,Yes,No,No,No,Business,Semester 3
Student 3503,STU3503,21,4,77,3,7,1,No,Yes,No,No,Computer Science,Semester 2
Student 3504,STU3504,21,3,88,1,7,1,Yes,Yes,No,No,Software Engineering,Semester 4
Student 3505,STU3505,19,3,85,3,3,3,No,Yes,Yes,No,Engineering,Semester 3
Student 3506,STU3506,18,3,91,1,6,1,Yes,No,Yes,No,Computer Science,Semester 4
Student 3507,STU3507,21,2,68,3,8,0,No,No,No,No,Engineering,Semester 4
Student 3508,STU3508,20,4,84,3,6,3,Yes,No,No,No,Computer Science,Semester 2
Student 3509,STU3509,22,3,83,2,3,4,Yes,Yes,No,No,Computer Science,Semester 2
Student 3510,STU3510,19,4,70,4,7,0,Yes,No,No,Yes,Engineering,Semester 4
Student 3511,STU3511,23,3,79,0,6,0,Yes,No,Yes,Yes,Business,Semester 4
Student 3512,STU3512,19,4,85,4,5,2,Yes,No,No,Yes,Engineering,Semester 2
Student 3513,STU3513,24,4,82,1,4,3,No,No,No,No,Data Science,Semester 2
Student 3514,STU3514,17,4,81,1,6,3,Yes,No,Yes,No,Software Engineering,Semester 3
Student 3515,STU3515,22,2,81,2,3,2,No,Yes,Yes,Yes,Data Science,Semester 4
Student 3516,STU3516,22,3,78,2,5,3,No,No,No,No,Computer Science,Semester 2
Student 3517,STU3517,19,4,98,2,7,1,Yes,No,No,No,Engineering,Semester 4
Student 3518,STU3518,21,2,84,2,8,0,Yes,No,Yes,Yes,Business,Semester 3
Student 3519,STU3519,23,2,84,4,4,2,Yes,Yes,No,Yes,Business,Semester 1
Student 3520,STU3520,17,3,71,1,2,3,Yes,Yes,No,No,Data Science,Semester 4
Student 3521,STU3521,22,4,79,2,4,3,Yes,No,No,No,Data Science,Semester 3
Student 3522,STU3522,17,2,77,3,7,2,Yes,Yes,No,Yes,Computer Science,Semester 1
Student 3523,STU3523,18,5,81,4,4,2,Yes,Yes,No,No,Software Engineering,Semester 4
Student 3524,STU3524,24,3,79,1,7,1,Yes,No,Yes,No,Computer Science,Semester 3
Student 3525,STU3525,19,3,77,1,4,2,Yes,No,Yes,No,Business,Semester 1
Student 3526,STU3526,18,4,80,1,4,1,Yes,No,No,No,Engineering,Semester 3
Student 3527,STU3527,20,4,73,2,5,1,No,No,No,No,Data Science,Semester 3
Student 3528,STU3528,25,5,86,3,7,1,Yes,Yes,No,No,Business,Semester 3
Student 3529,STU3529,17,2,88,1,2,3,No,No,No,Yes,Computer Science,Semester 3
Student 3530,STU3530,18,5,86,1,6,2,Yes,Yes,No,No,Software Engineering,Semester 1
Student 3531,STU3531,24,4,88,1,6,1,Yes,No,Yes,No,Engineering,Semester 2
Student 3532,STU3532,25,1,88,3,3,2,Yes,No,No,Yes,Software Engineering,Semester 3
Student 3533,STU3533,20,3,71,2,6,0,Yes,No,Yes,No,Computer Science,Semester 1
Student 3534,STU3534,18,2,93,2,5,2,Yes,Yes,No,Yes,Computer Science,Semester 3
Student 3535,STU3535,25,6,89,4,3,3,Yes,No,Yes,Yes,Business,Semester 4
Student 3536,STU3536,24,4,66,1,5,0,Yes,Yes,Yes,No,Engineering,Semester 4
Student 3537,STU3537,22,1,75,0,3,1,Yes,No,Yes,Yes,Computer Science,Semester 2
Student 3538,STU3538,19,5,72,0,4,4,Yes,No,No,Yes,Business,Semester 1
Student 3539,STU3539,20,4,85,0,7,2,Yes,No,Yes,No,Computer Science,Semester 4
Student 3540,STU3540,20,4,77,1,4,2,Yes,Yes,No,No,Business,Semester 1
Student 3541,STU3541,21,4,82,2,7,1,Yes,No,No,No,Software Engineering,Semester 4
Student 3542,STU3542,24,4,95,0,5,1,Yes,No,No,Yes,Business,Semester 1
Student 3543,STU3543,22,6,93,1,3,3,Yes,Yes,No,Yes,Software Engineering,Semester 3
Student 3544,STU3544,18,3,74,1,6,2,Yes,No,No,Yes,Data Science,Semester 3
Student 3545,STU3545,24,5,85,4,6,2,No,Yes,No,No,Computer Science,Semester 4
Student 3546,STU3546,21,4,96,1,3,2,Yes,No,No,No,Data Science,Semester 2
Student 3547,STU3547,22,3,74,3,7,0,Yes,No,No,No,Engineering,Semester 4
Student 3548,STU3548,24,1,89,3,8,0,Yes,No,No,No,Data Science,Semester 4
Student 3549,STU3549,18,3,80,0,6,1,Yes,No,No,Yes,Business,Semester 2
Student 3550,STU3550,20,5,74,1,5,2,Yes,Yes,No,No,Business,Semester 3
Student 3551,STU3551,19,4,94,4,9,1,Yes,Yes,No,Yes,Engineering,Semester 3
Student 3552,STU3552,17,4,78,5,6,1,Yes,No,No,Yes,Engineering,Semester 4
Student 3553,STU3553,21,4,80,2,5,1,Yes,No,No,No,Computer Science,Semester 1
Student 3554,STU3554,26,4,79,2,8,0,Yes,Yes,Yes,Yes,Business,Semester 4
Student 3555,STU3555,17,3,90,2,8,1,Yes,No,Yes,No,Engineering,Semester 3
Student 3556,STU3556,20,2,89,2,2,3,Yes,No,No,Yes,Data Science,Semester 1
Student 3557,STU3557,22,3,76,1,4,0,Yes,Yes,No,No,Business,Semester 2
Student 3558,STU3558,21,4,82,4,6,0,Yes,No,Yes,Yes,Engineering,Semester 3
Student 3559,STU3559,20,3,85,2,7,1,Yes,Yes,No,No,Computer Science,Semester 2
Student 3560,STU3560,18,4,89,2,3,2,Yes,No,No,Yes,Software Engineering,Semester 3
Student 3561,STU3561,21,4,77,2,7,2,Yes,Yes,No,No,Business,Semester 3
Student 3562,STU3562,19,3,93,0,4,1,Yes,No,No,No,Business,Semester 1
Student 3563,STU3563,17,1,88,2,6,3,Yes,No,No,No,Business,Semester 3
Student 3564,STU3564,23,2,74,3,4,2,Yes,No,No,No,Business,Semester 4
Student 3565,STU3565,23,3,85,2,1,3,Yes,No,No,No,Software Engineering,Semester 2
Student 3566,STU3566,21,1,85,0,2,3,Yes,No,No,No,Software Engineering,Semester 3
Student 3567,STU3567,21,5,76,1,3,3,Yes,Yes,No,No,Computer Science,Semester 4
Student 3568,STU3568,23,5,85,1,4,3,Yes,No,No,Yes,Business,Semester 2
Student 3569,STU3569,21,5,82,1,5,3,Yes,No,No,No,Engineering,Semester 4
Student 3570,STU3570,23,4,69,3,4,1,No,No,Yes,No,Data Science,Semester 3
Student 3571,STU3571,20,4,41,3,5,1,Yes,Yes,Yes,No,Business,Semester 4
Student 3572,STU3572,23,4,98,3,4,3,Yes,Yes,No,Yes,Software Engineering,Semester 2
Student 3573,STU3573,21,5,81,3,5,3,Yes,No,No,No,Computer Science,Semester 2
Student 3574,STU3574,21,2,82,0,7,2,No,No,No,Yes,Business,Semester 2
Student 3575,STU3575,18,7,73,4,5,2,No,No,No,No,Computer Science,Semester 3
Student 3576,STU3576,21,5,77,0,6,1,Yes,No,No,No,Engineering,Semester 1
Student 3577,STU3577,19,2,99,2,6,2,Yes,Yes,Yes,No,Engineering,Semester 4
Student 3578,STU3578,19,2,100,0,5,4,Yes,No,No,No,Engineering,Semester 2
Student 3579,STU3579,19,3,67,0,2,2,Yes,No,No,Yes,Engineering,Semester 2
Student 3580,STU3580,18,3,82,3,6,0,Yes,No,No,No,Data Science,Semester 1
Student 3581,STU3581,25,3,96,2,4,2,Yes,Yes,Yes,Yes,Computer Science,Semester 2
Student 3582,STU3582,23,0,83,5,7,1,Yes,Yes,No,No,Business,Semester 2
Student 3583,STU3583,25,2,87,1,8,3,Yes,Yes,No,No,Data Science,Semester 3
Student 3584,STU3584,18,3,80,1,5,2,No,No,No,Yes,Business,Semester 1
Student 3585,STU3585,21,4,86,1,5,4,Yes,Yes,No,No,Software Engineering,Semester 2
Student 3586,STU3586,18,5,93,1,6,4,Yes,Yes,Yes,No,Data Science,Semester 3
Student 3587,STU3587,19,3,86,0,4,2,Yes,No,No,Yes,Data Science,Semester 3
Student 3588,STU3588,19,4,72,2,5,2,Yes,Yes,No,No,Software Engineering,Semester 3
Student 3589,STU3589,23,4,77,1,2,4,Yes,Yes,No,No,Data Science,Semester 3
Student 3590,STU3590,20,2,88,0,7,1,Yes,Yes,No,Yes,Computer Science,Semester 1
Student 3591,STU3591,23,4,81,0,8,2,No,Yes,No,Yes,Engineering,Semester 1
Student 3592,STU3592,22,4,77,3,5,1,Yes,No,No,No,Business,Semester 3
Student 3593,STU3593,26,7,73,1,4,3,Yes,No,No,Yes,Software Engineering,Semester 1
Student 3594,STU3594,17,5,74,5,6,2,Yes,No,Yes,Yes,Engineering,Semester 4
Student 3595,STU3595,23,1,76,3,3,1,Yes,No,No,Yes,Data Science,Semester 4
Student 3596,STU3596,23,4,85,1,5,3,Yes,No,No,No,Computer Science,Semester 3
Student 3597,STU3597,18,2,77,1,4,3,Yes,No,Yes,No,Data Science,Semester 2
Student 3598,STU3598,23,5,83,1,4,2,Yes,Yes,Yes,Yes,Software Engineering,Semester 2
Student 3599,STU3599,21,3,83,2,5,1,Yes,Yes,Yes,No,Data Science,Semester 4
Student 3600,STU3600,20,4,88,2,6,2,Yes,No,No,No,Computer Science,Semester 3
Student 3601,STU3601,19,5,75,2,5,3,Yes,Yes,No,No,Data Science,Semester 4
Student 3602,STU3602,19,4,94,3,7,1,Yes,Yes,Yes,No,Data Science,Semester 4
Student 3603,STU3603,25,5,67,3,6,1,Yes,No,Yes,No,Data Science,Semester 2
Student 3604,STU3604,21,3,79,1,4,0,Yes,No,No,Yes,Data Science,Semester 4
Student 3605,STU3605,22,2,78,4,5,2,Yes,Yes,Yes,Yes,Computer Science,Semester 3
Student 3606,STU3606,19,4,75,0,5,3,Yes,Yes,No,No,Business,Semester 2
Student 3607,STU3607,19,4,64,1,4,2,Yes,No,No,No,Engineering,Semester 2
Student 3608,STU3608,23,3,91,0,6,0,Yes,No,No,No,Software Engineering,Semester 4
Student 3609,STU3609,18,6,88,4,1,2,No,Yes,No,Yes,Business,Semester 1
Student 3610,STU3610,20,4,86,1,5,2,No,No,No,No,Computer Science,Semester 4
Student 3611,STU3611,21,3,76,1,6,2,Yes,No,Yes,No,Software Engineering,Semester 3
Student 3612,STU3612,21,3,78,1,6,1,Yes,No,No,No,Software Engineering,Semester 1
Student 3613,STU3613,20,3,79,1,7,2,Yes,Yes,No,No,Data Science,Semester 3
Student 3614,STU3614,21,4,80,2,5,3,Yes,Yes,Yes,Yes,Engineering,Semester 2
Student 3615,STU3615,22,3,88,2,7,1,Yes,No,No,No,Engineering,Semester 3
Student 3616,STU3616,22,4,78,2,6,1,Yes,No,No,No,Computer Science,Semester 3
Student 3617,STU3617,18,5,75,3,6,2,Yes,Yes,Yes,No,Business,Semester 3
Student 3618,STU3618,20,4,83,1,3,1,Yes,No,No,Yes,Data Science,Semester 4
Student 3619,STU3619,23,3,82,1,7,2,Yes,Yes,No,No,Engineering,Semester 4
Student 3620,STU3620,23,3,86,3,5,3,Yes,Yes,No,Yes,Data Science,Semester 3
Student 3621,STU3621,18,5,93,0,5,2,Yes,No,No,Yes,Business,Semester 4
Student 3622,STU3622,21,4,78,5,3,2,Yes,Yes,No,Yes,Software Engineering,Semester 2
Student 3623,STU3623,17,4,89,0,1,3,Yes,No,No,Yes,Business,Semester 2
Student 3624,STU3624,21,3,83,2,8,1,No,No,Yes,No,Software Engineering,Semester 1
Student 3625,STU3625,25,2,90,2,6,0,Yes,No,No,Yes,Business,Semester 4
Student 3626,STU3626,18,5,91,1,3,2,Yes,No,No,No,Data Science,Semester 4
Student 3627,STU3627,19,5,75,3,3,2,Yes,No,No,Yes,Business,Semester 3
Student 3628,STU3628,22,2,97,0,5,3,No,Yes,No,Yes,Engineering,Semester 1
Student 3629,STU3629,17,5,83,4,7,1,Yes,No,No,No,Engineering,Semester 2
Student 3630,STU3630,19,5,72,0,6,2,Yes,No,No,Yes,Computer Science,Semester 2
Student 3631,STU3631,22,3,72,2,6,2,Yes,Yes,No,Yes,Engineering,Semester 3
Student 3632,STU3632,19,3,93,2,3,3,Yes,Yes,Yes,Yes,Engineering,Semester 4
Student 3633,STU3633,20,6,92,3,5,1,Yes,Yes,No,No,Software Engineering,Semester 3
Student 3634,STU3634,22,5,90,2,5,3,Yes,No,No,No,Data Science,Semester 1
Student 3635,STU3635,21,3,77,0,5,0,Yes,No,No,Yes,Data Science,Semester 2
Student 3636,STU3636,21,3,79,2,6,2,Yes,No,No,No,Software Engineering,Semester 1
Student 3637,STU3637,20,3,69,1,8,1,No,No,No,No,Engineering,Semester 2
Student 3638,STU3638,21,4,79,1,5,2,Yes,No,No,No,Business,Semester 2
Student 3639,STU3639,20,4,83,2,4,3,Yes,No,Yes,Yes,Software Engineering,Semester 1
Student 3640,STU3640,22,2,94,1,2,2,Yes,No,Yes,No,Data Science,Semester 2
Student 3641,STU3641,19,3,79,1,5,2,Yes,No,Yes,Yes,Computer Science,Semester 2
Student 3642,STU3642,20,1,79,3,4,0,No,No,No,Yes,Data Science,Semester 1
Student 3643,STU3643,18,4,84,2,6,3,Yes,No,Yes,Yes,Business,Semester 2
Student 3644,STU3644,20,4,88,1,6,1,Yes,No,No,No,Data Science,Semester 1
Student 3645,STU3645,19,3,94,1,8,2,Yes,No,No,No,Software Engineering,Semester 3
Student 3646,STU3646,18,3,76,4,5,2,Yes,No,No,No,Computer Science,Semester 4
Student 3647,STU3647,21,3,80,3,6,2,Yes,No,No,No,Data Science,Semester 4
Student 3648,STU3648,21,4,83,1,4,2,Yes,No,Yes,No,Software Engineering,Semester 4
Student 3649,STU3649,22,2,79,2,2,2,Yes,No,No,No,Software Engineering,Semester 2
Student 3650,STU3650,20,3,77,2,7,2,No,No,Yes,Yes,Software Engineering,Semester 1
Student 3651,STU3651,21,2,79,1,7,0,Yes,No,No,No,Computer Science,Semester 4
Student 3652,STU3652,22,0,72,2,4,1,Yes,Yes,Yes,Yes,Software Engineering,Semester 2
Student 3653,STU3653,22,6,77,0,2,4,Yes,Yes,No,No,Computer Science,Semester 2
Student 3654,STU3654,19,4,72,1,7,1,Yes,No,No,No,Business,Semester 1
Student 3655,STU3655,21,2,82,3,7,1,Yes,No,No,No,Business,Semester 3
Student 3656,STU3656,21,4,78,3,5,4,Yes,No,No,No,Business,Semester 1
Student 3657,STU3657,21,2,77,0,7,2,Yes,No,Yes,Yes,Software Engineering,Semester 2
Student 3658,STU3658,17,4,82,0,5,3,Yes,No,No,No,Computer Science,Semester 3
Student 3659,STU3659,21,7,62,1,5,1,Yes,Yes,No,Yes,Business,Semester 3
Student 3660,STU3660,25,5,79,2,2,3,No,Yes,No,No,Engineering,Semester 4
Student 3661,STU3661,20,1,83,1,7,0,Yes,No,No,Yes,Business,Semester 2
Student 3662,STU3662,19,2,89,2,2,4,Yes,Yes,Yes,No,Software Engineering,Semester 1
Student 3663,STU3663,21,4,86,0,5,1,Yes,No,No,No,Engineering,Semester 1
Student 3664,STU3664,21,3,92,0,8,0,Yes,No,No,No,Data Science,Semester 4
Student 3665,STU3665,23,3,70,2,1,1,Yes,No,No,No,Engineering,Semester 2
Student 3666,STU3666,18,5,90,4,8,1,Yes,No,No,Yes,Data Science,Semester 1
Student 3667,STU3667,22,2,84,3,5,3,Yes,No,No,No,Engineering,Semester 1
Student 3668,STU3668,22,4,77,1,6,1,Yes,Yes,Yes,Yes,Computer Science,Semester 1
Student 3669,STU3669,20,0,82,2,3,3,Yes,No,Yes,No,Engineering,Semester 3
Student 3670,STU3670,21,2,100,0,4,1,Yes,No,No,No,Business,Semester 3
Student 3671,STU3671,23,2,83,2,3,0,Yes,Yes,No,Yes,Data Science,Semester 4
Student 3672,STU3672,22,1,82,0,4,1,Yes,Yes,No,No,Data Science,Semester 4
Student 3673,STU3673,18,4,88,2,7,2,Yes,Yes,No,No,Business,Semester 1
Student 3674,STU3674,22,3,80,2,7,3,Yes,Yes,No,Yes,Computer Science,Semester 2
Student 3675,STU3675,20,4,75,2,7,3,Yes,No,No,No,Engineering,Semester 2
Student 3676,STU3676,21,2,93,2,4,4,Yes,No,No,No,Computer Science,Semester 4
Student 3677,STU3677,21,5,70,2,4,2,Yes,No,Yes,No,Business,Semester 2
Student 3678,STU3678,20,2,82,1,2,3,Yes,No,No,No,Engineering,Semester 2
Student 3679,STU3679,23,5,81,3,6,1,Yes,No,No,Yes,Business,Semester 1
Student 3680,STU3680,20,5,75,1,9,2,Yes,Yes,Yes,Yes,Data Science,Semester 1
Student 3681,STU3681,18,4,71,1,8,1,Yes,No,No,No,Data Science,Semester 2
Student 3682,STU3682,20,4,81,0,5,1,Yes,No,No,Yes,Data Science,Semester 1
Student 3683,STU3683,21,2,84,5,6,2,Yes,No,No,Yes,Software Engineering,Semester 2
Student 3684,STU3684,23,1,90,5,5,0,Yes,No,No,No,Software Engineering,Semester 2
Student 3685,STU3685,22,4,75,1,7,0,Yes,No,Yes,No,Data Science,Semester 3
Student 3686,STU3686,19,4,75,4,8,2,Yes,Yes,Yes,No,Software Engineering,Semester 2
Student 3687,STU3687,26,3,94,4,4,3,No,No,Yes,Yes,Software Engineering,Semester 3
Student 3688,STU3688,21,2,78,2,4,4,Yes,No,No,Yes,Business,Semester 4
Student 3689,STU3689,23,2,79,3,5,1,Yes,Yes,Yes,No,Engineering,Semester 2
Student 3690,STU3690,20,2,91,2,5,2,Yes,No,No,No,Data Science,Semester 4
Student 3691,STU3691,22,5,68,0,6,2,Yes,No,No,No,Software Engineering,Semester 1
Student 3692,STU3692,22,3,72,3,5,0,Yes,Yes,Yes,No,Business,Semester 3
Student 3693,STU3693,23,2,93,6,4,2,Yes,No,No,No,Business,Semester 4
Student 3694,STU3694,23,4,77,4,4,1,Yes,Yes,No,No,Engineering,Semester 1
Student 3695,STU3695,22,3,77,0,3,2,Yes,No,No,Yes,Business,Semester 2
Student 3696,STU3696,20,3,78,1,5,2,Yes,Yes,No,No,Computer Science,Semester 3
Student 3697,STU3697,19,5,79,2,7,2,No,No,No,No,Computer Science,Semester 2
Student 3698,STU3698,21,2,78,0,6,0,Yes,Yes,No,Yes,Data Science,Semester 4
Student 3699,STU3699,23,2,83,1,6,2,No,Yes,No,No,Engineering,Semester 2
Student 3700,STU3700,20,1,92,1,3,2,Yes,Yes,Yes,Yes,Computer Science,Semester 1
Student 3701,STU3701,23,3,75,2,3,3,Yes,No,No,No,Engineering,Semester 4
Student 3702,STU3702,24,3,77,4,5,0,Yes,No,No,Yes,Data Science,Semester 3
Student 3703,STU3703,19,6,82,1,7,3,Yes,No,No,No,Business,Semester 1
Student 3704,STU3704,19,3,94,2,7,1,Yes,No,Yes,No,Business,Semester 1
Student 3705,STU3705,20,4,79,1,4,2,No,No,No,Yes,Business,Semester 3
Student 3706,STU3706,21,2,74,4,9,0,No,Yes,No,No,Computer Science,Semester 1
Student 3707,STU3707,19,5,65,1,1,2,Yes,No,Yes,Yes,Engineering,Semester 4
Student 3708,STU3708,24,5,75,4,5,3,Yes,Yes,No,No,Computer Science,Semester 2
Student 3709,STU3709,21,3,75,3,5,2,Yes,No,Yes,No,Software Engineering,Semester 3
Student 3710,STU3710,21,3,72,1,5,2,No,No,Yes,No,Engineering,Semester 3
Student 3711,STU3711,17,3,82,3,6,1,Yes,No,No,No,Data Science,Semester 4
Student 3712,STU3712,18,4,79,0,5,3,Yes,Yes,No,No,Computer Science,Semester 4
Student 3713,STU3713,21,5,93,3,2,3,Yes,No,No,Yes,Business,Semester 3
Student 3714,STU3714,17,3,83,2,5,1,Yes,Yes,No,Yes,Business,Semester 3
Student 3715,STU3715,23,5,90,1,5,3,No,Yes,No,No,Business,Semester 3
Student 3716,STU3716,20,4,80,2,7,2,Yes,Yes,No,No,Computer Science,Semester 3
Student 3717,STU3717,28,6,75,3,8,1,Yes,No,No,No,Computer Science,Semester 4
Student 3718,STU3718,26,4,87,4,4,3,Yes,No,Yes,Yes,Business,Semester 2
Student 3719,STU3719,20,2,73,1,8,1,Yes,Yes,No,Yes,Business,Semester 3
Student 3720,STU3720,20,4,91,2,4,3,Yes,Yes,Yes,No,Business,Semester 1
Student 3721,STU3721,23,4,76,0,4,1,Yes,No,No,Yes,Software Engineering,Semester 1
Student 3722,STU3722,24,3,87,0,4,2,Yes,No,Yes,No,Computer Science,Semester 1
Student 3723,STU3723,17,4,85,1,2,1,No,Yes,Yes,No,Business,Semester 4
Student 3724,STU3724,17,4,59,2,5,3,Yes,Yes,No,No,Data Science,Semester 3
Student 3725,STU3725,19,3,91,3,7,2,Yes,No,No,Yes,Business,Semester 4
Student 3726,STU3726,22,3,97,2,6,2,No,No,No,No,Computer Science,Semester 1
Student 3727,STU3727,22,4,76,3,5,1,Yes,No,No,Yes,Data Science,Semester 2
Student 3728,STU3728,23,3,76,1,6,2,Yes,No,Yes,Yes,Computer Science,Semester 1
Student 3729,STU3729,18,4,82,2,7,3,Yes,Yes,No,No,Computer Science,Semester 3
Student 3730,STU3730,17,4,88,2,3,2,Yes,Yes,No,Yes,Computer Science,Semester 2
Student 3731,STU3731,22,4,91,0,7,2,Yes,Yes,No,Yes,Engineering,Semester 2
Student 3732,STU3732,19,3,79,3,5,1,No,Yes,No,Yes,Data Science,Semester 2
Student 3733,STU3733,17,5,83,1,4,1,Yes,No,No,No,Software Engineering,Semester 1
Student 3734,STU3734,21,5,79,0,6,2,Yes,No,No,No,Software Engineering,Semester 4
Student 3735,STU3735,22,6,78,0,5,2,Yes,No,No,No,Engineering,Semester 1
Student 3736,STU3736,20,2,77,1,4,3,Yes,Yes,No,No,Computer Science,Semester 3
Student 3737,STU3737,20,4,71,1,3,0,Yes,No,No,Yes,Software Engineering,Semester 2
Student 3738,STU3738,20,1,88,4,4,1,Yes,No,No,Yes,Data Science,Semester 4
Student 3739,STU3739,20,2,82,2,4,2,Yes,Yes,No,Yes,Business,Semester 4
Student 3740,STU3740,18,4,94,2,7,3,Yes,No,No,No,Data Science,Semester 3
Student 3741,STU3741,19,3,88,2,5,1,No,Yes,No,Yes,Computer Science,Semester 3
Student 3742,STU3742,22,2,78,0,4,3,Yes,Yes,Yes,No,Data Science,Semester 3
Student 3743,STU3743,21,5,72,3,7,2,Yes,No,No,Yes,Computer Science,Semester 2
Student 3744,STU3744,21,4,96,1,7,2,Yes,No,Yes,No,Data Science,Semester 2
Student 3745,STU3745,18,0,68,2,4,1,Yes,Yes,Yes,No,Engineering,Semester 3
Student 3746,STU3746,20,5,79,1,3,3,Yes,Yes,Yes,Yes,Data Science,Semester 2
Student 3747,STU3747,17,4,79,1,6,1,Yes,No,Yes,No,Software Engineering,Semester 1
Student 3748,STU3748,21,3,76,2,5,3,Yes,No,No,Yes,Business,Semester 4
Student 3749,STU3749,24,2,75,2,4,0,Yes,No,No,Yes,Engineering,Semester 2
Student 3750,STU3750,17,4,72,5,7,0,No,Yes,No,Yes,Data Science,Semester 4
Student 3751,STU3751,19,3,76,1,5,0,No,Yes,No,No,Computer Science,Semester 1
Student 3752,STU3752,21,3,81,0,9,3,No,Yes,Yes,Yes,Engineering,Semester 2
Student 3753,STU3753,23,4,84,3,5,3,Yes,Yes,No,Yes,Software Engineering,Semester 3
Student 3754,STU3754,20,4,77,1,5,2,Yes,Yes,No,No,Business,Semester 3
Student 3755,STU3755,19,4,77,1,9,0,Yes,Yes,Yes,Yes,Business,Semester 1
Student 3756,STU3756,17,5,73,5,6,3,Yes,No,Yes,No,Data Science,Semester 1
Student 3757,STU3757,21,1,83,2,4,3,Yes,Yes,No,No,Software Engineering,Semester 2
Student 3758,STU3758,25,3,82,0,3,3,Yes,No,Yes,Yes,Software Engineering,Semester 1
Student 3759,STU3759,21,5,85,0,4,2,Yes,Yes,No,Yes,Business,Semester 4
Student 3760,STU3760,21,6,77,1,5,3,Yes,No,Yes,No,Business,Semester 3
Student 3761,STU3761,21,5,74,0,7,1,Yes,Yes,Yes,Yes,Software Engineering,Semester 2
Student 3762,STU3762,21,4,81,1,2,3,Yes,No,Yes,Yes,Business,Semester 1
Student 3763,STU3763,19,5,86,2,5,2,Yes,Yes,No,No,Computer Science,Semester 4
Student 3764,STU3764,22,5,74,0,7,0,Yes,No,Yes,No,Business,Semester 3
Student 3765,STU3765,21,3,77,1,6,2,Yes,No,Yes,Yes,Computer Science,Semester 3
Student 3766,STU3766,21,4,72,1,7,1,Yes,No,No,Yes,Business,Semester 2
Student 3767,STU3767,18,2,72,2,2,1,Yes,Yes,No,Yes,Engineering,Semester 2
Student 3768,STU3768,23,4,77,1,5,2,Yes,No,No,Yes,Engineering,Semester 2
Student 3769,STU3769,22,3,75,2,5,2,Yes,No,No,No,Engineering,Semester 2
Student 3770,STU3770,19,4,88,0,6,2,Yes,Yes,No,Yes,Computer Science,Semester 1
Student 3771,STU3771,23,3,82,2,4,1,Yes,No,Yes,No,Computer Science,Semester 2
Student 3772,STU3772,19,4,92,1,6,3,No,No,No,No,Data Science,Semester 1
Student 3773,STU3773,19,2,92,1,6,1,Yes,No,No,Yes,Data Science,Semester 4
Student 3774,STU3774,19,3,82,2,5,2,Yes,No,No,Yes,Business,Semester 4
Student 3775,STU3775,17,5,66,5,6,1,Yes,No,No,Yes,Computer Science,Semester 3
Student 3776,STU3776,22,1,85,2,6,1,No,No,Yes,Yes,Engineering,Semester 4
Student 3777,STU3777,17,4,91,2,4,3,Yes,No,No,No,Engineering,Semester 4
Student 3778,STU3778,18,5,87,3,5,2,Yes,No,No,No,Engineering,Semester 2
Student 3779,STU3779,17,5,84,2,3,3,Yes,No,No,Yes,Business,Semester 2
Student 3780,STU3780,20,4,80,0,2,2,No,No,No,No,Computer Science,Semester 2
Student 3781,STU3781,20,4,72,2,6,0,Yes,No,No,No,Business,Semester 4
Student 3782,STU3782,20,3,87,0,2,3,Yes,Yes,Yes,Yes,Software Engineering,Semester 2
Student 3783,STU3783,18,4,80,1,5,1,Yes,No,No,No,Software Engineering,Semester 2
Student 3784,STU3784,18,5,84,1,6,3,Yes,Yes,No,No,Data Science,Semester 2
Student 3785,STU3785,22,4,77,2,5,1,Yes,Yes,Yes,Yes,Computer Science,Semester 2
Student 3786,STU3786,19,5,98,0,9,0,Yes,Yes,No,No,Engineering,Semester 1
Student 3787,STU3787,21,2,83,1,6,0,Yes,No,No,No,Computer Science,Semester 2
Student 3788,STU3788,19,4,64,1,5,3,Yes,Yes,No,Yes,Data Science,Semester 4
Student 3789,STU3789,21,5,72,1,6,0,Yes,No,Yes,No,Engineering,Semester 2
Student 3790,STU3790,23,7,70,2,3,3,No,No,No,Yes,Business,Semester 2
Student 3791,STU3791,22,4,87,0,5,1,Yes,Yes,Yes,Yes,Engineering,Semester 1
Student 3792,STU3792,20,5,77,2,4,3,Yes,Yes,No,No,Software Engineering,Semester 2
Student 3793,STU3793,21,0,78,0,7,2,Yes,No,No,Yes,Business,Semester 2
Student 3794,STU3794,20,4,77,1,6,2,Yes,No,No,No,Engineering,Semester 3
Student 3795,STU3795,21,3,73,2,6,1,Yes,No,Yes,Yes,Business,Semester 2
Student 3796,STU3796,20,6,79,2,4,0,Yes,No,No,No,Software Engineering,Semester 4
Student 3797,STU3797,20,5,82,5,3,3,Yes,No,No,No,Software Engineering,Semester 3
Student 3798,STU3798,21,4,73,0,3,3,Yes,No,No,No,Computer Science,Semester 3
Student 3799,STU3799,18,3,84,1,2,2,Yes,No,No,Yes,Software Engineering,Semester 4
Student 3800,STU3800,18,5,72,1,4,1,Yes,No,No,Yes,Software Engineering,Semester 4
Student 3801,STU3801,17,5,78,1,4,2,Yes,No,No,Yes,Software Engineering,Semester 2
Student 3802,STU3802,17,2,84,1,7,2,No,Yes,No,No,Data Science,Semester 2
Student 3803,STU3803,18,5,81,2,3,3,Yes,No,No,Yes,Software Engineering,Semester 2
Student 3804,STU3804,21,5,68,0,9,1,No,No,No,No,Computer Science,Semester 3
Student 3805,STU3805,19,4,59,2,3,1,Yes,No,No,Yes,Business,Semester 4
Student 3806,STU3806,22,5,86,1,3,3,No,Yes,No,No,Data Science,Semester 1
Student 3807,STU3807,21,4,87,1,2,3,Yes,No,No,No,Business,Semester 1
Student 3808,STU3808,17,2,85,6,5,1,Yes,Yes,Yes,No,Business,Semester 2
Student 3809,STU3809,22,4,80,3,4,2,Yes,Yes,No,No,Computer Science,Semester 4
Student 3810,STU3810,22,3,80,5,5,1,Yes,Yes,Yes,No,Data Science,Semester 2
Student 3811,STU3811,18,2,81,1,6,1,Yes,No,No,No,Engineering,Semester 3
Student 3812,STU3812,21,2,86,2,7,0,Yes,Yes,No,No,Software Engineering,Semester 3
Student 3813,STU3813,19,1,80,3,3,2,Yes,Yes,No,No,Business,Semester 1
Student 3814,STU3814,21,1,85,1,5,1,Yes,Yes,No,No,Business,Semester 4
Student 3815,STU3815,18,3,92,1,7,1,Yes,No,Yes,No,Computer Science,Semester 4
Student 3816,STU3816,17,5,74,0,3,3,Yes,Yes,No,No,Computer Science,Semester 3
Student 3817,STU3817,20,2,80,2,10,0,Yes,Yes,No,Yes,Computer Science,Semester 4
Student 3818,STU3818,20,4,75,1,5,0,Yes,No,No,No,Data Science,Semester 1
Student 3819,STU3819,20,6,78,3,5,2,Yes,No,No,Yes,Software Engineering,Semester 2
Student 3820,STU3820,18,2,81,1,3,2,Yes,Yes,No,No,Data Science,Semester 4
Student 3821,STU3821,20,4,75,2,3,2,Yes,Yes,No,No,Computer Science,Semester 4
Student 3822,STU3822,21,4,69,1,5,3,Yes,Yes,No,No,Computer Science,Semester 1
Student 3823,STU3823,20,3,71,1,6,3,Yes,No,No,No,Business,Semester 1
Student 3824,STU3824,21,3,85,1,2,2,Yes,No,No,No,Data Science,Semester 2
Student 3825,STU3825,19,2,76,1,3,1,Yes,No,Yes,Yes,Data Science,Semester 1
Student 3826,STU3826,23,3,80,1,5,2,Yes,Yes,No,Yes,Software Engineering,Semester 3
Student 3827,STU3827,18,4,82,0,3,3,Yes,No,No,No,Data Science,Semester 3
Student 3828,STU3828,22,2,89,2,5,3,Yes,Yes,No,No,Software Engineering,Semester 2
Student 3829,STU3829,23,5,79,0,6,1,Yes,Yes,No,No,Engineering,Semester 2
Student 3830,STU3830,22,1,84,0,5,1,Yes,No,No,Yes,Software Engineering,Semester 4
Student 3831,STU3831,20,4,72,2,4,2,Yes,No,No,Yes,Computer Science,Semester 3
Student 3832,STU3832,19,2,80,4,5,2,Yes,Yes,Yes,No,Engineering,Semester 3
Student 3833,STU3833,23,4,74,0,6,1,Yes,No,No,No,Business,Semester 3
Student 3834,STU3834,17,2,80,0,3,2,Yes,No,Yes,Yes,Business,Semester 3
Student 3835,STU3835,18,4,83,1,5,2,Yes,No,Yes,No,Business,Semester 1
Student 3836,STU3836,20,5,80,2,6,2,Yes,No,No,Yes,Computer Science,Semester 3
Student 3837,STU3837,23,5,78,0,6,3,No,No,No,Yes,Business,Semester 2
Student 3838,STU3838,21,4,84,3,5,1,Yes,No,No,Yes,Software Engineering,Semester 4
Student 3839,STU3839,18,5,78,2,5,3,No,No,No,No,Computer Science,Semester 4
Student 3840,STU3840,20,4,78,1,5,1,Yes,No,No,No,Data Science,Semester 2
Student 3841,STU3841,19,3,73,1,5,3,Yes,Yes,No,Yes,Computer Science,Semester 3
Student 3842,STU3842,19,4,86,1,6,2,Yes,No,Yes,Yes,Computer Science,Semester 1
Student 3843,STU3843,23,1,81,3,5,2,Yes,Yes,No,No,Data Science,Semester 3
Student 3844,STU3844,18,3,78,0,6,2,Yes,Yes,No,No,Software Engineering,Semester 3
Student 3845,STU3845,24,4,73,5,6,1,Yes,No,No,Yes,Engineering,Semester 2
Student 3846,STU3846,22,3,100,1,3,4,Yes,Yes,Yes,Yes,Data Science,Semester 4
Student 3847,STU3847,23,3,57,4,4,4,No,No,No,Yes,Computer Science,Semester 4
Student 3848,STU3848,20,6,75,1,5,3,Yes,No,No,Yes,Business,Semester 4
Student 3849,STU3849,20,2,78,2,5,1,Yes,No,No,No,Data Science,Semester 2
Student 3850,STU3850,17,5,89,1,6,3,Yes,Yes,No,No,Data Science,Semester 1
Student 3851,STU3851,19,3,79,6,5,0,Yes,Yes,No,No,Engineering,Semester 1
Student 3852,STU3852,22,4,83,2,5,3,Yes,No,Yes,No,Computer Science,Semester 4
Student 3853,STU3853,23,4,78,1,4,3,Yes,No,No,No,Business,Semester 4
Student 3854,STU3854,18,5,96,2,7,0,No,Yes,No,No,Business,Semester 1
Student 3855,STU3855,20,4,85,5,6,1,Yes,Yes,Yes,Yes,Engineering,Semester 2
Student 3856,STU3856,20,4,76,0,5,2,Yes,No,No,Yes,Business,Semester 1
Student 3857,STU3857,17,3,87,3,4,2,Yes,Yes,No,No,Software Engineering,Semester 3
Student 3858,STU3858,22,4,65,2,5,2,Yes,No,No,Yes,Data Science,Semester 3
Student 3859,STU3859,19,5,96,1,5,3,Yes,No,Yes,Yes,Data Science,Semester 2
Student 3860,STU3860,20,1,92,4,2,1,Yes,No,Yes,No,Business,Semester 4
Student 3861,STU3861,20,3,84,3,3,1,Yes,Yes,Yes,Yes,Business,Semester 3
Student 3862,STU3862,19,3,80,2,7,0,Yes,Yes,No,No,Business,Semester 1
Student 3863,STU3863,21,4,76,3,6,0,Yes,Yes,No,Yes,Data Science,Semester 3
Student 3864,STU3864,20,5,89,3,4,2,Yes,No,Yes,No,Business,Semester 1
Student 3865,STU3865,20,4,93,2,4,3,Yes,No,No,Yes,Software Engineering,Semester 1
Student 3866,STU3866,19,3,79,1,3,3,Yes,No,Yes,No,Software Engineering,Semester 1
Student 3867,STU3867,21,5,85,0,4,2,Yes,No,Yes,Yes,Data Science,Semester 3
Student 3868,STU3868,24,4,86,1,7,2,Yes,Yes,No,No,Computer Science,Semester 2
Student 3869,STU3869,21,4,89,2,5,2,Yes,No,Yes,No,Computer Science,Semester 1
Student 3870,STU3870,23,6,75,2,7,2,Yes,No,Yes,Yes,Computer Science,Semester 3
Student 3871,STU3871,17,5,85,2,8,2,Yes,No,No,Yes,Software Engineering,Semester 4
Student 3872,STU3872,21,7,100,2,4,3,Yes,Yes,No,Yes,Engineering,Semester 2
Student 3873,STU3873,18,4,82,2,5,2,Yes,No,No,No,Computer Science,Semester 3
Student 3874,STU3874,17,5,85,1,6,3,Yes,No,No,No,Engineering,Semester 2
Student 3875,STU3875,19,5,85,2,4,2,Yes,No,No,Yes,Data Science,Semester 3
Student 3876,STU3876,23,3,86,3,5,2,Yes,Yes,No,No,Software Engineering,Semester 1
Student 3877,STU3877,23,3,72,2,5,3,Yes,No,No,No,Computer Science,Semester 4
Student 3878,STU3878,21,4,98,1,8,2,No,Yes,No,Yes,Software Engineering,Semester 3
Student 3879,STU3879,17,3,82,1,6,1,Yes,No,No,No,Data Science,Semester 2
Student 3880,STU3880,20,3,86,4,4,2,Yes,No,No,No,Software Engineering,Semester 4
Student 3881,STU3881,21,8,82,2,6,3,Yes,No,No,No,Business,Semester 4
Student 3882,STU3882,21,4,89,2,7,1,Yes,No,No,Yes,Computer Science,Semester 4
Student 3883,STU3883,17,4,78,1,7,2,No,No,No,Yes,Software Engineering,Semester 1
Student 3884,STU3884,19,4,71,3,3,4,Yes,Yes,No,Yes,Software Engineering,Semester 1
Student 3885,STU3885,20,4,81,4,7,0,No,Yes,Yes,No,Software Engineering,Semester 3
Student 3886,STU3886,22,2,85,1,9,0,No,No,No,No,Data Science,Semester 1
Student 3887,STU3887,17,5,79,3,7,0,No,No,No,Yes,Computer Science,Semester 4
Student 3888,STU3888,20,3,76,0,8,0,Yes,Yes,Yes,Yes,Computer Science,Semester 2
Student 3889,STU3889,21,1,84,3,4,0,Yes,Yes,No,Yes,Business,Semester 4
Student 3890,STU3890,22,4,74,0,8,1,Yes,No,No,No,Business,Semester 4
Student 3891,STU3891,22,4,89,0,4,3,Yes,No,No,Yes,Software Engineering,Semester 1
Student 3892,STU3892,22,5,79,2,5,3,Yes,No,No,No,Computer Science,Semester 2
Student 3893,STU3893,19,2,86,3,4,0,Yes,Yes,No,No,Computer Science,Semester 4
Student 3894,STU3894,17,3,72,1,4,2,Yes,No,No,No,Software Engineering,Semester 2
Student 3895,STU3895,20,3,92,2,5,2,Yes,No,Yes,No,Engineering,Semester 2
Student 3896,STU3896,23,2,85,0,3,2,Yes,No,No,Yes,Computer Science,Semester 4
Student 3897,STU3897,24,4,86,3,4,4,Yes,No,No,No,Software Engineering,Semester 1
Student 3898,STU3898,22,3,71,1,3,2,Yes,Yes,No,No,Software Engineering,Semester 1
Student 3899,STU3899,21,4,76,1,5,0,Yes,No,No,No,Engineering,Semester 3
Student 3900,STU3900,21,2,83,1,8,1,Yes,Yes,No,Yes,Business,Semester 4
Student 3901,STU3901,19,3,73,1,10,1,Yes,Yes,No,Yes,Software Engineering,Semester 4
Student 3902,STU3902,20,4,77,2,5,0,Yes,No,No,No,Computer Science,Semester 2
Student 3903,STU3903,24,4,88,1,5,2,No,No,Yes,No,Business,Semester 2
Student 3904,STU3904,18,4,77,1,6,2,Yes,No,Yes,No,Business,Semester 3
Student 3905,STU3905,24,3,85,0,3,1,Yes,No,No,No,Business,Semester 3
Student 3906,STU3906,20,3,75,3,3,3,Yes,No,Yes,No,Software Engineering,Semester 2
Student 3907,STU3907,23,6,86,4,2,3,Yes,No,No,Yes,Computer Science,Semester 2
Student 3908,STU3908,17,4,73,0,7,3,Yes,Yes,No,No,Engineering,Semester 3
Student 3909,STU3909,22,2,86,0,3,0,Yes,No,No,No,Data Science,Semester 1
Student 3910,STU3910,19,1,99,2,7,1,Yes,Yes,No,No,Data Science,Semester 3
Student 3911,STU3911,17,5,77,0,4,1,Yes,No,No,No,Business,Semester 2
Student 3912,STU3912,21,2,76,3,5,3,Yes,Yes,No,Yes,Data Science,Semester 4
Student 3913,STU3913,23,4,91,0,5,3,Yes,No,Yes,Yes,Data Science,Semester 2
Student 3914,STU3914,19,2,82,1,5,2,No,No,No,No,Software Engineering,Semester 1
Student 3915,STU3915,17,4,72,3,4,1,No,No,Yes,Yes,Engineering,Semester 2
Student 3916,STU3916,20,4,84,2,7,1,Yes,No,Yes,No,Data Science,Semester 2
Student 3917,STU3917,20,5,83,4,5,3,Yes,No,No,No,Engineering,Semester 3
Student 3918,STU3918,22,3,76,2,6,3,Yes,No,No,Yes,Data Science,Semester 1
Student 3919,STU3919,23,3,76,1,5,2,Yes,No,Yes,No,Business,Semester 3
Student 3920,STU3920,20,2,88,1,3,2,Yes,No,No,Yes,Business,Semester 4
Student 3921,STU3921,25,3,74,4,7,2,No,Yes,No,No,Engineering,Semester 4
Student 3922,STU3922,21,4,71,1,4,3,Yes,Yes,Yes,Yes,Engineering,Semester 1
Student 3923,STU3923,20,4,75,3,7,1,Yes,Yes,No,No,Engineering,Semester 4
Student 3924,STU3924,17,3,88,0,6,0,Yes,Yes,No,No,Engineering,Semester 4
Student 3925,STU3925,20,2,79,0,2,4,No,No,No,No,Computer Science,Semester 2
Student 3926,STU3926,20,2,77,1,5,0,Yes,Yes,No,No,Business,Semester 3
Student 3927,STU3927,23,5,81,3,6,2,Yes,Yes,Yes,No,Data Science,Semester 3
Student 3928,STU3928,22,4,85,3,5,3,Yes,Yes,Yes,No,Computer Science,Semester 3
Student 3929,STU3929,18,7,94,1,5,2,Yes,No,Yes,No,Engineering,Semester 1
Student 3930,STU3930,21,4,84,0,5,1,Yes,No,No,No,Data Science,Semester 2
Student 3931,STU3931,22,4,97,2,4,2,No,No,Yes,No,Business,Semester 2
Student 3932,STU3932,24,2,87,2,6,4,Yes,No,Yes,Yes,Engineering,Semester 1
Student 3933,STU3933,23,5,79,2,5,3,Yes,Yes,Yes,No,Software Engineering,Semester 3
Student 3934,STU3934,22,1,89,1,5,3,Yes,No,No,Yes,Engineering,Semester 2
Student 3935,STU3935,21,4,87,2,3,3,Yes,No,Yes,Yes,Data Science,Semester 2
Student 3936,STU3936,21,4,91,2,6,1,Yes,Yes,No,Yes,Business,Semester 3
Student 3937,STU3937,23,5,87,2,1,3,Yes,No,No,Yes,Engineering,Semester 4
Student 3938,STU3938,18,3,82,2,6,2,Yes,No,No,No,Business,Semester 1
Student 3939,STU3939,20,4,78,1,5,0,Yes,No,Yes,Yes,Computer Science,Semester 2
Student 3940,STU3940,19,1,83,0,4,1,Yes,No,Yes,No,Software Engineering,Semester 3
Student 3941,STU3941,21,1,70,2,3,1,Yes,Yes,No,No,Computer Science,Semester 4
Student 3942,STU3942,23,4,80,2,6,0,No,Yes,No,No,Software Engineering,Semester 3
Student 3943,STU3943,19,5,72,1,5,2,Yes,Yes,No,No,Computer Science,Semester 3
Student 3944,STU3944,17,4,85,5,5,2,Yes,Yes,Yes,Yes,Business,Semester 4
Student 3945,STU3945,20,3,88,2,2,3,Yes,Yes,Yes,No,Business,Semester 1
Student 3946,STU3946,23,4,84,2,6,3,Yes,No,No,No,Computer Science,Semester 2
Student 3947,STU3947,22,4,80,2,7,0,Yes,Yes,No,Yes,Data Science,Semester 1
Student 3948,STU3948,21,4,79,2,5,3,Yes,No,No,Yes,Computer Science,Semester 1
Student 3949,STU3949,20,2,91,4,3,1,Yes,No,No,Yes,Engineering,Semester 3
Student 3950,STU3950,18,4,89,3,6,3,Yes,No,No,Yes,Data Science,Semester 3
Student 3951,STU3951,22,2,73,4,5,0,Yes,No,No,No,Business,Semester 3
Student 3952,STU3952,19,5,84,1,7,1,Yes,No,No,Yes,Computer Science,Semester 1
Student 3953,STU3953,25,2,84,2,5,2,No,No,No,No,Data Science,Semester 2
Student 3954,STU3954,22,3,80,1,1,3,Yes,No,No,No,Engineering,Semester 3
Student 3955,STU3955,19,4,71,2,1,3,Yes,No,No,Yes,Software Engineering,Semester 4
Student 3956,STU3956,19,2,65,6,4,0,No,No,No,No,Business,Semester 2
Student 3957,STU3957,20,2,83,1,6,3,No,Yes,No,Yes,Data Science,Semester 2
Student 3958,STU3958,20,6,68,3,4,3,Yes,No,Yes,Yes,Data Science,Semester 2
Student 3959,STU3959,23,5,77,6,6,0,Yes,No,No,No,Data Science,Semester 4
Student 3960,STU3960,21,4,87,0,4,3,Yes,No,No,Yes,Computer Science,Semester 4
Student 3961,STU3961,19,4,85,2,9,0,Yes,Yes,No,Yes,Business,Semester 3
Student 3962,STU3962,25,1,77,1,5,3,Yes,No,Yes,Yes,Business,Semester 2
Student 3963,STU3963,21,4,89,3,6,2,Yes,No,No,No,Computer Science,Semester 1
Student 3964,STU3964,22,6,86,2,3,3,Yes,Yes,Yes,No,Computer Science,Semester 1
Student 3965,STU3965,19,3,78,1,4,2,Yes,No,No,No,Computer Science,Semester 1
Student 3966,STU3966,21,6,94,1,6,2,Yes,No,No,No,Engineering,Semester 3
Student 3967,STU3967,21,3,85,5,5,3,Yes,No,Yes,Yes,Data Science,Semester 1
Student 3968,STU3968,17,4,75,5,1,3,Yes,No,Yes,Yes,Engineering,Semester 2
Student 3969,STU3969,25,2,65,2,6,0,Yes,No,No,Yes,Business,Semester 3
Student 3970,STU3970,23,4,83,4,6,2,Yes,No,Yes,No,Computer Science,Semester 3
Student 3971,STU3971,20,4,78,2,6,0,No,Yes,No,No,Data Science,Semester 4
Student 3972,STU3972,18,3,82,1,7,2,Yes,No,No,Yes,Software Engineering,Semester 2
Student 3973,STU3973,21,2,80,2,5,0,Yes,No,Yes,Yes,Data Science,Semester 1
Student 3974,STU3974,21,4,49,4,5,0,Yes,No,No,Yes,Software Engineering,Semester 2
Student 3975,STU3975,21,3,79,0,5,2,Yes,No,Yes,No,Data Science,Semester 2
Student 3976,STU3976,21,5,73,2,1,1,No,Yes,No,No,Computer Science,Semester 3
Student 3977,STU3977,22,4,77,1,5,1,Yes,No,No,Yes,Software Engineering,Semester 1
Student 3978,STU3978,24,3,77,4,7,2,Yes,Yes,No,Yes,Software Engineering,Semester 1
Student 3979,STU3979,22,5,82,5,3,3,Yes,Yes,No,Yes,Business,Semester 1
Student 3980,STU3980,18,3,84,1,5,0,Yes,Yes,No,No,Data Science,Semester 4
Student 3981,STU3981,24,5,85,1,7,3,Yes,Yes,Yes,No,Engineering,Semester 2
Student 3982,STU3982,24,4,62,2,4,1,Yes,No,No,Yes,Engineering,Semester 3
Student 3983,STU3983,27,1,93,1,5,3,Yes,Yes,No,Yes,Business,Semester 3
Student 3984,STU3984,18,4,68,2,6,2,Yes,Yes,No,Yes,Business,Semester 3
Student 3985,STU3985,21,3,81,1,3,1,Yes,No,Yes,No,Business,Semester 1
Student 3986,STU3986,17,4,75,4,5,2,No,No,No,No,Computer Science,Semester 1
Student 3987,STU3987,22,4,84,1,3,1,Yes,Yes,Yes,No,Computer Science,Semester 3
Student 3988,STU3988,19,4,67,1,5,1,Yes,Yes,No,No,Computer Science,Semester 2
Student 3989,STU3989,25,4,94,1,5,1,Yes,Yes,No,Yes,Computer Science,Semester 3
Student 3990,STU3990,19,7,79,1,7,3,No,Yes,No,No,Business,Semester 2
Student 3991,STU3991,17,4,86,4,6,2,Yes,Yes,Yes,Yes,Business,Semester 3
Student 3992,STU3992,20,1,75,2,4,2,Yes,No,No,Yes,Computer Science,Semester 2
Student 3993,STU3993,17,4,95,2,5,1,Yes,Yes,Yes,No,Computer Science,Semester 3
Student 3994,STU3994,22,4,71,1,6,1,Yes,No,No,No,Software Engineering,Semester 4
Student 3995,STU3995,17,3,61,4,2,2,Yes,No,Yes,No,Data Science,Semester 4
Student 3996,STU3996,21,5,92,4,7,2,Yes,No,No,No,Software Engineering,Semester 1
Student 3997,STU3997,17,4,72,0,5,1,Yes,No,No,No,Data Science,Semester 1
Student 3998,STU3998,20,4,81,1,5,2,Yes,No,No,Yes,Computer Science,Semester 1
Student 3999,STU3999,24,2,94,2,7,1,Yes,No,Yes,No,Computer Science,Semester 1
Student 4000,STU4000,21,4,63,3,5,3,Yes,No,No,No,Computer Science,Semester 3
Student 4001,STU4001,19,4,84,2,7,0,Yes,Yes,No,No,Software Engineering,Semester 4
Student 4002,STU4002,20,2,88,4,7,1,Yes,Yes,No,No,Business,Semester 1
Student 4003,STU4003,21,2,82,1,5,2,Yes,No,Yes,No,Data Science,Semester 2
Student 4004,STU4004,22,4,77,1,5,3,Yes,No,No,No,Software Engineering,Semester 2
Student 4005,STU4005,18,4,87,1,6,0,Yes,No,No,Yes,Computer Science,Semester 1
Student 4006,STU4006,22,3,74,3,6,1,Yes,No,No,No,Business,Semester 1
Student 4007,STU4007,17,3,87,3,7,3,Yes,No,No,No,Software Engineering,Semester 1
Student 4008,STU4008,19,4,81,0,3,2,Yes,No,No,Yes,Data Science,Semester 3
Student 4009,STU4009,19,4,81,2,4,0,Yes,No,No,No,Computer Science,Semester 2
Student 4010,STU4010,22,2,84,2,3,1,Yes,No,Yes,Yes,Data Science,Semester 2
Student 4011,STU4011,21,3,89,1,8,1,Yes,No,No,Yes,Computer Science,Semester 2
Student 4012,STU4012,17,1,74,0,2,1,Yes,No,No,No,Computer Science,Semester 4
Student 4013,STU4013,18,3,92,3,7,1,Yes,Yes,Yes,No,Engineering,Semester 3
Student 4014,STU4014,21,5,92,1,6,3,Yes,No,No,Yes,Data Science,Semester 4
Student 4015,STU4015,20,2,76,2,3,0,Yes,Yes,No,No,Business,Semester 3
Student 4016,STU4016,19,3,96,1,3,2,Yes,Yes,Yes,No,Computer Science,Semester 2
Student 4017,STU4017,19,3,80,2,5,2,No,No,Yes,No,Business,Semester 2
Student 4018,STU4018,22,2,86,3,5,1,No,Yes,No,No,Software Engineering,Semester 4
Student 4019,STU4019,19,3,78,3,6,1,Yes,No,Yes,No,Computer Science,Semester 2
Student 4020,STU4020,20,2,88,1,1,3,Yes,Yes,Yes,No,Computer Science,Semester 1
Student 4021,STU4021,25,2,78,6,5,3,Yes,No,No,No,Computer Science,Semester 3
Student 4022,STU4022,17,4,83,1,3,1,Yes,Yes,No,Yes,Business,Semester 2
Student 4023,STU4023,17,4,61,1,7,1,Yes,No,No,Yes,Engineering,Semester 1
Student 4024,STU4024,22,3,78,3,6,3,Yes,Yes,No,Yes,Data Science,Semester 4
Student 4025,STU4025,19,5,77,1,4,3,Yes,No,No,No,Computer Science,Semester 2
Student 4026,STU4026,20,4,66,1,8,1,Yes,Yes,No,Yes,Data Science,Semester 2
Student 4027,STU4027,19,6,88,0,4,3,Yes,No,No,Yes,Data Science,Semester 3
Student 4028,STU4028,20,3,78,1,5,3,Yes,Yes,Yes,No,Data Science,Semester 2
Student 4029,STU4029,24,2,67,2,6,1,Yes,Yes,Yes,No,Business,Semester 3
Student 4030,STU4030,22,3,86,0,7,1,Yes,Yes,No,No,Data Science,Semester 4
Student 4031,STU4031,22,6,90,2,5,2,Yes,No,No,Yes,Software Engineering,Semester 3
Student 4032,STU4032,17,2,80,3,8,1,Yes,No,Yes,Yes,Business,Semester 4
Student 4033,STU4033,18,5,69,0,4,3,Yes,No,Yes,Yes,Business,Semester 2
Student 4034,STU4034,17,2,66,2,3,1,No,Yes,No,Yes,Software Engineering,Semester 1
Student 4035,STU4035,19,3,72,3,8,1,Yes,No,Yes,Yes,Engineering,Semester 4
Student 4036,STU4036,23,3,75,3,4,4,No,No,No,Yes,Engineering,Semester 2
Student 4037,STU4037,22,2,95,1,6,1,No,Yes,Yes,Yes,Computer Science,Semester 4
Student 4038,STU4038,20,5,80,2,6,0,Yes,No,Yes,No,Engineering,Semester 2
Student 4039,STU4039,21,5,71,2,9,3,Yes,No,No,Yes,Computer Science,Semester 2
Student 4040,STU4040,19,5,77,0,5,4,Yes,Yes,No,Yes,Data Science,Semester 1
Student 4041,STU4041,21,4,90,2,6,1,No,Yes,No,No,Computer Science,Semester 3
Student 4042,STU4042,22,2,86,1,4,2,Yes,Yes,No,No,Engineering,Semester 1
Student 4043,STU4043,17,4,82,2,4,3,Yes,No,No,No,Computer Science,Semester 4
Student 4044,STU4044,21,4,80,1,4,2,Yes,Yes,No,No,Business,Semester 1
Student 4045,STU4045,23,3,82,2,7,2,Yes,Yes,No,No,Engineering,Semester 2
Student 4046,STU4046,20,5,83,3,7,2,Yes,Yes,No,No,Computer Science,Semester 2
Student 4047,STU4047,22,3,80,3,6,0,Yes,Yes,Yes,No,Engineering,Semester 1
Student 4048,STU4048,27,3,82,1,4,3,Yes,Yes,No,No,Software Engineering,Semester 4
Student 4049,STU4049,20,5,79,0,4,3,No,No,No,Yes,Engineering,Semester 3
Student 4050,STU4050,21,4,60,2,5,3,Yes,Yes,Yes,No,Software Engineering,Semester 3
Student 4051,STU4051,19,5,79,4,6,1,No,No,Yes,No,Computer Science,Semester 2
Student 4052,STU4052,21,4,84,5,2,4,Yes,No,No,No,Software Engineering,Semester 3
Student 4053,STU4053,22,2,76,2,4,1,Yes,No,No,No,Engineering,Semester 3
Student 4054,STU4054,21,0,85,0,3,4,Yes,No,Yes,No,Business,Semester 4
Student 4055,STU4055,18,1,88,1,6,2,Yes,Yes,Yes,No,Software Engineering,Semester 3
Student 4056,STU4056,21,3,84,0,3,3,Yes,No,No,No,Engineering,Semester 1
Student 4057,STU4057,24,5,77,4,9,0,Yes,No,No,Yes,Business,Semester 4
Student 4058,STU4058,22,5,82,2,7,0,Yes,No,Yes,Yes,Data Science,Semester 1
Student 4059,STU4059,23,4,83,3,5,2,No,No,No,No,Software Engineering,Semester 2
Student 4060,STU4060,20,5,83,1,6,0,No,No,Yes,No,Software Engineering,Semester 4
Student 4061,STU4061,22,2,93,1,6,0,Yes,No,No,Yes,Computer Science,Semester 3
Student 4062,STU4062,21,5,72,2,3,1,Yes,No,No,No,Data Science,Semester 4
Student 4063,STU4063,18,3,83,1,7,2,Yes,No,No,No,Computer Science,Semester 2
Student 4064,STU4064,21,4,78,0,5,2,Yes,No,No,Yes,Computer Science,Semester 1
Student 4065,STU4065,18,4,72,4,4,1,No,No,Yes,No,Engineering,Semester 2
Student 4066,STU4066,19,4,71,3,6,1,Yes,No,No,No,Computer Science,Semester 4
Student 4067,STU4067,21,2,89,2,3,3,Yes,No,Yes,No,Software Engineering,Semester 1
Student 4068,STU4068,21,3,70,4,6,2,No,Yes,No,No,Computer Science,Semester 1
Student 4069,STU4069,18,5,84,0,6,3,Yes,No,No,Yes,Business,Semester 4
Student 4070,STU4070,23,4,83,2,4,3,Yes,Yes,No,No,Software Engineering,Semester 2
Student 4071,STU4071,22,2,75,1,7,1,Yes,No,No,No,Engineering,Semester 3
Student 4072,STU4072,19,4,73,2,5,2,Yes,Yes,Yes,No,Computer Science,Semester 2
Student 4073,STU4073,17,2,72,4,4,1,Yes,Yes,No,Yes,Business,Semester 3
Student 4074,STU4074,20,2,77,3,6,2,Yes,No,Yes,No,Business,Semester 2
Student 4075,STU4075,20,3,73,2,3,2,Yes,Yes,No,No,Software Engineering,Semester 4
Student 4076,STU4076,21,3,88,5,6,1,Yes,No,Yes,Yes,Computer Science,Semester 2
Student 4077,STU4077,20,2,91,2,2,3,Yes,No,Yes,No,Business,Semester 2
Student 4078,STU4078,17,5,84,2,5,1,Yes,Yes,Yes,Yes,Computer Science,Semester 4
Student 4079,STU4079,20,3,100,1,6,0,Yes,Yes,No,No,Software Engineering,Semester 4
Student 4080,STU4080,20,3,85,2,6,2,Yes,No,Yes,No,Data Science,Semester 1
Student 4081,STU4081,22,4,87,0,8,3,Yes,Yes,No,No,Business,Semester 2
Student 4082,STU4082,19,4,75,2,5,3,Yes,No,Yes,No,Engineering,Semester 4
Student 4083,STU4083,24,4,76,3,6,1,Yes,No,Yes,No,Computer Science,Semester 4
Student 4084,STU4084,17,3,85,3,1,2,Yes,Yes,No,No,Software Engineering,Semester 1
Student 4085,STU4085,23,2,74,1,4,4,Yes,Yes,No,Yes,Software Engineering,Semester 4
Student 4086,STU4086,20,2,71,0,5,1,Yes,No,Yes,No,Engineering,Semester 1
Student 4087,STU4087,22,2,90,2,8,0,Yes,No,Yes,No,Data Science,Semester 4
Student 4088,STU4088,21,3,75,2,5,0,Yes,Yes,No,Yes,Computer Science,Semester 1
Student 4089,STU4089,23,5,83,1,7,2,Yes,Yes,No,Yes,Data Science,Semester 2
Student 4090,STU4090,20,3,95,1,3,3,Yes,No,No,No,Software Engineering,Semester 4
Student 4091,STU4091,18,3,67,5,4,1,Yes,No,Yes,Yes,Business,Semester 4
Student 4092,STU4092,24,4,87,1,4,3,Yes,No,No,Yes,Data Science,Semester 2
Student 4093,STU4093,20,6,81,2,3,3,Yes,No,Yes,No,Business,Semester 2
Student 4094,STU4094,21,3,81,2,3,2,No,No,No,No,Engineering,Semester 2
Student 4095,STU4095,23,4,82,4,4,1,Yes,No,No,No,Software Engineering,Semester 1
Student 4096,STU4096,18,3,82,4,9,0,Yes,No,No,Yes,Business,Semester 4
Student 4097,STU4097,22,4,86,2,5,3,Yes,No,No,No,Computer Science,Semester 4
Student 4098,STU4098,19,4,73,1,3,2,Yes,No,No,No,Software Engineering,Semester 3
Student 4099,STU4099,20,5,86,1,4,3,Yes,No,Yes,No,Engineering,Semester 3
Student 4100,STU4100,21,3,73,1,7,0,Yes,No,Yes,Yes,Computer Science,Semester 4
Student 4101,STU4101,17,5,98,4,4,3,Yes,No,No,No,Software Engineering,Semester 1
Student 4102,STU4102,19,4,81,2,8,1,Yes,No,No,No,Data Science,Semester 1
Student 4103,STU4103,24,2,83,2,7,1,Yes,Yes,Yes,No,Software Engineering,Semester 3
Student 4104,STU4104,22,3,96,1,5,3,Yes,Yes,No,No,Computer Science,Semester 3
Student 4105,STU4105,20,7,75,2,4,4,Yes,No,No,Yes,Business,Semester 3
Student 4106,STU4106,21,3,81,1,3,2,Yes,Yes,No,No,Business,Semester 3
Student 4107,STU4107,20,3,70,3,5,0,No,No,No,No,Software Engineering,Semester 3
Student 4108,STU4108,24,3,74,0,6,1,Yes,Yes,No,No,Software Engineering,Semester 2
Student 4109,STU4109,20,3,70,0,7,0,No,No,Yes,Yes,Engineering,Semester 4
Student 4110,STU4110,21,2,88,1,6,1,Yes,Yes,No,No,Data Science,Semester 4
Student 4111,STU4111,23,1,86,5,4,0,Yes,No,No,No,Engineering,Semester 3
Student 4112,STU4112,19,2,78,4,8,2,Yes,No,Yes,No,Engineering,Semester 4
Student 4113,STU4113,24,4,77,0,5,0,Yes,Yes,No,No,Business,Semester 4
Student 4114,STU4114,17,4,89,1,4,2,Yes,No,No,Yes,Business,Semester 2
Student 4115,STU4115,24,3,82,2,5,0,Yes,Yes,Yes,No,Computer Science,Semester 2
Student 4116,STU4116,20,4,75,4,6,1,Yes,Yes,Yes,No,Engineering,Semester 1
Student 4117,STU4117,20,2,90,1,6,2,No,No,Yes,No,Computer Science,Semester 1
Student 4118,STU4118,17,1,80,1,3,4,Yes,Yes,No,Yes,Software Engineering,Semester 3
Student 4119,STU4119,20,4,87,1,5,3,Yes,No,No,Yes,Computer Science,Semester 1
Student 4120,STU4120,18,4,82,3,4,2,Yes,Yes,No,No,Business,Semester 3
Student 4121,STU4121,19,5,98,1,5,3,Yes,No,No,Yes,Engineering,Semester 1
Student 4122,STU4122,20,5,80,0,3,3,Yes,No,No,No,Business,Semester 4
Student 4123,STU4123,23,5,65,0,3,3,Yes,No,No,Yes,Software Engineering,Semester 4
Student 4124,STU4124,21,4,80,2,9,2,No,No,No,No,Data Science,Semester 1
Student 4125,STU4125,21,3,84,1,4,2,Yes,No,Yes,No,Engineering,Semester 4
Student 4126,STU4126,18,4,85,2,7,1,Yes,No,No,No,Business,Semester 4
Student 4127,STU4127,19,3,88,0,5,0,Yes,No,No,No,Data Science,Semester 3
Student 4128,STU4128,25,3,77,2,3,3,No,Yes,Yes,Yes,Software Engineering,Semester 4
Student 4129,STU4129,19,4,94,1,3,2,Yes,No,No,Yes,Data Science,Semester 1
Student 4130,STU4130,24,5,89,0,4,3,Yes,Yes,No,No,Business,Semester 4
Student 4131,STU4131,20,4,83,1,5,3,Yes,Yes,No,No,Business,Semester 3
Student 4132,STU4132,21,3,76,2,5,1,Yes,No,No,No,Software Engineering,Semester 1
Student 4133,STU4133,23,4,97,1,5,3,Yes,No,Yes,Yes,Software Engineering,Semester 3
Student 4134,STU4134,23,4,87,1,6,1,Yes,No,No,No,Data Science,Semester 4
Student 4135,STU4135,20,5,78,2,6,1,Yes,No,Yes,No,Data Science,Semester 4
Student 4136,STU4136,20,6,93,0,7,1,Yes,Yes,Yes,Yes,Business,Semester 4
Student 4137,STU4137,20,4,83,2,4,2,Yes,Yes,No,No,Software Engineering,Semester 2
Student 4138,STU4138,21,3,94,0,3,1,Yes,Yes,No,Yes,Computer Science,Semester 3
Student 4139,STU4139,23,4,75,0,3,2,Yes,No,No,Yes,Software Engineering,Semester 1
Student 4140,STU4140,21,5,80,4,2,2,Yes,No,No,Yes,Engineering,Semester 4
Student 4141,STU4141,22,4,93,3,5,4,Yes,Yes,No,Yes,Engineering,Semester 2
Student 4142,STU4142,24,3,76,3,1,0,Yes,No,No,Yes,Software Engineering,Semester 2
Student 4143,STU4143,21,4,80,0,6,1,Yes,No,No,No,Data Science,Semester 3
Student 4144,STU4144,21,4,60,1,6,1,Yes,No,Yes,No,Engineering,Semester 4
Student 4145,STU4145,17,3,85,0,3,0,No,No,Yes,No,Business,Semester 3
Student 4146,STU4146,17,3,91,1,3,4,Yes,No,No,Yes,Business,Semester 4
Student 4147,STU4147,21,2,74,2,8,1,Yes,No,No,No,Business,Semester 4
Student 4148,STU4148,20,3,85,0,7,2,Yes,Yes,Yes,No,Software Engineering,Semester 4
Student 4149,STU4149,19,5,77,1,5,2,Yes,Yes,Yes,No,Engineering,Semester 2
Student 4150,STU4150,21,5,69,2,4,1,Yes,Yes,Yes,Yes,Data Science,Semester 3
Student 4151,STU4151,20,3,79,2,5,2,Yes,No,No,No,Business,Semester 3
Student 4152,STU4152,23,6,77,3,2,3,Yes,No,Yes,Yes,Data Science,Semester 3
Student 4153,STU4153,21,3,83,3,6,1,Yes,No,Yes,No,Business,Semester 1
Student 4154,STU4154,19,3,79,2,3,2,Yes,Yes,No,Yes,Software Engineering,Semester 1
Student 4155,STU4155,23,1,92,2,1,3,Yes,No,No,Yes,Business,Semester 2
Student 4156,STU4156,20,4,77,1,4,3,Yes,No,No,No,Software Engineering,Semester 2
Student 4157,STU4157,22,2,81,2,3,3,Yes,No,No,No,Engineering,Semester 2
Student 4158,STU4158,19,5,83,2,8,2,No,No,Yes,No,Engineering,Semester 3
Student 4159,STU4159,19,2,81,1,8,1,No,No,No,Yes,Data Science,Semester 3
Student 4160,STU4160,21,5,77,0,3,3,Yes,Yes,No,No,Business,Semester 4
Student 4161,STU4161,21,4,82,3,5,1,Yes,Yes,No,No,Engineering,Semester 3
Student 4162,STU4162,22,2,86,1,4,3,Yes,Yes,No,No,Computer Science,Semester 2
Student 4163,STU4163,20,1,89,1,8,2,Yes,No,No,No,Computer Science,Semester 2
Student 4164,STU4164,17,4,65,1,2,1,Yes,Yes,Yes,No,Data Science,Semester 4
Student 4165,STU4165,20,2,86,3,6,1,Yes,No,No,Yes,Engineering,Semester 1
Student 4166,STU4166,22,1,76,2,7,1,Yes,No,Yes,Yes,Software Engineering,Semester 3
Student 4167,STU4167,20,6,91,2,4,3,Yes,Yes,No,Yes,Computer Science,Semester 3
Student 4168,STU4168,20,5,89,4,5,2,Yes,No,No,No,Engineering,Semester 1
Student 4169,STU4169,23,2,89,0,7,2,Yes,Yes,No,No,Software Engineering,Semester 2
Student 4170,STU4170,19,1,77,4,3,1,Yes,No,No,No,Business,Semester 2
Student 4171,STU4171,17,5,70,0,6,2,Yes,No,No,Yes,Engineering,Semester 2
Student 4172,STU4172,20,2,92,0,2,1,No,Yes,No,No,Business,Semester 3
Student 4173,STU4173,19,4,91,1,2,3,Yes,No,No,Yes,Computer Science,Semester 1
Student 4174,STU4174,18,4,66,0,7,1,Yes,No,No,No,Business,Semester 1
Student 4175,STU4175,20,3,93,2,3,4,No,No,No,Yes,Computer Science,Semester 2
Student 4176,STU4176,22,2,84,2,5,1,No,No,No,No,Data Science,Semester 3
Student 4177,STU4177,21,1,83,0,3,2,Yes,Yes,No,No,Data Science,Semester 1
Student 4178,STU4178,21,4,75,0,6,2,Yes,No,No,Yes,Computer Science,Semester 3
Student 4179,STU4179,25,7,90,2,2,4,Yes,Yes,No,Yes,Software Engineering,Semester 4
Student 4180,STU4180,20,2,78,3,7,3,Yes,Yes,No,No,Data Science,Semester 2
Student 4181,STU4181,21,2,78,1,7,2,Yes,Yes,No,Yes,Software Engineering,Semester 2
Student 4182,STU4182,19,5,64,2,4,1,Yes,Yes,No,No,Software Engineering,Semester 4
Student 4183,STU4183,19,0,76,0,2,1,Yes,No,No,No,Software Engineering,Semester 1
Student 4184,STU4184,19,2,74,0,5,1,Yes,Yes,Yes,Yes,Engineering,Semester 2
Student 4185,STU4185,19,4,65,2,4,1,Yes,No,No,No,Engineering,Semester 1
Student 4186,STU4186,21,2,94,1,4,2,Yes,No,No,No,Software Engineering,Semester 2
Student 4187,STU4187,26,4,81,1,7,2,Yes,No,Yes,No,Computer Science,Semester 4
Student 4188,STU4188,19,4,70,0,7,2,Yes,No,No,No,Data Science,Semester 4
Student 4189,STU4189,20,4,74,2,6,1,Yes,Yes,No,Yes,Business,Semester 1
Student 4190,STU4190,20,3,77,0,8,1,Yes,No,No,No,Engineering,Semester 2
Student 4191,STU4191,21,4,77,3,5,3,Yes,No,No,No,Engineering,Semester 2
Student 4192,STU4192,21,4,88,1,5,2,No,Yes,No,No,Business,Semester 3
Student 4193,STU4193,23,4,79,2,4,1,Yes,No,No,Yes,Software Engineering,Semester 3
Student 4194,STU4194,17,5,82,5,7,0,Yes,No,Yes,Yes,Business,Semester 2
Student 4195,STU4195,17,4,79,2,5,1,Yes,Yes,No,Yes,Software Engineering,Semester 1
Student 4196,STU4196,19,3,91,0,6,2,Yes,Yes,No,No,Engineering,Semester 4
Student 4197,STU4197,23,4,93,3,4,1,Yes,Yes,No,No,Business,Semester 2
Student 4198,STU4198,17,4,80,0,4,3,Yes,No,No,No,Computer Science,Semester 3
Student 4199,STU4199,17,3,74,4,6,4,Yes,No,Yes,Yes,Data Science,Semester 4
Student 4200,STU4200,22,4,81,1,5,1,Yes,No,No,Yes,Data Science,Semester 1
Student 4201,STU4201,21,3,57,0,6,1,Yes,No,No,Yes,Data Science,Semester 2
Student 4202,STU4202,18,4,84,3,3,2,Yes,No,Yes,No,Business,Semester 2
Student 4203,STU4203,18,4,71,2,5,2,Yes,No,No,No,Software Engineering,Semester 4
Student 4204,STU4204,18,5,80,0,3,3,No,No,No,Yes,Engineering,Semester 4
Student 4205,STU4205,21,2,85,2,8,2,Yes,No,No,No,Data Science,Semester 3
Student 4206,STU4206,19,2,77,3,5,3,Yes,No,No,Yes,Business,Semester 1
Student 4207,STU4207,22,6,78,2,4,2,Yes,No,Yes,No,Data Science,Semester 4
Student 4208,STU4208,17,6,84,2,7,2,Yes,No,No,No,Software Engineering,Semester 1
Student 4209,STU4209,19,4,77,1,5,1,Yes,No,Yes,Yes,Computer Science,Semester 1
Student 4210,STU4210,18,3,89,2,6,3,Yes,Yes,No,Yes,Computer Science,Semester 2
Student 4211,STU4211,20,3,88,0,5,3,Yes,Yes,No,Yes,Engineering,Semester 4
Student 4212,STU4212,19,2,86,3,6,3,Yes,No,No,Yes,Computer Science,Semester 4
Student 4213,STU4213,22,4,77,1,5,2,Yes,Yes,No,No,Computer Science,Semester 3
Student 4214,STU4214,17,3,86,1,7,2,Yes,No,Yes,No,Business,Semester 2
Student 4215,STU4215,21,3,76,3,7,1,Yes,No,No,No,Business,Semester 4
Student 4216,STU4216,22,2,81,1,2,2,Yes,Yes,No,No,Engineering,Semester 4
Student 4217,STU4217,25,4,45,1,5,1,Yes,Yes,No,Yes,Engineering,Semester 3
Student 4218,STU4218,19,4,91,1,5,2,Yes,Yes,Yes,Yes,Business,Semester 3
Student 4219,STU4219,21,4,95,1,6,3,Yes,Yes,No,No,Computer Science,Semester 1
Student 4220,STU4220,17,1,83,0,9,0,Yes,No,No,No,Software Engineering,Semester 2
Student 4221,STU4221,17,2,69,2,3,1,Yes,No,No,No,Computer Science,Semester 1
Student 4222,STU4222,22,2,80,5,6,2,Yes,No,No,No,Computer Science,Semester 3
Student 4223,STU4223,21,5,82,0,6,2,No,No,No,No,Software Engineering,Semester 4
Student 4224,STU4224,23,3,82,2,4,2,Yes,No,No,Yes,Engineering,Semester 4
Student 4225,STU4225,18,2,100,1,3,3,Yes,No,No,No,Business,Semester 3
Student 4226,STU4226,22,4,80,3,9,1,Yes,No,Yes,No,Engineering,Semester 1
Student 4227,STU4227,25,3,77,3,7,0,Yes,No,No,No,Engineering,Semester 1
Student 4228,STU4228,21,4,83,1,6,2,Yes,Yes,No,No,Engineering,Semester 3
Student 4229,STU4229,21,2,80,1,5,2,Yes,Yes,Yes,Yes,Business,Semester 4
Student 4230,STU4230,21,3,76,0,5,2,Yes,Yes,Yes,Yes,Engineering,Semester 2
Student 4231,STU4231,17,5,67,2,6,2,Yes,Yes,Yes,No,Engineering,Semester 1
Student 4232,STU4232,24,5,87,4,8,1,Yes,No,No,No,Data Science,Semester 2
Student 4233,STU4233,19,2,75,1,4,1,Yes,Yes,Yes,No,Computer Science,Semester 4
Student 4234,STU4234,22,3,73,2,5,0,No,No,Yes,No,Data Science,Semester 3
Student 4235,STU4235,17,5,75,1,4,1,Yes,No,No,No,Business,Semester 1
Student 4236,STU4236,18,4,70,2,3,1,Yes,No,No,Yes,Software Engineering,Semester 1
Student 4237,STU4237,24,4,87,1,4,2,Yes,No,No,Yes,Software Engineering,Semester 4
Student 4238,STU4238,20,5,86,5,5,3,Yes,Yes,No,Yes,Data Science,Semester 3
Student 4239,STU4239,24,4,83,0,5,2,Yes,No,No,Yes,Data Science,Semester 1
Student 4240,STU4240,20,3,87,2,5,2,Yes,Yes,No,No,Data Science,Semester 4
Student 4241,STU4241,17,5,85,3,6,2,Yes,No,No,Yes,Computer Science,Semester 1
Student 4242,STU4242,23,2,86,1,7,2,Yes,No,No,Yes,Business,Semester 2
Student 4243,STU4243,19,3,96,3,10,2,Yes,No,No,Yes,Engineering,Semester 1
Student 4244,STU4244,22,3,89,2,6,2,Yes,No,Yes,Yes,Data Science,Semester 4
Student 4245,STU4245,21,2,83,1,4,3,Yes,No,No,No,Computer Science,Semester 2
Student 4246,STU4246,17,3,74,0,7,0,No,Yes,No,Yes,Software Engineering,Semester 1
Student 4247,STU4247,21,4,69,1,4,2,Yes,Yes,No,No,Software Engineering,Semester 1
Student 4248,STU4248,25,3,67,0,4,2,Yes,No,No,Yes,Software Engineering,Semester 3
Student 4249,STU4249,22,5,89,3,6,1,Yes,No,No,No,Data Science,Semester 3
Student 4250,STU4250,20,3,77,2,8,0,No,No,No,No,Software Engineering,Semester 1
Student 4251,STU4251,23,4,82,1,4,2,Yes,Yes,No,No,Software Engineering,Semester 2
Student 4252,STU4252,21,2,74,2,6,1,Yes,No,No,No,Software Engineering,Semester 3
Student 4253,STU4253,21,7,99,4,6,2,Yes,No,No,Yes,Engineering,Semester 3
Student 4254,STU4254,18,3,67,2,3,0,Yes,No,No,Yes,Software Engineering,Semester 3
Student 4255,STU4255,21,1,83,5,2,2,Yes,No,No,Yes,Computer Science,Semester 4
Student 4256,STU4256,23,3,79,1,3,3,Yes,No,No,Yes,Data Science,Semester 1
Student 4257,STU4257,19,4,82,1,7,3,No,Yes,No,Yes,Engineering,Semester 2
Student 4258,STU4258,24,5,79,2,4,3,Yes,No,Yes,Yes,Engineering,Semester 2
Student 4259,STU4259,20,5,74,2,4,1,Yes,Yes,No,No,Data Science,Semester 1
Student 4260,STU4260,19,4,73,1,6,1,Yes,Yes,Yes,No,Software Engineering,Semester 3
Student 4261,STU4261,23,5,98,0,7,1,Yes,No,No,Yes,Software Engineering,Semester 2
Student 4262,STU4262,20,5,79,2,3,1,No,No,No,Yes,Business,Semester 4
Student 4263,STU4263,22,4,84,1,2,3,Yes,No,No,No,Software Engineering,Semester 4
Student 4264,STU4264,20,3,69,0,8,0,Yes,No,No,No,Computer Science,Semester 2
Student 4265,STU4265,20,4,65,2,6,3,Yes,No,No,Yes,Software Engineering,Semester 4
Student 4266,STU4266,22,3,76,0,3,3,Yes,Yes,No,Yes,Data Science,Semester 1
Student 4267,STU4267,21,5,89,3,4,4,Yes,No,No,No,Software Engineering,Semester 4
Student 4268,STU4268,17,5,82,3,3,0,Yes,Yes,No,Yes,Data Science,Semester 4
Student 4269,STU4269,18,5,77,2,6,3,Yes,No,Yes,No,Engineering,Semester 2
Student 4270,STU4270,23,4,85,3,5,0,No,Yes,Yes,Yes,Business,Semester 4
Student 4271,STU4271,20,5,77,0,6,3,Yes,No,No,Yes,Engineering,Semester 2
Student 4272,STU4272,19,3,93,0,5,2,No,No,Yes,No,Data Science,Semester 3
Student 4273,STU4273,18,4,93,2,6,2,Yes,Yes,No,No,Business,Semester 3
Student 4274,STU4274,18,5,77,1,4,3,Yes,No,Yes,No,Engineering,Semester 4
Student 4275,STU4275,17,2,75,0,4,1,Yes,Yes,No,Yes,Software Engineering,Semester 3
Student 4276,STU4276,20,5,81,3,5,1,Yes,Yes,No,Yes,Software Engineering,Semester 2
Student 4277,STU4277,19,1,85,1,5,3,Yes,Yes,No,No,Business,Semester 3
Student 4278,STU4278,18,3,79,1,5,2,Yes,No,Yes,Yes,Engineering,Semester 1
Student 4279,STU4279,20,5,90,2,2,1,Yes,No,Yes,No,Computer Science,Semester 3
Student 4280,STU4280,21,5,84,3,7,3,Yes,No,No,No,Computer Science,Semester 3
Student 4281,STU4281,25,5,90,2,3,3,Yes,No,Yes,Yes,Computer Science,Semester 2
Student 4282,STU4282,17,3,73,4,1,1,Yes,No,No,Yes,Engineering,Semester 3
Student 4283,STU4283,23,3,77,0,4,2,Yes,No,No,No,Engineering,Semester 4
Student 4284,STU4284,23,3,86,2,5,0,Yes,No,Yes,No,Engineering,Semester 1
Student 4285,STU4285,19,4,82,4,9,0,Yes,No,No,No,Data Science,Semester 3
Student 4286,STU4286,21,5,80,3,4,1,Yes,No,No,Yes,Computer Science,Semester 3
Student 4287,STU4287,20,3,77,2,5,2,No,Yes,No,No,Computer Science,Semester 4
Student 4288,STU4288,21,3,82,2,6,2,Yes,No,No,Yes,Computer Science,Semester 1
Student 4289,STU4289,24,3,93,0,2,3,Yes,No,No,Yes,Data Science,Semester 1
Student 4290,STU4290,22,5,65,1,5,2,Yes,Yes,No,No,Data Science,Semester 3
Student 4291,STU4291,22,4,80,1,5,3,Yes,No,No,No,Engineering,Semester 2
Student 4292,STU4292,20,5,81,2,5,2,Yes,Yes,Yes,Yes,Computer Science,Semester 1
Student 4293,STU4293,17,5,73,3,6,2,Yes,Yes,No,No,Computer Science,Semester 1
Student 4294,STU4294,20,3,80,1,7,1,No,Yes,No,No,Software Engineering,Semester 2
Student 4295,STU4295,23,3,68,3,4,2,Yes,No,No,Yes,Software Engineering,Semester 1
Student 4296,STU4296,17,3,77,0,6,2,Yes,No,No,No,Software Engineering,Semester 1
Student 4297,STU4297,18,3,79,5,4,0,Yes,No,No,No,Data Science,Semester 2
Student 4298,STU4298,21,5,82,2,3,2,Yes,Yes,No,No,Engineering,Semester 3
Student 4299,STU4299,18,3,97,0,8,1,Yes,No,No,No,Business,Semester 2
Student 4300,STU4300,19,4,75,3,2,2,Yes,No,No,No,Computer Science,Semester 4
Student 4301,STU4301,20,4,71,2,4,2,Yes,Yes,No,No,Software Engineering,Semester 4
Student 4302,STU4302,18,4,89,1,5,3,No,No,No,Yes,Computer Science,Semester 3
Student 4303,STU4303,18,4,50,1,4,2,Yes,Yes,No,Yes,Computer Science,Semester 4
Student 4304,STU4304,22,4,77,2,5,1,Yes,Yes,Yes,No,Computer Science,Semester 4
Student 4305,STU4305,18,3,79,1,3,3,Yes,No,No,No,Engineering,Semester 1
Student 4306,STU4306,17,3,74,2,2,0,Yes,No,Yes,Yes,Computer Science,Semester 1
Student 4307,STU4307,19,4,81,2,3,2,Yes,Yes,Yes,Yes,Engineering,Semester 3
Student 4308,STU4308,22,3,76,0,5,2,Yes,Yes,No,No,Business,Semester 4
Student 4309,STU4309,20,2,68,4,5,1,Yes,Yes,No,Yes,Business,Semester 4
Student 4310,STU4310,20,3,86,0,6,2,Yes,Yes,No,No,Data Science,Semester 2
Student 4311,STU4311,21,4,87,3,2,2,Yes,Yes,No,Yes,Computer Science,Semester 1
Student 4312,STU4312,17,5,74,4,4,2,No,No,No,No,Software Engineering,Semester 2
Student 4313,STU4313,22,2,77,1,5,1,Yes,No,No,Yes,Data Science,Semester 4
Student 4314,STU4314,21,2,96,2,3,2,No,No,Yes,No,Data Science,Semester 3
Student 4315,STU4315,20,4,85,0,5,2,No,No,No,No,Business,Semester 4
Student 4316,STU4316,23,3,82,3,5,1,Yes,No,No,No,Software Engineering,Semester 3
Student 4317,STU4317,18,2,94,2,6,2,Yes,Yes,No,Yes,Computer Science,Semester 3
Student 4318,STU4318,23,3,69,4,6,1,Yes,Yes,Yes,Yes,Computer Science,Semester 2
Student 4319,STU4319,21,2,65,0,2,2,Yes,No,Yes,Yes,Business,Semester 4
Student 4320,STU4320,20,6,83,1,8,1,Yes,Yes,No,No,Engineering,Semester 2
Student 4321,STU4321,21,2,88,1,1,3,Yes,Yes,No,No,Business,Semester 4
Student 4322,STU4322,20,4,68,0,5,3,No,Yes,No,Yes,Software Engineering,Semester 3
Student 4323,STU4323,23,4,71,1,5,2,Yes,No,Yes,No,Engineering,Semester 1
Student 4324,STU4324,18,5,88,2,6,3,Yes,No,No,No,Software Engineering,Semester 4
Student 4325,STU4325,19,2,72,1,5,2,Yes,No,No,No,Computer Science,Semester 3
Student 4326,STU4326,23,4,80,1,4,2,No,No,No,Yes,Engineering,Semester 1
Student 4327,STU4327,19,1,83,1,5,1,Yes,No,No,No,Software Engineering,Semester 4
Student 4328,STU4328,23,4,89,2,6,3,No,No,Yes,No,Computer Science,Semester 1
Student 4329,STU4329,24,3,79,2,3,2,Yes,Yes,No,No,Software Engineering,Semester 4
Student 4330,STU4330,20,4,85,0,3,3,Yes,Yes,Yes,Yes,Engineering,Semester 4
Student 4331,STU4331,22,4,72,0,3,3,Yes,Yes,No,No,Computer Science,Semester 1
Student 4332,STU4332,18,3,86,1,7,1,Yes,Yes,Yes,Yes,Software Engineering,Semester 2
Student 4333,STU4333,22,3,74,1,6,3,Yes,Yes,No,No,Data Science,Semester 1
Student 4334,STU4334,21,2,71,0,6,2,Yes,Yes,No,No,Engineering,Semester 1
Student 4335,STU4335,22,2,98,1,8,1,Yes,Yes,No,No,Engineering,Semester 3
Student 4336,STU4336,19,5,96,1,6,2,Yes,No,No,No,Engineering,Semester 1
Student 4337,STU4337,17,4,83,0,5,2,Yes,No,Yes,Yes,Computer Science,Semester 4
Student 4338,STU4338,22,4,94,1,5,4,No,No,No,No,Engineering,Semester 4
Student 4339,STU4339,17,3,79,4,3,1,Yes,No,No,No,Software Engineering,Semester 1
Student 4340,STU4340,20,5,80,0,5,2,Yes,No,No,No,Data Science,Semester 3
Student 4341,STU4341,23,3,80,3,7,1,Yes,Yes,No,Yes,Software Engineering,Semester 4
Student 4342,STU4342,21,2,74,1,1,1,Yes,Yes,Yes,No,Software Engineering,Semester 2
Student 4343,STU4343,25,3,63,1,4,3,Yes,Yes,No,No,Engineering,Semester 1
Student 4344,STU4344,23,5,79,3,6,2,Yes,No,No,No,Data Science,Semester 2
Student 4345,STU4345,19,1,92,1,5,3,Yes,No,No,No,Data Science,Semester 3
Student 4346,STU4346,21,4,84,2,6,3,Yes,Yes,No,Yes,Data Science,Semester 2
Student 4347,STU4347,20,4,88,3,2,3,Yes,Yes,No,Yes,Data Science,Semester 1
Student 4348,STU4348,17,7,85,2,4,3,Yes,No,Yes,No,Business,Semester 2
Student 4349,STU4349,18,6,75,2,6,1,Yes,Yes,No,No,Data Science,Semester 4
Student 4350,STU4350,19,1,84,4,3,1,Yes,No,No,Yes,Engineering,Semester 2
Student 4351,STU4351,17,5,79,5,7,2,Yes,Yes,Yes,No,Data Science,Semester 3
Student 4352,STU4352,21,3,73,0,6,2,Yes,No,Yes,No,Software Engineering,Semester 3
Student 4353,STU4353,20,3,89,6,3,2,Yes,Yes,No,No,Business,Semester 3
Student 4354,STU4354,17,3,71,2,6,2,No,No,Yes,Yes,Software Engineering,Semester 4
Student 4355,STU4355,21,3,76,0,6,3,Yes,Yes,Yes,No,Engineering,Semester 3
Student 4356,STU4356,22,5,99,2,6,4,Yes,No,No,No,Engineering,Semester 4
Student 4357,STU4357,21,0,87,4,6,1,Yes,No,No,No,Data Science,Semester 3
Student 4358,STU4358,20,3,84,1,2,3,Yes,Yes,Yes,No,Engineering,Semester 3
Student 4359,STU4359,22,4,64,3,9,1,Yes,No,No,No,Business,Semester 3
Student 4360,STU4360,22,1,81,0,10,0,Yes,No,No,Yes,Software Engineering,Semester 4
Student 4361,STU4361,21,3,72,2,8,1,Yes,No,No,Yes,Engineering,Semester 3
Student 4362,STU4362,19,2,81,1,5,2,Yes,No,No,Yes,Engineering,Semester 4
Student 4363,STU4363,21,4,80,1,4,3,Yes,No,No,Yes,Business,Semester 4
Student 4364,STU4364,23,4,75,0,4,1,Yes,No,Yes,No,Computer Science,Semester 4
Student 4365,STU4365,19,5,91,1,6,3,Yes,Yes,No,No,Computer Science,Semester 2
Student 4366,STU4366,25,0,89,2,7,1,Yes,No,Yes,No,Business,Semester 3
Student 4367,STU4367,19,4,73,1,4,3,Yes,No,Yes,Yes,Engineering,Semester 4
Student 4368,STU4368,21,4,94,2,5,0,Yes,No,No,Yes,Business,Semester 2
Student 4369,STU4369,19,5,72,1,7,1,Yes,No,Yes,No,Business,Semester 1
Student 4370,STU4370,21,3,95,2,5,0,Yes,No,No,No,Computer Science,Semester 4
Student 4371,STU4371,17,2,80,2,5,2,Yes,No,No,Yes,Data Science,Semester 4
Student 4372,STU4372,19,3,78,2,8,3,Yes,No,No,No,Engineering,Semester 3
Student 4373,STU4373,18,4,93,0,7,2,Yes,No,Yes,Yes,Software Engineering,Semester 4
Student 4374,STU4374,21,4,80,5,6,2,Yes,No,No,Yes,Business,Semester 1
Student 4375,STU4375,23,3,90,0,3,3,Yes,No,No,Yes,Computer Science,Semester 4
Student 4376,STU4376,22,2,71,1,3,2,Yes,No,No,No,Data Science,Semester 4
Student 4377,STU4377,17,2,82,1,4,3,Yes,No,No,Yes,Engineering,Semester 3
Student 4378,STU4378,25,4,85,4,4,2,Yes,No,Yes,Yes,Business,Semester 4
Student 4379,STU4379,21,4,91,1,5,1,Yes,Yes,Yes,Yes,Computer Science,Semester 1
Student 4380,STU4380,19,4,87,2,5,2,Yes,Yes,No,Yes,Business,Semester 2
Student 4381,STU4381,21,6,82,1,5,0,Yes,No,Yes,No,Software Engineering,Semester 3
Student 4382,STU4382,21,4,85,2,5,0,Yes,No,No,Yes,Engineering,Semester 2
Student 4383,STU4383,19,6,76,2,3,3,Yes,Yes,No,No,Engineering,Semester 1
Student 4384,STU4384,21,4,86,1,4,3,Yes,Yes,No,Yes,Engineering,Semester 4
Student 4385,STU4385,19,3,85,1,9,0,No,No,No,Yes,Engineering,Semester 2
Student 4386,STU4386,20,3,75,3,6,1,Yes,No,No,Yes,Computer Science,Semester 3
Student 4387,STU4387,19,4,83,0,5,0,No,No,No,Yes,Software Engineering,Semester 2
Student 4388,STU4388,17,2,88,0,2,3,Yes,No,No,Yes,Business,Semester 4
Student 4389,STU4389,21,3,100,2,3,3,Yes,No,No,Yes,Computer Science,Semester 2
Student 4390,STU4390,22,5,91,0,5,1,Yes,Yes,No,No,Data Science,Semester 1
Student 4391,STU4391,22,3,83,1,7,1,Yes,Yes,No,No,Engineering,Semester 4
Student 4392,STU4392,22,6,84,3,5,2,Yes,No,No,No,Engineering,Semester 4
Student 4393,STU4393,21,3,80,1,5,0,Yes,Yes,No,Yes,Business,Semester 4
Student 4394,STU4394,19,3,82,0,7,3,Yes,No,Yes,No,Engineering,Semester 1
Student 4395,STU4395,22,2,88,1,3,2,No,No,Yes,Yes,Engineering,Semester 3
Student 4396,STU4396,18,3,88,0,8,0,Yes,No,Yes,No,Business,Semester 1
Student 4397,STU4397,19,5,81,2,4,2,Yes,No,Yes,No,Software Engineering,Semester 4
Student 4398,STU4398,18,6,73,5,7,1,Yes,Yes,No,No,Computer Science,Semester 4
Student 4399,STU4399,23,4,80,1,5,1,Yes,No,Yes,Yes,Software Engineering,Semester 2
Student 4400,STU4400,23,4,75,2,3,3,Yes,Yes,No,Yes,Business,Semester 1
Student 4401,STU4401,22,2,72,1,5,1,Yes,Yes,No,Yes,Engineering,Semester 3
Student 4402,STU4402,23,0,86,4,6,0,Yes,No,Yes,Yes,Engineering,Semester 4
Student 4403,STU4403,19,4,84,6,5,1,Yes,Yes,Yes,Yes,Software Engineering,Semester 1
Student 4404,STU4404,21,3,74,0,5,2,Yes,No,No,Yes,Data Science,Semester 4
Student 4405,STU4405,20,3,79,0,4,1,No,No,No,Yes,Computer Science,Semester 3
Student 4406,STU4406,22,4,84,2,2,2,Yes,Yes,No,No,Engineering,Semester 3
Student 4407,STU4407,20,2,84,1,7,2,No,Yes,No,No,Business,Semester 2
Student 4408,STU4408,20,5,85,1,3,3,Yes,No,No,No,Software Engineering,Semester 2
Student 4409,STU4409,22,6,75,1,1,3,Yes,No,No,Yes,Computer Science,Semester 2
Student 4410,STU4410,22,4,84,1,7,2,Yes,No,Yes,Yes,Data Science,Semester 3
Student 4411,STU4411,19,3,81,1,6,2,Yes,No,No,No,Engineering,Semester 1
Student 4412,STU4412,20,3,88,1,3,3,Yes,No,Yes,No,Software Engineering,Semester 1
Student 4413,STU4413,18,3,90,1,7,2,Yes,No,No,Yes,Engineering,Semester 3
Student 4414,STU4414,17,4,100,2,6,1,Yes,Yes,No,No,Software Engineering,Semester 3
Student 4415,STU4415,21,5,92,1,5,3,Yes,No,No,Yes,Data Science,Semester 1
Student 4416,STU4416,22,4,83,1,4,2,Yes,No,Yes,Yes,Business,Semester 4
Student 4417,STU4417,21,5,81,1,5,2,Yes,No,No,No,Business,Semester 1
Student 4418,STU4418,17,4,74,3,5,3,Yes,No,No,Yes,Computer Science,Semester 3
Student 4419,STU4419,20,5,74,3,4,2,Yes,No,No,No,Engineering,Semester 1
Student 4420,STU4420,17,3,84,2,7,2,Yes,Yes,Yes,Yes,Engineering,Semester 1
Student 4421,STU4421,24,2,84,2,6,0,Yes,No,No,Yes,Engineering,Semester 3
Student 4422,STU4422,18,5,100,1,5,2,No,No,No,No,Business,Semester 4
Student 4423,STU4423,23,6,76,1,8,2,Yes,No,No,Yes,Computer Science,Semester 3
Student 4424,STU4424,23,4,75,0,5,1,Yes,Yes,No,No,Business,Semester 2
Student 4425,STU4425,19,3,84,0,8,1,Yes,No,No,Yes,Software Engineering,Semester 2
Student 4426,STU4426,18,4,78,0,6,2,Yes,No,Yes,No,Engineering,Semester 1
Student 4427,STU4427,21,3,85,3,6,1,Yes,No,Yes,Yes,Software Engineering,Semester 3
Student 4428,STU4428,19,4,78,2,4,1,Yes,Yes,No,No,Data Science,Semester 4
Student 4429,STU4429,21,4,79,1,2,3,Yes,No,No,No,Software Engineering,Semester 1
Student 4430,STU4430,19,3,85,4,6,0,Yes,Yes,Yes,Yes,Software Engineering,Semester 3
Student 4431,STU4431,17,3,77,5,3,1,Yes,No,No,Yes,Software Engineering,Semester 1
Student 4432,STU4432,17,3,79,1,4,1,Yes,No,No,No,Business,Semester 1
Student 4433,STU4433,21,3,86,3,5,2,Yes,Yes,Yes,No,Software Engineering,Semester 3
Student 4434,STU4434,19,4,82,3,4,2,No,No,No,No,Engineering,Semester 4
Student 4435,STU4435,19,4,76,2,5,3,Yes,No,Yes,No,Computer Science,Semester 4
Student 4436,STU4436,22,4,78,2,5,1,Yes,No,Yes,No,Data Science,Semester 2
Student 4437,STU4437,23,3,90,1,2,3,Yes,No,No,Yes,Engineering,Semester 4
Student 4438,STU4438,20,2,84,0,6,1,Yes,No,No,No,Computer Science,Semester 2
Student 4439,STU4439,20,2,79,1,4,2,No,No,Yes,No,Engineering,Semester 3
Student 4440,STU4440,22,5,88,2,3,3,Yes,Yes,No,No,Software Engineering,Semester 1
Student 4441,STU4441,18,3,85,3,1,2,No,Yes,Yes,Yes,Data Science,Semester 1
Student 4442,STU4442,21,3,92,3,2,3,Yes,No,Yes,No,Engineering,Semester 4
Student 4443,STU4443,22,4,89,0,5,2,Yes,Yes,Yes,No,Data Science,Semester 1
Student 4444,STU4444,22,3,91,2,5,3,Yes,No,Yes,No,Business,Semester 3
Student 4445,STU4445,17,1,79,1,6,0,Yes,Yes,Yes,No,Business,Semester 4
Student 4446,STU4446,19,4,74,0,8,3,No,No,No,No,Software Engineering,Semester 4
Student 4447,STU4447,19,3,88,0,7,2,Yes,No,No,No,Software Engineering,Semester 2
Student 4448,STU4448,21,3,88,2,7,0,Yes,No,Yes,No,Business,Semester 3
Student 4449,STU4449,22,3,81,3,7,0,Yes,No,Yes,Yes,Engineering,Semester 2
Student 4450,STU4450,24,1,73,3,5,1,Yes,No,Yes,No,Computer Science,Semester 4
Student 4451,STU4451,19,1,84,2,5,0,Yes,No,No,No,Computer Science,Semester 2
Student 4452,STU4452,19,3,85,2,8,0,Yes,Yes,No,Yes,Business,Semester 3
Student 4453,STU4453,23,4,71,4,5,0,Yes,No,Yes,No,Computer Science,Semester 2
Student 4454,STU4454,21,3,85,0,5,2,Yes,No,No,Yes,Engineering,Semester 4
Student 4455,STU4455,23,3,91,3,7,2,No,No,No,Yes,Computer Science,Semester 2
Student 4456,STU4456,21,4,71,4,5,3,Yes,No,Yes,No,Computer Science,Semester 4
Student 4457,STU4457,18,5,86,0,5,3,Yes,Yes,No,No,Business,Semester 4
Student 4458,STU4458,18,4,92,3,3,2,Yes,Yes,No,No,Data Science,Semester 2
Student 4459,STU4459,17,3,93,2,4,2,Yes,No,Yes,No,Data Science,Semester 1
Student 4460,STU4460,22,3,67,3,4,1,Yes,No,No,Yes,Engineering,Semester 3
Student 4461,STU4461,23,3,90,3,5,1,Yes,No,No,Yes,Data Science,Semester 4
Student 4462,STU4462,25,4,79,2,7,1,Yes,No,No,No,Software Engineering,Semester 1
Student 4463,STU4463,22,5,78,4,3,3,No,Yes,No,No,Business,Semester 3
Student 4464,STU4464,23,4,100,1,8,2,Yes,Yes,No,Yes,Data Science,Semester 1
Student 4465,STU4465,19,2,83,2,1,4,Yes,No,No,No,Computer Science,Semester 2
Student 4466,STU4466,18,3,78,4,6,2,Yes,Yes,No,No,Data Science,Semester 4
Student 4467,STU4467,22,5,88,4,7,3,Yes,Yes,No,No,Business,Semester 1
Student 4468,STU4468,21,4,95,3,6,2,Yes,No,Yes,No,Computer Science,Semester 1
Student 4469,STU4469,21,2,83,4,7,2,No,No,No,Yes,Computer Science,Semester 3
Student 4470,STU4470,21,4,77,2,5,1,No,Yes,No,Yes,Business,Semester 3
Student 4471,STU4471,21,3,82,0,7,1,No,No,No,No,Engineering,Semester 4
Student 4472,STU4472,23,2,90,2,4,3,No,No,No,No,Engineering,Semester 1
Student 4473,STU4473,23,4,79,0,4,1,Yes,Yes,No,Yes,Business,Semester 4
Student 4474,STU4474,22,2,90,3,9,1,Yes,No,Yes,No,Business,Semester 3
Student 4475,STU4475,22,5,80,0,5,3,Yes,No,No,No,Business,Semester 4
Student 4476,STU4476,22,4,67,1,7,0,Yes,No,No,Yes,Computer Science,Semester 2
Student 4477,STU4477,20,5,94,2,6,0,Yes,No,No,No,Computer Science,Semester 4
Student 4478,STU4478,22,4,84,3,6,3,Yes,No,No,Yes,Business,Semester 2
Student 4479,STU4479,17,3,90,3,1,3,Yes,Yes,No,Yes,Computer Science,Semester 4
Student 4480,STU4480,23,3,84,2,6,3,Yes,Yes,No,No,Software Engineering,Semester 4
Student 4481,STU4481,18,3,82,1,5,1,Yes,Yes,No,Yes,Business,Semester 2
Student 4482,STU4482,21,4,87,0,7,2,Yes,No,Yes,Yes,Computer Science,Semester 3
Student 4483,STU4483,19,2,80,4,4,2,Yes,Yes,Yes,No,Engineering,Semester 4
Student 4484,STU4484,22,4,96,5,7,4,Yes,No,No,No,Business,Semester 3
Student 4485,STU4485,20,2,81,1,3,3,Yes,Yes,No,No,Business,Semester 1
Student 4486,STU4486,17,6,96,5,4,4,Yes,No,No,Yes,Business,Semester 3
Student 4487,STU4487,21,4,86,2,2,3,Yes,Yes,Yes,Yes,Data Science,Semester 1
Student 4488,STU4488,19,4,63,5,3,2,Yes,No,No,No,Business,Semester 3
Student 4489,STU4489,22,4,74,1,5,1,Yes,Yes,Yes,Yes,Engineering,Semester 3
Student 4490,STU4490,21,1,88,3,8,0,Yes,Yes,No,No,Computer Science,Semester 1
Student 4491,STU4491,21,4,74,3,5,0,Yes,No,No,No,Business,Semester 2
Student 4492,STU4492,18,4,71,2,3,1,Yes,No,Yes,No,Software Engineering,Semester 3
Student 4493,STU4493,19,3,92,3,1,4,Yes,Yes,Yes,Yes,Computer Science,Semester 1
Student 4494,STU4494,20,3,69,2,6,1,Yes,Yes,Yes,Yes,Engineering,Semester 3
Student 4495,STU4495,22,4,88,0,4,3,Yes,No,Yes,No,Data Science,Semester 3
Student 4496,STU4496,24,4,79,5,4,3,Yes,No,No,No,Engineering,Semester 3
Student 4497,STU4497,19,4,87,2,7,0,Yes,No,Yes,No,Data Science,Semester 3
Student 4498,STU4498,23,4,84,1,5,1,Yes,No,No,No,Computer Science,Semester 4
Student 4499,STU4499,17,5,65,1,5,2,Yes,Yes,No,No,Data Science,Semester 3
Student 4500,STU4500,18,2,79,2,5,1,Yes,No,No,Yes,Computer Science,Semester 1
Student 4501,STU4501,18,6,80,2,8,2,Yes,No,Yes,Yes,Engineering,Semester 3
Student 4502,STU4502,18,6,85,0,6,3,Yes,No,No,Yes,Engineering,Semester 1
Student 4503,STU4503,17,3,84,1,1,3,Yes,Yes,No,No,Data Science,Semester 1
Student 4504,STU4504,21,4,80,4,4,2,Yes,No,No,No,Software Engineering,Semester 2
Student 4505,STU4505,20,6,72,3,5,3,Yes,Yes,No,No,Engineering,Semester 1
Student 4506,STU4506,21,5,85,1,7,0,Yes,No,Yes,No,Data Science,Semester 1
Student 4507,STU4507,22,1,89,1,3,3,Yes,No,Yes,No,Business,Semester 2
Student 4508,STU4508,21,3,84,1,5,3,Yes,No,No,No,Computer Science,Semester 3
Student 4509,STU4509,22,3,80,1,5,3,Yes,No,No,No,Business,Semester 4
Student 4510,STU4510,20,5,79,1,7,3,No,No,No,Yes,Business,Semester 2
Student 4511,STU4511,18,5,74,1,3,3,Yes,No,No,Yes,Business,Semester 4
Student 4512,STU4512,23,2,84,3,5,2,Yes,No,No,No,Data Science,Semester 3
Student 4513,STU4513,19,3,83,2,8,0,Yes,Yes,No,No,Engineering,Semester 3
Student 4514,STU4514,18,4,88,0,5,3,Yes,Yes,Yes,Yes,Business,Semester 4
Student 4515,STU4515,20,3,77,4,6,1,Yes,No,No,No,Data Science,Semester 4
Student 4516,STU4516,19,3,83,3,4,3,Yes,Yes,Yes,No,Engineering,Semester 1
Student 4517,STU4517,20,4,71,1,5,3,Yes,No,No,No,Computer Science,Semester 3
Student 4518,STU4518,21,6,79,2,5,3,No,No,No,No,Engineering,Semester 2
Student 4519,STU4519,21,4,77,0,7,0,Yes,No,No,No,Engineering,Semester 2
Student 4520,STU4520,19,3,90,0,6,2,Yes,No,No,Yes,Business,Semester 3
Student 4521,STU4521,19,5,95,1,4,3,No,No,No,Yes,Data Science,Semester 4
Student 4522,STU4522,23,4,57,3,5,2,Yes,No,No,No,Software Engineering,Semester 4
Student 4523,STU4523,22,3,89,2,7,2,No,No,No,No,Computer Science,Semester 2
Student 4524,STU4524,25,4,87,6,3,3,Yes,Yes,No,No,Data Science,Semester 4
Student 4525,STU4525,23,2,77,3,4,2,Yes,No,No,No,Business,Semester 2
Student 4526,STU4526,23,3,76,2,5,3,Yes,Yes,No,Yes,Data Science,Semester 1
Student 4527,STU4527,17,2,75,1,7,2,Yes,No,Yes,No,Software Engineering,Semester 1
Student 4528,STU4528,22,5,79,0,4,3,No,No,Yes,No,Computer Science,Semester 1
Student 4529,STU4529,20,2,79,2,4,2,Yes,No,Yes,Yes,Engineering,Semester 3
Student 4530,STU4530,19,2,80,1,7,1,Yes,No,No,Yes,Computer Science,Semester 4
Student 4531,STU4531,21,3,77,2,6,1,Yes,No,No,No,Software Engineering,Semester 1
Student 4532,STU4532,23,2,88,2,2,3,Yes,No,No,Yes,Computer Science,Semester 2
Student 4533,STU4533,22,6,86,4,6,3,Yes,Yes,No,Yes,Computer Science,Semester 1
Student 4534,STU4534,19,5,80,0,2,1,Yes,No,No,No,Business,Semester 4
Student 4535,STU4535,22,4,77,1,4,0,Yes,No,Yes,Yes,Engineering,Semester 2
Student 4536,STU4536,19,3,77,0,4,3,Yes,Yes,Yes,No,Software Engineering,Semester 1
Student 4537,STU4537,21,3,85,1,4,2,Yes,No,No,Yes,Business,Semester 4
Student 4538,STU4538,20,6,82,3,4,2,Yes,Yes,No,No,Computer Science,Semester 2
Student 4539,STU4539,20,3,83,2,3,1,Yes,No,Yes,Yes,Computer Science,Semester 1
Student 4540,STU4540,22,2,88,2,6,3,Yes,Yes,No,No,Data Science,Semester 1
Student 4541,STU4541,18,5,81,3,2,3,Yes,Yes,No,No,Business,Semester 4
Student 4542,STU4542,25,3,93,0,4,2,Yes,No,No,Yes,Software Engineering,Semester 1
Student 4543,STU4543,17,3,66,1,6,1,Yes,Yes,Yes,No,Software Engineering,Semester 4
Student 4544,STU4544,19,3,71,1,6,1,Yes,Yes,No,Yes,Software Engineering,Semester 1
Student 4545,STU4545,21,3,96,3,3,4,Yes,No,Yes,No,Software Engineering,Semester 2
Student 4546,STU4546,22,4,78,1,2,3,Yes,No,No,No,Computer Science,Semester 1
Student 4547,STU4547,20,3,84,1,3,3,Yes,No,No,No,Computer Science,Semester 3
Student 4548,STU4548,20,4,92,1,1,4,Yes,No,No,No,Business,Semester 1
Student 4549,STU4549,21,5,84,2,5,3,Yes,No,No,Yes,Engineering,Semester 4
Student 4550,STU4550,20,5,89,2,4,3,Yes,No,Yes,Yes,Software Engineering,Semester 1
Student 4551,STU4551,24,2,86,1,4,0,No,Yes,Yes,Yes,Computer Science,Semester 3
Student 4552,STU4552,22,5,89,2,6,3,Yes,Yes,No,No,Business,Semester 2
Student 4553,STU4553,22,5,85,1,7,3,Yes,No,No,No,Software Engineering,Semester 3
Student 4554,STU4554,18,5,87,2,5,1,No,No,Yes,Yes,Engineering,Semester 2
Student 4555,STU4555,20,4,77,1,5,1,Yes,Yes,No,Yes,Software Engineering,Semester 3
Student 4556,STU4556,20,3,86,1,4,2,Yes,No,Yes,Yes,Data Science,Semester 3
Student 4557,STU4557,18,1,81,3,4,2,Yes,No,Yes,Yes,Software Engineering,Semester 3
Student 4558,STU4558,21,4,81,2,5,2,Yes,No,No,Yes,Data Science,Semester 2
Student 4559,STU4559,19,6,68,3,7,3,No,No,No,No,Engineering,Semester 1
Student 4560,STU4560,22,4,78,3,3,3,No,Yes,No,No,Data Science,Semester 4
Student 4561,STU4561,18,3,80,1,3,2,Yes,No,No,No,Engineering,Semester 1
Student 4562,STU4562,24,4,94,1,5,2,Yes,Yes,No,No,Business,Semester 3
Student 4563,STU4563,19,2,79,1,1,1,No,No,No,No,Data Science,Semester 2
Student 4564,STU4564,21,3,84,2,6,2,Yes,No,No,No,Software Engineering,Semester 2
Student 4565,STU4565,22,5,93,0,7,2,Yes,No,No,No,Software Engineering,Semester 1
Student 4566,STU4566,19,4,72,3,9,0,No,Yes,Yes,Yes,Business,Semester 2
Student 4567,STU4567,22,3,78,1,5,0,Yes,No,No,Yes,Computer Science,Semester 2
Student 4568,STU4568,18,6,89,2,7,2,Yes,No,No,No,Engineering,Semester 3
Student 4569,STU4569,24,2,100,2,5,2,Yes,No,No,No,Computer Science,Semester 2
Student 4570,STU4570,21,4,66,1,8,0,No,No,Yes,No,Computer Science,Semester 2
Student 4571,STU4571,19,5,81,2,4,2,Yes,Yes,Yes,No,Business,Semester 3
Student 4572,STU4572,20,5,87,2,6,2,Yes,No,Yes,Yes,Business,Semester 1
Student 4573,STU4573,22,4,88,1,6,1,Yes,No,No,No,Data Science,Semester 4
Student 4574,STU4574,19,5,100,1,6,3,Yes,No,No,No,Data Science,Semester 4
Student 4575,STU4575,19,4,76,1,4,1,Yes,Yes,No,No,Data Science,Semester 4
Student 4576,STU4576,20,4,80,3,5,2,Yes,Yes,No,No,Data Science,Semester 1
Student 4577,STU4577,18,4,69,2,7,0,Yes,No,No,No,Data Science,Semester 2
Student 4578,STU4578,25,5,83,5,6,2,Yes,No,No,Yes,Software Engineering,Semester 3
Student 4579,STU4579,19,2,86,0,5,1,No,Yes,Yes,Yes,Business,Semester 1
Student 4580,STU4580,22,3,98,3,7,3,Yes,Yes,Yes,No,Engineering,Semester 4
Student 4581,STU4581,21,4,95,1,7,3,No,No,No,No,Engineering,Semester 2
Student 4582,STU4582,18,4,94,4,6,3,Yes,Yes,Yes,Yes,Engineering,Semester 4
Student 4583,STU4583,21,3,76,2,6,0,Yes,No,No,No,Engineering,Semester 4
Student 4584,STU4584,22,1,85,3,4,3,Yes,No,No,No,Engineering,Semester 4
Student 4585,STU4585,20,1,85,2,6,1,Yes,No,Yes,Yes,Software Engineering,Semester 1
Student 4586,STU4586,23,2,85,2,2,3,No,No,No,Yes,Business,Semester 2
Student 4587,STU4587,23,7,81,0,5,3,Yes,No,No,Yes,Data Science,Semester 4
Student 4588,STU4588,23,0,91,3,6,1,Yes,Yes,Yes,Yes,Data Science,Semester 1
Student 4589,STU4589,20,3,79,7,4,1,Yes,No,No,Yes,Data Science,Semester 3
Student 4590,STU4590,18,3,84,2,5,2,Yes,Yes,No,Yes,Business,Semester 3
Student 4591,STU4591,19,4,93,3,6,3,Yes,No,No,Yes,Business,Semester 1
Student 4592,STU4592,21,3,99,3,3,3,Yes,No,No,No,Software Engineering,Semester 3
Student 4593,STU4593,22,2,75,1,7,1,Yes,No,No,No,Software Engineering,Semester 4
Student 4594,STU4594,17,5,86,0,6,2,Yes,No,No,No,Data Science,Semester 1
Student 4595,STU4595,21,1,85,3,2,3,Yes,No,Yes,No,Business,Semester 1
Student 4596,STU4596,21,6,91,1,5,3,Yes,No,No,No,Data Science,Semester 3
Student 4597,STU4597,20,4,95,6,8,3,Yes,No,No,No,Software Engineering,Semester 2
Student 4598,STU4598,23,2,79,0,5,1,Yes,No,No,No,Data Science,Semester 3
Student 4599,STU4599,21,3,81,2,4,2,Yes,No,No,Yes,Software Engineering,Semester 4
Student 4600,STU4600,23,5,82,4,4,3,Yes,No,Yes,No,Computer Science,Semester 2
Student 4601,STU4601,20,2,85,1,5,1,Yes,Yes,No,No,Engineering,Semester 2
Student 4602,STU4602,23,4,88,1,3,1,Yes,Yes,No,Yes,Computer Science,Semester 4
Student 4603,STU4603,24,3,79,5,8,2,No,Yes,No,Yes,Data Science,Semester 2
Student 4604,STU4604,23,3,96,1,7,0,Yes,Yes,No,No,Data Science,Semester 1
Student 4605,STU4605,18,4,67,0,7,0,Yes,No,No,Yes,Business,Semester 2
Student 4606,STU4606,20,4,72,3,2,2,No,No,No,Yes,Engineering,Semester 2
Student 4607,STU4607,20,4,86,2,5,4,Yes,No,No,No,Software Engineering,Semester 3
Student 4608,STU4608,22,5,80,1,7,2,Yes,No,No,No,Data Science,Semester 1
Student 4609,STU4609,22,4,77,1,3,3,No,No,No,No,Software Engineering,Semester 4
Student 4610,STU4610,19,3,89,2,5,1,Yes,No,No,No,Software Engineering,Semester 1
Student 4611,STU4611,21,2,88,4,3,1,Yes,No,No,No,Software Engineering,Semester 2
Student 4612,STU4612,17,4,92,4,7,2,Yes,No,Yes,Yes,Computer Science,Semester 3
Student 4613,STU4613,24,4,73,1,5,1,Yes,No,No,No,Software Engineering,Semester 4
Student 4614,STU4614,19,4,88,3,5,1,Yes,No,No,No,Business,Semester 4
Student 4615,STU4615,21,4,88,3,3,2,Yes,No,No,No,Computer Science,Semester 2
Student 4616,STU4616,20,2,73,3,8,1,Yes,No,No,Yes,Computer Science,Semester 1
Student 4617,STU4617,23,2,82,2,5,0,Yes,Yes,Yes,No,Data Science,Semester 3
Student 4618,STU4618,17,4,89,2,6,2,No,No,Yes,No,Engineering,Semester 1
Student 4619,STU4619,21,1,92,2,6,1,Yes,No,No,No,Engineering,Semester 1
Student 4620,STU4620,20,5,80,3,3,2,No,No,No,No,Data Science,Semester 4
Student 4621,STU4621,20,5,73,1,2,3,No,No,Yes,Yes,Engineering,Semester 1
Student 4622,STU4622,24,2,94,1,5,2,Yes,Yes,No,No,Software Engineering,Semester 1
Student 4623,STU4623,19,3,82,4,7,1,Yes,No,No,No,Business,Semester 4
Student 4624,STU4624,22,4,66,4,2,3,Yes,No,No,No,Software Engineering,Semester 4
Student 4625,STU4625,21,3,80,1,9,0,No,No,Yes,No,Engineering,Semester 1
Student 4626,STU4626,23,4,76,3,5,1,Yes,No,Yes,Yes,Engineering,Semester 4
Student 4627,STU4627,19,3,72,4,5,0,Yes,Yes,No,Yes,Business,Semester 3
Student 4628,STU4628,19,3,82,2,5,0,Yes,Yes,Yes,No,Computer Science,Semester 3
Student 4629,STU4629,23,3,79,1,7,2,Yes,No,No,No,Computer Science,Semester 1
Student 4630,STU4630,21,4,81,0,3,2,Yes,Yes,Yes,Yes,Business,Semester 2
Student 4631,STU4631,17,4,78,4,5,1,Yes,No,No,Yes,Computer Science,Semester 4
Student 4632,STU4632,19,4,86,1,5,2,Yes,No,No,No,Engineering,Semester 2
Student 4633,STU4633,21,4,80,1,8,3,Yes,Yes,No,No,Computer Science,Semester 4
Student 4634,STU4634,22,5,87,0,4,1,No,No,Yes,No,Engineering,Semester 4
Student 4635,STU4635,19,4,79,2,5,2,Yes,No,No,No,Data Science,Semester 1
Student 4636,STU4636,17,6,90,1,5,3,No,Yes,No,No,Software Engineering,Semester 3
Student 4637,STU4637,22,2,82,1,4,0,Yes,Yes,Yes,Yes,Computer Science,Semester 2
Student 4638,STU4638,18,3,72,3,8,2,Yes,No,No,No,Data Science,Semester 3
Student 4639,STU4639,17,4,75,4,3,3,Yes,No,No,Yes,Computer Science,Semester 3
Student 4640,STU4640,17,4,72,0,2,3,Yes,No,No,No,Data Science,Semester 2
Student 4641,STU4641,22,4,58,1,5,3,No,No,Yes,No,Business,Semester 4
Student 4642,STU4642,21,4,71,2,4,1,Yes,No,Yes,No,Data Science,Semester 2
Student 4643,STU4643,20,4,73,0,6,2,No,No,Yes,No,Engineering,Semester 3
Student 4644,STU4644,24,5,82,0,6,0,Yes,No,No,No,Business,Semester 2
Student 4645,STU4645,22,2,87,0,5,0,Yes,No,No,No,Business,Semester 1
Student 4646,STU4646,24,4,71,3,5,1,Yes,Yes,No,Yes,Engineering,Semester 4
Student 4647,STU4647,17,3,75,1,1,3,Yes,No,No,No,Computer Science,Semester 4
Student 4648,STU4648,20,5,88,4,6,2,Yes,No,Yes,Yes,Business,Semester 2
Student 4649,STU4649,17,4,80,2,5,3,No,No,No,No,Computer Science,Semester 4
Student 4650,STU4650,20,3,68,0,8,0,Yes,No,Yes,Yes,Software Engineering,Semester 4
Student 4651,STU4651,20,5,82,1,7,3,Yes,Yes,Yes,Yes,Data Science,Semester 3
Student 4652,STU4652,22,3,84,1,2,4,Yes,No,Yes,No,Data Science,Semester 3
Student 4653,STU4653,21,2,84,1,7,1,Yes,No,Yes,Yes,Engineering,Semester 4
Student 4654,STU4654,22,3,100,1,3,2,Yes,No,No,Yes,Engineering,Semester 4
Student 4655,STU4655,22,7,76,1,7,1,Yes,No,No,No,Data Science,Semester 3
Student 4656,STU4656,25,3,90,2,8,1,Yes,No,Yes,No,Software Engineering,Semester 4
Student 4657,STU4657,20,4,81,1,8,2,Yes,No,No,Yes,Engineering,Semester 4
Student 4658,STU4658,18,4,85,4,4,0,Yes,No,No,No,Software Engineering,Semester 3
Student 4659,STU4659,21,3,76,3,6,0,Yes,Yes,Yes,No,Engineering,Semester 3
Student 4660,STU4660,19,5,76,0,7,0,Yes,No,Yes,No,Business,Semester 3
Student 4661,STU4661,24,4,72,1,6,2,Yes,No,No,No,Computer Science,Semester 1
Student 4662,STU4662,20,4,70,3,2,3,Yes,No,No,Yes,Data Science,Semester 3
Student 4663,STU4663,19,3,87,1,5,3,Yes,Yes,No,Yes,Computer Science,Semester 4
Student 4664,STU4664,20,4,77,0,6,2,Yes,No,No,Yes,Data Science,Semester 3
Student 4665,STU4665,22,3,100,0,5,3,Yes,Yes,No,Yes,Engineering,Semester 1
Student 4666,STU4666,20,4,78,3,4,0,Yes,No,No,Yes,Computer Science,Semester 3
Student 4667,STU4667,19,6,87,4,5,3,Yes,Yes,No,Yes,Software Engineering,Semester 3
Student 4668,STU4668,24,6,82,0,7,2,Yes,No,No,No,Engineering,Semester 1
Student 4669,STU4669,19,3,67,3,6,1,Yes,No,No,No,Business,Semester 2
Student 4670,STU4670,21,4,71,3,6,2,Yes,No,No,No,Computer Science,Semester 2
Student 4671,STU4671,22,2,69,2,5,1,Yes,No,Yes,Yes,Computer Science,Semester 3
Student 4672,STU4672,17,3,93,0,6,3,No,No,No,Yes,Business,Semester 2
Student 4673,STU4673,22,1,92,2,1,2,Yes,Yes,No,No,Data Science,Semester 2
Student 4674,STU4674,18,5,97,5,5,2,Yes,No,No,Yes,Engineering,Semester 4
Student 4675,STU4675,22,3,64,2,4,2,Yes,Yes,Yes,No,Business,Semester 4
Student 4676,STU4676,18,3,71,1,5,1,No,Yes,No,No,Software Engineering,Semester 4
Student 4677,STU4677,22,3,86,2,3,3,Yes,Yes,No,No,Engineering,Semester 1
Student 4678,STU4678,23,5,75,2,6,0,No,No,No,Yes,Business,Semester 2
Student 4679,STU4679,22,5,87,1,9,2,Yes,No,No,Yes,Business,Semester 3
Student 4680,STU4680,21,5,78,0,5,2,Yes,No,No,No,Computer Science,Semester 1
Student 4681,STU4681,20,2,77,1,5,2,Yes,No,No,Yes,Computer Science,Semester 2
Student 4682,STU4682,19,4,67,1,10,0,Yes,Yes,No,Yes,Computer Science,Semester 3
Student 4683,STU4683,24,2,77,2,3,0,No,No,No,No,Engineering,Semester 1
Student 4684,STU4684,19,4,85,1,6,1,Yes,Yes,Yes,Yes,Data Science,Semester 4
Student 4685,STU4685,18,4,59,1,5,3,Yes,No,Yes,No,Engineering,Semester 3
Student 4686,STU4686,22,3,82,1,4,1,Yes,Yes,No,Yes,Computer Science,Semester 4
Student 4687,STU4687,19,4,73,1,7,2,Yes,Yes,No,Yes,Computer Science,Semester 2
Student 4688,STU4688,18,3,75,2,5,3,Yes,No,No,Yes,Engineering,Semester 3
Student 4689,STU4689,17,5,76,3,3,0,Yes,No,No,Yes,Business,Semester 4
Student 4690,STU4690,19,3,85,4,5,1,No,No,No,Yes,Business,Semester 4
Student 4691,STU4691,20,3,88,1,5,2,Yes,No,Yes,Yes,Computer Science,Semester 2
Student 4692,STU4692,21,4,96,1,4,1,Yes,Yes,No,Yes,Computer Science,Semester 2
Student 4693,STU4693,23,5,88,1,2,3,Yes,No,Yes,Yes,Data Science,Semester 2
Student 4694,STU4694,22,2,84,2,4,1,Yes,No,Yes,No,Business,Semester 2
Student 4695,STU4695,20,4,96,1,2,3,Yes,Yes,No,No,Data Science,Semester 2
Student 4696,STU4696,20,4,69,1,5,1,No,Yes,Yes,Yes,Computer Science,Semester 1
Student 4697,STU4697,22,4,86,4,6,1,Yes,Yes,No,Yes,Computer Science,Semester 4
Student 4698,STU4698,23,3,89,1,3,0,Yes,No,No,No,Data Science,Semester 2
Student 4699,STU4699,21,2,83,2,5,1,Yes,Yes,No,No,Data Science,Semester 4
Student 4700,STU4700,20,3,81,4,3,2,No,No,Yes,No,Computer Science,Semester 1
Student 4701,STU4701,18,4,80,1,4,1,Yes,No,No,Yes,Software Engineering,Semester 3
Student 4702,STU4702,17,4,77,1,4,3,Yes,Yes,No,No,Computer Science,Semester 4
Student 4703,STU4703,22,3,78,2,6,1,Yes,No,No,No,Business,Semester 4
Student 4704,STU4704,22,4,90,3,2,2,Yes,No,No,No,Computer Science,Semester 4
Student 4705,STU4705,22,3,73,1,7,2,Yes,No,No,Yes,Engineering,Semester 3
Student 4706,STU4706,20,3,83,0,7,0,Yes,No,No,No,Computer Science,Semester 1
Student 4707,STU4707,24,3,81,1,5,2,Yes,No,No,Yes,Software Engineering,Semester 4
Student 4708,STU4708,19,3,70,0,3,1,Yes,No,No,Yes,Business,Semester 1
Student 4709,STU4709,23,2,88,4,1,1,Yes,Yes,No,No,Computer Science,Semester 4
Student 4710,STU4710,20,3,71,1,7,1,Yes,Yes,No,Yes,Data Science,Semester 4
Student 4711,STU4711,19,5,76,0,9,0,Yes,No,No,No,Business,Semester 4
Student 4712,STU4712,22,4,81,2,5,2,Yes,Yes,Yes,No,Business,Semester 3
Student 4713,STU4713,21,3,93,2,3,3,Yes,No,No,No,Software Engineering,Semester 1
Student 4714,STU4714,21,5,86,0,3,3,Yes,Yes,Yes,Yes,Data Science,Semester 1
Student 4715,STU4715,21,3,84,1,7,1,Yes,No,No,Yes,Engineering,Semester 2
Student 4716,STU4716,20,4,92,1,5,1,Yes,Yes,Yes,Yes,Computer Science,Semester 4
Student 4717,STU4717,26,1,79,1,3,0,Yes,No,No,No,Engineering,Semester 3
Student 4718,STU4718,23,3,98,1,9,1,No,No,No,No,Data Science,Semester 4
Student 4719,STU4719,22,3,86,2,7,1,Yes,Yes,No,Yes,Business,Semester 1
Student 4720,STU4720,21,1,83,0,6,1,No,Yes,Yes,No,Software Engineering,Semester 1
Student 4721,STU4721,23,3,67,1,4,2,Yes,No,No,No,Software Engineering,Semester 4
Student 4722,STU4722,22,4,89,2,5,1,Yes,Yes,Yes,Yes,Business,Semester 1
Student 4723,STU4723,21,3,86,0,7,3,Yes,No,No,No,Software Engineering,Semester 4
Student 4724,STU4724,20,4,80,4,5,3,Yes,Yes,No,No,Engineering,Semester 4
Student 4725,STU4725,20,2,78,1,7,1,Yes,No,No,No,Business,Semester 2
Student 4726,STU4726,17,3,98,3,7,3,Yes,No,Yes,No,Computer Science,Semester 3
Student 4727,STU4727,21,2,75,0,6,2,No,No,No,Yes,Computer Science,Semester 3
Student 4728,STU4728,19,4,84,1,3,2,Yes,No,No,No,Data Science,Semester 1
Student 4729,STU4729,24,3,82,2,3,2,Yes,No,No,No,Business,Semester 1
Student 4730,STU4730,21,3,87,1,2,3,Yes,No,Yes,Yes,Engineering,Semester 2
Student 4731,STU4731,18,5,66,2,7,2,Yes,No,No,No,Business,Semester 1
Student 4732,STU4732,20,4,87,2,5,3,Yes,Yes,Yes,Yes,Business,Semester 1
Student 4733,STU4733,18,5,94,0,5,3,Yes,Yes,No,No,Engineering,Semester 4
Student 4734,STU4734,22,3,66,0,2,2,No,No,Yes,No,Software Engineering,Semester 2
Student 4735,STU4735,21,5,74,2,8,0,Yes,No,No,No,Engineering,Semester 4
Student 4736,STU4736,23,3,86,3,3,3,Yes,Yes,Yes,No,Business,Semester 4
Student 4737,STU4737,19,1,80,2,6,2,Yes,Yes,No,Yes,Business,Semester 1
Student 4738,STU4738,21,2,87,2,2,2,Yes,No,No,Yes,Business,Semester 4
Student 4739,STU4739,18,3,88,1,7,1,Yes,No,No,No,Business,Semester 3
Student 4740,STU4740,22,1,83,2,7,2,Yes,No,No,No,Data Science,Semester 3
Student 4741,STU4741,22,4,96,2,5,2,Yes,No,Yes,Yes,Software Engineering,Semester 3
Student 4742,STU4742,22,5,88,1,5,1,Yes,No,Yes,No,Business,Semester 2
Student 4743,STU4743,21,4,56,3,5,0,Yes,No,Yes,Yes,Data Science,Semester 2
Student 4744,STU4744,21,3,87,2,4,2,No,No,No,No,Business,Semester 3
Student 4745,STU4745,24,3,81,3,7,2,Yes,Yes,No,No,Software Engineering,Semester 3
Student 4746,STU4746,20,4,86,3,6,2,Yes,No,No,No,Software Engineering,Semester 4
Student 4747,STU4747,21,4,91,3,2,2,Yes,No,Yes,No,Engineering,Semester 2
Student 4748,STU4748,18,4,79,2,5,2,Yes,No,No,Yes,Data Science,Semester 1
Student 4749,STU4749,19,2,82,3,5,1,Yes,Yes,No,No,Software Engineering,Semester 1
Student 4750,STU4750,21,4,88,2,4,2,Yes,No,No,No,Computer Science,Semester 2
Student 4751,STU4751,23,3,73,1,5,1,Yes,Yes,No,No,Business,Semester 4
Student 4752,STU4752,20,4,78,2,5,0,Yes,Yes,No,No,Software Engineering,Semester 3
Student 4753,STU4753,20,6,77,2,5,3,Yes,No,No,Yes,Data Science,Semester 4
Student 4754,STU4754,20,4,90,4,6,2,Yes,No,Yes,No,Data Science,Semester 4
Student 4755,STU4755,19,3,95,3,6,2,No,No,No,No,Data Science,Semester 2
Student 4756,STU4756,21,3,100,3,6,1,No,No,No,No,Engineering,Semester 3
Student 4757,STU4757,17,5,88,1,4,0,Yes,No,Yes,No,Business,Semester 2
Student 4758,STU4758,23,5,91,1,4,3,Yes,No,Yes,No,Computer Science,Semester 2
Student 4759,STU4759,19,4,68,1,6,3,Yes,No,Yes,Yes,Data Science,Semester 4
Student 4760,STU4760,22,5,67,2,6,2,No,Yes,No,No,Business,Semester 2
Student 4761,STU4761,18,2,75,2,4,1,Yes,No,Yes,Yes,Data Science,Semester 2
Student 4762,STU4762,22,3,72,2,5,1,No,No,No,No,Data Science,Semester 2
Student 4763,STU4763,22,2,86,6,6,3,Yes,Yes,Yes,Yes,Computer Science,Semester 2
Student 4764,STU4764,21,5,95,2,5,2,Yes,No,No,Yes,Business,Semester 4
Student 4765,STU4765,18,5,82,1,7,3,Yes,No,No,Yes,Data Science,Semester 3
Student 4766,STU4766,21,2,76,1,3,3,No,No,No,Yes,Engineering,Semester 3
Student 4767,STU4767,18,3,84,2,2,3,No,No,Yes,Yes,Data Science,Semester 4
Student 4768,STU4768,20,2,76,3,7,1,Yes,No,No,No,Business,Semester 1
Student 4769,STU4769,23,4,77,0,6,0,Yes,Yes,No,Yes,Software Engineering,Semester 2
Student 4770,STU4770,22,3,80,0,5,2,Yes,Yes,No,No,Data Science,Semester 4
Student 4771,STU4771,21,4,85,1,4,2,Yes,No,Yes,Yes,Engineering,Semester 1
Student 4772,STU4772,18,3,68,3,6,3,Yes,No,Yes,Yes,Engineering,Semester 1
Student 4773,STU4773,22,6,65,0,5,1,Yes,No,No,No,Data Science,Semester 2
Student 4774,STU4774,21,4,75,2,5,1,Yes,No,Yes,Yes,Business,Semester 4
Student 4775,STU4775,17,3,86,0,5,3,Yes,No,Yes,Yes,Data Science,Semester 2
Student 4776,STU4776,22,2,71,2,6,1,Yes,No,No,No,Engineering,Semester 1
Student 4777,STU4777,20,1,96,2,7,0,Yes,Yes,No,Yes,Data Science,Semester 1
Student 4778,STU4778,23,1,88,1,7,1,Yes,Yes,No,No,Engineering,Semester 2
Student 4779,STU4779,18,4,87,3,6,1,Yes,No,No,Yes,Software Engineering,Semester 2
Student 4780,STU4780,17,3,88,2,5,2,Yes,No,No,No,Data Science,Semester 2
Student 4781,STU4781,21,5,85,1,6,3,Yes,No,No,Yes,Computer Science,Semester 3
Student 4782,STU4782,21,4,86,1,7,0,Yes,No,No,No,Data Science,Semester 4
Student 4783,STU4783,17,1,91,5,5,2,Yes,No,No,Yes,Engineering,Semester 4
Student 4784,STU4784,18,2,90,3,5,3,Yes,No,Yes,Yes,Business,Semester 4
Student 4785,STU4785,27,1,84,0,6,1,Yes,No,Yes,No,Engineering,Semester 1
Student 4786,STU4786,20,3,97,1,6,2,Yes,No,No,No,Software Engineering,Semester 4
Student 4787,STU4787,22,4,82,2,5,3,No,No,No,Yes,Business,Semester 4
Student 4788,STU4788,19,4,78,1,6,1,No,No,No,Yes,Computer Science,Semester 1
Student 4789,STU4789,17,3,70,0,4,3,Yes,Yes,No,No,Computer Science,Semester 1
Student 4790,STU4790,20,2,76,2,5,2,Yes,No,Yes,Yes,Software Engineering,Semester 3
Student 4791,STU4791,20,7,91,0,8,1,Yes,No,Yes,No,Software Engineering,Semester 1
Student 4792,STU4792,20,4,81,1,6,3,No,No,Yes,No,Software Engineering,Semester 2
Student 4793,STU4793,20,6,85,2,4,1,Yes,No,No,No,Software Engineering,Semester 3
Student 4794,STU4794,21,5,82,0,4,2,Yes,No,No,Yes,Data Science,Semester 1
Student 4795,STU4795,20,4,72,3,3,2,Yes,Yes,No,No,Engineering,Semester 4
Student 4796,STU4796,18,4,79,1,8,1,Yes,No,No,Yes,Data Science,Semester 3
Student 4797,STU4797,22,3,75,2,3,1,Yes,Yes,No,Yes,Business,Semester 3
Student 4798,STU4798,17,3,78,1,1,2,Yes,Yes,No,No,Computer Science,Semester 4
Student 4799,STU4799,17,3,74,2,3,1,Yes,No,No,No,Computer Science,Semester 4
Student 4800,STU4800,22,3,85,2,5,2,Yes,No,No,Yes,Business,Semester 4
Student 4801,STU4801,22,0,88,2,4,1,Yes,No,No,Yes,Computer Science,Semester 2
Student 4802,STU4802,20,3,82,4,5,3,Yes,No,No,No,Software Engineering,Semester 3
Student 4803,STU4803,17,4,66,1,6,2,No,No,No,Yes,Software Engineering,Semester 2
Student 4804,STU4804,19,2,71,1,4,2,Yes,Yes,No,No,Software Engineering,Semester 2
Student 4805,STU4805,20,2,87,3,3,3,Yes,Yes,No,No,Business,Semester 4
Student 4806,STU4806,17,4,76,1,7,1,Yes,No,No,No,Engineering,Semester 1
Student 4807,STU4807,19,4,76,1,6,2,Yes,Yes,No,Yes,Business,Semester 2
Student 4808,STU4808,22,3,82,0,1,3,No,No,Yes,No,Engineering,Semester 1
Student 4809,STU4809,24,4,75,0,2,3,Yes,No,No,No,Computer Science,Semester 1
Student 4810,STU4810,20,4,65,5,2,3,No,No,No,Yes,Computer Science,Semester 4
Student 4811,STU4811,22,3,74,2,5,2,Yes,Yes,Yes,No,Computer Science,Semester 1
Student 4812,STU4812,17,3,78,3,5,0,No,No,No,Yes,Engineering,Semester 2
Student 4813,STU4813,22,4,77,1,5,2,Yes,No,No,Yes,Computer Science,Semester 1
Student 4814,STU4814,19,4,87,1,5,0,Yes,Yes,No,No,Business,Semester 2
Student 4815,STU4815,21,3,82,3,7,3,Yes,No,No,No,Engineering,Semester 4
Student 4816,STU4816,20,4,82,1,6,1,No,No,No,Yes,Software Engineering,Semester 2
Student 4817,STU4817,23,5,91,1,3,2,No,No,No,No,Engineering,Semester 1
Student 4818,STU4818,19,4,69,3,4,3,Yes,No,Yes,No,Business,Semester 2
Student 4819,STU4819,22,1,94,0,4,1,No,Yes,No,No,Business,Semester 1
Student 4820,STU4820,20,4,80,2,5,1,Yes,No,No,Yes,Business,Semester 1
Student 4821,STU4821,20,4,81,2,5,2,Yes,Yes,No,Yes,Computer Science,Semester 4
Student 4822,STU4822,20,2,78,4,6,1,Yes,Yes,Yes,Yes,Software Engineering,Semester 1
Student 4823,STU4823,19,4,92,2,5,2,Yes,Yes,No,No,Software Engineering,Semester 3
Student 4824,STU4824,21,2,79,4,3,1,Yes,Yes,No,Yes,Data Science,Semester 2
Student 4825,STU4825,20,5,84,2,6,2,Yes,No,No,Yes,Business,Semester 3
Student 4826,STU4826,21,2,84,3,7,0,Yes,Yes,No,No,Computer Science,Semester 3
Student 4827,STU4827,21,5,85,2,8,1,Yes,No,No,No,Engineering,Semester 2
Student 4828,STU4828,22,4,73,4,5,2,Yes,No,Yes,No,Computer Science,Semester 4
Student 4829,STU4829,23,2,85,0,4,3,Yes,No,No,No,Business,Semester 2
Student 4830,STU4830,18,4,74,2,6,0,Yes,No,No,No,Computer Science,Semester 4
Student 4831,STU4831,22,2,77,1,5,2,Yes,No,Yes,No,Business,Semester 1
Student 4832,STU4832,18,2,89,2,3,2,Yes,No,No,No,Engineering,Semester 3
Student 4833,STU4833,22,5,78,2,5,2,Yes,No,No,No,Engineering,Semester 2
Student 4834,STU4834,22,5,76,3,6,2,Yes,No,No,No,Software Engineering,Semester 1
Student 4835,STU4835,17,3,83,2,8,2,Yes,No,No,Yes,Data Science,Semester 2
Student 4836,STU4836,21,3,92,1,5,2,Yes,No,Yes,Yes,Computer Science,Semester 2
Student 4837,STU4837,20,2,100,5,4,3,Yes,No,No,No,Data Science,Semester 1
Student 4838,STU4838,19,4,91,1,2,3,Yes,No,No,No,Computer Science,Semester 2
Student 4839,STU4839,24,3,91,2,3,2,Yes,Yes,No,No,Software Engineering,Semester 1
Student 4840,STU4840,19,2,81,2,3,0,Yes,Yes,No,No,Software Engineering,Semester 3
Student 4841,STU4841,19,4,100,2,8,1,No,Yes,Yes,No,Engineering,Semester 1
Student 4842,STU4842,21,2,83,2,5,0,No,No,Yes,Yes,Engineering,Semester 2
Student 4843,STU4843,22,4,81,3,5,2,Yes,Yes,No,No,Engineering,Semester 3
Student 4844,STU4844,20,3,85,2,7,2,Yes,No,No,Yes,Computer Science,Semester 3
Student 4845,STU4845,23,4,84,0,6,0,Yes,No,Yes,No,Data Science,Semester 1
Student 4846,STU4846,22,2,71,3,5,1,Yes,No,No,No,Data Science,Semester 4
Student 4847,STU4847,17,4,76,3,7,2,No,No,No,No,Engineering,Semester 1
Student 4848,STU4848,19,1,85,0,4,2,Yes,No,Yes,No,Software Engineering,Semester 4
Student 4849,STU4849,19,4,75,2,6,3,Yes,No,Yes,Yes,Data Science,Semester 1
Student 4850,STU4850,22,3,87,1,3,2,Yes,No,Yes,No,Software Engineering,Semester 3
Student 4851,STU4851,17,1,82,1,6,2,No,No,No,Yes,Engineering,Semester 1
Student 4852,STU4852,26,4,89,1,5,1,Yes,No,No,No,Computer Science,Semester 4
Student 4853,STU4853,22,4,81,1,7,1,Yes,No,No,No,Business,Semester 2
Student 4854,STU4854,21,3,85,2,7,2,Yes,Yes,No,No,Data Science,Semester 4
Student 4855,STU4855,23,2,67,4,10,0,Yes,No,No,Yes,Engineering,Semester 3
Student 4856,STU4856,26,3,69,0,5,0,Yes,No,Yes,Yes,Engineering,Semester 1
Student 4857,STU4857,22,1,75,2,3,2,Yes,No,No,No,Data Science,Semester 3
Student 4858,STU4858,23,4,84,2,6,3,No,No,Yes,No,Business,Semester 2
Student 4859,STU4859,21,4,75,2,3,1,No,No,No,No,Computer Science,Semester 2
Student 4860,STU4860,20,3,87,3,3,2,No,No,No,No,Data Science,Semester 2
Student 4861,STU4861,20,3,85,1,5,3,Yes,Yes,Yes,No,Computer Science,Semester 1
Student 4862,STU4862,19,5,78,4,9,1,Yes,No,No,No,Engineering,Semester 4
Student 4863,STU4863,19,6,83,4,6,1,Yes,Yes,No,Yes,Data Science,Semester 1
Student 4864,STU4864,18,4,78,1,6,2,Yes,No,No,Yes,Computer Science,Semester 3
Student 4865,STU4865,20,2,84,0,2,0,Yes,No,Yes,No,Software Engineering,Semester 1
Student 4866,STU4866,17,5,77,2,4,1,Yes,Yes,Yes,Yes,Software Engineering,Semester 3
Student 4867,STU4867,21,4,85,2,8,0,Yes,No,No,Yes,Software Engineering,Semester 1
Student 4868,STU4868,20,4,92,3,5,1,Yes,No,No,Yes,Computer Science,Semester 4
Student 4869,STU4869,21,4,72,1,9,1,Yes,Yes,Yes,Yes,Software Engineering,Semester 2
Student 4870,STU4870,19,5,76,1,6,1,Yes,No,No,No,Engineering,Semester 1
Student 4871,STU4871,27,1,76,2,5,0,Yes,Yes,No,Yes,Computer Science,Semester 4
Student 4872,STU4872,24,3,84,2,4,3,Yes,No,No,Yes,Engineering,Semester 1
Student 4873,STU4873,18,2,88,2,5,1,Yes,No,Yes,No,Business,Semester 1
Student 4874,STU4874,21,4,68,3,2,2,Yes,No,No,No,Computer Science,Semester 2
Student 4875,STU4875,19,2,80,2,7,3,Yes,No,Yes,No,Software Engineering,Semester 3
Student 4876,STU4876,18,8,82,2,6,2,Yes,No,No,Yes,Software Engineering,Semester 4
Student 4877,STU4877,18,4,89,3,5,2,Yes,Yes,No,Yes,Business,Semester 1
Student 4878,STU4878,22,2,74,1,5,0,Yes,No,Yes,Yes,Data Science,Semester 2
Student 4879,STU4879,19,5,87,2,7,2,Yes,No,No,Yes,Business,Semester 1
Student 4880,STU4880,23,3,84,3,9,1,Yes,Yes,Yes,Yes,Software Engineering,Semester 1
Student 4881,STU4881,23,4,96,4,8,2,Yes,No,No,No,Software Engineering,Semester 2
Student 4882,STU4882,24,3,99,3,5,4,Yes,Yes,Yes,No,Data Science,Semester 1
Student 4883,STU4883,19,1,88,1,4,3,Yes,No,Yes,No,Business,Semester 1
Student 4884,STU4884,22,3,79,1,2,3,Yes,No,No,No,Engineering,Semester 4
Student 4885,STU4885,22,2,85,5,5,1,Yes,No,No,No,Business,Semester 4
Student 4886,STU4886,20,0,86,1,4,2,No,No,Yes,No,Engineering,Semester 4
Student 4887,STU4887,19,3,86,2,5,0,Yes,No,Yes,No,Software Engineering,Semester 1
Student 4888,STU4888,24,3,85,1,6,3,Yes,Yes,Yes,No,Software Engineering,Semester 1
Student 4889,STU4889,21,2,86,0,6,1,Yes,No,No,Yes,Business,Semester 4
Student 4890,STU4890,22,5,90,1,3,3,Yes,No,No,Yes,Software Engineering,Semester 1
Student 4891,STU4891,19,4,99,1,3,3,Yes,No,No,No,Data Science,Semester 2
Student 4892,STU4892,18,4,67,3,4,2,Yes,No,No,Yes,Computer Science,Semester 2
Student 4893,STU4893,19,4,92,0,6,2,Yes,Yes,Yes,No,Engineering,Semester 1
Student 4894,STU4894,20,4,83,3,5,2,Yes,No,No,No,Software Engineering,Semester 1
Student 4895,STU4895,18,4,75,0,10,2,Yes,Yes,Yes,No,Engineering,Semester 3
Student 4896,STU4896,21,6,71,3,1,2,Yes,Yes,No,Yes,Business,Semester 2
Student 4897,STU4897,17,1,84,1,7,0,Yes,No,No,No,Data Science,Semester 1
Student 4898,STU4898,18,4,82,0,7,0,Yes,Yes,No,No,Engineering,Semester 3
Student 4899,STU4899,22,3,73,5,3,1,Yes,Yes,Yes,No,Software Engineering,Semester 2
Student 4900,STU4900,22,5,81,1,4,2,No,No,Yes,Yes,Computer Science,Semester 3
Student 4901,STU4901,20,4,90,2,8,0,Yes,Yes,No,No,Data Science,Semester 4
Student 4902,STU4902,18,3,94,2,4,3,Yes,Yes,No,No,Business,Semester 3
Student 4903,STU4903,18,5,83,1,4,3,Yes,Yes,Yes,No,Software Engineering,Semester 4
Student 4904,STU4904,20,4,68,1,5,0,Yes,Yes,Yes,No,Data Science,Semester 1
Student 4905,STU4905,22,4,87,1,6,0,No,No,No,No,Software Engineering,Semester 1
Student 4906,STU4906,23,3,91,4,7,1,Yes,No,No,Yes,Business,Semester 2
Student 4907,STU4907,19,4,83,1,7,1,No,No,No,No,Business,Semester 3
Student 4908,STU4908,18,6,84,1,6,3,Yes,No,Yes,Yes,Computer Science,Semester 3
Student 4909,STU4909,21,4,78,3,5,3,Yes,Yes,No,No,Data Science,Semester 1
Student 4910,STU4910,19,4,80,5,5,2,Yes,Yes,Yes,Yes,Computer Science,Semester 2
Student 4911,STU4911,19,2,76,2,6,2,No,Yes,No,No,Computer Science,Semester 1
Student 4912,STU4912,23,7,73,2,6,1,Yes,No,Yes,No,Computer Science,Semester 2
Student 4913,STU4913,22,2,72,2,4,1,Yes,No,Yes,No,Engineering,Semester 3
Student 4914,STU4914,21,4,75,2,3,2,Yes,No,Yes,No,Business,Semester 4
Student 4915,STU4915,18,4,74,2,3,2,Yes,No,No,No,Computer Science,Semester 2
Student 4916,STU4916,21,4,84,2,6,2,No,Yes,No,Yes,Engineering,Semester 3
Student 4917,STU4917,23,3,85,2,7,1,Yes,No,No,No,Engineering,Semester 2
Student 4918,STU4918,20,4,78,2,5,2,Yes,No,No,No,Engineering,Semester 4
Student 4919,STU4919,24,2,75,0,3,1,Yes,No,No,No,Computer Science,Semester 4
Student 4920,STU4920,23,4,99,1,5,3,Yes,No,No,No,Engineering,Semester 1
Student 4921,STU4921,24,2,78,2,3,1,No,No,No,Yes,Computer Science,Semester 4
Student 4922,STU4922,21,3,77,3,4,3,Yes,No,No,No,Data Science,Semester 4
Student 4923,STU4923,22,4,69,1,4,3,Yes,No,Yes,No,Business,Semester 1
Student 4924,STU4924,24,3,86,4,4,3,No,No,No,Yes,Software Engineering,Semester 4
Student 4925,STU4925,22,5,96,5,3,4,Yes,No,Yes,Yes,Computer Science,Semester 1
Student 4926,STU4926,19,5,80,2,8,0,Yes,Yes,No,No,Business,Semester 2
Student 4927,STU4927,20,4,79,1,2,3,Yes,No,No,Yes,Computer Science,Semester 3
Student 4928,STU4928,21,3,84,2,4,3,Yes,No,No,No,Data Science,Semester 1
Student 4929,STU4929,18,3,84,1,5,2,Yes,Yes,No,No,Business,Semester 2
Student 4930,STU4930,20,4,62,2,5,0,No,No,Yes,No,Business,Semester 4
Student 4931,STU4931,23,2,87,1,6,0,Yes,Yes,No,No,Engineering,Semester 2
Student 4932,STU4932,17,3,97,3,5,4,Yes,No,No,No,Computer Science,Semester 1
Student 4933,STU4933,24,5,82,4,4,1,No,No,Yes,Yes,Computer Science,Semester 1
Student 4934,STU4934,23,4,81,2,7,3,Yes,Yes,No,No,Software Engineering,Semester 1
Student 4935,STU4935,20,3,88,0,4,1,Yes,Yes,Yes,No,Engineering,Semester 1
Student 4936,STU4936,22,3,87,1,5,1,Yes,No,No,Yes,Engineering,Semester 2
Student 4937,STU4937,21,4,83,2,5,3,No,No,No,No,Software Engineering,Semester 3
Student 4938,STU4938,23,3,88,0,6,1,Yes,No,No,No,Engineering,Semester 3
Student 4939,STU4939,23,4,88,5,8,2,Yes,No,Yes,Yes,Engineering,Semester 2
Student 4940,STU4940,17,4,72,1,6,1,Yes,No,Yes,No,Data Science,Semester 3
Student 4941,STU4941,22,5,72,3,5,2,Yes,No,Yes,No,Business,Semester 4
Student 4942,STU4942,20,2,71,0,8,0,Yes,Yes,Yes,No,Software Engineering,Semester 2
Student 4943,STU4943,21,4,69,1,5,0,Yes,Yes,No,No,Data Science,Semester 2
Student 4944,STU4944,19,4,88,0,7,0,Yes,Yes,No,No,Data Science,Semester 2
Student 4945,STU4945,24,3,88,1,6,2,Yes,Yes,No,No,Data Science,Semester 3
Student 4946,STU4946,23,3,85,2,4,2,No,No,No,Yes,Engineering,Semester 2
Student 4947,STU4947,19,3,95,1,1,3,Yes,Yes,Yes,No,Software Engineering,Semester 2
Student 4948,STU4948,18,4,64,2,5,1,Yes,No,No,No,Engineering,Semester 1
Student 4949,STU4949,20,3,76,1,6,1,Yes,No,Yes,No,Engineering,Semester 1
Student 4950,STU4950,22,4,68,4,5,2,Yes,Yes,No,No,Data Science,Semester 3
Student 4951,STU4951,21,5,91,0,6,2,Yes,No,Yes,Yes,Computer Science,Semester 1
Student 4952,STU4952,23,4,77,1,4,3,Yes,Yes,No,Yes,Software Engineering,Semester 4
Student 4953,STU4953,22,3,97,0,6,3,Yes,No,Yes,No,Software Engineering,Semester 1
Student 4954,STU4954,23,3,81,2,4,3,Yes,Yes,No,No,Data Science,Semester 1
Student 4955,STU4955,21,5,86,1,4,4,Yes,No,No,No,Data Science,Semester 2
Student 4956,STU4956,17,4,83,1,5,2,Yes,No,No,No,Business,Semester 4
Student 4957,STU4957,20,0,78,0,3,1,Yes,No,No,Yes,Data Science,Semester 4
Student 4958,STU4958,23,2,89,2,7,2,Yes,No,No,Yes,Engineering,Semester 1
Student 4959,STU4959,20,3,54,2,5,1,Yes,No,No,Yes,Data Science,Semester 3
Student 4960,STU4960,22,5,79,2,3,2,Yes,No,No,No,Software Engineering,Semester 2
Student 4961,STU4961,20,4,88,3,4,2,Yes,No,Yes,Yes,Computer Science,Semester 3
Student 4962,STU4962,18,2,70,5,6,1,Yes,No,No,No,Computer Science,Semester 3
Student 4963,STU4963,20,4,76,2,5,1,Yes,No,No,No,Engineering,Semester 3
Student 4964,STU4964,21,7,78,1,6,3,Yes,Yes,No,No,Computer Science,Semester 4
Student 4965,STU4965,19,5,79,1,3,3,Yes,No,No,No,Data Science,Semester 3
Student 4966,STU4966,20,2,77,3,5,0,Yes,No,No,No,Computer Science,Semester 3
Student 4967,STU4967,18,5,73,3,5,3,No,No,Yes,No,Data Science,Semester 4
Student 4968,STU4968,23,4,81,2,9,1,Yes,Yes,Yes,No,Business,Semester 1
Student 4969,STU4969,20,3,88,2,4,1,No,No,No,No,Software Engineering,Semester 4
Student 4970,STU4970,24,4,85,2,6,2,Yes,No,No,No,Engineering,Semester 4
Student 4971,STU4971,24,3,90,3,6,0,Yes,No,Yes,No,Business,Semester 1
Student 4972,STU4972,20,3,80,3,8,1,No,No,Yes,No,Computer Science,Semester 3
Student 4973,STU4973,18,2,92,0,7,2,Yes,Yes,No,No,Engineering,Semester 3
Student 4974,STU4974,17,3,71,3,4,3,Yes,Yes,Yes,No,Data Science,Semester 1
Student 4975,STU4975,17,3,92,4,3,2,Yes,Yes,No,No,Business,Semester 3
Student 4976,STU4976,18,5,90,2,3,2,Yes,No,Yes,No,Software Engineering,Semester 1
Student 4977,STU4977,24,2,69,2,5,2,Yes,No,Yes,No,Software Engineering,Semester 4
Student 4978,STU4978,21,2,85,0,7,2,Yes,Yes,No,No,Business,Semester 3
Student 4979,STU4979,21,4,81,2,7,0,Yes,No,No,Yes,Business,Semester 3
Student 4980,STU4980,17,3,81,2,5,3,Yes,No,No,No,Business,Semester 2
Student 4981,STU4981,18,3,82,3,5,3,No,Yes,No,Yes,Computer Science,Semester 3
Student 4982,STU4982,23,2,77,1,8,1,Yes,Yes,Yes,Yes,Software Engineering,Semester 2
Student 4983,STU4983,21,2,89,0,4,1,Yes,No,No,No,Software Engineering,Semester 3
Student 4984,STU4984,20,4,82,0,5,3,Yes,No,No,Yes,Computer Science,Semester 2
Student 4985,STU4985,22,1,73,2,7,1,Yes,No,No,Yes,Engineering,Semester 1
Student 4986,STU4986,24,4,81,0,3,2,Yes,No,No,Yes,Software Engineering,Semester 3
Student 4987,STU4987,20,4,78,1,5,1,Yes,No,No,Yes,Engineering,Semester 1
Student 4988,STU4988,21,6,86,2,6,3,Yes,No,No,No,Engineering,Semester 2
Student 4989,STU4989,21,4,71,1,4,3,Yes,No,No,Yes,Engineering,Semester 2
Student 4990,STU4990,26,3,98,3,7,2,Yes,No,No,No,Software Engineering,Semester 2
Student 4991,STU4991,17,4,83,5,10,2,No,No,No,Yes,Data Science,Semester 2
Student 4992,STU4992,22,3,72,3,4,2,Yes,No,Yes,No,Engineering,Semester 4
Student 4993,STU4993,20,2,80,1,5,3,Yes,Yes,No,Yes,Data Science,Semester 1
Student 4994,STU4994,22,4,63,2,5,1,Yes,No,Yes,Yes,Computer Science,Semester 2
Student 4995,STU4995,19,4,75,2,6,2,Yes,No,Yes,Yes,Data Science,Semester 3
Student 4996,STU4996,20,2,85,2,4,1,No,No,No,No,Data Science,Semester 2
Student 4997,STU4997,22,3,99,3,4,4,Yes,Yes,No,No,Business,Semester 1
Student 4998,STU4998,27,2,97,1,4,2,Yes,Yes,No,No,Engineering,Semester 4
Student 4999,STU4999,22,5,83,1,4,3,Yes,No,No,No,Software Engineering,Semester 1
Student 5000,STU5000,19,3,75,1,4,2,Yes,Yes,No,No,Business,Semester 3
Student 5001,STU5001,20,6,84,0,1,3,Yes,No,Yes,No,Data Science,Semester 4
Student 5002,STU5002,20,5,87,1,5,1,Yes,No,Yes,Yes,Computer Science,Semester 1
Student 5003,STU5003,17,2,83,1,5,1,No,No,No,No,Software Engineering,Semester 2
Student 5004,STU5004,20,3,88,2,4,2,Yes,Yes,No,Yes,Computer Science,Semester 3
Student 5005,STU5005,22,4,85,1,5,2,No,Yes,No,No,Data Science,Semester 3
Student 5006,STU5006,18,4,84,5,5,3,Yes,Yes,Yes,Yes,Computer Science,Semester 4
Student 5007,STU5007,23,3,72,2,4,1,Yes,Yes,Yes,No,Business,Semester 1
Student 5008,STU5008,22,4,81,2,5,3,Yes,No,Yes,No,Computer Science,Semester 3
Student 5009,STU5009,19,3,97,2,4,3,Yes,No,No,No,Business,Semester 4
Student 5010,STU5010,20,5,85,1,3,3,Yes,Yes,Yes,No,Engineering,Semester 2
Student 5011,STU5011,24,3,91,1,9,1,Yes,Yes,No,No,Software Engineering,Semester 2
Student 5012,STU5012,22,4,98,1,4,2,Yes,Yes,No,Yes,Computer Science,Semester 4
Student 5013,STU5013,21,4,72,2,6,2,Yes,No,No,No,Business,Semester 1
Student 5014,STU5014,20,5,100,0,10,1,Yes,No,Yes,No,Data Science,Semester 2
Student 5015,STU5015,21,3,89,1,4,3,Yes,No,Yes,Yes,Data Science,Semester 2
Student 5016,STU5016,19,4,91,2,6,1,Yes,No,No,No,Business,Semester 4
Student 5017,STU5017,17,4,76,1,9,0,Yes,No,No,Yes,Software Engineering,Semester 1
Student 5018,STU5018,25,3,87,1,2,2,Yes,No,No,Yes,Engineering,Semester 2
Student 5019,STU5019,21,3,75,2,7,1,Yes,Yes,No,No,Engineering,Semester 1
Student 5020,STU5020,21,4,68,0,5,1,No,No,No,No,Software Engineering,Semester 4
Student 5021,STU5021,20,4,84,1,4,3,Yes,Yes,Yes,No,Computer Science,Semester 1
Student 5022,STU5022,19,6,80,3,5,4,Yes,No,Yes,No,Business,Semester 1
Student 5023,STU5023,20,1,91,3,4,2,No,Yes,No,Yes,Engineering,Semester 3
Student 5024,STU5024,17,5,77,3,8,0,Yes,No,No,No,Software Engineering,Semester 2
Student 5025,STU5025,26,3,65,1,5,2,No,Yes,Yes,Yes,Engineering,Semester 2
Student 5026,STU5026,18,5,80,2,6,3,Yes,No,No,No,Engineering,Semester 2
Student 5027,STU5027,18,4,92,0,5,4,Yes,Yes,No,Yes,Computer Science,Semester 1
Student 5028,STU5028,20,5,100,2,6,1,Yes,No,No,Yes,Engineering,Semester 4
Student 5029,STU5029,23,3,92,1,4,2,Yes,No,Yes,No,Business,Semester 1
Student 5030,STU5030,21,4,90,2,2,2,Yes,No,Yes,No,Software Engineering,Semester 2
Student 5031,STU5031,18,5,79,5,7,2,Yes,No,No,No,Computer Science,Semester 2
Student 5032,STU5032,23,7,100,1,6,3,Yes,No,No,Yes,Computer Science,Semester 2
Student 5033,STU5033,22,3,87,4,6,1,Yes,Yes,No,No,Software Engineering,Semester 2
Student 5034,STU5034,22,4,87,4,4,2,Yes,No,No,No,Business,Semester 4
Student 5035,STU5035,22,3,87,2,7,3,Yes,No,No,No,Engineering,Semester 3
Student 5036,STU5036,26,3,72,2,6,3,Yes,No,No,Yes,Engineering,Semester 1
Student 5037,STU5037,25,3,85,2,5,3,Yes,No,Yes,Yes,Business,Semester 4
Student 5038,STU5038,19,2,70,1,7,2,No,No,No,No,Data Science,Semester 3
Student 5039,STU5039,24,4,88,6,4,2,Yes,No,No,Yes,Software Engineering,Semester 2
Student 5040,STU5040,21,4,84,1,7,2,No,No,No,No,Business,Semester 4
Student 5041,STU5041,22,2,76,3,4,1,Yes,No,No,No,Engineering,Semester 4
Student 5042,STU5042,17,2,91,2,5,2,Yes,Yes,No,No,Software Engineering,Semester 4
Student 5043,STU5043,20,5,79,3,3,2,Yes,Yes,No,No,Software Engineering,Semester 1
Student 5044,STU5044,19,3,79,1,3,1,Yes,No,Yes,No,Engineering,Semester 3
Student 5045,STU5045,22,6,86,0,4,2,Yes,No,Yes,Yes,Business,Semester 3
Student 5046,STU5046,23,3,81,3,5,2,Yes,No,Yes,Yes,Data Science,Semester 1
Student 5047,STU5047,17,4,83,0,6,2,Yes,Yes,Yes,No,Software Engineering,Semester 3
Student 5048,STU5048,21,3,90,2,4,2,Yes,No,No,Yes,Software Engineering,Semester 2
Student 5049,STU5049,23,2,76,2,6,2,Yes,No,No,Yes,Software Engineering,Semester 4
Student 5050,STU5050,20,2,75,2,4,0,Yes,No,No,Yes,Business,Semester 3
Student 5051,STU5051,22,4,80,1,5,2,Yes,No,No,No,Software Engineering,Semester 3
Student 5052,STU5052,21,5,81,0,6,2,Yes,No,No,No,Engineering,Semester 4
Student 5053,STU5053,21,2,87,2,4,1,Yes,Yes,No,No,Engineering,Semester 2
Student 5054,STU5054,20,4,97,2,8,3,Yes,No,Yes,Yes,Computer Science,Semester 2
Student 5055,STU5055,18,5,81,0,6,2,Yes,No,No,Yes,Software Engineering,Semester 3
Student 5056,STU5056,18,2,82,1,3,3,Yes,No,Yes,Yes,Data Science,Semester 2
Student 5057,STU5057,22,3,76,1,5,1,Yes,Yes,No,Yes,Computer Science,Semester 1
Student 5058,STU5058,21,3,75,0,4,2,Yes,No,No,Yes,Software Engineering,Semester 4
Student 5059,STU5059,20,4,87,3,2,2,Yes,Yes,No,No,Software Engineering,Semester 4
Student 5060,STU5060,20,5,82,3,7,3,Yes,No,Yes,No,Business,Semester 1
Student 5061,STU5061,20,4,92,0,7,2,No,Yes,Yes,Yes,Business,Semester 2
Student 5062,STU5062,23,4,91,3,4,2,No,Yes,No,No,Engineering,Semester 2
Student 5063,STU5063,20,1,89,5,6,1,Yes,Yes,No,No,Computer Science,Semester 4
Student 5064,STU5064,18,4,70,0,7,2,Yes,Yes,Yes,No,Computer Science,Semester 1
Student 5065,STU5065,22,3,87,1,5,2,Yes,Yes,No,Yes,Computer Science,Semester 1
Student 5066,STU5066,20,6,74,1,7,1,Yes,No,Yes,No,Engineering,Semester 4
Student 5067,STU5067,21,4,66,1,6,2,Yes,Yes,No,No,Data Science,Semester 3
Student 5068,STU5068,24,3,83,2,7,1,Yes,No,No,Yes,Data Science,Semester 4
Student 5069,STU5069,21,6,92,2,3,3,No,Yes,No,No,Data Science,Semester 3
Student 5070,STU5070,21,3,87,1,5,2,Yes,No,No,No,Computer Science,Semester 3
Student 5071,STU5071,18,4,74,1,5,2,Yes,No,Yes,No,Software Engineering,Semester 3
Student 5072,STU5072,20,2,100,2,3,3,Yes,Yes,Yes,No,Computer Science,Semester 4
Student 5073,STU5073,22,3,88,2,3,3,Yes,No,No,No,Software Engineering,Semester 1
Student 5074,STU5074,17,3,75,2,2,1,Yes,Yes,Yes,No,Business,Semester 1
Student 5075,STU5075,21,3,65,2,5,3,No,No,No,No,Engineering,Semester 1
Student 5076,STU5076,21,2,80,0,4,2,Yes,No,No,Yes,Data Science,Semester 4
Student 5077,STU5077,21,1,66,1,3,2,Yes,Yes,No,Yes,Computer Science,Semester 4
Student 5078,STU5078,23,4,73,2,7,1,Yes,Yes,No,Yes,Computer Science,Semester 2
Student 5079,STU5079,21,2,68,3,6,0,Yes,Yes,No,No,Business,Semester 4
Student 5080,STU5080,24,4,76,1,4,2,Yes,No,No,Yes,Software Engineering,Semester 1
Student 5081,STU5081,18,6,77,3,5,2,Yes,No,No,No,Data Science,Semester 2
Student 5082,STU5082,21,4,75,0,5,3,Yes,No,No,Yes,Engineering,Semester 4
Student 5083,STU5083,21,4,100,3,2,3,Yes,No,No,No,Software Engineering,Semester 4
Student 5084,STU5084,18,1,80,2,6,0,Yes,Yes,No,No,Software Engineering,Semester 4
Student 5085,STU5085,23,4,92,2,8,1,Yes,Yes,No,Yes,Data Science,Semester 2
Student 5086,STU5086,26,3,86,5,8,3,Yes,Yes,No,No,Engineering,Semester 2
Student 5087,STU5087,21,4,80,3,5,3,Yes,No,No,No,Data Science,Semester 3
Student 5088,STU5088,22,2,78,3,4,3,Yes,Yes,No,Yes,Data Science,Semester 2
Student 5089,STU5089,21,3,92,1,6,2,Yes,No,No,No,Computer Science,Semester 1
Student 5090,STU5090,19,5,73,1,6,2,Yes,Yes,No,No,Engineering,Semester 1
Student 5091,STU5091,17,3,77,0,5,1,Yes,Yes,No,No,Software Engineering,Semester 4
Student 5092,STU5092,19,3,76,2,8,3,Yes,No,No,Yes,Data Science,Semester 1
Student 5093,STU5093,17,5,82,1,4,2,Yes,No,No,No,Business,Semester 1
Student 5094,STU5094,24,4,74,2,7,2,Yes,No,Yes,No,Engineering,Semester 1
Student 5095,STU5095,20,5,89,1,5,2,Yes,No,No,No,Business,Semester 1
Student 5096,STU5096,20,3,90,1,5,1,Yes,No,Yes,No,Software Engineering,Semester 2
Student 5097,STU5097,23,3,76,2,2,1,Yes,Yes,No,No,Engineering,Semester 1
Student 5098,STU5098,18,2,86,2,7,1,Yes,No,No,Yes,Computer Science,Semester 4
Student 5099,STU5099,19,2,75,1,7,0,Yes,No,No,Yes,Engineering,Semester 2
Student 5100,STU5100,21,2,83,2,5,0,Yes,Yes,No,Yes,Software Engineering,Semester 3
Student 5101,STU5101,23,4,91,3,5,1,Yes,No,Yes,No,Computer Science,Semester 1
Student 5102,STU5102,22,6,82,0,6,4,Yes,Yes,No,Yes,Software Engineering,Semester 3
Student 5103,STU5103,21,5,81,0,3,3,Yes,Yes,No,Yes,Engineering,Semester 3
Student 5104,STU5104,21,4,100,0,3,3,Yes,No,Yes,Yes,Software Engineering,Semester 4
Student 5105,STU5105,21,2,84,3,5,3,Yes,No,No,No,Engineering,Semester 3
Student 5106,STU5106,21,2,75,3,2,3,Yes,No,No,No,Computer Science,Semester 1
Student 5107,STU5107,18,3,74,2,7,3,Yes,Yes,Yes,No,Engineering,Semester 4
Student 5108,STU5108,21,4,100,1,5,3,Yes,No,No,No,Software Engineering,Semester 4
Student 5109,STU5109,18,4,76,1,5,4,Yes,No,No,No,Software Engineering,Semester 2
Student 5110,STU5110,21,4,76,1,3,3,No,Yes,Yes,Yes,Software Engineering,Semester 4
Student 5111,STU5111,19,3,82,3,6,1,No,No,No,Yes,Business,Semester 3
Student 5112,STU5112,26,4,87,1,5,2,No,No,No,Yes,Business,Semester 1
Student 5113,STU5113,20,3,72,2,4,1,Yes,No,No,No,Business,Semester 2
Student 5114,STU5114,17,2,79,4,8,1,Yes,Yes,No,No,Data Science,Semester 3
Student 5115,STU5115,20,3,71,1,7,0,Yes,Yes,Yes,Yes,Engineering,Semester 4
Student 5116,STU5116,22,4,80,0,6,1,Yes,No,No,Yes,Business,Semester 1
Student 5117,STU5117,24,3,88,1,5,2,Yes,No,Yes,No,Software Engineering,Semester 4
Student 5118,STU5118,19,2,80,0,4,3,Yes,No,No,Yes,Software Engineering,Semester 2
Student 5119,STU5119,17,3,97,2,5,2,Yes,Yes,No,No,Business,Semester 2
Student 5120,STU5120,22,3,75,3,4,3,Yes,No,No,Yes,Business,Semester 1
Student 5121,STU5121,18,5,83,0,6,2,Yes,No,No,No,Software Engineering,Semester 3
Student 5122,STU5122,20,4,92,2,5,2,No,Yes,No,No,Business,Semester 1
Student 5123,STU5123,20,0,90,2,5,1,Yes,No,No,No,Data Science,Semester 3
Student 5124,STU5124,20,4,100,2,8,2,Yes,No,No,Yes,Data Science,Semester 1
Student 5125,STU5125,22,2,84,0,7,1,No,Yes,No,Yes,Data Science,Semester 2
Student 5126,STU5126,19,2,74,1,4,2,Yes,Yes,No,No,Computer Science,Semester 2
Student 5127,STU5127,20,1,82,2,6,3,Yes,No,No,No,Data Science,Semester 4
Student 5128,STU5128,21,5,75,2,4,3,Yes,No,No,No,Software Engineering,Semester 2
Student 5129,STU5129,21,5,83,1,6,3,Yes,No,Yes,No,Computer Science,Semester 4
Student 5130,STU5130,21,2,91,2,9,0,No,Yes,Yes,Yes,Software Engineering,Semester 2
Student 5131,STU5131,22,5,87,2,4,3,Yes,Yes,No,No,Software Engineering,Semester 2
Student 5132,STU5132,22,6,81,3,6,0,Yes,No,No,No,Business,Semester 4
Student 5133,STU5133,21,3,76,0,8,0,Yes,No,No,No,Engineering,Semester 1
Student 5134,STU5134,22,2,84,0,5,2,Yes,Yes,No,No,Data Science,Semester 1
Student 5135,STU5135,17,3,86,3,6,1,No,No,Yes,Yes,Engineering,Semester 1
Student 5136,STU5136,21,5,72,1,8,1,Yes,Yes,Yes,No,Engineering,Semester 3
Student 5137,STU5137,22,5,73,5,3,3,Yes,Yes,No,No,Business,Semester 3
Student 5138,STU5138,22,3,79,1,3,2,Yes,Yes,No,Yes,Engineering,Semester 2
Student 5139,STU5139,19,2,71,2,3,1,Yes,Yes,No,Yes,Data Science,Semester 2
Student 5140,STU5140,19,4,67,1,6,1,No,No,No,No,Computer Science,Semester 2
Student 5141,STU5141,19,3,73,2,3,2,Yes,No,Yes,Yes,Software Engineering,Semester 4
Student 5142,STU5142,22,4,85,0,6,2,Yes,No,No,No,Data Science,Semester 3
Student 5143,STU5143,23,3,82,1,7,1,Yes,No,No,Yes,Business,Semester 3
Student 5144,STU5144,20,4,78,1,4,2,Yes,No,No,No,Computer Science,Semester 1
Student 5145,STU5145,23,1,74,0,4,2,Yes,No,Yes,Yes,Business,Semester 3
Student 5146,STU5146,21,4,85,4,6,3,No,No,Yes,Yes,Data Science,Semester 4
Student 5147,STU5147,20,5,84,0,5,2,Yes,No,Yes,No,Software Engineering,Semester 4
Student 5148,STU5148,20,3,91,1,1,2,No,No,No,No,Engineering,Semester 4
Student 5149,STU5149,22,4,61,3,8,0,Yes,No,Yes,Yes,Engineering,Semester 4
Student 5150,STU5150,21,1,68,2,6,0,Yes,Yes,Yes,Yes,Business,Semester 2
Student 5151,STU5151,26,4,89,4,4,3,Yes,No,No,No,Computer Science,Semester 4
Student 5152,STU5152,19,5,85,1,4,2,Yes,No,No,No,Software Engineering,Semester 1
Student 5153,STU5153,22,6,89,0,6,1,No,No,No,No,Business,Semester 4
Student 5154,STU5154,19,0,74,2,5,0,Yes,Yes,No,No,Software Engineering,Semester 3
Student 5155,STU5155,19,4,78,1,5,3,Yes,No,No,Yes,Business,Semester 4
Student 5156,STU5156,21,1,71,2,5,3,Yes,No,No,No,Computer Science,Semester 1
Student 5157,STU5157,21,4,63,0,5,3,Yes,Yes,No,No,Data Science,Semester 3
Student 5158,STU5158,27,3,83,3,4,3,Yes,No,Yes,No,Engineering,Semester 3
Student 5159,STU5159,20,4,93,1,5,1,Yes,Yes,No,No,Software Engineering,Semester 3
Student 5160,STU5160,18,4,80,3,4,2,Yes,Yes,No,No,Software Engineering,Semester 2
Student 5161,STU5161,21,4,76,2,6,1,Yes,No,No,No,Computer Science,Semester 3
Student 5162,STU5162,17,3,73,2,6,2,Yes,No,No,No,Software Engineering,Semester 2
Student 5163,STU5163,20,4,90,1,8,1,Yes,No,No,No,Data Science,Semester 4
Student 5164,STU5164,21,5,82,3,4,3,Yes,No,Yes,No,Data Science,Semester 1
Student 5165,STU5165,22,4,83,1,7,1,Yes,Yes,No,No,Computer Science,Semester 3
Student 5166,STU5166,23,5,70,0,8,2,No,Yes,No,No,Business,Semester 4
Student 5167,STU5167,19,2,74,4,7,0,Yes,Yes,No,Yes,Business,Semester 2
Student 5168,STU5168,20,4,87,2,4,2,Yes,Yes,Yes,No,Software Engineering,Semester 2
Student 5169,STU5169,19,3,77,3,4,2,Yes,No,No,No,Software Engineering,Semester 1
Student 5170,STU5170,18,5,76,2,8,0,Yes,No,Yes,No,Computer Science,Semester 4
Student 5171,STU5171,21,4,100,3,5,3,Yes,Yes,No,Yes,Data Science,Semester 1
Student 5172,STU5172,18,3,82,2,5,3,Yes,Yes,Yes,Yes,Computer Science,Semester 1
Student 5173,STU5173,20,4,80,1,4,3,Yes,No,Yes,Yes,Business,Semester 3
Student 5174,STU5174,18,3,80,2,6,1,Yes,Yes,No,Yes,Data Science,Semester 3
Student 5175,STU5175,22,4,76,5,1,3,Yes,No,No,Yes,Software Engineering,Semester 1
Student 5176,STU5176,25,4,81,3,4,1,Yes,No,No,No,Business,Semester 3
Student 5177,STU5177,18,4,97,1,3,2,No,Yes,No,No,Engineering,Semester 4
Student 5178,STU5178,17,2,85,1,8,0,Yes,Yes,No,No,Business,Semester 2
Student 5179,STU5179,20,5,69,3,5,0,Yes,No,No,Yes,Data Science,Semester 2
Student 5180,STU5180,21,5,78,2,5,3,No,Yes,No,No,Data Science,Semester 3
Student 5181,STU5181,21,4,82,1,5,2,Yes,Yes,No,No,Computer Science,Semester 4
Student 5182,STU5182,20,4,69,1,3,3,Yes,Yes,No,Yes,Data Science,Semester 3
Student 5183,STU5183,20,4,78,0,7,1,Yes,No,No,Yes,Engineering,Semester 4
Student 5184,STU5184,21,4,74,0,5,1,No,No,No,No,Engineering,Semester 2
Student 5185,STU5185,23,5,78,1,6,1,Yes,Yes,No,No,Data Science,Semester 4
Student 5186,STU5186,17,1,82,1,4,0,No,No,No,No,Software Engineering,Semester 2
Student 5187,STU5187,20,1,87,6,5,2,Yes,No,No,Yes,Data Science,Semester 3
Student 5188,STU5188,21,3,72,1,3,2,Yes,No,No,No,Software Engineering,Semester 4
Student 5189,STU5189,19,4,81,0,5,3,No,Yes,No,Yes,Data Science,Semester 3
Student 5190,STU5190,24,4,79,1,7,2,Yes,No,No,No,Business,Semester 1
Student 5191,STU5191,19,4,80,1,5,2,Yes,No,No,No,Data Science,Semester 1
Student 5192,STU5192,20,3,75,0,6,1,Yes,Yes,No,Yes,Business,Semester 3
Student 5193,STU5193,22,3,81,1,5,1,Yes,Yes,Yes,Yes,Software Engineering,Semester 2
Student 5194,STU5194,19,2,85,5,8,2,No,Yes,Yes,Yes,Data Science,Semester 4
Student 5195,STU5195,17,2,70,2,4,2,Yes,Yes,No,Yes,Software Engineering,Semester 3
Student 5196,STU5196,20,2,95,0,5,2,Yes,No,No,Yes,Engineering,Semester 2
Student 5197,STU5197,23,4,89,2,5,0,Yes,No,Yes,No,Computer Science,Semester 4
Student 5198,STU5198,20,2,69,6,3,1,Yes,No,No,No,Software Engineering,Semester 3
Student 5199,STU5199,19,4,93,3,5,2,Yes,Yes,No,No,Business,Semester 3
Student 5200,STU5200,23,3,94,2,5,3,Yes,No,No,No,Computer Science,Semester 2
Student 5201,STU5201,20,5,78,1,5,1,Yes,No,No,No,Data Science,Semester 4
Student 5202,STU5202,19,4,83,1,5,0,No,No,No,No,Business,Semester 4
Student 5203,STU5203,21,4,67,1,5,2,Yes,No,No,Yes,Computer Science,Semester 2
Student 5204,STU5204,22,3,71,2,2,1,Yes,Yes,Yes,No,Computer Science,Semester 3
Student 5205,STU5205,26,6,90,3,5,2,No,No,No,Yes,Software Engineering,Semester 2
Student 5206,STU5206,22,3,67,3,3,1,Yes,No,Yes,Yes,Data Science,Semester 2
Student 5207,STU5207,23,2,84,5,5,1,Yes,No,No,No,Data Science,Semester 3
Student 5208,STU5208,19,3,94,5,4,3,Yes,No,No,No,Data Science,Semester 4
Student 5209,STU5209,18,3,68,3,2,2,No,Yes,No,No,Software Engineering,Semester 1
Student 5210,STU5210,21,2,79,3,6,1,Yes,Yes,No,No,Software Engineering,Semester 1
Student 5211,STU5211,21,4,91,5,6,3,No,No,No,Yes,Data Science,Semester 2
Student 5212,STU5212,18,5,85,3,7,0,Yes,No,Yes,No,Computer Science,Semester 4
Student 5213,STU5213,20,2,88,1,4,3,Yes,No,Yes,Yes,Data Science,Semester 3
Student 5214,STU5214,21,4,76,2,5,1,Yes,Yes,No,Yes,Software Engineering,Semester 4
Student 5215,STU5215,21,5,74,2,6,1,Yes,No,Yes,Yes,Data Science,Semester 2
Student 5216,STU5216,22,4,80,3,7,0,Yes,No,Yes,No,Software Engineering,Semester 4
Student 5217,STU5217,21,5,84,6,2,2,Yes,No,No,No,Data Science,Semester 4
Student 5218,STU5218,19,4,86,2,2,1,Yes,Yes,No,No,Computer Science,Semester 3
Student 5219,STU5219,19,3,85,2,8,1,Yes,Yes,No,No,Computer Science,Semester 1
Student 5220,STU5220,18,6,89,0,2,3,Yes,No,No,No,Software Engineering,Semester 4
Student 5221,STU5221,24,4,82,1,7,0,Yes,No,No,No,Software Engineering,Semester 4
Student 5222,STU5222,21,6,73,2,7,2,Yes,No,No,No,Business,Semester 1
Student 5223,STU5223,20,1,71,1,6,0,Yes,No,No,No,Engineering,Semester 4
Student 5224,STU5224,19,7,88,1,3,1,Yes,No,No,No,Business,Semester 4
Student 5225,STU5225,27,5,90,3,3,4,Yes,Yes,No,No,Software Engineering,Semester 4
Student 5226,STU5226,18,4,97,3,5,3,Yes,Yes,No,Yes,Software Engineering,Semester 1
Student 5227,STU5227,20,2,100,2,8,2,Yes,Yes,No,No,Data Science,Semester 2
Student 5228,STU5228,21,4,89,0,8,1,No,Yes,No,No,Business,Semester 1
Student 5229,STU5229,22,5,84,4,6,2,Yes,No,No,No,Engineering,Semester 1
Student 5230,STU5230,23,1,78,2,2,4,Yes,No,No,No,Business,Semester 2
Student 5231,STU5231,25,4,75,1,5,2,Yes,Yes,No,No,Computer Science,Semester 3
Student 5232,STU5232,22,3,82,0,5,2,Yes,No,Yes,Yes,Computer Science,Semester 1
Student 5233,STU5233,18,4,81,1,5,2,Yes,No,Yes,Yes,Business,Semester 4
Student 5234,STU5234,20,2,97,3,2,3,Yes,No,No,No,Business,Semester 3
Student 5235,STU5235,21,5,86,2,5,1,Yes,Yes,No,Yes,Software Engineering,Semester 3
Student 5236,STU5236,25,3,80,0,2,2,Yes,No,No,No,Data Science,Semester 2
Student 5237,STU5237,17,4,74,2,1,2,Yes,No,No,No,Computer Science,Semester 3
Student 5238,STU5238,23,5,86,3,5,3,Yes,No,No,Yes,Engineering,Semester 4
Student 5239,STU5239,21,4,83,1,9,2,Yes,No,Yes,Yes,Data Science,Semester 3
Student 5240,STU5240,22,2,78,0,4,3,Yes,Yes,No,No,Business,Semester 4
Student 5241,STU5241,20,4,76,4,4,2,No,No,No,No,Computer Science,Semester 2
Student 5242,STU5242,19,3,86,0,7,2,Yes,No,No,Yes,Business,Semester 3
Student 5243,STU5243,22,4,78,2,7,0,Yes,No,Yes,No,Computer Science,Semester 1
Student 5244,STU5244,22,3,79,3,5,1,No,No,No,No,Engineering,Semester 2
Student 5245,STU5245,23,1,78,1,4,3,Yes,Yes,Yes,Yes,Data Science,Semester 2
Student 5246,STU5246,21,4,100,2,7,2,Yes,Yes,Yes,Yes,Engineering,Semester 4
Student 5247,STU5247,19,3,83,1,3,3,Yes,No,No,Yes,Engineering,Semester 2
Student 5248,STU5248,17,4,75,2,4,3,No,Yes,No,No,Data Science,Semester 1
Student 5249,STU5249,22,3,61,1,6,1,Yes,No,Yes,No,Data Science,Semester 3
Student 5250,STU5250,21,3,68,2,2,2,Yes,Yes,Yes,No,Engineering,Semester 3
Student 5251,STU5251,18,6,79,2,6,2,Yes,Yes,No,No,Business,Semester 3
Student 5252,STU5252,19,3,95,1,7,3,No,No,No,Yes,Data Science,Semester 4
Student 5253,STU5253,20,4,100,2,8,3,Yes,Yes,No,Yes,Engineering,Semester 1
Student 5254,STU5254,17,6,80,1,4,3,Yes,No,No,Yes,Engineering,Semester 4
Student 5255,STU5255,19,2,84,4,4,3,No,No,Yes,Yes,Engineering,Semester 3
Student 5256,STU5256,18,5,80,2,6,2,Yes,No,No,No,Business,Semester 3
Student 5257,STU5257,20,3,85,0,4,2,Yes,No,No,No,Software Engineering,Semester 1
Student 5258,STU5258,19,3,80,2,4,4,Yes,Yes,No,Yes,Software Engineering,Semester 4
Student 5259,STU5259,17,4,77,1,6,2,Yes,No,Yes,Yes,Data Science,Semester 1
Student 5260,STU5260,25,5,76,1,6,2,No,No,No,Yes,Software Engineering,Semester 3
Student 5261,STU5261,23,2,87,1,2,3,Yes,No,No,No,Computer Science,Semester 1
Student 5262,STU5262,19,4,92,2,3,3,Yes,No,Yes,No,Data Science,Semester 1
Student 5263,STU5263,21,3,78,0,2,0,Yes,No,Yes,No,Data Science,Semester 4
Student 5264,STU5264,21,4,87,0,2,4,Yes,No,No,Yes,Engineering,Semester 4
Student 5265,STU5265,23,5,83,3,3,2,No,No,No,No,Computer Science,Semester 1
Student 5266,STU5266,19,4,78,3,5,2,Yes,Yes,Yes,Yes,Software Engineering,Semester 2
Student 5267,STU5267,23,4,87,1,5,3,Yes,Yes,No,No,Data Science,Semester 2
Student 5268,STU5268,19,2,92,0,1,3,Yes,No,Yes,No,Computer Science,Semester 4
Student 5269,STU5269,18,3,75,2,3,0,No,Yes,Yes,No,Business,Semester 3
Student 5270,STU5270,22,4,79,1,5,4,Yes,Yes,No,No,Business,Semester 3
Student 5271,STU5271,23,4,93,2,5,0,Yes,Yes,No,No,Engineering,Semester 4
Student 5272,STU5272,26,5,81,0,4,3,Yes,No,No,Yes,Computer Science,Semester 4
Student 5273,STU5273,18,4,60,1,5,1,Yes,No,No,Yes,Data Science,Semester 1
Student 5274,STU5274,22,4,83,0,5,3,Yes,No,No,No,Business,Semester 3
Student 5275,STU5275,20,2,82,4,4,1,Yes,No,No,Yes,Business,Semester 2
Student 5276,STU5276,22,5,90,3,5,3,Yes,No,No,Yes,Software Engineering,Semester 4
Student 5277,STU5277,17,5,81,0,4,3,Yes,No,No,No,Software Engineering,Semester 4
Student 5278,STU5278,18,3,81,3,7,3,Yes,No,No,No,Computer Science,Semester 3
Student 5279,STU5279,19,4,81,0,4,3,No,No,Yes,No,Software Engineering,Semester 3
Student 5280,STU5280,21,5,83,1,6,2,Yes,No,No,Yes,Computer Science,Semester 2
Student 5281,STU5281,19,2,94,4,6,1,No,No,No,Yes,Data Science,Semester 4
Student 5282,STU5282,22,4,87,1,4,2,Yes,No,No,No,Data Science,Semester 2
Student 5283,STU5283,23,3,73,0,2,0,Yes,No,No,No,Data Science,Semester 1
Student 5284,STU5284,22,4,84,2,4,4,No,No,Yes,No,Software Engineering,Semester 1
Student 5285,STU5285,24,3,84,1,6,1,Yes,No,Yes,No,Software Engineering,Semester 4
Student 5286,STU5286,21,4,85,1,2,3,Yes,No,Yes,No,Engineering,Semester 1
Student 5287,STU5287,18,5,70,0,6,1,No,No,No,Yes,Business,Semester 3
Student 5288,STU5288,24,2,83,2,7,0,Yes,No,No,Yes,Data Science,Semester 3
Student 5289,STU5289,19,1,77,1,8,0,Yes,No,Yes,Yes,Software Engineering,Semester 3
Student 5290,STU5290,23,3,70,4,6,1,Yes,No,No,No,Business,Semester 2
Student 5291,STU5291,24,5,91,1,6,2,Yes,Yes,Yes,Yes,Data Science,Semester 3
Student 5292,STU5292,22,2,79,3,5,1,Yes,No,Yes,No,Data Science,Semester 2
Student 5293,STU5293,17,3,79,7,3,3,Yes,No,No,No,Business,Semester 4
Student 5294,STU5294,19,5,89,4,3,3,Yes,No,No,Yes,Business,Semester 4
Student 5295,STU5295,23,5,90,1,2,3,Yes,Yes,Yes,No,Software Engineering,Semester 3
Student 5296,STU5296,20,4,80,1,5,3,Yes,No,Yes,No,Business,Semester 3
Student 5297,STU5297,21,4,82,2,6,0,Yes,No,No,No,Business,Semester 4
Student 5298,STU5298,22,5,73,0,5,1,Yes,Yes,Yes,No,Software Engineering,Semester 2
Student 5299,STU5299,22,3,74,2,6,2,Yes,No,No,Yes,Data Science,Semester 2
Student 5300,STU5300,21,4,92,3,6,2,Yes,No,No,Yes,Business,Semester 2
Student 5301,STU5301,20,2,82,1,3,2,Yes,No,No,Yes,Engineering,Semester 1
Student 5302,STU5302,20,6,89,3,5,3,Yes,No,No,No,Computer Science,Semester 1
Student 5303,STU5303,22,5,80,2,5,2,Yes,Yes,No,No,Business,Semester 3
Student 5304,STU5304,22,4,85,2,4,0,No,No,Yes,No,Business,Semester 3
Student 5305,STU5305,20,3,68,1,1,2,Yes,No,No,Yes,Computer Science,Semester 4
Student 5306,STU5306,23,4,88,2,3,3,Yes,Yes,Yes,No,Engineering,Semester 3
Student 5307,STU5307,20,3,81,1,4,1,Yes,No,No,No,Data Science,Semester 4
Student 5308,STU5308,19,3,78,0,5,2,Yes,No,No,No,Engineering,Semester 1
Student 5309,STU5309,19,4,87,3,5,2,No,No,No,Yes,Computer Science,Semester 3
Student 5310,STU5310,18,4,89,3,5,1,No,Yes,No,No,Business,Semester 2
Student 5311,STU5311,20,5,78,3,7,0,Yes,No,No,Yes,Data Science,Semester 4
Student 5312,STU5312,23,2,72,1,5,2,Yes,No,Yes,Yes,Engineering,Semester 2
Student 5313,STU5313,19,4,95,4,5,3,No,Yes,No,Yes,Engineering,Semester 1
Student 5314,STU5314,21,2,80,1,7,2,No,Yes,No,Yes,Data Science,Semester 2
Student 5315,STU5315,19,3,66,2,7,0,Yes,Yes,No,No,Engineering,Semester 2
Student 5316,STU5316,20,4,78,3,6,1,Yes,No,Yes,Yes,Computer Science,Semester 3
Student 5317,STU5317,17,5,85,2,8,0,Yes,Yes,Yes,No,Data Science,Semester 2
Student 5318,STU5318,20,3,81,2,3,2,No,Yes,Yes,Yes,Computer Science,Semester 2
Student 5319,STU5319,20,2,81,3,5,0,Yes,No,Yes,Yes,Data Science,Semester 1
Student 5320,STU5320,22,5,79,3,10,2,Yes,No,No,Yes,Computer Science,Semester 2
Student 5321,STU5321,21,6,78,2,6,1,Yes,No,Yes,Yes,Business,Semester 4
Student 5322,STU5322,18,2,71,3,5,1,Yes,No,Yes,Yes,Business,Semester 2
Student 5323,STU5323,23,0,71,0,5,0,Yes,Yes,No,No,Engineering,Semester 4
Student 5324,STU5324,21,4,69,1,5,3,No,No,No,No,Data Science,Semester 3
Student 5325,STU5325,21,3,91,0,8,0,Yes,Yes,No,Yes,Data Science,Semester 4
Student 5326,STU5326,21,2,79,0,6,3,Yes,No,No,Yes,Computer Science,Semester 4
Student 5327,STU5327,19,4,93,2,5,2,Yes,No,Yes,Yes,Engineering,Semester 3
Student 5328,STU5328,21,6,90,0,2,2,Yes,Yes,Yes,No,Engineering,Semester 3
Student 5329,STU5329,22,4,80,1,4,0,Yes,No,Yes,No,Data Science,Semester 1
Student 5330,STU5330,17,5,87,2,5,2,Yes,No,No,No,Business,Semester 4
Student 5331,STU5331,19,4,85,1,5,2,Yes,Yes,Yes,Yes,Data Science,Semester 3
Student 5332,STU5332,20,4,78,1,7,0,Yes,No,No,Yes,Data Science,Semester 2
Student 5333,STU5333,21,6,64,4,5,1,Yes,No,Yes,Yes,Software Engineering,Semester 1
Student 5334,STU5334,23,2,83,3,7,2,Yes,No,No,No,Computer Science,Semester 2
Student 5335,STU5335,19,4,87,2,2,4,No,No,No,Yes,Computer Science,Semester 2
Student 5336,STU5336,19,3,77,1,4,0,No,No,No,No,Software Engineering,Semester 3
Student 5337,STU5337,19,3,98,1,6,3,Yes,Yes,No,No,Engineering,Semester 1
Student 5338,STU5338,19,2,90,2,9,3,Yes,Yes,No,No,Computer Science,Semester 1
Student 5339,STU5339,20,4,70,1,5,1,No,No,No,Yes,Engineering,Semester 3
Student 5340,STU5340,22,4,80,1,7,1,Yes,Yes,No,No,Business,Semester 4
Student 5341,STU5341,18,3,75,3,7,1,Yes,No,No,Yes,Engineering,Semester 1
Student 5342,STU5342,21,5,79,0,7,1,No,No,No,No,Computer Science,Semester 2
Student 5343,STU5343,17,4,87,2,6,2,Yes,Yes,No,Yes,Engineering,Semester 4
Student 5344,STU5344,19,1,80,1,4,0,Yes,Yes,No,Yes,Business,Semester 1
Student 5345,STU5345,20,4,77,1,8,1,No,No,Yes,Yes,Software Engineering,Semester 2
Student 5346,STU5346,24,2,82,1,3,1,Yes,No,Yes,No,Computer Science,Semester 1
Student 5347,STU5347,20,5,88,2,3,3,Yes,No,No,Yes,Business,Semester 1
Student 5348,STU5348,17,6,88,0,8,2,Yes,No,Yes,No,Data Science,Semester 3
Student 5349,STU5349,17,5,86,1,6,2,Yes,Yes,Yes,Yes,Software Engineering,Semester 3
Student 5350,STU5350,21,4,93,1,3,3,Yes,No,No,Yes,Software Engineering,Semester 4
Student 5351,STU5351,22,4,81,2,2,3,Yes,Yes,No,No,Computer Science,Semester 1
Student 5352,STU5352,21,3,79,2,2,2,No,No,No,Yes,Business,Semester 4
Student 5353,STU5353,21,4,80,2,9,0,Yes,No,No,No,Data Science,Semester 2
Student 5354,STU5354,23,2,75,3,5,3,Yes,No,No,No,Business,Semester 3
Student 5355,STU5355,19,6,75,2,4,2,Yes,No,No,No,Engineering,Semester 3
Student 5356,STU5356,23,2,87,1,8,3,Yes,No,Yes,Yes,Computer Science,Semester 4
Student 5357,STU5357,17,1,88,3,6,1,Yes,No,Yes,No,Engineering,Semester 4
Student 5358,STU5358,19,3,60,2,4,1,No,No,No,No,Engineering,Semester 3
Student 5359,STU5359,17,4,89,1,7,3,No,No,No,No,Software Engineering,Semester 4
Student 5360,STU5360,20,4,63,4,5,3,Yes,Yes,Yes,Yes,Software Engineering,Semester 1
Student 5361,STU5361,20,3,76,4,6,0,Yes,No,No,No,Engineering,Semester 2
Student 5362,STU5362,21,4,79,1,5,2,Yes,Yes,No,No,Business,Semester 4
Student 5363,STU5363,21,4,71,5,3,2,Yes,Yes,No,No,Computer Science,Semester 2
Student 5364,STU5364,19,2,80,1,3,1,Yes,Yes,No,No,Computer Science,Semester 1
Student 5365,STU5365,20,2,97,3,5,2,Yes,No,No,No,Business,Semester 2
Student 5366,STU5366,17,1,69,3,5,2,No,Yes,No,Yes,Engineering,Semester 3
Student 5367,STU5367,24,5,86,0,6,2,Yes,No,No,Yes,Computer Science,Semester 2
Student 5368,STU5368,20,2,89,1,4,1,Yes,No,Yes,Yes,Software Engineering,Semester 4
Student 5369,STU5369,19,1,86,1,7,0,Yes,Yes,No,Yes,Data Science,Semester 4
Student 5370,STU5370,24,3,94,2,3,2,Yes,No,No,No,Software Engineering,Semester 3
Student 5371,STU5371,18,5,89,3,6,2,Yes,Yes,No,No,Business,Semester 3
Student 5372,STU5372,18,4,87,2,3,2,Yes,No,No,No,Data Science,Semester 1
Student 5373,STU5373,18,4,90,5,5,3,Yes,No,No,No,Computer Science,Semester 3
Student 5374,STU5374,20,6,89,0,3,1,Yes,No,No,Yes,Computer Science,Semester 2
Student 5375,STU5375,21,5,79,0,4,3,Yes,Yes,Yes,Yes,Data Science,Semester 2
Student 5376,STU5376,22,0,87,1,3,1,Yes,No,No,No,Computer Science,Semester 2
Student 5377,STU5377,26,3,79,1,3,0,Yes,No,No,No,Data Science,Semester 2
Student 5378,STU5378,17,4,71,2,7,1,Yes,No,No,No,Engineering,Semester 2
Student 5379,STU5379,22,4,96,5,3,4,Yes,No,No,No,Business,Semester 3
Student 5380,STU5380,19,4,77,2,6,1,Yes,Yes,Yes,Yes,Software Engineering,Semester 1
Student 5381,STU5381,19,7,90,4,7,3,Yes,No,Yes,No,Data Science,Semester 1
Student 5382,STU5382,19,4,86,1,5,1,Yes,Yes,No,No,Data Science,Semester 4
Student 5383,STU5383,19,1,74,2,5,1,Yes,Yes,No,Yes,Engineering,Semester 2
Student 5384,STU5384,24,0,75,2,3,0,Yes,No,Yes,Yes,Software Engineering,Semester 3
Student 5385,STU5385,22,5,85,1,2,2,Yes,No,No,No,Engineering,Semester 4
Student 5386,STU5386,21,3,85,3,3,2,Yes,No,No,No,Engineering,Semester 1
Student 5387,STU5387,24,2,79,5,3,3,Yes,Yes,No,Yes,Business,Semester 2
Student 5388,STU5388,17,3,69,0,6,1,No,Yes,No,No,Computer Science,Semester 3
Student 5389,STU5389,18,3,88,1,3,4,Yes,No,No,No,Software Engineering,Semester 1
Student 5390,STU5390,17,3,58,0,5,1,No,No,No,No,Engineering,Semester 3
Student 5391,STU5391,19,1,84,0,5,0,Yes,Yes,Yes,No,Computer Science,Semester 2
Student 5392,STU5392,21,4,91,2,5,2,Yes,No,No,No,Computer Science,Semester 3
Student 5393,STU5393,21,4,67,3,5,2,No,Yes,No,No,Computer Science,Semester 1
Student 5394,STU5394,21,4,83,1,7,1,Yes,No,No,Yes,Computer Science,Semester 1
Student 5395,STU5395,17,3,78,0,6,3,Yes,No,No,No,Business,Semester 4
Student 5396,STU5396,22,4,83,3,6,1,Yes,No,No,Yes,Business,Semester 3
Student 5397,STU5397,21,4,89,2,4,3,Yes,No,No,Yes,Engineering,Semester 4
Student 5398,STU5398,22,1,71,1,6,2,Yes,No,No,No,Computer Science,Semester 1
Student 5399,STU5399,17,2,80,1,6,1,Yes,No,No,No,Engineering,Semester 4
Student 5400,STU5400,21,4,80,1,5,3,No,No,No,No,Data Science,Semester 4
Student 5401,STU5401,18,3,66,4,4,0,Yes,No,No,Yes,Business,Semester 3
Student 5402,STU5402,20,5,86,1,5,2,No,Yes,No,No,Business,Semester 3
Student 5403,STU5403,22,2,95,2,9,1,No,No,Yes,Yes,Software Engineering,Semester 4
Student 5404,STU5404,21,4,87,2,5,2,Yes,Yes,No,Yes,Data Science,Semester 2
Student 5405,STU5405,19,6,83,1,8,1,Yes,No,No,No,Business,Semester 2
Student 5406,STU5406,21,3,89,3,2,3,No,Yes,No,Yes,Computer Science,Semester 3
Student 5407,STU5407,17,2,77,0,5,1,No,No,Yes,No,Computer Science,Semester 1
Student 5408,STU5408,23,3,74,4,7,2,Yes,Yes,No,No,Computer Science,Semester 2
Student 5409,STU5409,20,5,86,2,6,3,Yes,Yes,No,No,Engineering,Semester 1
Student 5410,STU5410,23,3,83,2,6,2,Yes,Yes,No,Yes,Business,Semester 3
Student 5411,STU5411,19,4,84,2,4,3,Yes,No,Yes,Yes,Engineering,Semester 1
Student 5412,STU5412,19,4,75,3,7,0,Yes,No,No,No,Business,Semester 4
Student 5413,STU5413,19,4,70,2,2,1,Yes,No,No,No,Software Engineering,Semester 1
Student 5414,STU5414,22,4,73,3,5,0,Yes,Yes,No,No,Engineering,Semester 3
Student 5415,STU5415,19,4,75,2,5,1,Yes,No,No,Yes,Business,Semester 2
Student 5416,STU5416,22,5,65,3,4,1,Yes,No,Yes,No,Software Engineering,Semester 4
Student 5417,STU5417,20,4,85,0,5,3,Yes,Yes,No,Yes,Business,Semester 2
Student 5418,STU5418,17,5,71,0,2,1,Yes,No,No,No,Data Science,Semester 1
Student 5419,STU5419,19,3,71,2,3,2,Yes,No,No,No,Engineering,Semester 3
Student 5420,STU5420,18,3,79,3,7,1,Yes,No,No,Yes,Computer Science,Semester 3
Student 5421,STU5421,21,7,74,0,5,3,Yes,Yes,No,No,Software Engineering,Semester 2
Student 5422,STU5422,18,4,54,1,5,4,Yes,No,No,No,Software Engineering,Semester 4
Student 5423,STU5423,23,5,70,4,7,1,No,Yes,No,No,Computer Science,Semester 3
Student 5424,STU5424,20,2,86,2,8,0,Yes,No,Yes,No,Software Engineering,Semester 3
Student 5425,STU5425,20,4,79,2,8,2,Yes,No,No,No,Computer Science,Semester 1
Student 5426,STU5426,22,3,69,0,2,3,Yes,No,Yes,No,Computer Science,Semester 4
Student 5427,STU5427,23,6,93,0,8,1,No,No,Yes,Yes,Business,Semester 4
Student 5428,STU5428,21,3,76,1,3,3,Yes,Yes,Yes,Yes,Engineering,Semester 1
Student 5429,STU5429,19,3,86,1,6,2,Yes,No,No,Yes,Data Science,Semester 2
Student 5430,STU5430,17,4,81,5,6,3,Yes,Yes,No,Yes,Software Engineering,Semester 2
Student 5431,STU5431,19,2,82,1,8,0,Yes,No,No,No,Business,Semester 1
Student 5432,STU5432,19,4,82,4,6,1,Yes,No,Yes,No,Data Science,Semester 3
Student 5433,STU5433,21,3,71,0,6,1,Yes,No,No,No,Data Science,Semester 3
Student 5434,STU5434,20,4,100,2,4,4,Yes,No,No,Yes,Software Engineering,Semester 1
Student 5435,STU5435,22,3,75,3,2,0,Yes,No,No,No,Software Engineering,Semester 1
Student 5436,STU5436,19,6,88,1,3,1,Yes,Yes,Yes,No,Business,Semester 1
Student 5437,STU5437,20,4,75,1,8,2,Yes,No,Yes,Yes,Software Engineering,Semester 1
Student 5438,STU5438,23,2,73,1,5,1,Yes,Yes,Yes,No,Data Science,Semester 3
Student 5439,STU5439,21,2,93,4,8,1,Yes,No,No,No,Software Engineering,Semester 4
Student 5440,STU5440,20,3,94,1,4,1,Yes,Yes,No,No,Business,Semester 3
Student 5441,STU5441,19,4,85,1,5,1,Yes,No,No,No,Business,Semester 2
Student 5442,STU5442,19,5,88,0,5,2,Yes,Yes,No,No,Business,Semester 1
Student 5443,STU5443,19,3,72,2,7,1,Yes,No,No,No,Software Engineering,Semester 2
Student 5444,STU5444,19,3,87,3,5,4,No,No,No,Yes,Engineering,Semester 3
Student 5445,STU5445,22,4,87,2,5,2,Yes,No,No,No,Business,Semester 2
Student 5446,STU5446,20,7,85,1,7,0,Yes,Yes,Yes,No,Engineering,Semester 3
Student 5447,STU5447,18,3,95,0,1,2,Yes,No,No,No,Computer Science,Semester 3
Student 5448,STU5448,24,6,63,2,5,2,Yes,Yes,No,Yes,Business,Semester 2
Student 5449,STU5449,21,3,80,1,2,2,Yes,No,Yes,No,Engineering,Semester 2
Student 5450,STU5450,17,5,93,2,5,3,Yes,No,No,No,Engineering,Semester 4
Student 5451,STU5451,20,2,73,2,4,2,Yes,No,No,Yes,Data Science,Semester 1
Student 5452,STU5452,21,5,87,0,6,0,Yes,Yes,No,No,Engineering,Semester 4
Student 5453,STU5453,24,3,78,0,6,4,Yes,No,No,No,Data Science,Semester 4
Student 5454,STU5454,18,5,82,2,5,2,Yes,No,No,No,Engineering,Semester 3
Student 5455,STU5455,23,5,73,0,3,4,Yes,Yes,Yes,Yes,Engineering,Semester 1
Student 5456,STU5456,24,4,100,0,5,2,Yes,No,Yes,Yes,Computer Science,Semester 1
Student 5457,STU5457,19,4,72,4,7,1,Yes,No,No,No,Engineering,Semester 3
Student 5458,STU5458,20,3,81,3,3,2,Yes,Yes,No,No,Software Engineering,Semester 2
Student 5459,STU5459,18,4,79,1,2,1,No,No,Yes,Yes,Software Engineering,Semester 1
Student 5460,STU5460,20,4,90,1,5,1,No,No,No,Yes,Software Engineering,Semester 1
Student 5461,STU5461,20,7,82,3,2,3,Yes,Yes,No,Yes,Computer Science,Semester 4
Student 5462,STU5462,22,4,69,2,5,2,Yes,No,Yes,No,Engineering,Semester 3
Student 5463,STU5463,23,4,76,0,3,4,Yes,No,No,No,Computer Science,Semester 4
Student 5464,STU5464,19,4,64,1,4,2,Yes,Yes,No,No,Engineering,Semester 2
Student 5465,STU5465,17,3,82,1,6,0,Yes,No,No,No,Data Science,Semester 4
Student 5466,STU5466,21,3,96,1,1,3,Yes,No,No,No,Computer Science,Semester 2
Student 5467,STU5467,21,4,80,2,7,1,Yes,No,Yes,No,Software Engineering,Semester 1
Student 5468,STU5468,21,3,84,2,8,3,No,No,No,Yes,Software Engineering,Semester 3
Student 5469,STU5469,20,2,90,3,8,1,Yes,No,No,No,Software Engineering,Semester 4
Student 5470,STU5470,21,3,76,3,8,2,Yes,No,No,No,Engineering,Semester 4
Student 5471,STU5471,24,4,90,1,9,1,Yes,Yes,Yes,No,Engineering,Semester 1
Student 5472,STU5472,21,3,97,2,5,1,Yes,No,No,No,Computer Science,Semester 2
Student 5473,STU5473,20,5,67,1,7,2,Yes,No,No,Yes,Business,Semester 1
Student 5474,STU5474,19,4,91,0,5,1,Yes,Yes,No,Yes,Engineering,Semester 3
Student 5475,STU5475,20,6,70,5,6,3,Yes,No,No,No,Business,Semester 4
Student 5476,STU5476,24,7,75,0,5,3,Yes,Yes,No,Yes,Business,Semester 1
Student 5477,STU5477,20,3,91,2,2,2,Yes,No,Yes,Yes,Engineering,Semester 2
Student 5478,STU5478,21,2,84,1,2,3,Yes,No,No,No,Computer Science,Semester 4
Student 5479,STU5479,19,2,78,4,8,0,Yes,No,No,No,Business,Semester 3
Student 5480,STU5480,23,3,99,3,5,1,Yes,Yes,Yes,Yes,Computer Science,Semester 4
Student 5481,STU5481,25,5,79,1,8,1,Yes,No,Yes,Yes,Computer Science,Semester 3
Student 5482,STU5482,22,4,90,1,5,3,Yes,Yes,Yes,Yes,Engineering,Semester 3
Student 5483,STU5483,21,4,79,2,3,1,Yes,No,Yes,No,Business,Semester 3
Student 5484,STU5484,21,3,85,2,5,1,Yes,No,No,No,Computer Science,Semester 4
Student 5485,STU5485,17,3,85,2,6,1,Yes,No,Yes,Yes,Business,Semester 3
Student 5486,STU5486,22,4,82,3,8,1,No,No,No,No,Computer Science,Semester 4
Student 5487,STU5487,21,5,70,2,5,2,Yes,No,No,Yes,Engineering,Semester 1
Student 5488,STU5488,21,5,84,2,6,2,Yes,Yes,No,Yes,Computer Science,Semester 3
Student 5489,STU5489,19,1,77,2,5,2,Yes,Yes,No,No,Engineering,Semester 2
Student 5490,STU5490,20,4,78,2,8,1,No,No,No,Yes,Engineering,Semester 4
Student 5491,STU5491,20,4,86,1,8,4,Yes,No,No,No,Business,Semester 3
Student 5492,STU5492,23,3,86,3,4,3,Yes,Yes,Yes,No,Business,Semester 2
Student 5493,STU5493,20,3,76,3,6,3,Yes,No,No,Yes,Business,Semester 4
Student 5494,STU5494,25,4,83,1,3,2,Yes,No,No,No,Data Science,Semester 2
Student 5495,STU5495,21,4,82,2,7,1,Yes,No,Yes,No,Business,Semester 2
Student 5496,STU5496,18,3,75,2,4,1,Yes,No,No,No,Business,Semester 2
Student 5497,STU5497,20,6,75,0,4,3,Yes,No,No,No,Computer Science,Semester 2
Student 5498,STU5498,19,4,75,3,1,3,No,Yes,Yes,No,Data Science,Semester 1
Student 5499,STU5499,17,3,81,2,7,0,Yes,Yes,No,Yes,Data Science,Semester 2
Student 5500,STU5500,24,4,79,2,5,2,Yes,No,No,No,Computer Science,Semester 2
Student 5501,STU5501,22,4,83,3,6,0,Yes,No,No,Yes,Business,Semester 2
Student 5502,STU5502,22,4,75,2,7,2,Yes,No,No,Yes,Software Engineering,Semester 1
Student 5503,STU5503,21,5,80,1,4,3,Yes,No,No,No,Engineering,Semester 4
Student 5504,STU5504,18,3,81,0,3,3,Yes,No,Yes,Yes,Data Science,Semester 3
Student 5505,STU5505,19,4,84,2,6,3,Yes,No,No,Yes,Computer Science,Semester 2
Student 5506,STU5506,22,2,93,2,7,2,Yes,No,No,No,Software Engineering,Semester 1
Student 5507,STU5507,18,5,90,1,6,2,Yes,No,No,No,Engineering,Semester 1
Student 5508,STU5508,17,4,81,0,8,1,Yes,No,Yes,Yes,Software Engineering,Semester 1
Student 5509,STU5509,20,2,69,2,6,1,Yes,No,Yes,Yes,Business,Semester 3
Student 5510,STU5510,20,3,77,0,6,0,Yes,Yes,No,Yes,Computer Science,Semester 1
Student 5511,STU5511,21,4,89,2,7,0,Yes,Yes,No,Yes,Engineering,Semester 2
Student 5512,STU5512,22,5,81,4,5,3,No,No,No,No,Engineering,Semester 2
Student 5513,STU5513,22,5,71,1,3,2,No,No,No,No,Business,Semester 2
Student 5514,STU5514,21,5,80,4,5,2,Yes,No,No,No,Business,Semester 3
Student 5515,STU5515,23,4,78,2,6,2,Yes,No,Yes,No,Business,Semester 1
Student 5516,STU5516,17,4,92,0,4,4,Yes,Yes,Yes,No,Computer Science,Semester 2
Student 5517,STU5517,22,3,77,0,3,1,Yes,Yes,No,No,Data Science,Semester 2
Student 5518,STU5518,22,2,85,0,4,2,Yes,No,No,No,Software Engineering,Semester 4
Student 5519,STU5519,18,3,87,3,7,1,Yes,No,No,No,Computer Science,Semester 4
Student 5520,STU5520,17,4,72,1,6,2,Yes,No,No,No,Computer Science,Semester 4
Student 5521,STU5521,19,3,76,3,5,2,Yes,Yes,No,No,Software Engineering,Semester 2
Student 5522,STU5522,19,3,78,2,3,0,Yes,No,Yes,No,Engineering,Semester 3
Student 5523,STU5523,22,4,83,3,6,2,Yes,No,Yes,No,Software Engineering,Semester 2
Student 5524,STU5524,19,5,77,1,5,1,Yes,No,No,Yes,Business,Semester 1
Student 5525,STU5525,19,4,71,3,6,2,Yes,No,No,No,Engineering,Semester 4
Student 5526,STU5526,19,3,73,1,10,0,Yes,Yes,Yes,No,Computer Science,Semester 1
Student 5527,STU5527,23,2,89,0,6,3,Yes,No,Yes,No,Software Engineering,Semester 4
Student 5528,STU5528,21,4,83,0,5,3,Yes,No,No,No,Computer Science,Semester 3
Student 5529,STU5529,20,1,84,0,3,2,Yes,No,Yes,No,Computer Science,Semester 3
Student 5530,STU5530,20,5,90,1,4,3,Yes,No,No,Yes,Software Engineering,Semester 3
Student 5531,STU5531,23,4,84,3,4,1,Yes,Yes,Yes,No,Computer Science,Semester 1
Student 5532,STU5532,19,6,87,3,7,2,Yes,No,No,Yes,Data Science,Semester 3
Student 5533,STU5533,23,5,87,2,4,1,Yes,No,No,No,Data Science,Semester 3
Student 5534,STU5534,21,4,87,1,3,1,Yes,Yes,Yes,Yes,Computer Science,Semester 4
Student 5535,STU5535,20,3,84,1,6,1,Yes,Yes,No,Yes,Engineering,Semester 1
Student 5536,STU5536,26,3,83,1,4,3,Yes,No,No,Yes,Engineering,Semester 2
Student 5537,STU5537,18,6,78,0,6,1,Yes,Yes,No,No,Engineering,Semester 3
Student 5538,STU5538,20,4,86,1,5,2,No,No,No,Yes,Engineering,Semester 2
Student 5539,STU5539,18,2,84,3,4,1,Yes,No,No,Yes,Data Science,Semester 2
Student 5540,STU5540,23,3,74,4,4,0,Yes,No,No,Yes,Engineering,Semester 2
Student 5541,STU5541,24,5,91,2,6,3,Yes,No,No,Yes,Software Engineering,Semester 2
Student 5542,STU5542,24,5,89,0,5,2,Yes,Yes,No,Yes,Engineering,Semester 3
Student 5543,STU5543,23,4,83,4,3,2,No,Yes,No,Yes,Software Engineering,Semester 3
Student 5544,STU5544,20,5,91,1,3,2,Yes,No,No,No,Data Science,Semester 3
Student 5545,STU5545,20,2,87,2,4,3,Yes,No,Yes,No,Software Engineering,Semester 1
Student 5546,STU5546,17,3,78,1,3,2,Yes,No,Yes,No,Software Engineering,Semester 1
Student 5547,STU5547,25,3,67,2,4,4,Yes,No,Yes,No,Computer Science,Semester 2
Student 5548,STU5548,22,4,52,2,5,1,Yes,Yes,No,No,Software Engineering,Semester 4
Student 5549,STU5549,19,4,92,5,3,4,Yes,Yes,No,No,Computer Science,Semester 1
Student 5550,STU5550,23,5,81,0,7,1,Yes,No,No,Yes,Engineering,Semester 2
Student 5551,STU5551,18,4,79,0,8,0,Yes,No,Yes,No,Software Engineering,Semester 2
Student 5552,STU5552,21,2,76,3,7,0,Yes,Yes,Yes,Yes,Software Engineering,Semester 3
Student 5553,STU5553,20,6,82,3,6,2,No,Yes,No,No,Business,Semester 3
Student 5554,STU5554,22,4,89,2,6,1,Yes,Yes,No,No,Engineering,Semester 1
Student 5555,STU5555,20,1,75,3,5,1,Yes,Yes,Yes,Yes,Software Engineering,Semester 3
Student 5556,STU5556,17,2,82,4,6,1,Yes,No,No,No,Software Engineering,Semester 1
Student 5557,STU5557,21,3,100,2,4,0,Yes,No,No,No,Business,Semester 3
Student 5558,STU5558,23,6,96,1,5,2,Yes,No,No,Yes,Computer Science,Semester 4
Student 5559,STU5559,20,2,64,0,5,2,Yes,No,No,No,Engineering,Semester 3
Student 5560,STU5560,22,4,67,3,5,2,Yes,No,No,No,Business,Semester 1
Student 5561,STU5561,18,5,96,3,2,3,Yes,No,No,Yes,Engineering,Semester 2
Student 5562,STU5562,20,5,89,4,5,3,No,Yes,Yes,Yes,Engineering,Semester 1
Student 5563,STU5563,19,3,82,1,7,3,Yes,No,No,No,Computer Science,Semester 3
Student 5564,STU5564,22,4,86,1,4,3,Yes,Yes,No,No,Computer Science,Semester 2
Student 5565,STU5565,21,3,79,1,5,1,No,Yes,No,Yes,Data Science,Semester 3
Student 5566,STU5566,22,4,76,1,2,3,Yes,Yes,No,No,Business,Semester 3
Student 5567,STU5567,23,3,87,5,5,1,Yes,No,Yes,Yes,Business,Semester 3
Student 5568,STU5568,22,4,81,5,2,3,Yes,Yes,No,No,Engineering,Semester 2
Student 5569,STU5569,21,4,88,5,4,1,Yes,Yes,No,No,Data Science,Semester 3
Student 5570,STU5570,18,3,77,5,5,4,No,No,No,No,Data Science,Semester 4
Student 5571,STU5571,21,5,87,4,4,3,No,No,No,No,Engineering,Semester 1
Student 5572,STU5572,19,4,84,1,5,2,Yes,No,No,Yes,Computer Science,Semester 4
Student 5573,STU5573,20,4,71,2,5,2,Yes,No,Yes,Yes,Data Science,Semester 4
Student 5574,STU5574,20,4,93,1,5,1,Yes,Yes,No,No,Business,Semester 1
Student 5575,STU5575,18,3,70,2,5,1,Yes,Yes,Yes,Yes,Computer Science,Semester 1
Student 5576,STU5576,17,5,92,0,2,3,Yes,No,Yes,No,Software Engineering,Semester 2
Student 5577,STU5577,19,4,85,2,5,3,Yes,No,Yes,No,Data Science,Semester 4
Student 5578,STU5578,21,4,87,4,1,3,No,No,Yes,Yes,Engineering,Semester 4
Student 5579,STU5579,18,3,78,2,4,0,No,No,No,No,Business,Semester 1
Student 5580,STU5580,21,3,79,3,8,0,Yes,No,No,Yes,Data Science,Semester 3
Student 5581,STU5581,25,4,82,2,7,0,Yes,No,Yes,No,Engineering,Semester 4
Student 5582,STU5582,23,2,71,2,2,1,Yes,No,No,Yes,Business,Semester 2
Student 5583,STU5583,24,4,86,3,4,2,Yes,Yes,Yes,Yes,Data Science,Semester 3
Student 5584,STU5584,21,4,79,3,5,2,Yes,No,No,No,Business,Semester 4
Student 5585,STU5585,23,2,65,1,6,1,Yes,Yes,No,No,Software Engineering,Semester 3
Student 5586,STU5586,19,5,97,2,7,3,Yes,Yes,No,No,Business,Semester 4
Student 5587,STU5587,19,5,84,2,8,0,Yes,Yes,Yes,No,Engineering,Semester 3
Student 5588,STU5588,17,5,84,1,3,1,Yes,No,No,No,Data Science,Semester 4
Student 5589,STU5589,23,3,76,0,5,3,No,Yes,Yes,No,Engineering,Semester 1
Student 5590,STU5590,24,4,69,1,5,4,Yes,Yes,No,Yes,Software Engineering,Semester 1
Student 5591,STU5591,19,3,87,3,6,2,Yes,No,No,Yes,Computer Science,Semester 2
Student 5592,STU5592,20,4,70,2,6,4,Yes,No,No,Yes,Business,Semester 4
Student 5593,STU5593,19,3,86,2,5,3,Yes,No,No,Yes,Engineering,Semester 2
Student 5594,STU5594,21,4,73,0,6,0,No,No,No,Yes,Data Science,Semester 1
Student 5595,STU5595,23,4,71,3,3,1,Yes,Yes,No,Yes,Data Science,Semester 4
Student 5596,STU5596,17,2,75,2,3,0,Yes,Yes,No,No,Computer Science,Semester 1
Student 5597,STU5597,21,3,98,1,3,4,Yes,Yes,Yes,Yes,Data Science,Semester 3
Student 5598,STU5598,20,5,88,1,6,4,Yes,No,No,No,Software Engineering,Semester 1
Student 5599,STU5599,21,8,81,1,7,1,Yes,No,Yes,No,Computer Science,Semester 3
Student 5600,STU5600,22,1,95,2,4,1,Yes,Yes,Yes,No,Software Engineering,Semester 1
Student 5601,STU5601,20,3,74,1,4,0,Yes,Yes,Yes,Yes,Business,Semester 3
Student 5602,STU5602,20,3,73,0,5,3,Yes,No,No,No,Software Engineering,Semester 1
Student 5603,STU5603,20,2,74,1,10,1,Yes,No,No,No,Business,Semester 1
Student 5604,STU5604,23,6,97,1,4,3,Yes,No,Yes,No,Software Engineering,Semester 4
Student 5605,STU5605,21,3,88,4,7,2,Yes,Yes,No,Yes,Computer Science,Semester 4
Student 5606,STU5606,21,3,75,3,5,2,Yes,Yes,No,Yes,Business,Semester 4
Student 5607,STU5607,18,4,76,1,4,2,No,No,No,Yes,Software Engineering,Semester 2
Student 5608,STU5608,20,3,84,1,3,3,No,No,No,Yes,Software Engineering,Semester 2
Student 5609,STU5609,23,4,72,2,5,1,Yes,No,No,No,Data Science,Semester 3
Student 5610,STU5610,21,3,80,1,7,2,Yes,No,No,No,Software Engineering,Semester 2
Student 5611,STU5611,22,5,74,4,3,2,Yes,No,Yes,Yes,Data Science,Semester 2
Student 5612,STU5612,24,4,81,1,5,3,Yes,No,No,Yes,Software Engineering,Semester 1
Student 5613,STU5613,23,5,88,3,4,3,Yes,Yes,No,Yes,Engineering,Semester 3
Student 5614,STU5614,21,4,95,1,4,2,Yes,No,Yes,Yes,Data Science,Semester 2
Student 5615,STU5615,19,0,69,1,2,2,Yes,No,Yes,No,Computer Science,Semester 4
Student 5616,STU5616,17,2,86,2,9,3,Yes,Yes,No,No,Computer Science,Semester 4
Student 5617,STU5617,20,6,87,1,6,1,No,No,Yes,Yes,Business,Semester 2
Student 5618,STU5618,20,3,80,2,4,3,Yes,No,Yes,Yes,Computer Science,Semester 1
Student 5619,STU5619,21,1,77,1,7,1,Yes,No,No,No,Business,Semester 4
Student 5620,STU5620,20,3,77,2,5,2,Yes,No,No,Yes,Computer Science,Semester 4
Student 5621,STU5621,20,3,67,3,6,1,Yes,No,No,No,Data Science,Semester 1
Student 5622,STU5622,17,5,88,2,8,1,No,No,No,No,Engineering,Semester 4
Student 5623,STU5623,18,2,75,0,8,1,Yes,No,No,No,Business,Semester 1
Student 5624,STU5624,22,3,68,1,3,1,Yes,No,No,Yes,Engineering,Semester 3
Student 5625,STU5625,24,5,84,3,5,3,Yes,No,Yes,Yes,Software Engineering,Semester 1
Student 5626,STU5626,20,3,84,4,7,1,Yes,Yes,Yes,No,Software Engineering,Semester 3
Student 5627,STU5627,21,2,88,0,3,3,Yes,No,No,Yes,Engineering,Semester 1
Student 5628,STU5628,23,4,96,1,5,1,Yes,No,No,Yes,Data Science,Semester 2
Student 5629,STU5629,19,5,82,3,5,2,Yes,No,No,No,Engineering,Semester 4
Student 5630,STU5630,21,3,79,0,6,2,Yes,Yes,No,No,Engineering,Semester 3
Student 5631,STU5631,19,4,78,1,6,2,Yes,No,Yes,No,Engineering,Semester 4
Student 5632,STU5632,22,3,79,2,7,0,Yes,No,No,Yes,Business,Semester 1
Student 5633,STU5633,21,1,76,1,5,0,Yes,No,No,No,Business,Semester 1
Student 5634,STU5634,21,5,78,3,3,3,Yes,No,No,Yes,Engineering,Semester 4
Student 5635,STU5635,19,2,76,1,4,3,Yes,No,No,Yes,Data Science,Semester 2
Student 5636,STU5636,22,4,73,1,5,2,Yes,Yes,No,No,Software Engineering,Semester 2
Student 5637,STU5637,25,4,95,2,4,3,Yes,No,No,Yes,Software Engineering,Semester 4
Student 5638,STU5638,18,5,93,0,6,2,Yes,Yes,No,Yes,Software Engineering,Semester 2
Student 5639,STU5639,20,3,67,4,2,2,Yes,No,Yes,Yes,Computer Science,Semester 1
Student 5640,STU5640,21,3,84,2,4,2,Yes,No,Yes,No,Data Science,Semester 4
Student 5641,STU5641,22,5,81,2,7,3,Yes,No,Yes,No,Business,Semester 4
Student 5642,STU5642,19,3,83,1,6,0,Yes,No,Yes,No,Software Engineering,Semester 4
Student 5643,STU5643,17,3,70,1,4,2,Yes,No,No,No,Business,Semester 4
Student 5644,STU5644,24,1,67,0,3,0,Yes,Yes,No,No,Business,Semester 2
Student 5645,STU5645,22,4,81,1,8,1,Yes,Yes,No,No,Business,Semester 2
Student 5646,STU5646,17,5,79,3,6,2,Yes,No,No,Yes,Business,Semester 3
Student 5647,STU5647,19,2,77,1,4,3,Yes,No,No,Yes,Engineering,Semester 3
Student 5648,STU5648,24,3,80,0,5,3,Yes,No,Yes,No,Business,Semester 3
Student 5649,STU5649,24,3,86,3,7,2,Yes,Yes,No,Yes,Computer Science,Semester 1
Student 5650,STU5650,23,4,89,2,3,3,Yes,Yes,No,Yes,Business,Semester 3
Student 5651,STU5651,20,4,74,4,3,1,Yes,Yes,No,No,Software Engineering,Semester 4
Student 5652,STU5652,21,4,74,2,5,3,Yes,Yes,No,No,Business,Semester 1
Student 5653,STU5653,20,3,83,2,3,2,Yes,No,Yes,No,Software Engineering,Semester 2
Student 5654,STU5654,23,4,76,0,5,2,Yes,Yes,No,No,Business,Semester 1
Student 5655,STU5655,19,1,80,2,4,2,Yes,No,No,No,Data Science,Semester 1
Student 5656,STU5656,19,5,83,0,1,3,Yes,Yes,No,No,Engineering,Semester 4
Student 5657,STU5657,23,6,71,1,5,2,Yes,No,No,Yes,Software Engineering,Semester 2
Student 5658,STU5658,20,4,64,0,6,1,No,No,No,No,Computer Science,Semester 3
Student 5659,STU5659,24,3,100,1,9,2,No,Yes,Yes,Yes,Business,Semester 3
Student 5660,STU5660,19,4,84,0,6,3,Yes,No,Yes,Yes,Software Engineering,Semester 3
Student 5661,STU5661,20,2,73,5,3,3,Yes,Yes,No,No,Engineering,Semester 2
Student 5662,STU5662,19,2,64,2,4,0,Yes,Yes,Yes,Yes,Business,Semester 1
Student 5663,STU5663,21,4,93,1,5,1,Yes,No,No,Yes,Engineering,Semester 4
Student 5664,STU5664,17,4,74,1,6,1,Yes,No,Yes,No,Computer Science,Semester 2
Student 5665,STU5665,19,4,74,5,7,1,Yes,No,No,Yes,Software Engineering,Semester 4
Student 5666,STU5666,17,4,76,1,5,1,Yes,No,No,No,Computer Science,Semester 2
Student 5667,STU5667,22,7,83,0,5,0,Yes,No,Yes,Yes,Engineering,Semester 2
Student 5668,STU5668,22,4,87,1,5,2,Yes,Yes,No,Yes,Data Science,Semester 2
Student 5669,STU5669,17,3,79,2,7,2,Yes,No,No,No,Data Science,Semester 1
Student 5670,STU5670,23,4,73,2,4,2,Yes,Yes,No,No,Software Engineering,Semester 4
Student 5671,STU5671,26,3,100,2,6,1,No,No,No,No,Business,Semester 3
Student 5672,STU5672,21,2,78,0,5,3,Yes,No,Yes,No,Computer Science,Semester 4
Student 5673,STU5673,19,7,82,3,3,3,Yes,Yes,No,No,Data Science,Semester 3
Student 5674,STU5674,27,2,70,2,5,1,Yes,No,No,No,Data Science,Semester 4
Student 5675,STU5675,18,4,86,1,5,2,No,No,No,Yes,Business,Semester 2
Student 5676,STU5676,21,3,90,2,5,3,Yes,No,No,Yes,Computer Science,Semester 1
Student 5677,STU5677,21,3,75,1,4,0,Yes,Yes,Yes,Yes,Engineering,Semester 2
Student 5678,STU5678,24,4,67,0,8,1,Yes,No,Yes,Yes,Data Science,Semester 1
Student 5679,STU5679,21,3,78,1,6,3,Yes,No,No,Yes,Software Engineering,Semester 2
Student 5680,STU5680,19,3,97,0,3,3,Yes,Yes,No,Yes,Software Engineering,Semester 3
Student 5681,STU5681,18,3,76,1,5,2,Yes,No,No,No,Engineering,Semester 3
Student 5682,STU5682,20,3,100,3,6,2,Yes,Yes,Yes,No,Business,Semester 2
Student 5683,STU5683,18,2,77,1,5,0,No,Yes,Yes,Yes,Business,Semester 4
Student 5684,STU5684,21,3,67,5,6,0,Yes,No,Yes,No,Data Science,Semester 3
Student 5685,STU5685,19,3,77,0,5,3,Yes,No,No,No,Data Science,Semester 2
Student 5686,STU5686,17,3,67,1,5,4,Yes,No,No,Yes,Data Science,Semester 1
Student 5687,STU5687,23,3,76,1,5,2,Yes,No,No,No,Engineering,Semester 1
Student 5688,STU5688,19,5,85,1,6,1,No,Yes,Yes,Yes,Engineering,Semester 1
Student 5689,STU5689,18,3,78,2,4,3,Yes,Yes,Yes,No,Data Science,Semester 1
Student 5690,STU5690,20,5,90,3,5,3,Yes,No,No,Yes,Business,Semester 4
Student 5691,STU5691,21,6,77,5,5,1,Yes,Yes,No,No,Computer Science,Semester 4
Student 5692,STU5692,17,3,70,4,4,1,Yes,No,No,No,Data Science,Semester 4
Student 5693,STU5693,21,4,83,0,6,2,Yes,No,No,No,Business,Semester 2
Student 5694,STU5694,18,4,80,3,6,3,Yes,Yes,No,No,Business,Semester 3
Student 5695,STU5695,24,4,81,3,1,3,Yes,Yes,Yes,No,Software Engineering,Semester 1
Student 5696,STU5696,22,1,71,5,5,1,Yes,No,Yes,Yes,Computer Science,Semester 3
Student 5697,STU5697,20,5,84,0,8,3,Yes,No,No,No,Data Science,Semester 2
Student 5698,STU5698,19,3,93,2,8,2,Yes,No,No,No,Computer Science,Semester 3
Student 5699,STU5699,20,5,71,3,6,0,No,No,No,No,Data Science,Semester 3
Student 5700,STU5700,22,3,66,1,7,1,Yes,No,No,No,Computer Science,Semester 3
Student 5701,STU5701,20,5,69,5,5,2,Yes,Yes,No,Yes,Computer Science,Semester 4
Student 5702,STU5702,20,4,81,3,6,2,Yes,Yes,Yes,Yes,Business,Semester 2
Student 5703,STU5703,21,4,69,2,5,2,Yes,No,No,No,Computer Science,Semester 2
Student 5704,STU5704,19,4,84,3,5,3,Yes,Yes,No,Yes,Computer Science,Semester 2
Student 5705,STU5705,20,3,84,6,8,1,No,Yes,No,Yes,Data Science,Semester 3
Student 5706,STU5706,17,3,84,1,7,1,Yes,No,No,No,Business,Semester 4
Student 5707,STU5707,23,4,100,3,4,2,No,No,No,Yes,Computer Science,Semester 1
Student 5708,STU5708,21,4,67,1,8,0,Yes,Yes,Yes,Yes,Business,Semester 4
Student 5709,STU5709,19,3,68,0,5,0,Yes,No,No,No,Business,Semester 1
Student 5710,STU5710,25,5,92,1,6,1,No,No,No,Yes,Engineering,Semester 3
Student 5711,STU5711,21,3,86,3,5,2,Yes,Yes,No,Yes,Data Science,Semester 4
Student 5712,STU5712,18,4,91,0,6,2,No,No,Yes,Yes,Engineering,Semester 4
Student 5713,STU5713,22,5,65,4,6,2,Yes,Yes,Yes,No,Business,Semester 1
Student 5714,STU5714,21,4,71,5,7,0,No,No,Yes,No,Computer Science,Semester 1
Student 5715,STU5715,21,3,89,3,4,0,Yes,Yes,No,Yes,Data Science,Semester 3
Student 5716,STU5716,20,5,80,4,7,3,Yes,No,No,Yes,Software Engineering,Semester 4
Student 5717,STU5717,22,6,92,1,1,2,Yes,Yes,Yes,No,Data Science,Semester 4
Student 5718,STU5718,20,4,78,3,4,1,Yes,No,No,Yes,Engineering,Semester 4
Student 5719,STU5719,22,1,80,0,3,2,Yes,No,No,No,Data Science,Semester 2
Student 5720,STU5720,17,3,100,0,6,2,Yes,No,No,No,Computer Science,Semester 1
Student 5721,STU5721,20,5,73,0,7,2,Yes,No,Yes,Yes,Data Science,Semester 4
Student 5722,STU5722,24,3,87,3,5,3,Yes,Yes,Yes,No,Software Engineering,Semester 2
Student 5723,STU5723,19,4,69,3,7,0,Yes,No,Yes,Yes,Engineering,Semester 4
Student 5724,STU5724,19,3,75,4,4,1,Yes,Yes,No,Yes,Engineering,Semester 1
Student 5725,STU5725,20,5,87,0,3,3,Yes,No,No,Yes,Business,Semester 4
Student 5726,STU5726,18,4,70,0,6,1,Yes,Yes,Yes,No,Engineering,Semester 4
Student 5727,STU5727,17,3,89,0,7,0,Yes,No,Yes,Yes,Software Engineering,Semester 3
Student 5728,STU5728,20,5,80,2,5,1,Yes,No,Yes,Yes,Software Engineering,Semester 3
Student 5729,STU5729,21,5,74,0,8,1,Yes,No,Yes,Yes,Engineering,Semester 4
Student 5730,STU5730,20,4,81,3,6,2,No,Yes,No,No,Data Science,Semester 2
Student 5731,STU5731,20,4,77,4,6,2,Yes,No,No,Yes,Software Engineering,Semester 2
Student 5732,STU5732,21,8,76,2,4,3,Yes,No,No,Yes,Engineering,Semester 2
Student 5733,STU5733,23,2,78,3,3,2,Yes,No,No,No,Engineering,Semester 4
Student 5734,STU5734,20,3,70,1,5,2,Yes,No,No,No,Data Science,Semester 2
Student 5735,STU5735,19,4,67,2,8,1,Yes,No,Yes,No,Engineering,Semester 3
Student 5736,STU5736,20,5,65,4,5,1,Yes,No,No,Yes,Computer Science,Semester 4
Student 5737,STU5737,22,3,86,3,4,3,Yes,Yes,No,No,Business,Semester 3
Student 5738,STU5738,24,5,85,1,3,1,Yes,No,Yes,No,Software Engineering,Semester 3
Student 5739,STU5739,19,3,75,2,6,1,Yes,Yes,No,Yes,Data Science,Semester 2
Student 5740,STU5740,21,4,81,1,3,4,Yes,No,No,No,Data Science,Semester 3
Student 5741,STU5741,21,5,93,2,6,1,No,No,Yes,No,Business,Semester 3
Student 5742,STU5742,18,4,77,4,5,2,Yes,No,No,No,Computer Science,Semester 1
Student 5743,STU5743,21,5,79,1,5,3,Yes,No,Yes,No,Business,Semester 1
Student 5744,STU5744,17,5,97,2,6,2,No,No,No,No,Engineering,Semester 1
Student 5745,STU5745,17,3,85,0,3,3,Yes,No,No,Yes,Data Science,Semester 2
Student 5746,STU5746,21,2,89,3,5,3,Yes,No,No,No,Engineering,Semester 2
Student 5747,STU5747,20,3,87,1,2,1,Yes,No,Yes,Yes,Data Science,Semester 3
Student 5748,STU5748,21,3,86,1,5,3,No,Yes,No,No,Data Science,Semester 3
Student 5749,STU5749,21,5,76,3,6,1,No,Yes,No,Yes,Engineering,Semester 2
Student 5750,STU5750,18,2,74,1,6,3,Yes,Yes,Yes,Yes,Business,Semester 4
Student 5751,STU5751,20,4,87,1,7,3,Yes,No,No,No,Software Engineering,Semester 4
Student 5752,STU5752,18,4,86,0,6,0,Yes,No,No,No,Software Engineering,Semester 4
Student 5753,STU5753,24,4,83,1,4,3,Yes,Yes,No,No,Business,Semester 1
Student 5754,STU5754,18,5,84,1,2,4,Yes,No,Yes,No,Computer Science,Semester 3
Student 5755,STU5755,20,4,75,2,7,3,No,No,No,Yes,Business,Semester 4
Student 5756,STU5756,18,3,72,3,4,2,Yes,No,Yes,No,Business,Semester 1
Student 5757,STU5757,22,3,76,3,2,0,Yes,No,No,No,Business,Semester 3
Student 5758,STU5758,20,4,80,1,8,3,Yes,Yes,No,No,Software Engineering,Semester 4
Student 5759,STU5759,19,3,77,3,5,2,Yes,Yes,No,No,Data Science,Semester 4
Student 5760,STU5760,22,2,94,1,6,1,Yes,Yes,Yes,Yes,Computer Science,Semester 1
Student 5761,STU5761,21,4,93,3,5,2,Yes,Yes,No,No,Computer Science,Semester 4
Student 5762,STU5762,22,4,88,1,5,4,No,Yes,No,No,Computer Science,Semester 3
Student 5763,STU5763,18,3,91,3,4,2,No,No,No,Yes,Engineering,Semester 4
Student 5764,STU5764,17,4,71,1,4,3,Yes,Yes,No,No,Business,Semester 1
Student 5765,STU5765,21,2,87,3,9,2,No,Yes,No,Yes,Data Science,Semester 4
Student 5766,STU5766,20,0,81,0,2,1,Yes,Yes,No,No,Data Science,Semester 1
Student 5767,STU5767,22,4,78,4,5,2,Yes,No,Yes,No,Engineering,Semester 2
Student 5768,STU5768,20,2,79,2,3,3,Yes,No,No,Yes,Software Engineering,Semester 4
Student 5769,STU5769,21,4,79,5,6,1,Yes,No,No,Yes,Engineering,Semester 3
Student 5770,STU5770,17,2,79,2,4,1,No,Yes,No,No,Engineering,Semester 4
Student 5771,STU5771,25,3,77,0,4,1,Yes,No,Yes,No,Business,Semester 1
Student 5772,STU5772,20,3,71,0,6,0,Yes,Yes,No,No,Software Engineering,Semester 2
Student 5773,STU5773,22,3,69,2,9,1,Yes,Yes,Yes,Yes,Engineering,Semester 3
Student 5774,STU5774,19,5,85,4,4,1,Yes,No,No,Yes,Data Science,Semester 4
Student 5775,STU5775,21,2,59,2,2,3,Yes,No,No,No,Business,Semester 2
Student 5776,STU5776,18,0,97,3,5,2,Yes,No,Yes,Yes,Software Engineering,Semester 1
Student 5777,STU5777,22,2,77,3,7,1,Yes,No,No,No,Data Science,Semester 3
Student 5778,STU5778,20,5,67,0,5,2,Yes,No,No,Yes,Computer Science,Semester 1
Student 5779,STU5779,21,3,86,1,6,2,Yes,Yes,No,No,Business,Semester 4
Student 5780,STU5780,22,5,80,1,4,3,Yes,No,No,Yes,Data Science,Semester 1
Student 5781,STU5781,18,3,74,1,9,1,Yes,Yes,No,No,Engineering,Semester 2
Student 5782,STU5782,19,5,77,1,6,1,Yes,No,Yes,No,Engineering,Semester 1
Student 5783,STU5783,22,2,81,3,4,2,Yes,Yes,Yes,No,Business,Semester 3
Student 5784,STU5784,25,4,90,1,4,2,Yes,No,No,Yes,Software Engineering,Semester 2
Student 5785,STU5785,20,5,60,3,6,0,Yes,No,Yes,Yes,Engineering,Semester 4
Student 5786,STU5786,22,2,84,1,6,0,No,No,No,Yes,Data Science,Semester 1
Student 5787,STU5787,20,2,95,1,3,1,Yes,Yes,Yes,No,Computer Science,Semester 1
Student 5788,STU5788,25,3,75,0,5,0,Yes,Yes,No,No,Software Engineering,Semester 4
Student 5789,STU5789,17,4,88,2,6,1,No,Yes,No,No,Business,Semester 4
Student 5790,STU5790,21,2,87,1,6,0,Yes,No,Yes,Yes,Engineering,Semester 1
Student 5791,STU5791,17,5,97,2,6,1,Yes,No,No,No,Software Engineering,Semester 4
Student 5792,STU5792,17,5,83,3,8,1,Yes,No,No,Yes,Computer Science,Semester 2
Student 5793,STU5793,21,3,87,3,1,3,No,Yes,No,Yes,Software Engineering,Semester 3
Student 5794,STU5794,21,4,90,2,5,2,No,No,No,No,Software Engineering,Semester 2
Student 5795,STU5795,20,4,71,2,5,2,Yes,Yes,No,Yes,Business,Semester 1
Student 5796,STU5796,20,4,74,1,5,0,Yes,Yes,No,No,Computer Science,Semester 2
Student 5797,STU5797,27,4,76,2,7,1,Yes,No,No,No,Computer Science,Semester 1
Student 5798,STU5798,20,3,84,2,5,1,No,No,No,No,Software Engineering,Semester 2
Student 5799,STU5799,22,1,88,1,3,3,No,Yes,Yes,No,Engineering,Semester 1
Student 5800,STU5800,19,4,84,0,7,3,Yes,Yes,No,Yes,Software Engineering,Semester 4
Student 5801,STU5801,21,5,73,2,5,1,Yes,No,No,No,Data Science,Semester 2
Student 5802,STU5802,20,5,80,2,5,4,Yes,Yes,No,Yes,Engineering,Semester 1
Student 5803,STU5803,20,4,70,4,9,1,Yes,No,No,Yes,Business,Semester 4
Student 5804,STU5804,25,3,86,2,2,3,Yes,No,No,No,Computer Science,Semester 1
Student 5805,STU5805,23,5,97,0,4,3,Yes,No,No,No,Engineering,Semester 2
Student 5806,STU5806,21,2,86,1,6,1,Yes,Yes,No,Yes,Business,Semester 2
Student 5807,STU5807,17,3,66,4,7,1,Yes,Yes,No,Yes,Software Engineering,Semester 1
Student 5808,STU5808,20,2,82,1,3,2,No,No,Yes,No,Business,Semester 4
Student 5809,STU5809,26,5,81,1,4,3,Yes,No,No,Yes,Data Science,Semester 3
Student 5810,STU5810,20,1,77,3,5,3,Yes,Yes,No,No,Business,Semester 1
Student 5811,STU5811,23,4,65,0,5,2,Yes,Yes,No,Yes,Engineering,Semester 1
Student 5812,STU5812,24,7,85,4,6,2,No,Yes,No,Yes,Computer Science,Semester 3
Student 5813,STU5813,21,4,89,4,5,2,Yes,No,No,No,Engineering,Semester 1
Student 5814,STU5814,19,2,74,0,6,0,Yes,No,Yes,No,Engineering,Semester 2
Student 5815,STU5815,17,3,74,2,3,1,Yes,No,No,No,Computer Science,Semester 2
Student 5816,STU5816,22,2,79,1,5,2,Yes,No,No,No,Data Science,Semester 4
Student 5817,STU5817,19,2,95,3,5,1,Yes,No,No,Yes,Engineering,Semester 3
Student 5818,STU5818,21,3,79,4,7,0,Yes,No,Yes,No,Computer Science,Semester 1
Student 5819,STU5819,18,2,75,2,10,2,No,Yes,No,Yes,Computer Science,Semester 2
Student 5820,STU5820,20,4,78,0,7,1,Yes,Yes,No,No,Engineering,Semester 1
Student 5821,STU5821,21,0,86,1,4,0,Yes,Yes,Yes,No,Computer Science,Semester 3
Student 5822,STU5822,21,2,65,3,6,3,Yes,No,No,Yes,Software Engineering,Semester 2
Student 5823,STU5823,18,4,80,3,5,3,Yes,No,No,Yes,Engineering,Semester 3
Student 5824,STU5824,23,6,79,1,4,3,Yes,No,Yes,No,Data Science,Semester 1
Student 5825,STU5825,19,4,81,1,4,1,Yes,Yes,No,Yes,Software Engineering,Semester 4
Student 5826,STU5826,17,2,76,1,4,0,Yes,Yes,No,No,Data Science,Semester 1
Student 5827,STU5827,20,5,71,2,3,3,Yes,Yes,Yes,Yes,Engineering,Semester 1
Student 5828,STU5828,21,5,89,0,3,4,Yes,No,No,Yes,Business,Semester 3
Student 5829,STU5829,21,3,67,1,6,0,Yes,Yes,No,Yes,Computer Science,Semester 2
Student 5830,STU5830,24,2,94,1,4,3,Yes,Yes,Yes,Yes,Software Engineering,Semester 3
Student 5831,STU5831,20,6,84,0,5,2,No,No,No,No,Engineering,Semester 2
Student 5832,STU5832,20,2,87,1,3,2,Yes,Yes,No,No,Computer Science,Semester 1
Student 5833,STU5833,18,6,82,3,6,1,Yes,No,No,No,Business,Semester 1
Student 5834,STU5834,22,4,91,3,4,3,Yes,Yes,Yes,Yes,Data Science,Semester 4
Student 5835,STU5835,21,5,86,2,3,2,Yes,No,No,No,Engineering,Semester 4
Student 5836,STU5836,20,5,92,0,8,0,Yes,No,Yes,Yes,Engineering,Semester 3
Student 5837,STU5837,17,5,88,2,5,4,No,No,No,No,Business,Semester 2
Student 5838,STU5838,24,2,90,1,4,3,Yes,No,No,Yes,Data Science,Semester 4
Student 5839,STU5839,18,4,76,0,5,2,Yes,No,No,No,Engineering,Semester 4
Student 5840,STU5840,19,5,79,1,4,1,Yes,No,No,No,Computer Science,Semester 1
Student 5841,STU5841,21,3,82,2,6,1,Yes,No,No,Yes,Business,Semester 1
Student 5842,STU5842,18,1,82,1,2,1,Yes,No,No,Yes,Engineering,Semester 3
Student 5843,STU5843,17,2,86,2,2,4,Yes,Yes,No,No,Data Science,Semester 3
Student 5844,STU5844,17,1,76,2,5,3,Yes,No,Yes,Yes,Software Engineering,Semester 2
Student 5845,STU5845,22,3,81,1,2,3,No,Yes,No,No,Engineering,Semester 4
Student 5846,STU5846,19,2,87,1,2,1,Yes,No,No,No,Data Science,Semester 1
Student 5847,STU5847,27,3,66,0,7,0,Yes,No,No,No,Business,Semester 2
Student 5848,STU5848,18,6,90,2,5,0,Yes,No,Yes,No,Data Science,Semester 4
Student 5849,STU5849,19,5,98,6,5,2,Yes,Yes,No,Yes,Data Science,Semester 2
Student 5850,STU5850,19,4,74,0,3,1,Yes,No,Yes,Yes,Business,Semester 2
Student 5851,STU5851,21,5,93,3,8,1,Yes,Yes,Yes,Yes,Software Engineering,Semester 3
Student 5852,STU5852,20,2,83,4,7,2,No,No,No,No,Computer Science,Semester 4
Student 5853,STU5853,22,2,74,1,3,2,No,Yes,No,No,Software Engineering,Semester 2
Student 5854,STU5854,18,4,88,1,5,2,No,No,No,No,Computer Science,Semester 2
Student 5855,STU5855,18,3,97,0,4,3,Yes,Yes,No,No,Computer Science,Semester 2
Student 5856,STU5856,17,3,78,3,5,2,Yes,Yes,No,No,Computer Science,Semester 3
Student 5857,STU5857,17,4,73,0,7,2,Yes,No,No,No,Engineering,Semester 3
Student 5858,STU5858,19,5,64,2,4,1,Yes,No,No,Yes,Software Engineering,Semester 1
Student 5859,STU5859,20,4,80,5,7,3,Yes,Yes,No,No,Data Science,Semester 3
Student 5860,STU5860,19,5,83,3,2,3,Yes,No,No,No,Engineering,Semester 3
Student 5861,STU5861,23,0,96,1,4,3,Yes,Yes,No,Yes,Business,Semester 4
Student 5862,STU5862,23,4,81,2,5,4,Yes,No,Yes,Yes,Business,Semester 4
Student 5863,STU5863,20,5,76,7,4,1,Yes,No,No,Yes,Computer Science,Semester 2
Student 5864,STU5864,17,3,88,0,5,2,Yes,Yes,Yes,No,Engineering,Semester 1
Student 5865,STU5865,19,2,72,3,5,0,Yes,No,Yes,No,Engineering,Semester 3
Student 5866,STU5866,19,3,82,0,5,0,Yes,Yes,Yes,Yes,Business,Semester 4
Student 5867,STU5867,19,2,81,3,7,4,Yes,No,Yes,No,Data Science,Semester 1
Student 5868,STU5868,19,5,75,3,6,2,Yes,No,No,Yes,Software Engineering,Semester 4
Student 5869,STU5869,19,4,81,2,2,3,Yes,No,No,No,Software Engineering,Semester 2
Student 5870,STU5870,20,3,88,2,5,3,Yes,Yes,No,No,Computer Science,Semester 3
Student 5871,STU5871,19,2,90,0,4,2,Yes,Yes,Yes,No,Computer Science,Semester 2
Student 5872,STU5872,21,3,80,0,7,3,Yes,Yes,No,Yes,Computer Science,Semester 2
Student 5873,STU5873,21,5,81,0,7,2,Yes,No,No,No,Business,Semester 4
Student 5874,STU5874,19,4,67,4,7,1,Yes,No,No,Yes,Business,Semester 1
Student 5875,STU5875,23,2,84,2,8,0,Yes,No,No,No,Software Engineering,Semester 3
Student 5876,STU5876,18,3,79,2,6,2,Yes,No,Yes,No,Computer Science,Semester 1
Student 5877,STU5877,17,5,81,4,7,1,No,Yes,No,No,Engineering,Semester 2
Student 5878,STU5878,21,3,78,2,4,3,Yes,Yes,No,No,Data Science,Semester 3
Student 5879,STU5879,19,3,74,1,5,2,Yes,Yes,No,No,Business,Semester 2
Student 5880,STU5880,21,6,75,0,6,3,Yes,Yes,No,No,Computer Science,Semester 4
Student 5881,STU5881,17,2,76,2,6,1,Yes,Yes,No,Yes,Computer Science,Semester 1
Student 5882,STU5882,24,5,71,3,3,3,Yes,No,No,Yes,Business,Semester 1
Student 5883,STU5883,22,3,84,2,3,0,Yes,Yes,No,No,Software Engineering,Semester 2
Student 5884,STU5884,17,3,86,2,2,2,No,Yes,Yes,Yes,Software Engineering,Semester 1
Student 5885,STU5885,17,4,80,1,6,2,Yes,No,No,No,Software Engineering,Semester 1
Student 5886,STU5886,24,4,83,3,5,2,Yes,Yes,No,No,Software Engineering,Semester 2
Student 5887,STU5887,19,4,80,1,6,3,Yes,No,Yes,No,Engineering,Semester 3
Student 5888,STU5888,19,3,91,2,6,1,No,Yes,No,No,Computer Science,Semester 4
Student 5889,STU5889,17,4,82,1,5,2,Yes,No,Yes,No,Software Engineering,Semester 3
Student 5890,STU5890,20,4,84,3,6,1,Yes,No,No,Yes,Software Engineering,Semester 3
Student 5891,STU5891,20,3,88,2,7,1,Yes,Yes,No,No,Data Science,Semester 4
Student 5892,STU5892,22,2,81,2,7,1,Yes,No,Yes,No,Data Science,Semester 2
Student 5893,STU5893,17,4,93,3,1,3,Yes,No,No,No,Computer Science,Semester 2
Student 5894,STU5894,17,4,76,0,6,0,Yes,No,No,Yes,Business,Semester 4
Student 5895,STU5895,22,3,95,0,6,1,Yes,Yes,Yes,No,Software Engineering,Semester 1
Student 5896,STU5896,23,2,80,4,6,1,Yes,No,No,Yes,Engineering,Semester 3
Student 5897,STU5897,17,3,76,0,6,1,No,No,No,Yes,Data Science,Semester 1
Student 5898,STU5898,23,1,69,3,4,1,Yes,No,No,No,Software Engineering,Semester 2
Student 5899,STU5899,21,5,89,1,1,2,No,Yes,Yes,Yes,Business,Semester 3
Student 5900,STU5900,23,3,79,4,4,2,Yes,Yes,Yes,No,Engineering,Semester 2
Student 5901,STU5901,20,4,83,0,2,3,Yes,Yes,No,No,Data Science,Semester 4
Student 5902,STU5902,17,3,84,1,2,3,Yes,Yes,No,Yes,Business,Semester 4
Student 5903,STU5903,20,6,78,3,7,1,Yes,Yes,No,No,Business,Semester 1
Student 5904,STU5904,23,4,90,0,5,3,Yes,Yes,Yes,Yes,Engineering,Semester 1
Student 5905,STU5905,19,3,85,1,6,1,Yes,Yes,No,No,Engineering,Semester 2
Student 5906,STU5906,20,3,75,2,5,1,Yes,Yes,Yes,Yes,Data Science,Semester 2
Student 5907,STU5907,20,3,71,1,7,0,Yes,No,No,Yes,Engineering,Semester 4
Student 5908,STU5908,17,3,88,2,5,3,Yes,Yes,No,No,Software Engineering,Semester 3
Student 5909,STU5909,24,4,80,5,5,2,Yes,Yes,No,No,Engineering,Semester 4
Student 5910,STU5910,19,4,87,1,8,2,Yes,Yes,Yes,No,Business,Semester 2
Student 5911,STU5911,22,4,80,2,5,1,Yes,No,No,Yes,Engineering,Semester 4
Student 5912,STU5912,20,5,83,3,6,1,No,No,Yes,Yes,Data Science,Semester 1
Student 5913,STU5913,23,1,88,0,6,3,Yes,No,Yes,No,Software Engineering,Semester 1
Student 5914,STU5914,21,3,70,1,3,2,Yes,Yes,No,No,Engineering,Semester 2
Student 5915,STU5915,20,4,95,0,7,2,Yes,No,No,Yes,Software Engineering,Semester 4
Student 5916,STU5916,19,5,85,1,7,2,Yes,No,No,No,Engineering,Semester 2
Student 5917,STU5917,22,4,65,3,3,2,No,Yes,No,Yes,Software Engineering,Semester 3
Student 5918,STU5918,17,5,92,2,5,1,Yes,No,No,Yes,Engineering,Semester 1
Student 5919,STU5919,22,6,89,3,7,1,Yes,No,No,No,Engineering,Semester 4
Student 5920,STU5920,18,3,80,1,2,3,Yes,No,No,Yes,Computer Science,Semester 1
Student 5921,STU5921,23,2,93,3,6,1,Yes,No,No,Yes,Business,Semester 4
Student 5922,STU5922,21,2,76,1,3,0,No,No,No,Yes,Data Science,Semester 1
Student 5923,STU5923,22,2,81,2,4,3,Yes,Yes,Yes,No,Data Science,Semester 2
Student 5924,STU5924,21,2,100,2,5,4,Yes,No,Yes,Yes,Computer Science,Semester 1
Student 5925,STU5925,17,2,86,2,3,3,Yes,Yes,No,No,Engineering,Semester 4
Student 5926,STU5926,19,2,90,3,3,0,Yes,No,Yes,No,Business,Semester 2
Student 5927,STU5927,22,5,88,3,5,2,Yes,Yes,No,Yes,Software Engineering,Semester 4
Student 5928,STU5928,21,3,70,1,8,1,Yes,No,No,No,Computer Science,Semester 3
Student 5929,STU5929,23,2,84,0,6,2,Yes,Yes,No,No,Data Science,Semester 4
Student 5930,STU5930,21,3,83,2,2,3,No,No,No,Yes,Data Science,Semester 4
Student 5931,STU5931,18,4,91,0,6,3,Yes,Yes,Yes,Yes,Data Science,Semester 2
Student 5932,STU5932,19,3,94,1,5,1,Yes,Yes,No,Yes,Engineering,Semester 4
Student 5933,STU5933,21,3,92,0,4,3,Yes,No,Yes,No,Software Engineering,Semester 3
Student 5934,STU5934,17,1,78,4,4,2,No,Yes,No,No,Software Engineering,Semester 3
Student 5935,STU5935,24,5,70,1,6,0,Yes,No,No,Yes,Software Engineering,Semester 2
Student 5936,STU5936,22,3,86,3,2,2,Yes,Yes,No,No,Engineering,Semester 3
Student 5937,STU5937,23,2,81,3,4,3,Yes,No,Yes,No,Data Science,Semester 2
Student 5938,STU5938,17,3,73,3,3,2,Yes,Yes,No,Yes,Data Science,Semester 1
Student 5939,STU5939,23,4,76,2,5,1,Yes,Yes,No,No,Engineering,Semester 4
Student 5940,STU5940,25,4,81,4,6,2,Yes,No,Yes,Yes,Business,Semester 4
Student 5941,STU5941,18,4,84,0,5,4,Yes,No,No,No,Engineering,Semester 4
Student 5942,STU5942,22,3,77,1,6,1,Yes,Yes,No,Yes,Engineering,Semester 4
Student 5943,STU5943,21,4,81,1,1,2,Yes,No,No,No,Data Science,Semester 2
Student 5944,STU5944,17,3,81,1,5,2,No,Yes,No,Yes,Software Engineering,Semester 4
Student 5945,STU5945,22,3,84,2,5,1,No,Yes,No,No,Data Science,Semester 3
Student 5946,STU5946,22,5,74,2,2,3,Yes,No,No,Yes,Business,Semester 3
Student 5947,STU5947,19,4,76,1,4,2,Yes,Yes,No,No,Computer Science,Semester 1
Student 5948,STU5948,23,6,92,1,5,4,Yes,No,No,Yes,Computer Science,Semester 2
Student 5949,STU5949,17,3,79,4,6,1,Yes,No,Yes,Yes,Engineering,Semester 1
Student 5950,STU5950,17,5,85,3,6,3,Yes,No,No,Yes,Computer Science,Semester 4
Student 5951,STU5951,21,3,72,1,2,3,Yes,No,No,Yes,Software Engineering,Semester 3
Student 5952,STU5952,21,3,91,0,4,1,Yes,Yes,No,No,Data Science,Semester 2
Student 5953,STU5953,19,4,91,3,2,3,Yes,Yes,Yes,No,Business,Semester 3
Student 5954,STU5954,22,4,84,3,5,2,Yes,Yes,No,No,Business,Semester 2
Student 5955,STU5955,22,2,77,0,4,3,Yes,Yes,No,No,Business,Semester 1
Student 5956,STU5956,22,4,70,2,4,2,Yes,No,Yes,Yes,Data Science,Semester 4
Student 5957,STU5957,20,3,100,1,10,2,Yes,No,No,Yes,Software Engineering,Semester 1
Student 5958,STU5958,22,5,78,3,3,2,Yes,No,No,No,Business,Semester 4
Student 5959,STU5959,20,3,70,3,5,0,Yes,No,No,No,Computer Science,Semester 3
Student 5960,STU5960,25,3,77,2,6,0,Yes,Yes,No,No,Software Engineering,Semester 1
Student 5961,STU5961,19,2,85,4,6,2,Yes,No,No,Yes,Software Engineering,Semester 1
Student 5962,STU5962,25,5,72,1,6,1,No,No,No,Yes,Software Engineering,Semester 3
Student 5963,STU5963,21,4,77,0,6,1,Yes,No,No,Yes,Business,Semester 3
Student 5964,STU5964,18,6,70,1,4,1,Yes,Yes,No,Yes,Software Engineering,Semester 3
Student 5965,STU5965,24,5,93,2,5,2,Yes,No,Yes,No,Business,Semester 2
Student 5966,STU5966,21,3,81,3,4,2,No,No,No,Yes,Computer Science,Semester 3
Student 5967,STU5967,22,1,70,1,4,0,No,No,Yes,No,Computer Science,Semester 2
Student 5968,STU5968,23,3,74,4,3,2,Yes,No,No,No,Computer Science,Semester 3
Student 5969,STU5969,21,3,76,4,6,1,No,No,No,No,Computer Science,Semester 2
Student 5970,STU5970,19,1,82,3,7,0,Yes,No,No,No,Software Engineering,Semester 3
Student 5971,STU5971,23,4,59,1,5,2,Yes,No,No,Yes,Software Engineering,Semester 2
Student 5972,STU5972,21,5,79,1,5,2,Yes,Yes,No,No,Business,Semester 4
Student 5973,STU5973,22,2,76,3,8,0,Yes,No,Yes,Yes,Computer Science,Semester 4
Student 5974,STU5974,17,2,70,4,7,3,No,No,Yes,No,Engineering,Semester 1
Student 5975,STU5975,22,4,74,5,7,2,Yes,No,No,Yes,Computer Science,Semester 3
Student 5976,STU5976,19,3,75,2,6,0,No,No,No,No,Data Science,Semester 3
Student 5977,STU5977,24,4,72,3,4,1,Yes,No,No,Yes,Engineering,Semester 2
Student 5978,STU5978,22,4,70,2,4,2,Yes,No,No,Yes,Data Science,Semester 1
Student 5979,STU5979,21,3,77,1,5,1,Yes,Yes,No,No,Engineering,Semester 4
Student 5980,STU5980,22,5,88,0,6,2,Yes,Yes,No,No,Business,Semester 1
Student 5981,STU5981,18,4,80,2,3,3,Yes,No,No,No,Software Engineering,Semester 2
Student 5982,STU5982,24,4,56,2,7,0,Yes,No,No,No,Business,Semester 3
Student 5983,STU5983,25,5,90,0,8,4,No,No,Yes,No,Engineering,Semester 1
Student 5984,STU5984,21,5,76,2,6,0,Yes,No,No,Yes,Computer Science,Semester 3
Student 5985,STU5985,24,3,93,2,8,2,Yes,No,No,No,Business,Semester 4
Student 5986,STU5986,19,3,88,2,6,1,Yes,Yes,No,No,Engineering,Semester 2
Student 5987,STU5987,19,4,79,0,6,2,Yes,No,Yes,No,Computer Science,Semester 3
Student 5988,STU5988,21,3,80,4,5,2,No,Yes,Yes,No,Software Engineering,Semester 1
Student 5989,STU5989,22,3,72,4,4,0,Yes,No,No,No,Engineering,Semester 2
Student 5990,STU5990,20,3,87,2,5,0,Yes,No,Yes,No,Data Science,Semester 4
Student 5991,STU5991,22,4,94,2,3,3,Yes,No,No,No,Data Science,Semester 1
Student 5992,STU5992,21,6,76,1,5,3,Yes,No,No,No,Data Science,Semester 3
Student 5993,STU5993,18,4,77,1,3,3,Yes,No,No,No,Computer Science,Semester 3
Student 5994,STU5994,22,4,97,2,4,2,Yes,No,No,No,Computer Science,Semester 2
Student 5995,STU5995,22,5,82,2,7,3,Yes,No,Yes,Yes,Business,Semester 4
Student 5996,STU5996,21,4,69,3,7,2,Yes,Yes,No,Yes,Computer Science,Semester 1
Student 5997,STU5997,23,3,71,5,4,3,Yes,No,No,Yes,Engineering,Semester 4
Student 5998,STU5998,18,3,95,2,7,0,Yes,No,No,No,Data Science,Semester 1
Student 5999,STU5999,22,4,85,3,5,3,Yes,No,No,Yes,Software Engineering,Semester 1
Student 6000,STU6000,18,4,73,2,4,2,Yes,No,No,No,Data Science,Semester 2
Student 6001,STU6001,18,4,84,5,8,0,Yes,Yes,Yes,No,Engineering,Semester 3
Student 6002,STU6002,19,2,75,1,3,0,Yes,Yes,Yes,No,Software Engineering,Semester 3
Student 6003,STU6003,18,3,66,1,2,3,No,No,No,Yes,Business,Semester 3
Student 6004,STU6004,19,3,79,5,4,2,Yes,Yes,No,Yes,Computer Science,Semester 4
Student 6005,STU6005,20,4,81,1,5,3,Yes,No,No,No,Engineering,Semester 1
Student 6006,STU6006,22,4,69,5,5,0,No,Yes,No,No,Computer Science,Semester 2
Student 6007,STU6007,20,2,71,1,2,3,Yes,No,Yes,No,Business,Semester 4
Student 6008,STU6008,17,3,74,2,6,1,Yes,Yes,No,No,Software Engineering,Semester 1
Student 6009,STU6009,23,4,80,4,8,1,Yes,No,Yes,No,Engineering,Semester 2
Student 6010,STU6010,19,6,83,1,6,1,Yes,No,Yes,Yes,Software Engineering,Semester 1
Student 6011,STU6011,20,2,70,0,5,3,Yes,Yes,No,No,Engineering,Semester 2
Student 6012,STU6012,22,1,77,3,6,2,Yes,Yes,No,No,Business,Semester 4
Student 6013,STU6013,21,4,78,2,5,2,No,No,Yes,Yes,Business,Semester 1
Student 6014,STU6014,23,2,68,1,5,3,Yes,No,No,No,Business,Semester 1
Student 6015,STU6015,22,4,83,2,5,0,Yes,Yes,No,No,Computer Science,Semester 4
Student 6016,STU6016,19,5,86,0,5,3,Yes,No,Yes,Yes,Data Science,Semester 2
Student 6017,STU6017,25,3,84,0,4,3,Yes,No,No,No,Software Engineering,Semester 3
Student 6018,STU6018,21,3,71,2,2,2,Yes,No,No,No,Engineering,Semester 3
Student 6019,STU6019,20,3,86,2,8,2,Yes,No,No,No,Software Engineering,Semester 2
Student 6020,STU6020,23,4,81,0,6,1,Yes,No,Yes,Yes,Data Science,Semester 2
Student 6021,STU6021,21,2,89,3,4,3,Yes,No,No,Yes,Computer Science,Semester 3
Student 6022,STU6022,21,3,85,3,6,0,No,No,No,Yes,Computer Science,Semester 1
Student 6023,STU6023,26,3,84,1,3,3,No,Yes,Yes,Yes,Data Science,Semester 4
Student 6024,STU6024,20,4,79,4,6,1,Yes,No,Yes,Yes,Engineering,Semester 3
Student 6025,STU6025,20,4,89,0,6,3,Yes,No,Yes,No,Data Science,Semester 2
Student 6026,STU6026,21,5,72,3,7,2,Yes,No,Yes,No,Computer Science,Semester 1
Student 6027,STU6027,23,2,71,3,6,1,No,No,Yes,No,Computer Science,Semester 2
Student 6028,STU6028,17,3,100,2,5,3,Yes,No,No,No,Software Engineering,Semester 3
Student 6029,STU6029,17,5,66,4,7,0,Yes,Yes,No,Yes,Engineering,Semester 4
Student 6030,STU6030,19,4,72,2,4,0,Yes,No,No,No,Engineering,Semester 4
Student 6031,STU6031,17,3,88,2,6,2,Yes,No,No,No,Computer Science,Semester 1
Student 6032,STU6032,20,2,69,3,4,1,Yes,Yes,No,No,Data Science,Semester 4
Student 6033,STU6033,22,6,87,2,5,1,Yes,No,No,Yes,Computer Science,Semester 3
Student 6034,STU6034,19,4,76,4,5,0,Yes,No,Yes,No,Software Engineering,Semester 3
Student 6035,STU6035,17,2,92,2,6,0,Yes,No,No,Yes,Data Science,Semester 3
Student 6036,STU6036,21,4,82,2,7,2,Yes,No,No,No,Computer Science,Semester 1
Student 6037,STU6037,22,5,72,0,7,0,Yes,No,Yes,No,Engineering,Semester 3
Student 6038,STU6038,17,2,74,1,5,1,No,No,Yes,Yes,Software Engineering,Semester 4
Student 6039,STU6039,22,4,92,1,3,2,Yes,No,No,Yes,Computer Science,Semester 1
Student 6040,STU6040,22,4,67,2,5,3,No,No,No,No,Computer Science,Semester 3
Student 6041,STU6041,23,5,88,0,3,2,Yes,Yes,No,No,Business,Semester 3
Student 6042,STU6042,23,5,69,3,5,2,Yes,No,Yes,No,Data Science,Semester 2
Student 6043,STU6043,25,2,81,3,1,4,Yes,Yes,Yes,Yes,Business,Semester 3
Student 6044,STU6044,20,5,77,2,5,1,Yes,No,No,Yes,Engineering,Semester 1
Student 6045,STU6045,21,2,78,2,6,1,Yes,No,No,Yes,Data Science,Semester 2
Student 6046,STU6046,20,0,92,3,2,2,Yes,No,No,No,Software Engineering,Semester 1
Student 6047,STU6047,21,3,77,3,7,1,Yes,No,No,Yes,Data Science,Semester 3
Student 6048,STU6048,24,4,90,5,4,3,Yes,Yes,No,Yes,Computer Science,Semester 4
Student 6049,STU6049,18,4,76,2,2,4,Yes,No,Yes,No,Computer Science,Semester 2
Student 6050,STU6050,19,5,84,4,2,3,No,No,No,No,Computer Science,Semester 2
Student 6051,STU6051,24,2,81,2,5,0,Yes,No,Yes,No,Data Science,Semester 2
Student 6052,STU6052,23,3,71,2,5,3,No,No,No,No,Computer Science,Semester 1
Student 6053,STU6053,20,3,71,3,5,0,Yes,No,No,No,Computer Science,Semester 2
Student 6054,STU6054,22,3,79,1,7,3,Yes,No,Yes,Yes,Business,Semester 4
Student 6055,STU6055,21,6,78,2,5,3,Yes,No,Yes,No,Computer Science,Semester 4
Student 6056,STU6056,24,3,87,1,4,1,Yes,No,Yes,No,Business,Semester 2
Student 6057,STU6057,21,2,67,1,4,1,Yes,No,Yes,No,Engineering,Semester 1
Student 6058,STU6058,23,3,75,2,7,1,Yes,No,No,No,Data Science,Semester 1
Student 6059,STU6059,26,5,85,2,3,3,Yes,No,No,No,Business,Semester 1
Student 6060,STU6060,22,4,80,2,5,1,Yes,Yes,No,No,Data Science,Semester 3
Student 6061,STU6061,21,5,70,1,5,1,Yes,No,No,No,Data Science,Semester 1
Student 6062,STU6062,22,6,84,3,7,1,Yes,Yes,No,No,Software Engineering,Semester 1
Student 6063,STU6063,20,6,88,1,5,1,Yes,Yes,No,No,Business,Semester 2
Student 6064,STU6064,26,2,74,2,3,3,Yes,Yes,No,Yes,Computer Science,Semester 3
Student 6065,STU6065,21,4,89,0,5,4,Yes,Yes,No,No,Software Engineering,Semester 2
Student 6066,STU6066,20,1,77,2,6,1,Yes,No,No,No,Business,Semester 1
Student 6067,STU6067,19,5,79,4,5,2,Yes,Yes,No,Yes,Business,Semester 1
Student 6068,STU6068,23,1,77,4,7,0,Yes,Yes,Yes,Yes,Engineering,Semester 2
Student 6069,STU6069,22,1,90,1,3,2,Yes,Yes,No,No,Computer Science,Semester 3
Student 6070,STU6070,19,3,80,2,5,3,Yes,Yes,No,Yes,Engineering,Semester 3
Student 6071,STU6071,22,4,88,1,5,3,No,Yes,No,No,Data Science,Semester 2
Student 6072,STU6072,17,2,78,1,6,2,Yes,No,No,Yes,Computer Science,Semester 1
Student 6073,STU6073,21,3,84,2,7,1,Yes,No,Yes,No,Engineering,Semester 3
Student 6074,STU6074,22,2,73,3,5,0,Yes,No,No,No,Engineering,Semester 3
Student 6075,STU6075,24,4,90,5,4,3,Yes,No,No,No,Computer Science,Semester 4
Student 6076,STU6076,19,5,79,3,5,0,Yes,Yes,No,Yes,Business,Semester 2
Student 6077,STU6077,18,4,92,1,3,4,Yes,Yes,No,Yes,Data Science,Semester 3
Student 6078,STU6078,19,4,66,0,5,2,Yes,Yes,Yes,Yes,Software Engineering,Semester 4
Student 6079,STU6079,18,5,82,2,6,2,Yes,No,No,No,Software Engineering,Semester 4
Student 6080,STU6080,23,5,100,1,6,2,Yes,Yes,No,Yes,Software Engineering,Semester 4
Student 6081,STU6081,24,2,88,4,4,3,Yes,No,No,No,Data Science,Semester 1
Student 6082,STU6082,21,2,83,0,4,3,No,Yes,Yes,No,Computer Science,Semester 2
Student 6083,STU6083,23,3,72,2,4,2,Yes,Yes,Yes,Yes,Computer Science,Semester 3
Student 6084,STU6084,21,5,76,4,4,1,Yes,No,No,Yes,Computer Science,Semester 4
Student 6085,STU6085,20,0,88,1,5,1,Yes,No,No,Yes,Software Engineering,Semester 1
Student 6086,STU6086,20,5,79,1,7,3,Yes,No,Yes,No,Business,Semester 1
Student 6087,STU6087,20,3,80,2,7,2,Yes,No,Yes,Yes,Engineering,Semester 2
Student 6088,STU6088,17,2,73,0,3,1,Yes,No,No,Yes,Software Engineering,Semester 2
Student 6089,STU6089,21,4,85,2,6,3,Yes,No,No,Yes,Data Science,Semester 1
Student 6090,STU6090,20,4,82,1,6,2,Yes,No,Yes,No,Computer Science,Semester 1
Student 6091,STU6091,22,5,87,2,5,0,Yes,Yes,No,No,Engineering,Semester 4
Student 6092,STU6092,21,5,91,1,3,3,Yes,No,No,No,Computer Science,Semester 4
Student 6093,STU6093,20,4,85,0,4,1,Yes,No,No,Yes,Computer Science,Semester 3
Student 6094,STU6094,19,4,72,2,6,2,Yes,No,No,Yes,Computer Science,Semester 4
Student 6095,STU6095,21,4,69,2,4,1,Yes,No,No,Yes,Business,Semester 4
Student 6096,STU6096,22,4,87,2,5,0,Yes,No,No,No,Engineering,Semester 4
Student 6097,STU6097,18,3,83,2,3,2,Yes,No,No,Yes,Software Engineering,Semester 3
Student 6098,STU6098,21,3,96,1,4,1,No,No,No,No,Business,Semester 3
Student 6099,STU6099,21,1,82,1,3,3,Yes,No,No,Yes,Data Science,Semester 3
Student 6100,STU6100,19,6,68,1,6,3,No,No,Yes,No,Data Science,Semester 3
Student 6101,STU6101,19,3,71,1,4,1,Yes,No,No,Yes,Software Engineering,Semester 4
Student 6102,STU6102,21,5,76,2,6,2,Yes,Yes,No,No,Engineering,Semester 2
Student 6103,STU6103,18,5,95,2,4,2,Yes,No,No,No,Software Engineering,Semester 3
Student 6104,STU6104,21,1,91,0,5,2,No,Yes,No,No,Business,Semester 3
Student 6105,STU6105,19,4,77,0,8,0,Yes,No,No,No,Engineering,Semester 3
Student 6106,STU6106,23,4,80,0,4,2,Yes,Yes,Yes,No,Data Science,Semester 4
Student 6107,STU6107,26,3,71,2,6,2,Yes,No,Yes,No,Engineering,Semester 1
Student 6108,STU6108,19,2,70,1,4,2,Yes,No,Yes,Yes,Engineering,Semester 4
Student 6109,STU6109,22,5,91,2,5,3,Yes,Yes,No,Yes,Engineering,Semester 3
Student 6110,STU6110,19,4,89,1,6,2,No,Yes,No,No,Software Engineering,Semester 4
Student 6111,STU6111,23,4,79,0,6,1,No,No,No,No,Computer Science,Semester 2
Student 6112,STU6112,18,2,96,1,6,1,Yes,Yes,No,No,Business,Semester 4
Student 6113,STU6113,22,2,85,1,7,0,No,Yes,No,No,Engineering,Semester 1
Student 6114,STU6114,19,4,83,1,6,3,Yes,No,No,No,Engineering,Semester 1
Student 6115,STU6115,20,3,83,1,7,0,Yes,No,Yes,Yes,Software Engineering,Semester 3
Student 6116,STU6116,18,4,73,3,5,1,Yes,No,Yes,No,Business,Semester 1
Student 6117,STU6117,22,4,89,2,4,0,Yes,No,Yes,No,Business,Semester 3
Student 6118,STU6118,19,3,89,1,6,2,No,Yes,No,No,Data Science,Semester 4
Student 6119,STU6119,22,6,83,2,4,0,Yes,Yes,Yes,Yes,Business,Semester 4
Student 6120,STU6120,20,3,73,1,6,0,Yes,Yes,Yes,No,Business,Semester 3
Student 6121,STU6121,20,2,90,0,3,2,Yes,No,No,Yes,Engineering,Semester 3
Student 6122,STU6122,21,4,67,2,4,1,Yes,No,No,Yes,Computer Science,Semester 4
Student 6123,STU6123,19,4,75,0,4,1,Yes,Yes,No,No,Engineering,Semester 2
Student 6124,STU6124,21,2,86,4,6,2,No,No,No,No,Software Engineering,Semester 1
Student 6125,STU6125,24,3,78,3,4,0,Yes,No,Yes,No,Business,Semester 1
Student 6126,STU6126,19,2,74,2,5,2,Yes,No,Yes,No,Computer Science,Semester 1
Student 6127,STU6127,23,3,93,2,5,3,Yes,No,Yes,Yes,Engineering,Semester 1
Student 6128,STU6128,24,5,91,3,7,1,Yes,No,Yes,Yes,Data Science,Semester 4
Student 6129,STU6129,19,2,90,0,6,3,Yes,No,No,No,Software Engineering,Semester 1
Student 6130,STU6130,17,2,84,1,6,1,Yes,No,No,Yes,Software Engineering,Semester 4
Student 6131,STU6131,21,2,82,4,5,2,Yes,No,No,No,Software Engineering,Semester 3
Student 6132,STU6132,19,5,95,1,4,3,Yes,No,No,No,Engineering,Semester 4
Student 6133,STU6133,25,5,93,2,3,2,Yes,No,No,Yes,Computer Science,Semester 3
Student 6134,STU6134,21,1,81,1,6,1,Yes,Yes,Yes,No,Computer Science,Semester 3
Student 6135,STU6135,19,1,100,1,3,3,Yes,Yes,Yes,Yes,Business,Semester 2
Student 6136,STU6136,18,4,81,1,5,1,Yes,No,No,No,Computer Science,Semester 2
Student 6137,STU6137,23,1,85,2,5,0,Yes,No,No,No,Data Science,Semester 2
Student 6138,STU6138,19,5,93,1,3,3,No,No,No,No,Software Engineering,Semester 2
Student 6139,STU6139,21,1,85,1,5,3,Yes,No,No,Yes,Engineering,Semester 1
Student 6140,STU6140,23,3,79,2,5,1,Yes,Yes,Yes,Yes,Software Engineering,Semester 2
Student 6141,STU6141,19,4,85,1,9,0,Yes,No,No,Yes,Software Engineering,Semester 1
Student 6142,STU6142,20,5,82,1,5,1,Yes,Yes,Yes,No,Data Science,Semester 1
Student 6143,STU6143,21,3,65,3,7,2,Yes,No,No,No,Software Engineering,Semester 1
Student 6144,STU6144,22,4,90,3,6,1,No,No,No,Yes,Software Engineering,Semester 3
Student 6145,STU6145,22,4,77,2,6,1,Yes,No,Yes,No,Data Science,Semester 3
Student 6146,STU6146,20,5,72,2,7,1,Yes,Yes,Yes,No,Data Science,Semester 1
Student 6147,STU6147,21,4,91,2,2,2,Yes,No,Yes,No,Computer Science,Semester 2
Student 6148,STU6148,20,4,85,1,5,3,Yes,No,Yes,Yes,Software Engineering,Semester 1
Student 6149,STU6149,17,4,87,1,6,0,Yes,No,No,No,Business,Semester 3
Student 6150,STU6150,21,4,81,0,5,1,No,No,No,Yes,Business,Semester 2
Student 6151,STU6151,25,1,83,2,5,1,Yes,No,No,No,Business,Semester 3
Student 6152,STU6152,19,2,79,1,5,1,Yes,No,No,Yes,Data Science,Semester 2
Student 6153,STU6153,19,4,75,0,5,0,Yes,No,Yes,No,Software Engineering,Semester 3
Student 6154,STU6154,19,6,87,1,3,3,Yes,Yes,Yes,No,Computer Science,Semester 1
Student 6155,STU6155,22,4,83,5,4,3,Yes,No,Yes,No,Software Engineering,Semester 4
Student 6156,STU6156,22,3,95,3,4,2,Yes,No,Yes,No,Business,Semester 4
Student 6157,STU6157,20,5,64,2,6,1,Yes,Yes,No,Yes,Engineering,Semester 3
Student 6158,STU6158,19,5,91,1,5,0,Yes,Yes,Yes,No,Business,Semester 2
Student 6159,STU6159,21,4,78,1,5,1,Yes,Yes,No,No,Data Science,Semester 3
Student 6160,STU6160,17,3,78,3,5,2,Yes,Yes,No,Yes,Software Engineering,Semester 4
Student 6161,STU6161,21,4,86,2,4,2,Yes,No,No,No,Data Science,Semester 2
Student 6162,STU6162,22,4,74,2,4,3,Yes,No,No,No,Computer Science,Semester 3
Student 6163,STU6163,18,5,78,4,4,3,Yes,No,No,No,Software Engineering,Semester 4
Student 6164,STU6164,17,4,86,2,5,3,Yes,No,No,No,Software Engineering,Semester 3
Student 6165,STU6165,24,4,77,3,5,0,Yes,No,No,Yes,Software Engineering,Semester 1
Student 6166,STU6166,19,5,76,1,5,2,Yes,No,Yes,No,Engineering,Semester 2
Student 6167,STU6167,23,3,76,2,7,2,Yes,No,No,No,Software Engineering,Semester 2
Student 6168,STU6168,20,4,84,4,6,1,No,No,Yes,Yes,Engineering,Semester 1
Student 6169,STU6169,20,6,72,5,6,2,Yes,No,No,No,Software Engineering,Semester 4
Student 6170,STU6170,22,3,88,2,3,4,Yes,No,No,Yes,Business,Semester 3
Student 6171,STU6171,19,3,98,1,7,4,Yes,Yes,Yes,Yes,Computer Science,Semester 4
Student 6172,STU6172,21,2,82,0,5,2,Yes,No,Yes,Yes,Software Engineering,Semester 2
Student 6173,STU6173,20,4,85,1,4,3,Yes,No,Yes,No,Data Science,Semester 4
Student 6174,STU6174,18,4,84,3,4,2,Yes,No,No,No,Business,Semester 2
Student 6175,STU6175,21,1,74,1,4,2,Yes,No,No,Yes,Data Science,Semester 2
Student 6176,STU6176,20,5,84,2,5,3,Yes,Yes,No,No,Data Science,Semester 1
Student 6177,STU6177,20,4,83,1,5,2,Yes,No,No,Yes,Engineering,Semester 1
Student 6178,STU6178,18,4,96,2,5,3,Yes,No,Yes,No,Computer Science,Semester 2
Student 6179,STU6179,24,4,84,2,5,1,Yes,No,No,No,Data Science,Semester 3
Student 6180,STU6180,22,0,91,1,6,3,Yes,Yes,No,No,Business,Semester 3
Student 6181,STU6181,23,0,85,2,5,0,Yes,No,No,No,Computer Science,Semester 1
Student 6182,STU6182,20,2,77,1,2,2,Yes,No,No,No,Business,Semester 3
Student 6183,STU6183,17,5,72,2,4,1,Yes,No,No,No,Data Science,Semester 1
Student 6184,STU6184,25,1,84,2,3,1,No,Yes,Yes,No,Computer Science,Semester 2
Student 6185,STU6185,20,5,88,0,4,1,Yes,Yes,No,No,Software Engineering,Semester 2
Student 6186,STU6186,19,1,81,4,3,3,Yes,No,Yes,No,Data Science,Semester 2
Student 6187,STU6187,21,1,76,1,9,0,Yes,Yes,No,No,Data Science,Semester 1
Student 6188,STU6188,23,4,93,1,4,3,Yes,No,Yes,No,Engineering,Semester 3
Student 6189,STU6189,20,3,78,3,6,1,Yes,No,No,No,Business,Semester 2
Student 6190,STU6190,23,1,72,1,4,2,Yes,No,No,No,Software Engineering,Semester 4
Student 6191,STU6191,23,2,81,0,5,0,Yes,No,No,Yes,Computer Science,Semester 3
Student 6192,STU6192,18,4,82,2,4,2,Yes,Yes,No,No,Data Science,Semester 3
Student 6193,STU6193,19,3,76,3,4,1,Yes,No,No,No,Data Science,Semester 1
Student 6194,STU6194,23,4,81,3,4,1,No,No,No,No,Software Engineering,Semester 1
Student 6195,STU6195,17,3,68,1,6,1,Yes,No,Yes,No,Data Science,Semester 3
Student 6196,STU6196,20,5,85,5,5,1,Yes,No,No,Yes,Business,Semester 3
Student 6197,STU6197,17,2,73,2,7,0,Yes,No,No,Yes,Computer Science,Semester 2
Student 6198,STU6198,20,4,78,4,5,2,Yes,Yes,No,No,Software Engineering,Semester 2
Student 6199,STU6199,20,2,76,0,5,1,Yes,No,No,Yes,Software Engineering,Semester 4
Student 6200,STU6200,20,4,93,3,5,3,Yes,No,Yes,Yes,Engineering,Semester 2
Student 6201,STU6201,19,4,79,1,6,0,Yes,No,Yes,Yes,Computer Science,Semester 3
Student 6202,STU6202,18,2,75,4,5,0,Yes,No,No,No,Software Engineering,Semester 1
Student 6203,STU6203,26,4,98,1,7,2,No,Yes,No,No,Data Science,Semester 4
Student 6204,STU6204,25,4,96,2,10,2,Yes,No,No,No,Computer Science,Semester 3
Student 6205,STU6205,18,4,88,0,7,2,Yes,No,No,Yes,Business,Semester 4
Student 6206,STU6206,24,3,86,2,6,1,No,Yes,No,No,Software Engineering,Semester 4
Student 6207,STU6207,20,3,75,0,1,3,Yes,No,No,Yes,Business,Semester 4
Student 6208,STU6208,21,6,90,5,8,4,Yes,Yes,No,Yes,Software Engineering,Semester 2
Student 6209,STU6209,20,2,84,1,7,1,Yes,No,Yes,No,Data Science,Semester 2
Student 6210,STU6210,19,4,76,0,8,1,Yes,Yes,No,Yes,Engineering,Semester 1
Student 6211,STU6211,23,3,83,3,6,2,Yes,No,No,Yes,Data Science,Semester 3
Student 6212,STU6212,21,4,78,4,3,2,Yes,Yes,No,Yes,Business,Semester 4
Student 6213,STU6213,20,5,69,3,3,2,Yes,No,No,Yes,Computer Science,Semester 2
Student 6214,STU6214,18,3,92,1,3,3,Yes,No,Yes,No,Business,Semester 1
Student 6215,STU6215,19,4,67,2,5,3,Yes,Yes,No,Yes,Engineering,Semester 2
Student 6216,STU6216,17,4,99,3,4,3,Yes,No,No,No,Software Engineering,Semester 1
Student 6217,STU6217,21,3,80,1,7,1,Yes,Yes,No,No,Software Engineering,Semester 3
Student 6218,STU6218,18,2,85,4,4,4,Yes,No,No,Yes,Business,Semester 4
Student 6219,STU6219,20,4,86,2,4,3,Yes,No,No,No,Computer Science,Semester 1
Student 6220,STU6220,24,4,74,1,6,2,Yes,No,No,No,Software Engineering,Semester 4
Student 6221,STU6221,23,1,80,2,4,0,Yes,No,No,No,Software Engineering,Semester 3
Student 6222,STU6222,20,2,81,2,3,1,Yes,No,No,No,Engineering,Semester 3
Student 6223,STU6223,20,4,77,3,2,4,Yes,Yes,No,No,Engineering,Semester 2
Student 6224,STU6224,25,3,90,5,7,0,Yes,No,No,Yes,Computer Science,Semester 3
Student 6225,STU6225,22,4,72,2,3,3,Yes,Yes,Yes,No,Software Engineering,Semester 4
Student 6226,STU6226,20,2,83,1,4,1,Yes,No,Yes,No,Data Science,Semester 2
Student 6227,STU6227,17,4,68,2,4,1,Yes,Yes,No,No,Business,Semester 4
Student 6228,STU6228,21,4,83,0,1,2,No,No,No,No,Software Engineering,Semester 2
Student 6229,STU6229,22,4,83,1,6,3,Yes,Yes,No,No,Business,Semester 4
Student 6230,STU6230,19,3,97,3,8,2,Yes,No,Yes,Yes,Software Engineering,Semester 3
Student 6231,STU6231,21,4,77,0,7,3,Yes,Yes,No,No,Engineering,Semester 1
Student 6232,STU6232,20,4,65,0,5,3,No,Yes,No,No,Computer Science,Semester 3
Student 6233,STU6233,20,4,80,2,7,3,Yes,No,No,Yes,Data Science,Semester 4
Student 6234,STU6234,17,5,95,0,2,2,Yes,Yes,No,Yes,Engineering,Semester 3
Student 6235,STU6235,20,3,77,2,7,1,Yes,No,No,No,Computer Science,Semester 1
Student 6236,STU6236,23,0,83,3,4,2,Yes,No,No,No,Engineering,Semester 4
Student 6237,STU6237,19,4,79,1,7,1,Yes,Yes,Yes,Yes,Business,Semester 4
Student 6238,STU6238,21,6,80,2,5,1,Yes,No,No,Yes,Software Engineering,Semester 2
Student 6239,STU6239,19,4,82,0,3,2,No,No,Yes,No,Engineering,Semester 2
Student 6240,STU6240,21,3,90,2,5,0,No,No,No,Yes,Computer Science,Semester 3
Student 6241,STU6241,20,4,93,3,5,2,No,No,Yes,Yes,Software Engineering,Semester 1
Student 6242,STU6242,18,5,70,2,5,3,Yes,No,No,No,Business,Semester 1
Student 6243,STU6243,23,4,88,0,4,2,Yes,Yes,Yes,No,Business,Semester 1
Student 6244,STU6244,23,3,92,6,3,1,Yes,Yes,No,No,Data Science,Semester 1
Student 6245,STU6245,19,2,84,6,6,2,Yes,No,Yes,No,Software Engineering,Semester 4
Student 6246,STU6246,22,4,91,1,5,2,Yes,No,No,No,Business,Semester 3
Student 6247,STU6247,22,8,72,1,6,4,Yes,No,No,No,Engineering,Semester 4
Student 6248,STU6248,22,2,86,1,6,0,Yes,No,No,Yes,Business,Semester 3
Student 6249,STU6249,17,4,92,1,6,4,Yes,No,Yes,Yes,Business,Semester 2
Student 6250,STU6250,23,4,77,4,8,0,Yes,Yes,No,Yes,Business,Semester 1
Student 6251,STU6251,19,2,71,0,5,0,Yes,Yes,Yes,No,Data Science,Semester 3
Student 6252,STU6252,20,5,91,1,3,2,Yes,No,No,No,Computer Science,Semester 4
Student 6253,STU6253,26,4,63,1,5,3,Yes,Yes,No,No,Business,Semester 4
Student 6254,STU6254,21,5,77,0,5,2,Yes,Yes,No,No,Computer Science,Semester 4
Student 6255,STU6255,20,3,67,0,5,2,Yes,Yes,Yes,No,Software Engineering,Semester 4
Student 6256,STU6256,17,2,77,4,8,0,Yes,No,No,No,Computer Science,Semester 3
Student 6257,STU6257,24,4,76,3,5,2,Yes,No,No,Yes,Software Engineering,Semester 1
Student 6258,STU6258,18,3,67,2,8,1,Yes,Yes,Yes,No,Data Science,Semester 4
Student 6259,STU6259,18,4,77,2,8,2,Yes,Yes,No,No,Software Engineering,Semester 1
Student 6260,STU6260,20,3,91,0,6,3,Yes,No,No,No,Software Engineering,Semester 2
Student 6261,STU6261,24,2,84,3,6,2,Yes,No,No,Yes,Engineering,Semester 1
Student 6262,STU6262,22,4,68,4,5,2,No,No,No,No,Data Science,Semester 2
Student 6263,STU6263,20,5,85,2,8,2,Yes,No,No,No,Business,Semester 2
Student 6264,STU6264,21,5,87,3,4,3,No,No,No,No,Data Science,Semester 1
Student 6265,STU6265,19,3,82,0,7,2,Yes,Yes,No,No,Engineering,Semester 1
Student 6266,STU6266,21,2,81,4,3,3,Yes,No,Yes,Yes,Software Engineering,Semester 3
Student 6267,STU6267,21,4,75,1,5,2,No,No,Yes,Yes,Data Science,Semester 4
Student 6268,STU6268,23,3,85,1,7,3,Yes,No,No,No,Engineering,Semester 1
Student 6269,STU6269,23,3,86,1,7,1,Yes,No,Yes,No,Business,Semester 1
Student 6270,STU6270,22,6,84,3,4,2,Yes,Yes,No,No,Software Engineering,Semester 2
Student 6271,STU6271,20,3,96,0,5,3,Yes,No,Yes,No,Data Science,Semester 1
Student 6272,STU6272,22,4,80,0,8,1,No,No,Yes,No,Data Science,Semester 4
Student 6273,STU6273,20,5,71,2,4,2,Yes,No,No,Yes,Software Engineering,Semester 3
Student 6274,STU6274,18,4,95,2,4,3,Yes,No,Yes,No,Data Science,Semester 4
Student 6275,STU6275,20,5,66,3,8,0,Yes,No,No,No,Software Engineering,Semester 4
Student 6276,STU6276,21,3,78,3,5,3,Yes,Yes,No,No,Engineering,Semester 3
Student 6277,STU6277,23,3,74,3,5,2,Yes,Yes,No,Yes,Software Engineering,Semester 1
Student 6278,STU6278,20,3,81,3,8,1,Yes,No,No,Yes,Business,Semester 1
Student 6279,STU6279,18,2,80,0,4,1,Yes,Yes,No,Yes,Software Engineering,Semester 2
Student 6280,STU6280,21,4,74,2,4,2,Yes,No,Yes,No,Data Science,Semester 1
Student 6281,STU6281,21,4,90,1,5,1,Yes,Yes,No,No,Software Engineering,Semester 2
Student 6282,STU6282,21,3,80,3,5,0,Yes,No,No,No,Software Engineering,Semester 1
Student 6283,STU6283,23,4,91,2,4,3,Yes,No,No,Yes,Software Engineering,Semester 2
Student 6284,STU6284,23,4,72,2,7,2,Yes,No,No,Yes,Business,Semester 3
Student 6285,STU6285,19,3,73,3,5,1,Yes,Yes,Yes,No,Business,Semester 1
Student 6286,STU6286,19,4,73,0,5,3,Yes,No,No,No,Data Science,Semester 1
Student 6287,STU6287,18,2,86,2,5,3,No,No,No,No,Data Science,Semester 4
Student 6288,STU6288,22,2,96,0,3,3,Yes,No,No,Yes,Software Engineering,Semester 2
Student 6289,STU6289,24,5,79,0,4,1,No,Yes,Yes,Yes,Computer Science,Semester 2
Student 6290,STU6290,20,3,63,1,2,1,Yes,Yes,No,No,Engineering,Semester 4
Student 6291,STU6291,20,3,85,1,7,1,Yes,Yes,No,Yes,Software Engineering,Semester 1
Student 6292,STU6292,24,6,87,1,5,3,Yes,Yes,Yes,No,Engineering,Semester 2
Student 6293,STU6293,22,4,58,1,5,1,No,No,No,Yes,Business,Semester 1
Student 6294,STU6294,22,3,86,3,4,3,Yes,No,No,Yes,Data Science,Semester 3
Student 6295,STU6295,18,2,88,1,7,0,No,Yes,No,No,Computer Science,Semester 2
Student 6296,STU6296,22,4,65,0,2,3,No,Yes,No,No,Data Science,Semester 1
Student 6297,STU6297,19,5,90,3,7,1,Yes,Yes,No,Yes,Business,Semester 3
Student 6298,STU6298,18,3,91,2,5,3,Yes,No,Yes,No,Software Engineering,Semester 1
Student 6299,STU6299,20,5,79,0,3,2,Yes,No,No,No,Business,Semester 1
Student 6300,STU6300,19,3,87,1,1,2,Yes,No,No,Yes,Computer Science,Semester 3
Student 6301,STU6301,20,3,97,0,6,1,Yes,No,No,Yes,Software Engineering,Semester 2
Student 6302,STU6302,17,3,76,1,7,1,Yes,No,No,No,Software Engineering,Semester 4
Student 6303,STU6303,23,3,91,1,5,2,Yes,No,Yes,Yes,Computer Science,Semester 4
Student 6304,STU6304,23,5,84,1,6,3,Yes,Yes,Yes,No,Data Science,Semester 3
Student 6305,STU6305,17,5,72,1,6,0,Yes,No,Yes,No,Software Engineering,Semester 1
Student 6306,STU6306,23,4,67,2,5,1,Yes,No,Yes,Yes,Data Science,Semester 4
Student 6307,STU6307,19,0,87,3,7,0,Yes,Yes,Yes,Yes,Engineering,Semester 3
Student 6308,STU6308,22,5,71,2,2,2,Yes,Yes,No,Yes,Computer Science,Semester 4
Student 6309,STU6309,20,3,89,1,5,3,Yes,No,Yes,Yes,Engineering,Semester 1
Student 6310,STU6310,21,3,64,1,6,2,Yes,No,No,Yes,Software Engineering,Semester 3
Student 6311,STU6311,20,3,83,0,4,3,Yes,No,Yes,No,Computer Science,Semester 2
Student 6312,STU6312,23,4,79,1,6,2,Yes,No,No,No,Software Engineering,Semester 3
Student 6313,STU6313,18,4,95,0,3,2,Yes,Yes,No,No,Computer Science,Semester 3
Student 6314,STU6314,22,5,83,3,5,1,Yes,Yes,Yes,No,Data Science,Semester 4
Student 6315,STU6315,23,4,86,3,4,3,Yes,Yes,No,Yes,Business,Semester 4
Student 6316,STU6316,22,4,78,0,4,2,No,No,No,Yes,Business,Semester 2
Student 6317,STU6317,26,3,80,2,6,1,Yes,No,No,Yes,Computer Science,Semester 4
Student 6318,STU6318,19,2,90,0,2,4,Yes,No,No,Yes,Engineering,Semester 4
Student 6319,STU6319,23,4,82,2,3,3,Yes,Yes,No,Yes,Computer Science,Semester 4
Student 6320,STU6320,20,4,74,5,6,2,Yes,No,No,No,Data Science,Semester 1
Student 6321,STU6321,23,3,91,0,5,1,Yes,No,Yes,No,Engineering,Semester 3
Student 6322,STU6322,21,2,95,1,4,3,Yes,No,No,No,Computer Science,Semester 4
Student 6323,STU6323,20,5,94,3,6,3,Yes,No,No,Yes,Computer Science,Semester 1
Student 6324,STU6324,23,3,92,1,3,2,Yes,No,Yes,No,Software Engineering,Semester 3
Student 6325,STU6325,19,2,79,2,3,1,Yes,No,No,No,Data Science,Semester 2
Student 6326,STU6326,17,2,74,3,5,4,Yes,Yes,No,Yes,Data Science,Semester 3
Student 6327,STU6327,19,4,72,2,5,1,No,Yes,No,Yes,Business,Semester 1
Student 6328,STU6328,22,6,71,3,4,2,Yes,Yes,No,No,Software Engineering,Semester 1
Student 6329,STU6329,24,4,81,1,5,3,Yes,No,Yes,No,Engineering,Semester 2
Student 6330,STU6330,21,4,96,3,5,1,Yes,No,Yes,No,Business,Semester 1
Student 6331,STU6331,23,3,68,1,5,3,Yes,Yes,No,No,Data Science,Semester 2
Student 6332,STU6332,18,5,82,4,3,2,Yes,No,No,Yes,Computer Science,Semester 2
Student 6333,STU6333,20,2,79,2,5,0,Yes,No,Yes,Yes,Software Engineering,Semester 1
Student 6334,STU6334,20,6,72,0,1,3,Yes,No,Yes,No,Data Science,Semester 1
Student 6335,STU6335,20,1,80,1,8,0,Yes,No,No,Yes,Data Science,Semester 4
Student 6336,STU6336,21,4,92,0,3,1,Yes,No,No,Yes,Software Engineering,Semester 4
Student 6337,STU6337,22,3,83,1,5,0,Yes,Yes,No,No,Data Science,Semester 2
Student 6338,STU6338,20,4,87,1,5,3,Yes,Yes,Yes,Yes,Business,Semester 1
Student 6339,STU6339,21,4,90,3,4,3,Yes,No,No,Yes,Software Engineering,Semester 4
Student 6340,STU6340,20,2,85,7,7,1,Yes,No,No,No,Data Science,Semester 4
Student 6341,STU6341,19,4,64,1,5,0,Yes,Yes,No,Yes,Data Science,Semester 4
Student 6342,STU6342,20,3,82,1,4,2,Yes,No,No,No,Software Engineering,Semester 4
Student 6343,STU6343,20,4,73,1,6,2,Yes,No,No,Yes,Computer Science,Semester 2
Student 6344,STU6344,20,3,82,1,3,2,Yes,No,Yes,No,Engineering,Semester 3
Student 6345,STU6345,21,3,83,1,7,2,Yes,Yes,Yes,Yes,Software Engineering,Semester 1
Student 6346,STU6346,21,4,92,2,7,2,Yes,No,Yes,Yes,Computer Science,Semester 1
Student 6347,STU6347,20,3,79,1,7,0,Yes,No,Yes,No,Data Science,Semester 4
Student 6348,STU6348,23,5,79,2,2,2,No,Yes,No,Yes,Business,Semester 2
Student 6349,STU6349,18,4,69,1,4,2,Yes,No,No,Yes,Data Science,Semester 3
Student 6350,STU6350,19,6,87,1,4,3,Yes,Yes,Yes,No,Data Science,Semester 3
Student 6351,STU6351,27,3,70,3,4,3,Yes,Yes,No,Yes,Computer Science,Semester 1
Student 6352,STU6352,18,4,78,2,7,1,Yes,No,No,Yes,Software Engineering,Semester 2
Student 6353,STU6353,18,3,76,1,2,2,Yes,Yes,No,No,Engineering,Semester 2
Student 6354,STU6354,22,4,89,2,6,3,Yes,No,No,No,Engineering,Semester 1
Student 6355,STU6355,17,4,85,1,6,1,No,No,No,No,Software Engineering,Semester 3
Student 6356,STU6356,20,6,87,2,4,4,No,No,Yes,No,Software Engineering,Semester 2
Student 6357,STU6357,25,5,89,2,6,4,Yes,Yes,Yes,No,Business,Semester 4
Student 6358,STU6358,17,5,76,4,6,2,Yes,No,Yes,No,Software Engineering,Semester 2
Student 6359,STU6359,17,2,75,2,5,1,No,Yes,No,Yes,Business,Semester 1
Student 6360,STU6360,17,3,68,0,7,0,Yes,No,No,Yes,Software Engineering,Semester 1
Student 6361,STU6361,23,4,83,0,4,1,Yes,No,No,No,Business,Semester 4
Student 6362,STU6362,23,2,75,1,7,1,Yes,Yes,No,No,Software Engineering,Semester 3
Student 6363,STU6363,19,3,85,1,5,3,Yes,No,No,No,Software Engineering,Semester 3
Student 6364,STU6364,22,4,76,1,5,3,Yes,No,No,Yes,Engineering,Semester 4
Student 6365,STU6365,24,6,89,1,5,3,Yes,Yes,No,Yes,Data Science,Semester 2
Student 6366,STU6366,24,3,83,0,3,3,Yes,No,No,No,Data Science,Semester 1
Student 6367,STU6367,20,1,82,0,4,2,Yes,No,No,No,Business,Semester 4
Student 6368,STU6368,17,5,81,1,3,3,Yes,Yes,Yes,No,Computer Science,Semester 1
Student 6369,STU6369,19,5,99,5,6,2,Yes,No,No,Yes,Engineering,Semester 1
Student 6370,STU6370,20,6,77,3,7,1,Yes,Yes,No,Yes,Software Engineering,Semester 4
Student 6371,STU6371,20,3,82,7,6,1,Yes,No,Yes,Yes,Engineering,Semester 3
Student 6372,STU6372,20,2,80,6,4,2,Yes,No,No,No,Computer Science,Semester 3
Student 6373,STU6373,23,4,75,2,5,3,No,No,No,No,Engineering,Semester 4
Student 6374,STU6374,23,4,79,1,6,2,No,No,Yes,No,Computer Science,Semester 4
Student 6375,STU6375,20,4,82,1,6,1,Yes,Yes,Yes,No,Computer Science,Semester 2
Student 6376,STU6376,23,3,72,5,8,0,Yes,Yes,No,No,Computer Science,Semester 4
Student 6377,STU6377,21,4,95,1,6,2,Yes,Yes,No,No,Computer Science,Semester 1
Student 6378,STU6378,21,4,87,0,5,1,Yes,No,No,Yes,Computer Science,Semester 3
Student 6379,STU6379,23,3,90,2,5,1,No,No,No,Yes,Software Engineering,Semester 1
Student 6380,STU6380,21,2,80,1,4,3,No,No,Yes,No,Engineering,Semester 3
Student 6381,STU6381,25,3,79,2,5,1,Yes,Yes,Yes,Yes,Data Science,Semester 1
Student 6382,STU6382,17,3,80,1,6,0,Yes,No,No,No,Data Science,Semester 4
Student 6383,STU6383,19,4,76,1,4,2,Yes,No,No,No,Software Engineering,Semester 4
Student 6384,STU6384,20,3,92,2,6,2,Yes,No,No,Yes,Business,Semester 2
Student 6385,STU6385,22,3,93,0,5,1,Yes,No,Yes,Yes,Computer Science,Semester 3
Student 6386,STU6386,23,4,86,2,8,1,Yes,Yes,Yes,Yes,Engineering,Semester 4
Student 6387,STU6387,20,3,95,3,6,1,Yes,Yes,No,No,Computer Science,Semester 3
Student 6388,STU6388,17,3,100,1,6,1,Yes,No,Yes,Yes,Computer Science,Semester 4
Student 6389,STU6389,22,4,96,3,4,3,Yes,Yes,No,No,Data Science,Semester 2
Student 6390,STU6390,22,4,78,3,8,3,Yes,Yes,Yes,Yes,Computer Science,Semester 4
Student 6391,STU6391,17,3,62,0,6,1,Yes,Yes,No,No,Engineering,Semester 4
Student 6392,STU6392,21,6,87,6,8,3,Yes,Yes,No,Yes,Engineering,Semester 2
Student 6393,STU6393,17,5,85,0,5,1,Yes,No,No,No,Data Science,Semester 1
Student 6394,STU6394,19,4,82,4,5,1,Yes,Yes,No,No,Software Engineering,Semester 3
Student 6395,STU6395,19,3,80,0,3,4,No,No,No,No,Data Science,Semester 1
Student 6396,STU6396,22,1,92,1,8,1,Yes,No,Yes,No,Data Science,Semester 1
Student 6397,STU6397,21,2,69,1,6,1,Yes,No,No,No,Computer Science,Semester 1
Student 6398,STU6398,18,5,94,2,8,1,Yes,No,No,Yes,Business,Semester 3
Student 6399,STU6399,22,2,95,1,4,3,Yes,Yes,No,No,Software Engineering,Semester 2
Student 6400,STU6400,17,4,83,1,6,2,No,No,No,No,Software Engineering,Semester 4
Student 6401,STU6401,21,2,84,0,7,2,Yes,No,No,No,Software Engineering,Semester 4
Student 6402,STU6402,19,3,72,0,6,0,No,No,No,Yes,Computer Science,Semester 1
Student 6403,STU6403,20,3,90,3,4,1,Yes,No,No,Yes,Data Science,Semester 3
Student 6404,STU6404,22,5,92,1,4,3,No,No,No,Yes,Computer Science,Semester 1
Student 6405,STU6405,22,5,88,2,4,1,Yes,No,No,Yes,Engineering,Semester 2
Student 6406,STU6406,23,1,72,0,10,0,No,No,No,No,Business,Semester 4
Student 6407,STU6407,20,5,69,0,4,2,Yes,Yes,No,Yes,Business,Semester 4
Student 6408,STU6408,21,3,80,0,1,2,Yes,Yes,No,Yes,Computer Science,Semester 4
Student 6409,STU6409,20,5,82,4,5,0,Yes,No,No,No,Data Science,Semester 4
Student 6410,STU6410,21,5,90,0,5,3,No,No,No,No,Software Engineering,Semester 2
Student 6411,STU6411,22,3,80,1,4,3,Yes,Yes,No,No,Engineering,Semester 3
Student 6412,STU6412,20,6,90,3,4,3,Yes,No,Yes,Yes,Engineering,Semester 3
Student 6413,STU6413,17,1,91,2,5,3,No,No,No,Yes,Business,Semester 2
Student 6414,STU6414,21,2,85,3,3,1,Yes,No,Yes,No,Data Science,Semester 4
Student 6415,STU6415,21,3,89,1,8,1,Yes,No,No,Yes,Software Engineering,Semester 3
Student 6416,STU6416,19,2,78,2,5,1,Yes,No,Yes,Yes,Business,Semester 2
Student 6417,STU6417,18,2,72,2,5,1,Yes,No,Yes,Yes,Data Science,Semester 1
Student 6418,STU6418,24,5,77,2,7,1,No,No,No,No,Software Engineering,Semester 2
Student 6419,STU6419,22,3,75,2,10,2,Yes,No,No,Yes,Computer Science,Semester 4
Student 6420,STU6420,20,4,91,1,4,4,Yes,Yes,No,No,Data Science,Semester 4
Student 6421,STU6421,18,4,88,1,6,2,No,No,Yes,No,Engineering,Semester 4
Student 6422,STU6422,19,5,65,4,6,0,Yes,Yes,Yes,No,Data Science,Semester 1
Student 6423,STU6423,23,6,83,2,6,1,Yes,Yes,Yes,Yes,Data Science,Semester 3
Student 6424,STU6424,21,2,67,2,7,0,Yes,No,No,Yes,Data Science,Semester 4
Student 6425,STU6425,19,6,73,5,7,1,Yes,No,No,No,Software Engineering,Semester 1
Student 6426,STU6426,22,4,88,1,4,2,Yes,No,No,Yes,Software Engineering,Semester 2
Student 6427,STU6427,19,4,68,0,7,1,No,Yes,No,No,Computer Science,Semester 3
Student 6428,STU6428,24,3,71,2,5,3,Yes,No,No,No,Computer Science,Semester 3
Student 6429,STU6429,24,4,73,3,5,3,Yes,No,Yes,Yes,Software Engineering,Semester 2
Student 6430,STU6430,20,6,69,1,6,2,Yes,No,No,No,Software Engineering,Semester 3
Student 6431,STU6431,19,4,70,2,4,1,Yes,Yes,No,No,Business,Semester 2
Student 6432,STU6432,17,5,81,3,6,3,No,No,Yes,No,Data Science,Semester 1
Student 6433,STU6433,17,2,68,6,6,1,No,No,Yes,No,Data Science,Semester 4
Student 6434,STU6434,18,3,80,2,2,3,Yes,Yes,Yes,No,Engineering,Semester 1
Student 6435,STU6435,21,4,82,2,8,0,Yes,Yes,No,No,Software Engineering,Semester 4
Student 6436,STU6436,20,4,88,1,4,3,Yes,No,No,No,Software Engineering,Semester 3
Student 6437,STU6437,18,4,89,1,6,3,Yes,No,No,No,Computer Science,Semester 2
Student 6438,STU6438,20,6,71,1,8,0,Yes,No,No,Yes,Computer Science,Semester 2
Student 6439,STU6439,22,3,71,2,6,0,Yes,No,No,Yes,Data Science,Semester 1
Student 6440,STU6440,22,4,71,3,7,0,Yes,No,No,Yes,Data Science,Semester 1
Student 6441,STU6441,17,4,88,0,7,2,Yes,No,No,Yes,Software Engineering,Semester 3
Student 6442,STU6442,20,3,84,1,4,3,Yes,Yes,Yes,Yes,Data Science,Semester 2
Student 6443,STU6443,18,4,79,3,5,2,Yes,Yes,No,No,Software Engineering,Semester 4
Student 6444,STU6444,23,3,72,3,6,0,Yes,No,No,Yes,Engineering,Semester 3
Student 6445,STU6445,22,4,83,1,6,4,Yes,Yes,No,No,Engineering,Semester 3
Student 6446,STU6446,19,2,93,4,7,2,Yes,No,No,No,Business,Semester 3
Student 6447,STU6447,19,6,92,3,6,4,No,No,No,No,Computer Science,Semester 2
Student 6448,STU6448,20,3,70,1,4,1,Yes,No,Yes,No,Business,Semester 1
Student 6449,STU6449,17,3,90,2,7,1,Yes,No,Yes,Yes,Engineering,Semester 2
Student 6450,STU6450,21,1,70,5,1,2,Yes,No,No,No,Data Science,Semester 4
Student 6451,STU6451,20,3,78,3,7,0,Yes,No,No,No,Computer Science,Semester 2
Student 6452,STU6452,23,3,77,2,3,3,No,Yes,Yes,No,Computer Science,Semester 4
Student 6453,STU6453,18,4,84,3,3,1,Yes,Yes,No,Yes,Business,Semester 4
Student 6454,STU6454,19,3,74,1,10,1,Yes,No,Yes,No,Computer Science,Semester 4
Student 6455,STU6455,17,7,82,1,5,1,No,Yes,No,No,Engineering,Semester 2
Student 6456,STU6456,18,2,73,3,5,2,Yes,No,No,No,Data Science,Semester 4
Student 6457,STU6457,18,4,83,1,3,3,Yes,No,Yes,Yes,Business,Semester 4
Student 6458,STU6458,23,4,71,3,6,2,Yes,No,No,No,Data Science,Semester 3
Student 6459,STU6459,19,2,78,1,6,2,Yes,Yes,Yes,No,Business,Semester 3
Student 6460,STU6460,21,3,82,2,4,2,Yes,No,No,No,Software Engineering,Semester 2
Student 6461,STU6461,20,7,80,2,1,2,Yes,Yes,No,No,Computer Science,Semester 3
Student 6462,STU6462,18,3,88,2,8,0,Yes,No,Yes,Yes,Software Engineering,Semester 3
Student 6463,STU6463,20,6,63,2,5,3,No,Yes,No,Yes,Computer Science,Semester 1
Student 6464,STU6464,22,3,83,2,4,1,Yes,No,No,Yes,Software Engineering,Semester 2
Student 6465,STU6465,18,4,75,3,5,1,Yes,Yes,Yes,Yes,Data Science,Semester 2
Student 6466,STU6466,22,3,86,3,4,0,Yes,Yes,Yes,Yes,Engineering,Semester 3
Student 6467,STU6467,19,2,82,1,7,1,Yes,No,Yes,Yes,Business,Semester 2
Student 6468,STU6468,19,2,90,1,6,2,Yes,Yes,No,Yes,Computer Science,Semester 2
Student 6469,STU6469,22,3,80,1,6,3,No,No,Yes,No,Business,Semester 2
Student 6470,STU6470,19,4,91,0,9,1,Yes,Yes,No,No,Engineering,Semester 2
Student 6471,STU6471,21,4,83,3,4,2,Yes,Yes,No,Yes,Software Engineering,Semester 3
Student 6472,STU6472,20,3,71,3,7,2,Yes,No,No,Yes,Data Science,Semester 1
Student 6473,STU6473,21,4,75,3,5,3,Yes,Yes,No,No,Business,Semester 3
Student 6474,STU6474,17,2,77,2,6,0,No,No,No,No,Software Engineering,Semester 1
Student 6475,STU6475,17,4,82,2,9,0,Yes,No,No,Yes,Computer Science,Semester 2
Student 6476,STU6476,22,2,89,5,3,1,No,Yes,Yes,No,Business,Semester 4
Student 6477,STU6477,23,4,86,2,8,1,Yes,Yes,No,Yes,Business,Semester 2
Student 6478,STU6478,19,4,87,2,3,3,Yes,Yes,No,No,Computer Science,Semester 2
Student 6479,STU6479,20,3,76,1,9,0,Yes,No,No,No,Engineering,Semester 4
Student 6480,STU6480,21,4,89,1,4,2,Yes,No,No,Yes,Software Engineering,Semester 2
Student 6481,STU6481,22,3,82,3,4,2,Yes,No,No,No,Business,Semester 2
Student 6482,STU6482,17,5,88,2,4,3,Yes,No,No,Yes,Software Engineering,Semester 4
Student 6483,STU6483,19,5,70,3,5,3,Yes,Yes,Yes,No,Data Science,Semester 2
Student 6484,STU6484,20,4,85,3,5,2,Yes,No,Yes,No,Software Engineering,Semester 2
Student 6485,STU6485,22,4,77,1,5,1,Yes,No,No,No,Software Engineering,Semester 1
Student 6486,STU6486,26,4,71,5,6,1,Yes,No,Yes,Yes,Computer Science,Semester 3
Student 6487,STU6487,20,3,87,4,5,3,No,No,No,No,Software Engineering,Semester 2
Student 6488,STU6488,17,4,78,1,5,3,Yes,No,No,No,Engineering,Semester 2
Student 6489,STU6489,21,4,86,2,4,3,Yes,No,No,No,Software Engineering,Semester 2
Student 6490,STU6490,23,3,74,4,6,1,Yes,Yes,No,Yes,Data Science,Semester 1
Student 6491,STU6491,21,4,98,3,6,4,Yes,Yes,No,Yes,Software Engineering,Semester 2
Student 6492,STU6492,19,2,81,2,6,2,Yes,Yes,No,No,Computer Science,Semester 3
Student 6493,STU6493,23,2,78,3,5,2,Yes,No,Yes,No,Data Science,Semester 4
Student 6494,STU6494,22,4,89,0,4,4,Yes,Yes,No,No,Computer Science,Semester 1
Student 6495,STU6495,18,3,81,1,5,2,No,Yes,No,No,Engineering,Semester 4
Student 6496,STU6496,21,5,100,4,5,2,Yes,No,No,Yes,Engineering,Semester 1
Student 6497,STU6497,23,3,91,4,1,3,Yes,Yes,No,No,Computer Science,Semester 2
Student 6498,STU6498,23,5,78,2,7,1,Yes,Yes,Yes,Yes,Engineering,Semester 1
Student 6499,STU6499,20,3,82,1,6,3,Yes,Yes,No,No,Computer Science,Semester 2
Student 6500,STU6500,20,4,82,3,5,1,Yes,No,No,No,Business,Semester 4
Student 6501,STU6501,23,3,73,2,6,2,Yes,Yes,No,No,Software Engineering,Semester 4
Student 6502,STU6502,18,4,92,2,5,1,Yes,No,No,Yes,Business,Semester 3
Student 6503,STU6503,22,3,78,0,7,1,Yes,No,No,No,Engineering,Semester 3
Student 6504,STU6504,18,2,80,0,7,0,Yes,No,No,Yes,Computer Science,Semester 1
Student 6505,STU6505,23,5,83,4,3,3,Yes,Yes,No,Yes,Computer Science,Semester 1
Student 6506,STU6506,20,5,74,2,4,2,Yes,No,Yes,Yes,Computer Science,Semester 2
Student 6507,STU6507,23,5,83,0,6,1,Yes,No,No,Yes,Computer Science,Semester 4
Student 6508,STU6508,22,5,78,3,5,3,No,No,Yes,No,Software Engineering,Semester 4
Student 6509,STU6509,18,4,78,1,5,0,No,Yes,No,No,Data Science,Semester 1
Student 6510,STU6510,24,3,80,2,6,2,Yes,Yes,No,No,Business,Semester 4
Student 6511,STU6511,24,3,76,1,2,2,Yes,No,Yes,Yes,Engineering,Semester 3
Student 6512,STU6512,22,1,69,0,3,0,Yes,No,No,Yes,Computer Science,Semester 1
Student 6513,STU6513,19,4,83,4,4,3,Yes,No,Yes,Yes,Business,Semester 3
Student 6514,STU6514,20,4,63,2,6,0,Yes,No,No,Yes,Data Science,Semester 2
Student 6515,STU6515,21,4,64,0,1,3,Yes,No,Yes,No,Business,Semester 3
Student 6516,STU6516,19,4,82,0,5,4,Yes,No,No,Yes,Engineering,Semester 1
Student 6517,STU6517,24,5,80,2,4,1,Yes,No,No,No,Computer Science,Semester 3
Student 6518,STU6518,21,4,69,3,5,3,Yes,No,No,Yes,Engineering,Semester 3
Student 6519,STU6519,17,4,87,2,7,2,No,No,No,Yes,Computer Science,Semester 1
Student 6520,STU6520,21,3,66,2,8,2,Yes,Yes,Yes,Yes,Data Science,Semester 2
Student 6521,STU6521,20,1,77,0,3,1,Yes,Yes,Yes,No,Engineering,Semester 3
Student 6522,STU6522,20,3,78,2,4,2,Yes,No,No,Yes,Business,Semester 1
Student 6523,STU6523,20,5,84,0,5,3,Yes,No,No,No,Data Science,Semester 3
Student 6524,STU6524,22,3,83,1,8,3,Yes,No,Yes,No,Engineering,Semester 3
Student 6525,STU6525,23,2,78,1,6,2,Yes,No,Yes,Yes,Computer Science,Semester 4
Student 6526,STU6526,21,4,82,2,5,2,No,No,No,No,Data Science,Semester 3
Student 6527,STU6527,20,5,79,2,7,1,Yes,No,No,Yes,Computer Science,Semester 2
Student 6528,STU6528,20,4,74,1,4,2,Yes,No,No,Yes,Software Engineering,Semester 3
Student 6529,STU6529,21,5,82,0,7,1,Yes,Yes,Yes,No,Business,Semester 1
Student 6530,STU6530,19,2,64,0,8,2,Yes,No,No,No,Computer Science,Semester 1
Student 6531,STU6531,22,5,84,1,5,3,Yes,No,Yes,No,Engineering,Semester 4
Student 6532,STU6532,22,1,93,3,2,2,No,No,No,Yes,Software Engineering,Semester 4
Student 6533,STU6533,24,1,79,2,5,2,No,Yes,No,Yes,Data Science,Semester 3
Student 6534,STU6534,23,2,98,0,8,2,Yes,Yes,No,Yes,Engineering,Semester 4
Student 6535,STU6535,19,4,86,1,6,3,Yes,No,No,No,Data Science,Semester 2
Student 6536,STU6536,22,2,93,1,3,4,Yes,No,Yes,No,Software Engineering,Semester 4
Student 6537,STU6537,18,3,85,1,7,3,Yes,No,No,No,Engineering,Semester 1
Student 6538,STU6538,22,3,86,3,6,1,No,No,No,No,Computer Science,Semester 4
Student 6539,STU6539,19,4,83,4,7,2,Yes,No,Yes,Yes,Engineering,Semester 2
Student 6540,STU6540,18,5,69,4,7,1,Yes,No,No,Yes,Business,Semester 2
Student 6541,STU6541,21,5,66,2,4,1,Yes,Yes,No,Yes,Computer Science,Semester 4
Student 6542,STU6542,17,2,80,1,7,1,Yes,No,No,No,Business,Semester 4
Student 6543,STU6543,17,4,77,1,4,3,No,No,No,No,Engineering,Semester 4
Student 6544,STU6544,20,3,77,2,3,2,Yes,No,No,Yes,Engineering,Semester 1
Student 6545,STU6545,21,3,71,0,4,0,Yes,No,No,Yes,Data Science,Semester 1
Student 6546,STU6546,20,3,90,4,6,1,Yes,No,No,No,Engineering,Semester 2
Student 6547,STU6547,17,3,73,1,4,1,Yes,No,No,No,Computer Science,Semester 4
Student 6548,STU6548,19,3,73,1,8,1,Yes,Yes,No,No,Business,Semester 3
Student 6549,STU6549,21,3,82,3,7,3,Yes,No,No,Yes,Software Engineering,Semester 2
Student 6550,STU6550,22,3,90,1,6,1,Yes,Yes,Yes,No,Business,Semester 1
Student 6551,STU6551,21,4,88,2,5,3,Yes,Yes,No,No,Data Science,Semester 2
Student 6552,STU6552,23,3,76,1,3,3,Yes,No,No,Yes,Software Engineering,Semester 1
Student 6553,STU6553,21,4,80,1,5,0,Yes,Yes,Yes,No,Software Engineering,Semester 3
Student 6554,STU6554,19,5,95,1,6,2,Yes,No,Yes,Yes,Engineering,Semester 4
Student 6555,STU6555,20,5,90,2,3,3,Yes,No,No,Yes,Data Science,Semester 4
Student 6556,STU6556,17,2,89,1,4,2,Yes,Yes,No,No,Data Science,Semester 4
Student 6557,STU6557,20,4,85,2,5,2,Yes,No,No,No,Engineering,Semester 3
Student 6558,STU6558,23,2,82,1,5,2,Yes,No,No,No,Computer Science,Semester 3
Student 6559,STU6559,22,6,98,1,5,3,Yes,No,Yes,Yes,Engineering,Semester 3
Student 6560,STU6560,24,4,91,0,4,3,No,No,No,No,Data Science,Semester 3
Student 6561,STU6561,20,3,83,0,8,0,Yes,Yes,Yes,Yes,Software Engineering,Semester 1
Student 6562,STU6562,24,3,87,2,3,2,Yes,No,No,Yes,Computer Science,Semester 2
Student 6563,STU6563,20,5,80,1,3,1,Yes,No,No,Yes,Data Science,Semester 3
Student 6564,STU6564,24,3,69,3,3,2,Yes,No,No,No,Data Science,Semester 1
Student 6565,STU6565,21,2,73,3,4,3,Yes,No,No,Yes,Engineering,Semester 2
Student 6566,STU6566,22,4,78,1,4,4,Yes,No,No,No,Business,Semester 2
Student 6567,STU6567,24,5,77,4,8,1,Yes,No,No,Yes,Data Science,Semester 3
Student 6568,STU6568,20,3,76,4,4,2,Yes,No,No,No,Business,Semester 3
Student 6569,STU6569,21,4,76,0,5,1,Yes,No,No,No,Computer Science,Semester 2
Student 6570,STU6570,23,3,92,0,3,3,Yes,Yes,No,No,Software Engineering,Semester 2
Student 6571,STU6571,20,4,96,3,4,3,Yes,Yes,Yes,No,Business,Semester 1
Student 6572,STU6572,18,4,92,1,6,2,Yes,Yes,No,Yes,Business,Semester 3
Student 6573,STU6573,25,3,64,2,6,1,Yes,No,No,No,Business,Semester 2
Student 6574,STU6574,20,2,90,0,7,2,No,No,Yes,No,Business,Semester 2
Student 6575,STU6575,21,3,87,4,3,2,Yes,Yes,No,Yes,Business,Semester 4
Student 6576,STU6576,23,3,81,5,4,2,Yes,No,Yes,No,Computer Science,Semester 3
Student 6577,STU6577,19,3,78,2,7,2,No,No,No,Yes,Data Science,Semester 1
Student 6578,STU6578,18,3,79,1,5,2,Yes,No,No,Yes,Software Engineering,Semester 1
Student 6579,STU6579,21,4,89,0,5,3,Yes,Yes,No,No,Data Science,Semester 4
Student 6580,STU6580,17,4,85,2,6,4,Yes,No,No,No,Computer Science,Semester 3
Student 6581,STU6581,20,3,91,2,7,1,No,No,No,Yes,Computer Science,Semester 1
Student 6582,STU6582,21,4,88,1,4,3,No,No,Yes,No,Business,Semester 4
Student 6583,STU6583,20,2,93,4,5,1,Yes,No,Yes,No,Computer Science,Semester 1
Student 6584,STU6584,17,4,87,3,5,2,Yes,No,Yes,No,Computer Science,Semester 1
Student 6585,STU6585,24,1,72,0,3,4,Yes,No,No,No,Business,Semester 4
Student 6586,STU6586,21,2,69,1,6,2,Yes,No,Yes,Yes,Computer Science,Semester 2
Student 6587,STU6587,24,2,87,1,4,2,Yes,Yes,No,No,Computer Science,Semester 2
Student 6588,STU6588,20,3,86,1,5,3,Yes,Yes,No,Yes,Computer Science,Semester 1
Student 6589,STU6589,19,4,77,1,6,2,Yes,Yes,No,No,Engineering,Semester 3
Student 6590,STU6590,21,4,84,3,6,1,Yes,No,Yes,Yes,Data Science,Semester 3
Student 6591,STU6591,20,4,63,2,5,3,Yes,No,No,No,Engineering,Semester 3
Student 6592,STU6592,18,5,78,1,5,0,Yes,No,Yes,Yes,Data Science,Semester 4
Student 6593,STU6593,24,4,70,2,5,2,Yes,No,No,No,Business,Semester 1
Student 6594,STU6594,19,2,82,2,4,3,No,No,No,Yes,Business,Semester 4
Student 6595,STU6595,17,4,77,3,3,1,Yes,No,Yes,No,Data Science,Semester 3
Student 6596,STU6596,23,4,85,1,5,3,Yes,Yes,Yes,Yes,Data Science,Semester 4
Student 6597,STU6597,19,3,68,4,3,1,Yes,Yes,No,No,Software Engineering,Semester 2
Student 6598,STU6598,19,4,86,3,3,3,Yes,No,No,Yes,Data Science,Semester 3
Student 6599,STU6599,17,3,77,4,3,2,No,No,No,No,Data Science,Semester 3
Student 6600,STU6600,24,4,73,1,5,3,Yes,No,No,No,Business,Semester 2
Student 6601,STU6601,18,4,78,2,4,0,Yes,No,No,No,Business,Semester 2
Student 6602,STU6602,21,2,69,0,7,2,Yes,No,No,No,Computer Science,Semester 1
Student 6603,STU6603,23,3,79,1,6,2,Yes,No,No,Yes,Computer Science,Semester 4
Student 6604,STU6604,21,4,83,1,5,0,Yes,No,No,Yes,Business,Semester 1
Student 6605,STU6605,20,4,82,0,4,1,Yes,Yes,No,No,Computer Science,Semester 1
Student 6606,STU6606,17,2,85,6,1,2,Yes,No,Yes,No,Engineering,Semester 1
Student 6607,STU6607,19,3,77,3,4,2,Yes,No,No,No,Engineering,Semester 1
Student 6608,STU6608,21,4,88,1,7,1,Yes,No,Yes,Yes,Computer Science,Semester 2
Student 6609,STU6609,19,3,84,4,4,3,No,Yes,Yes,No,Computer Science,Semester 2
Student 6610,STU6610,21,3,88,1,5,0,Yes,No,No,No,Data Science,Semester 4
Student 6611,STU6611,22,4,95,2,5,3,No,Yes,No,Yes,Data Science,Semester 4
Student 6612,STU6612,23,6,69,2,6,3,Yes,No,Yes,Yes,Engineering,Semester 4
Student 6613,STU6613,18,4,78,1,7,3,Yes,Yes,No,No,Engineering,Semester 2
Student 6614,STU6614,25,4,75,0,2,2,Yes,Yes,No,Yes,Data Science,Semester 3
Student 6615,STU6615,22,2,99,2,1,3,Yes,No,Yes,No,Data Science,Semester 3
Student 6616,STU6616,21,2,86,2,6,2,Yes,Yes,No,No,Data Science,Semester 4
Student 6617,STU6617,23,2,84,3,5,2,Yes,Yes,No,No,Computer Science,Semester 3
Student 6618,STU6618,26,3,91,3,6,1,Yes,Yes,Yes,No,Business,Semester 1
Student 6619,STU6619,17,4,82,2,5,3,Yes,Yes,No,No,Engineering,Semester 4
Student 6620,STU6620,20,4,85,1,6,1,Yes,No,No,Yes,Software Engineering,Semester 3
Student 6621,STU6621,17,5,78,4,5,1,Yes,No,No,Yes,Data Science,Semester 1
Student 6622,STU6622,21,4,71,4,5,0,Yes,No,Yes,No,Computer Science,Semester 1
Student 6623,STU6623,21,1,89,0,4,2,Yes,No,No,No,Engineering,Semester 1
Student 6624,STU6624,20,2,74,1,5,0,Yes,No,Yes,No,Data Science,Semester 1
Student 6625,STU6625,19,6,88,3,6,3,Yes,No,No,No,Computer Science,Semester 3
Student 6626,STU6626,17,4,90,1,5,3,Yes,No,Yes,Yes,Engineering,Semester 2
Student 6627,STU6627,21,3,64,0,3,1,Yes,No,No,Yes,Engineering,Semester 1
Student 6628,STU6628,24,1,90,0,8,0,Yes,No,No,Yes,Software Engineering,Semester 4
Student 6629,STU6629,19,2,84,3,6,1,Yes,No,Yes,No,Software Engineering,Semester 3
Student 6630,STU6630,22,5,74,1,7,2,Yes,Yes,Yes,No,Engineering,Semester 1
Student 6631,STU6631,17,4,53,0,5,2,Yes,Yes,Yes,Yes,Computer Science,Semester 4
Student 6632,STU6632,22,4,81,1,5,3,Yes,No,Yes,No,Data Science,Semester 1
Student 6633,STU6633,20,3,80,4,5,0,Yes,No,No,No,Data Science,Semester 2
Student 6634,STU6634,19,6,90,1,6,2,Yes,Yes,No,No,Engineering,Semester 1
Student 6635,STU6635,19,3,82,1,2,2,Yes,No,No,No,Data Science,Semester 2
Student 6636,STU6636,20,2,73,1,2,2,Yes,No,No,Yes,Software Engineering,Semester 4
Student 6637,STU6637,21,4,69,1,4,2,No,No,No,No,Data Science,Semester 3
Student 6638,STU6638,18,4,83,1,6,3,Yes,Yes,Yes,No,Business,Semester 1
Student 6639,STU6639,20,3,82,1,4,4,Yes,Yes,No,No,Software Engineering,Semester 2
Student 6640,STU6640,20,4,92,4,5,1,Yes,No,No,No,Software Engineering,Semester 4
Student 6641,STU6641,18,5,78,1,5,2,Yes,No,No,No,Engineering,Semester 1
Student 6642,STU6642,25,3,85,1,4,2,Yes,Yes,No,No,Engineering,Semester 1
Student 6643,STU6643,19,2,80,0,8,2,Yes,No,No,No,Data Science,Semester 1
Student 6644,STU6644,19,4,60,0,4,2,No,No,No,Yes,Data Science,Semester 2
Student 6645,STU6645,18,3,87,1,1,3,Yes,No,Yes,Yes,Engineering,Semester 3
Student 6646,STU6646,25,4,78,2,3,3,Yes,No,Yes,Yes,Computer Science,Semester 4
Student 6647,STU6647,22,5,87,2,4,4,No,No,No,Yes,Data Science,Semester 2
Student 6648,STU6648,18,2,83,1,5,1,No,No,No,Yes,Computer Science,Semester 3
Student 6649,STU6649,23,1,74,3,5,0,Yes,Yes,Yes,No,Software Engineering,Semester 4
Student 6650,STU6650,21,6,80,2,6,2,No,Yes,No,Yes,Business,Semester 2
Student 6651,STU6651,21,4,81,2,8,2,Yes,Yes,No,No,Computer Science,Semester 2
Student 6652,STU6652,20,2,83,3,5,3,No,Yes,No,No,Data Science,Semester 3
Student 6653,STU6653,19,2,86,2,7,3,Yes,No,Yes,No,Engineering,Semester 4
Student 6654,STU6654,21,3,82,3,4,2,Yes,No,No,No,Engineering,Semester 3
Student 6655,STU6655,19,4,96,4,6,0,Yes,No,No,Yes,Business,Semester 3
Student 6656,STU6656,25,0,88,4,4,2,Yes,No,Yes,No,Business,Semester 2
Student 6657,STU6657,18,4,90,0,5,2,Yes,No,No,Yes,Software Engineering,Semester 3
Student 6658,STU6658,24,3,88,1,5,2,Yes,Yes,No,No,Computer Science,Semester 1
Student 6659,STU6659,20,5,82,1,7,2,Yes,Yes,No,No,Business,Semester 1
Student 6660,STU6660,21,4,87,2,5,3,Yes,Yes,Yes,Yes,Software Engineering,Semester 1
Student 6661,STU6661,22,5,92,3,5,4,Yes,No,No,Yes,Software Engineering,Semester 1
Student 6662,STU6662,19,3,83,2,6,3,Yes,Yes,Yes,No,Software Engineering,Semester 4
Student 6663,STU6663,22,4,90,2,7,2,Yes,No,No,No,Data Science,Semester 3
Student 6664,STU6664,17,5,71,1,3,1,Yes,No,No,No,Business,Semester 3
Student 6665,STU6665,19,2,90,0,5,1,No,Yes,No,Yes,Engineering,Semester 1
Student 6666,STU6666,19,4,75,0,3,2,Yes,Yes,No,No,Software Engineering,Semester 4
Student 6667,STU6667,18,4,71,4,7,0,Yes,No,No,Yes,Engineering,Semester 3
Student 6668,STU6668,20,5,79,3,6,2,Yes,No,No,No,Data Science,Semester 1
Student 6669,STU6669,21,3,83,2,7,0,Yes,No,No,No,Computer Science,Semester 2
Student 6670,STU6670,22,2,84,2,2,0,Yes,Yes,Yes,Yes,Data Science,Semester 3
Student 6671,STU6671,21,5,92,2,5,3,Yes,No,Yes,Yes,Data Science,Semester 2
Student 6672,STU6672,19,3,77,1,7,1,Yes,Yes,Yes,No,Business,Semester 3
Student 6673,STU6673,21,2,95,1,8,2,Yes,No,No,Yes,Software Engineering,Semester 3
Student 6674,STU6674,21,3,95,0,6,1,Yes,No,No,No,Data Science,Semester 3
Student 6675,STU6675,23,2,83,0,4,3,Yes,No,No,No,Software Engineering,Semester 2
Student 6676,STU6676,22,3,75,1,5,1,No,No,Yes,Yes,Engineering,Semester 4
Student 6677,STU6677,21,0,100,4,3,3,Yes,No,No,Yes,Computer Science,Semester 2
Student 6678,STU6678,19,4,95,0,8,2,Yes,Yes,Yes,No,Computer Science,Semester 1
Student 6679,STU6679,19,2,83,0,6,1,Yes,Yes,No,No,Engineering,Semester 4
Student 6680,STU6680,19,5,71,4,5,2,Yes,No,No,No,Business,Semester 2
Student 6681,STU6681,20,3,87,2,6,2,Yes,No,Yes,Yes,Engineering,Semester 2
Student 6682,STU6682,21,4,62,1,5,2,Yes,No,No,Yes,Engineering,Semester 1
Student 6683,STU6683,22,4,89,0,5,2,No,Yes,Yes,No,Business,Semester 2
Student 6684,STU6684,20,4,83,3,4,3,Yes,No,No,No,Business,Semester 4
Student 6685,STU6685,21,4,69,2,4,2,Yes,Yes,No,Yes,Data Science,Semester 2
Student 6686,STU6686,21,1,72,0,6,0,Yes,Yes,No,Yes,Software Engineering,Semester 4
Student 6687,STU6687,19,4,75,2,7,2,Yes,Yes,No,No,Computer Science,Semester 1
Student 6688,STU6688,19,4,80,4,5,1,Yes,No,No,No,Business,Semester 4
Student 6689,STU6689,17,3,76,3,4,2,Yes,No,No,Yes,Business,Semester 2
Student 6690,STU6690,19,4,63,0,7,2,Yes,No,No,No,Data Science,Semester 1
Student 6691,STU6691,22,4,80,0,5,3,Yes,No,No,Yes,Data Science,Semester 4
Student 6692,STU6692,19,2,79,1,1,3,Yes,Yes,Yes,Yes,Software Engineering,Semester 4
Student 6693,STU6693,20,4,94,2,4,3,Yes,No,No,No,Business,Semester 3
Student 6694,STU6694,22,1,94,3,6,3,Yes,Yes,Yes,No,Business,Semester 3
Student 6695,STU6695,22,4,71,2,4,4,Yes,No,Yes,Yes,Data Science,Semester 2
Student 6696,STU6696,18,2,85,0,5,2,Yes,No,Yes,Yes,Engineering,Semester 3
Student 6697,STU6697,23,5,88,2,3,3,Yes,No,Yes,Yes,Software Engineering,Semester 2
Student 6698,STU6698,23,2,81,3,4,2,Yes,No,Yes,No,Business,Semester 1
Student 6699,STU6699,18,2,83,2,3,2,Yes,No,Yes,Yes,Computer Science,Semester 4
Student 6700,STU6700,19,7,90,0,3,4,Yes,Yes,No,Yes,Computer Science,Semester 1
Student 6701,STU6701,23,5,84,1,4,3,Yes,No,Yes,Yes,Data Science,Semester 1
Student 6702,STU6702,20,2,87,1,7,1,Yes,Yes,Yes,No,Computer Science,Semester 3
Student 6703,STU6703,17,2,93,1,6,2,Yes,Yes,No,No,Data Science,Semester 4
Student 6704,STU6704,17,2,78,1,9,0,Yes,No,Yes,Yes,Engineering,Semester 1
Student 6705,STU6705,20,4,88,1,4,2,Yes,No,Yes,No,Data Science,Semester 4
Student 6706,STU6706,18,4,78,2,7,1,Yes,Yes,No,Yes,Business,Semester 4
Student 6707,STU6707,20,3,90,2,8,1,No,No,No,No,Computer Science,Semester 1
Student 6708,STU6708,21,6,77,2,7,0,Yes,No,No,Yes,Business,Semester 4
Student 6709,STU6709,24,2,85,1,7,2,Yes,No,No,Yes,Computer Science,Semester 2
Student 6710,STU6710,20,1,80,1,5,2,No,No,No,Yes,Computer Science,Semester 4
Student 6711,STU6711,23,7,86,0,5,3,Yes,No,No,No,Data Science,Semester 2
Student 6712,STU6712,24,5,75,1,3,2,Yes,Yes,No,No,Software Engineering,Semester 2
Student 6713,STU6713,24,3,79,3,1,3,Yes,No,No,No,Computer Science,Semester 2
Student 6714,STU6714,21,4,81,3,5,2,Yes,No,No,Yes,Computer Science,Semester 1
Student 6715,STU6715,17,4,73,4,3,2,No,No,Yes,Yes,Software Engineering,Semester 2
Student 6716,STU6716,22,1,77,3,4,1,Yes,No,No,No,Business,Semester 4
Student 6717,STU6717,23,3,68,0,4,3,Yes,Yes,Yes,No,Computer Science,Semester 3
Student 6718,STU6718,20,4,85,2,6,3,Yes,Yes,No,No,Data Science,Semester 3
Student 6719,STU6719,24,4,88,1,5,2,Yes,Yes,No,No,Software Engineering,Semester 3
Student 6720,STU6720,22,0,70,0,7,1,Yes,No,No,Yes,Software Engineering,Semester 2
Student 6721,STU6721,22,4,72,4,4,1,Yes,Yes,No,No,Computer Science,Semester 1
Student 6722,STU6722,23,4,74,2,5,2,Yes,No,No,Yes,Business,Semester 2
Student 6723,STU6723,21,3,71,2,5,3,Yes,No,Yes,No,Business,Semester 3
Student 6724,STU6724,17,2,85,1,5,3,Yes,No,Yes,Yes,Engineering,Semester 4
Student 6725,STU6725,19,5,76,5,5,3,Yes,No,No,Yes,Engineering,Semester 2
Student 6726,STU6726,23,3,84,1,8,0,Yes,No,No,Yes,Data Science,Semester 3
Student 6727,STU6727,19,3,76,0,7,1,Yes,Yes,No,No,Computer Science,Semester 4
Student 6728,STU6728,20,4,79,0,5,2,Yes,Yes,No,No,Business,Semester 1
Student 6729,STU6729,18,2,90,2,4,3,No,No,No,No,Engineering,Semester 4
Student 6730,STU6730,24,6,72,1,4,1,Yes,No,No,No,Computer Science,Semester 1
Student 6731,STU6731,24,5,77,2,5,1,Yes,No,No,No,Computer Science,Semester 4
Student 6732,STU6732,19,3,85,1,2,3,Yes,Yes,No,Yes,Business,Semester 1
Student 6733,STU6733,21,1,79,5,5,1,No,Yes,No,No,Computer Science,Semester 1
Student 6734,STU6734,19,4,83,0,6,2,Yes,No,No,No,Software Engineering,Semester 1
Student 6735,STU6735,22,4,82,0,4,2,Yes,No,No,No,Engineering,Semester 2
Student 6736,STU6736,22,4,69,1,5,2,Yes,No,No,Yes,Data Science,Semester 4
Student 6737,STU6737,22,3,93,5,6,2,No,No,No,Yes,Engineering,Semester 1
Student 6738,STU6738,21,1,81,0,2,2,Yes,No,No,Yes,Computer Science,Semester 4
Student 6739,STU6739,27,4,94,2,5,1,Yes,No,No,No,Software Engineering,Semester 2
Student 6740,STU6740,18,1,84,2,4,0,No,No,No,No,Engineering,Semester 3
Student 6741,STU6741,17,4,92,1,8,2,Yes,No,No,Yes,Business,Semester 3
Student 6742,STU6742,20,4,90,1,5,2,Yes,No,Yes,No,Software Engineering,Semester 1
Student 6743,STU6743,17,3,91,1,3,3,Yes,No,No,Yes,Engineering,Semester 2
Student 6744,STU6744,17,4,65,2,5,3,No,No,No,Yes,Computer Science,Semester 4
Student 6745,STU6745,18,0,96,3,5,2,Yes,Yes,No,No,Business,Semester 1
Student 6746,STU6746,19,2,78,1,7,0,No,No,No,Yes,Computer Science,Semester 3
Student 6747,STU6747,18,3,84,0,4,0,Yes,No,No,Yes,Computer Science,Semester 2
Student 6748,STU6748,22,1,88,2,6,3,Yes,Yes,No,No,Business,Semester 3
Student 6749,STU6749,19,5,100,1,6,2,No,No,Yes,No,Software Engineering,Semester 2
Student 6750,STU6750,20,2,90,0,6,3,Yes,Yes,Yes,No,Engineering,Semester 3
Student 6751,STU6751,23,3,77,3,5,0,Yes,No,No,Yes,Software Engineering,Semester 1
Student 6752,STU6752,19,6,84,1,4,2,Yes,No,No,Yes,Business,Semester 1
Student 6753,STU6753,20,5,71,1,5,2,Yes,Yes,No,Yes,Engineering,Semester 1
Student 6754,STU6754,21,4,93,2,5,3,Yes,No,Yes,No,Business,Semester 3
Student 6755,STU6755,17,4,57,0,5,1,Yes,No,No,Yes,Data Science,Semester 4
Student 6756,STU6756,17,4,80,1,7,3,Yes,No,No,Yes,Data Science,Semester 3
Student 6757,STU6757,21,2,99,2,6,2,Yes,No,No,Yes,Software Engineering,Semester 3
Student 6758,STU6758,22,2,88,2,6,2,Yes,No,No,No,Business,Semester 4
Student 6759,STU6759,25,5,85,1,4,2,No,No,No,Yes,Engineering,Semester 1
Student 6760,STU6760,21,3,72,3,7,3,Yes,No,No,Yes,Software Engineering,Semester 3
Student 6761,STU6761,22,0,92,2,5,0,Yes,Yes,No,No,Data Science,Semester 3
Student 6762,STU6762,20,4,74,3,5,2,Yes,No,No,Yes,Data Science,Semester 1
Student 6763,STU6763,21,4,74,1,7,1,Yes,Yes,No,Yes,Data Science,Semester 3
Student 6764,STU6764,24,2,92,1,4,3,Yes,No,No,Yes,Software Engineering,Semester 4
Student 6765,STU6765,17,5,74,4,4,2,Yes,No,No,No,Engineering,Semester 2
Student 6766,STU6766,21,4,70,2,5,2,No,Yes,Yes,Yes,Data Science,Semester 3
Student 6767,STU6767,25,6,74,2,7,3,No,No,Yes,Yes,Software Engineering,Semester 4
Student 6768,STU6768,21,5,83,0,6,1,Yes,Yes,No,Yes,Software Engineering,Semester 1
Student 6769,STU6769,24,5,78,0,1,1,No,No,No,No,Computer Science,Semester 2
Student 6770,STU6770,19,3,96,1,7,2,Yes,No,No,Yes,Computer Science,Semester 1
Student 6771,STU6771,20,4,82,3,4,2,Yes,No,No,No,Engineering,Semester 1
Student 6772,STU6772,21,4,72,0,4,3,No,No,No,No,Data Science,Semester 1
Student 6773,STU6773,17,3,67,3,5,0,Yes,No,No,Yes,Computer Science,Semester 2
Student 6774,STU6774,18,4,89,1,3,2,Yes,No,No,Yes,Engineering,Semester 4
Student 6775,STU6775,18,6,84,1,7,3,Yes,No,Yes,No,Computer Science,Semester 4
Student 6776,STU6776,22,3,86,3,5,1,Yes,No,No,No,Data Science,Semester 4
Student 6777,STU6777,22,4,78,1,6,3,Yes,No,No,No,Software Engineering,Semester 4
Student 6778,STU6778,21,3,83,4,4,2,Yes,No,No,No,Data Science,Semester 2
Student 6779,STU6779,22,1,91,2,7,0,No,No,No,Yes,Computer Science,Semester 1
Student 6780,STU6780,20,5,82,1,8,2,Yes,Yes,No,No,Data Science,Semester 3
Student 6781,STU6781,23,4,72,4,3,3,Yes,No,No,Yes,Software Engineering,Semester 2
Student 6782,STU6782,21,5,87,7,3,4,Yes,No,No,No,Business,Semester 1
Student 6783,STU6783,21,2,79,1,4,3,Yes,Yes,No,No,Software Engineering,Semester 3
Student 6784,STU6784,20,3,89,1,7,3,Yes,No,Yes,Yes,Computer Science,Semester 1
Student 6785,STU6785,22,4,82,1,5,2,Yes,No,No,Yes,Software Engineering,Semester 4
Student 6786,STU6786,20,5,88,1,5,4,No,No,Yes,Yes,Engineering,Semester 2
Student 6787,STU6787,23,5,86,2,6,0,No,No,No,No,Data Science,Semester 2
Student 6788,STU6788,18,3,92,2,9,1,Yes,No,No,No,Business,Semester 3
Student 6789,STU6789,18,4,89,2,2,3,No,No,Yes,No,Business,Semester 2
Student 6790,STU6790,22,4,71,3,5,2,Yes,No,No,No,Data Science,Semester 1
Student 6791,STU6791,20,4,67,2,5,4,Yes,No,No,Yes,Data Science,Semester 1
Student 6792,STU6792,20,4,81,3,6,1,Yes,Yes,No,Yes,Engineering,Semester 3
Student 6793,STU6793,23,3,86,2,7,0,Yes,No,Yes,Yes,Software Engineering,Semester 3
Student 6794,STU6794,19,4,76,3,4,3,Yes,No,No,Yes,Business,Semester 3
Student 6795,STU6795,20,5,85,3,6,1,Yes,Yes,Yes,No,Computer Science,Semester 3
Student 6796,STU6796,24,3,85,2,2,3,Yes,Yes,Yes,No,Data Science,Semester 4
Student 6797,STU6797,24,2,81,2,6,2,No,Yes,No,No,Data Science,Semester 1
Student 6798,STU6798,24,5,76,2,9,1,Yes,Yes,Yes,No,Business,Semester 1
Student 6799,STU6799,20,5,73,2,4,2,Yes,Yes,No,Yes,Data Science,Semester 1
Student 6800,STU6800,23,2,100,0,6,3,Yes,No,Yes,Yes,Business,Semester 1
Student 6801,STU6801,18,3,65,1,4,1,Yes,No,No,Yes,Computer Science,Semester 4
Student 6802,STU6802,19,4,72,1,5,1,Yes,No,No,No,Computer Science,Semester 3
Student 6803,STU6803,17,4,100,1,7,3,Yes,No,No,No,Business,Semester 2
Student 6804,STU6804,24,4,73,4,6,1,Yes,No,No,Yes,Data Science,Semester 1
Student 6805,STU6805,19,4,77,2,5,2,Yes,No,No,No,Engineering,Semester 2
Student 6806,STU6806,20,3,87,1,5,2,Yes,No,No,No,Engineering,Semester 4
Student 6807,STU6807,19,0,85,1,3,3,Yes,No,Yes,Yes,Software Engineering,Semester 4
Student 6808,STU6808,22,3,85,2,7,1,Yes,No,No,No,Engineering,Semester 3
Student 6809,STU6809,20,3,94,2,6,1,Yes,No,Yes,No,Data Science,Semester 4
Student 6810,STU6810,18,2,74,0,3,1,Yes,Yes,No,Yes,Engineering,Semester 3
Student 6811,STU6811,22,3,83,4,5,2,Yes,No,No,No,Software Engineering,Semester 2
Student 6812,STU6812,17,5,81,3,3,3,Yes,No,Yes,Yes,Computer Science,Semester 4
Student 6813,STU6813,19,3,75,1,4,2,Yes,No,No,No,Business,Semester 3
Student 6814,STU6814,17,4,82,1,7,1,Yes,No,Yes,No,Engineering,Semester 2
Student 6815,STU6815,17,2,86,2,7,2,Yes,No,No,No,Business,Semester 1
Student 6816,STU6816,21,4,86,2,6,2,Yes,Yes,Yes,Yes,Business,Semester 3
Student 6817,STU6817,17,6,90,2,5,1,Yes,Yes,No,Yes,Computer Science,Semester 3
Student 6818,STU6818,17,4,81,1,6,0,No,Yes,Yes,Yes,Software Engineering,Semester 2
Student 6819,STU6819,21,4,73,1,4,4,No,No,Yes,Yes,Data Science,Semester 2
Student 6820,STU6820,19,4,70,1,6,0,Yes,No,No,No,Data Science,Semester 2
Student 6821,STU6821,25,3,78,1,5,1,Yes,Yes,Yes,Yes,Data Science,Semester 2
Student 6822,STU6822,25,5,71,0,4,3,Yes,No,No,Yes,Software Engineering,Semester 2
Student 6823,STU6823,19,3,76,2,4,2,No,Yes,No,No,Software Engineering,Semester 3
Student 6824,STU6824,22,6,72,0,6,2,No,Yes,Yes,No,Software Engineering,Semester 2
Student 6825,STU6825,22,6,76,1,5,2,Yes,No,No,Yes,Engineering,Semester 1
Student 6826,STU6826,19,3,96,1,4,2,Yes,Yes,Yes,No,Business,Semester 2
Student 6827,STU6827,17,4,81,3,5,1,Yes,No,Yes,No,Software Engineering,Semester 4
Student 6828,STU6828,21,3,94,1,3,3,Yes,Yes,Yes,Yes,Software Engineering,Semester 3
Student 6829,STU6829,20,5,85,4,5,2,Yes,Yes,No,No,Engineering,Semester 1
Student 6830,STU6830,20,2,77,1,6,1,Yes,No,Yes,No,Business,Semester 3
Student 6831,STU6831,22,4,66,0,5,2,No,No,No,No,Data Science,Semester 4
Student 6832,STU6832,19,4,68,0,3,1,Yes,Yes,No,Yes,Computer Science,Semester 2
Student 6833,STU6833,18,5,79,1,2,2,Yes,No,No,Yes,Software Engineering,Semester 3
Student 6834,STU6834,21,2,71,2,7,1,No,No,No,No,Software Engineering,Semester 3
Student 6835,STU6835,21,4,86,2,5,4,No,No,No,No,Computer Science,Semester 2
Student 6836,STU6836,18,4,78,2,7,1,Yes,Yes,No,No,Software Engineering,Semester 3
Student 6837,STU6837,23,2,79,0,8,0,Yes,No,Yes,No,Software Engineering,Semester 3
Student 6838,STU6838,17,5,78,3,6,0,Yes,No,No,No,Software Engineering,Semester 3
Student 6839,STU6839,19,6,89,2,5,1,Yes,Yes,No,No,Computer Science,Semester 4
Student 6840,STU6840,20,4,74,1,5,3,No,No,No,No,Engineering,Semester 4
Student 6841,STU6841,19,3,74,1,4,2,No,No,Yes,No,Engineering,Semester 4
Student 6842,STU6842,19,3,84,1,4,3,Yes,No,Yes,Yes,Computer Science,Semester 1
Student 6843,STU6843,25,7,90,4,4,3,Yes,No,No,No,Engineering,Semester 3
Student 6844,STU6844,19,4,69,0,5,2,Yes,No,Yes,Yes,Data Science,Semester 2
Student 6845,STU6845,26,3,99,2,2,3,No,No,No,Yes,Data Science,Semester 2
Student 6846,STU6846,22,1,74,2,3,1,Yes,No,Yes,No,Computer Science,Semester 3
Student 6847,STU6847,21,3,64,1,3,1,Yes,No,No,Yes,Business,Semester 2
Student 6848,STU6848,22,3,85,3,3,3,Yes,No,No,Yes,Software Engineering,Semester 1
Student 6849,STU6849,26,4,80,0,6,3,Yes,Yes,Yes,No,Business,Semester 2
Student 6850,STU6850,18,4,85,1,4,2,Yes,No,Yes,No,Software Engineering,Semester 4
Student 6851,STU6851,18,5,88,1,5,2,Yes,No,No,No,Engineering,Semester 4
Student 6852,STU6852,19,0,69,4,6,0,No,Yes,Yes,No,Engineering,Semester 4
Student 6853,STU6853,21,4,79,1,7,3,No,No,No,Yes,Data Science,Semester 4
Student 6854,STU6854,17,5,86,2,6,0,Yes,No,No,Yes,Business,Semester 2
Student 6855,STU6855,21,1,84,2,8,2,Yes,No,Yes,Yes,Computer Science,Semester 3
Student 6856,STU6856,24,2,80,0,5,2,Yes,No,No,No,Software Engineering,Semester 1
Student 6857,STU6857,21,3,87,1,5,1,Yes,No,No,No,Engineering,Semester 1
Student 6858,STU6858,20,4,90,4,4,3,Yes,Yes,No,No,Software Engineering,Semester 2
Student 6859,STU6859,19,3,65,1,2,2,No,No,No,Yes,Computer Science,Semester 2
Student 6860,STU6860,23,3,94,2,5,2,Yes,Yes,No,Yes,Software Engineering,Semester 4
Student 6861,STU6861,19,2,72,2,7,2,Yes,No,No,No,Data Science,Semester 3
Student 6862,STU6862,25,4,86,0,4,3,No,Yes,No,Yes,Computer Science,Semester 4
Student 6863,STU6863,25,3,79,2,4,2,No,Yes,Yes,No,Computer Science,Semester 3
Student 6864,STU6864,21,2,92,2,7,0,Yes,No,Yes,Yes,Software Engineering,Semester 4
Student 6865,STU6865,21,4,87,1,5,3,Yes,No,No,Yes,Software Engineering,Semester 1
Student 6866,STU6866,23,5,86,2,3,2,Yes,No,No,Yes,Engineering,Semester 3
Student 6867,STU6867,23,4,83,1,3,3,Yes,No,No,No,Software Engineering,Semester 1
Student 6868,STU6868,19,3,77,1,6,1,Yes,Yes,Yes,Yes,Computer Science,Semester 4
Student 6869,STU6869,19,5,74,3,5,2,Yes,Yes,No,Yes,Software Engineering,Semester 1
Student 6870,STU6870,18,3,70,2,5,2,No,No,No,No,Engineering,Semester 2
Student 6871,STU6871,21,4,77,4,5,3,Yes,No,No,No,Business,Semester 1
Student 6872,STU6872,22,5,89,3,6,1,Yes,No,Yes,No,Data Science,Semester 1
Student 6873,STU6873,18,3,74,2,7,1,Yes,Yes,No,Yes,Computer Science,Semester 4
Student 6874,STU6874,20,3,91,5,4,3,Yes,No,No,No,Engineering,Semester 1
Student 6875,STU6875,18,4,73,2,6,0,No,No,Yes,Yes,Data Science,Semester 1
Student 6876,STU6876,19,2,80,2,4,2,Yes,No,No,Yes,Software Engineering,Semester 2
Student 6877,STU6877,22,5,85,4,6,1,Yes,Yes,No,No,Software Engineering,Semester 3
Student 6878,STU6878,19,1,90,2,6,1,Yes,No,No,Yes,Business,Semester 3
Student 6879,STU6879,20,4,79,1,4,2,Yes,Yes,No,No,Software Engineering,Semester 1
Student 6880,STU6880,17,3,85,3,1,0,Yes,Yes,No,No,Data Science,Semester 3
Student 6881,STU6881,21,4,83,2,4,4,Yes,No,Yes,Yes,Engineering,Semester 3
Student 6882,STU6882,20,5,80,3,6,2,Yes,No,Yes,Yes,Business,Semester 1
Student 6883,STU6883,19,2,73,1,7,0,Yes,No,No,No,Data Science,Semester 4
Student 6884,STU6884,20,2,85,2,4,2,Yes,No,Yes,No,Engineering,Semester 1
Student 6885,STU6885,21,5,82,1,7,2,No,No,No,No,Data Science,Semester 3
Student 6886,STU6886,19,3,79,1,8,0,No,No,No,No,Software Engineering,Semester 2
Student 6887,STU6887,17,3,82,0,6,0,Yes,No,Yes,No,Data Science,Semester 3
Student 6888,STU6888,25,3,86,0,3,3,Yes,No,No,Yes,Business,Semester 4
Student 6889,STU6889,19,3,68,3,6,1,Yes,Yes,No,No,Data Science,Semester 1
Student 6890,STU6890,20,2,77,2,4,4,Yes,Yes,Yes,Yes,Computer Science,Semester 3
Student 6891,STU6891,23,3,74,0,4,4,Yes,No,No,No,Software Engineering,Semester 3
Student 6892,STU6892,28,2,74,1,6,2,No,No,No,Yes,Data Science,Semester 2
Student 6893,STU6893,18,5,75,1,6,3,No,Yes,No,No,Engineering,Semester 4
Student 6894,STU6894,22,3,90,1,6,1,Yes,No,No,Yes,Software Engineering,Semester 3
Student 6895,STU6895,19,5,84,3,6,2,Yes,No,Yes,No,Engineering,Semester 3
Student 6896,STU6896,19,4,73,3,5,2,No,No,Yes,No,Business,Semester 1
Student 6897,STU6897,19,2,83,2,2,4,Yes,Yes,Yes,No,Computer Science,Semester 4
Student 6898,STU6898,18,4,85,3,5,1,Yes,No,No,No,Data Science,Semester 2
Student 6899,STU6899,20,3,79,0,4,1,Yes,No,No,No,Software Engineering,Semester 3
Student 6900,STU6900,17,3,71,2,4,2,Yes,No,Yes,Yes,Data Science,Semester 4
Student 6901,STU6901,23,3,73,3,3,3,Yes,Yes,No,No,Data Science,Semester 4
Student 6902,STU6902,21,5,69,0,5,1,Yes,Yes,Yes,No,Software Engineering,Semester 4
Student 6903,STU6903,21,4,99,4,5,3,Yes,No,Yes,Yes,Computer Science,Semester 4
Student 6904,STU6904,20,5,68,3,5,1,Yes,No,No,No,Computer Science,Semester 3
Student 6905,STU6905,20,2,72,1,8,0,Yes,No,No,No,Business,Semester 4
Student 6906,STU6906,21,1,81,5,6,0,Yes,No,No,No,Software Engineering,Semester 1
Student 6907,STU6907,18,3,67,1,3,2,Yes,No,No,Yes,Software Engineering,Semester 1
Student 6908,STU6908,20,5,72,3,9,1,Yes,Yes,No,No,Engineering,Semester 2
Student 6909,STU6909,19,3,82,2,2,3,No,No,No,Yes,Engineering,Semester 2
Student 6910,STU6910,19,6,83,1,5,3,Yes,Yes,No,No,Engineering,Semester 4
Student 6911,STU6911,17,3,85,1,4,3,Yes,No,No,No,Computer Science,Semester 2
Student 6912,STU6912,23,4,87,2,6,2,No,No,No,No,Business,Semester 4
Student 6913,STU6913,19,3,81,1,6,3,Yes,No,No,No,Business,Semester 1
Student 6914,STU6914,23,1,76,4,4,1,Yes,Yes,No,Yes,Data Science,Semester 1
Student 6915,STU6915,23,3,85,4,7,1,Yes,Yes,No,No,Business,Semester 1
Student 6916,STU6916,18,4,93,1,5,1,Yes,No,No,Yes,Engineering,Semester 1
Student 6917,STU6917,18,3,86,3,8,2,Yes,No,No,Yes,Software Engineering,Semester 2
Student 6918,STU6918,26,3,75,0,7,2,No,Yes,Yes,Yes,Data Science,Semester 2
Student 6919,STU6919,24,3,86,1,4,1,Yes,No,No,Yes,Computer Science,Semester 4
Student 6920,STU6920,20,4,86,2,7,2,Yes,No,No,No,Business,Semester 2
Student 6921,STU6921,21,0,72,3,4,2,No,No,No,No,Software Engineering,Semester 1
Student 6922,STU6922,19,3,80,2,6,0,Yes,Yes,Yes,No,Engineering,Semester 1
Student 6923,STU6923,22,2,86,0,6,3,Yes,No,Yes,Yes,Computer Science,Semester 4
Student 6924,STU6924,19,4,91,0,4,2,Yes,No,Yes,No,Computer Science,Semester 1
Student 6925,STU6925,17,4,76,3,1,3,Yes,No,No,No,Business,Semester 1
Student 6926,STU6926,18,4,70,0,8,0,Yes,No,Yes,No,Software Engineering,Semester 4
Student 6927,STU6927,21,4,86,2,6,2,Yes,Yes,No,No,Engineering,Semester 4
Student 6928,STU6928,18,1,80,0,5,3,Yes,Yes,Yes,No,Engineering,Semester 3
Student 6929,STU6929,20,2,83,1,5,3,Yes,Yes,Yes,No,Engineering,Semester 2
Student 6930,STU6930,18,3,83,1,7,2,Yes,No,No,Yes,Engineering,Semester 2
Student 6931,STU6931,19,3,83,2,9,0,Yes,No,No,Yes,Business,Semester 4
Student 6932,STU6932,22,3,78,3,7,0,Yes,Yes,Yes,No,Business,Semester 3
Student 6933,STU6933,21,1,89,1,6,3,Yes,Yes,No,No,Software Engineering,Semester 2
Student 6934,STU6934,21,5,75,0,6,3,Yes,Yes,Yes,No,Data Science,Semester 1
Student 6935,STU6935,22,2,84,3,6,2,No,Yes,Yes,No,Business,Semester 4
Student 6936,STU6936,22,1,85,4,3,2,Yes,No,No,No,Engineering,Semester 4
Student 6937,STU6937,24,5,80,1,6,2,Yes,Yes,No,No,Software Engineering,Semester 2
Student 6938,STU6938,20,2,88,0,3,1,Yes,Yes,No,Yes,Engineering,Semester 1
Student 6939,STU6939,20,4,78,3,6,3,Yes,No,No,No,Business,Semester 1
Student 6940,STU6940,18,1,100,2,4,3,Yes,No,No,Yes,Software Engineering,Semester 4
Student 6941,STU6941,20,3,83,4,7,1,Yes,No,Yes,Yes,Engineering,Semester 4
Student 6942,STU6942,23,2,91,4,6,1,No,Yes,Yes,No,Data Science,Semester 1
Student 6943,STU6943,23,4,89,1,4,1,Yes,No,Yes,Yes,Computer Science,Semester 4
Student 6944,STU6944,23,2,93,2,3,1,Yes,No,No,Yes,Computer Science,Semester 3
Student 6945,STU6945,17,4,82,0,8,2,Yes,Yes,Yes,Yes,Engineering,Semester 2
Student 6946,STU6946,23,3,91,1,5,3,Yes,Yes,Yes,Yes,Computer Science,Semester 1
Student 6947,STU6947,17,3,93,4,8,0,Yes,No,No,Yes,Data Science,Semester 2
Student 6948,STU6948,23,5,84,2,3,2,Yes,No,Yes,Yes,Data Science,Semester 3
Student 6949,STU6949,20,6,76,3,5,2,No,Yes,Yes,No,Engineering,Semester 4
Student 6950,STU6950,22,3,96,2,1,3,Yes,Yes,Yes,No,Data Science,Semester 2
Student 6951,STU6951,18,2,82,2,6,2,Yes,No,Yes,No,Computer Science,Semester 2
Student 6952,STU6952,23,4,82,1,5,2,Yes,Yes,No,No,Engineering,Semester 4
Student 6953,STU6953,17,4,84,1,4,2,Yes,No,No,No,Computer Science,Semester 2
Student 6954,STU6954,19,1,75,3,4,3,Yes,No,Yes,Yes,Data Science,Semester 2
Student 6955,STU6955,18,2,84,1,4,1,Yes,No,Yes,Yes,Data Science,Semester 3
Student 6956,STU6956,17,2,84,2,5,3,Yes,No,No,No,Software Engineering,Semester 2
Student 6957,STU6957,21,2,81,4,4,0,Yes,Yes,No,No,Business,Semester 4
Student 6958,STU6958,25,5,81,2,7,2,Yes,Yes,No,Yes,Business,Semester 4
Student 6959,STU6959,26,1,80,0,4,0,Yes,No,No,Yes,Engineering,Semester 4
Student 6960,STU6960,21,4,79,1,2,4,No,No,Yes,No,Computer Science,Semester 1
Student 6961,STU6961,23,3,87,2,5,0,Yes,No,No,No,Business,Semester 3
Student 6962,STU6962,21,4,84,3,4,3,Yes,No,No,No,Engineering,Semester 2
Student 6963,STU6963,22,2,89,6,3,0,No,No,Yes,Yes,Data Science,Semester 2
Student 6964,STU6964,20,3,77,2,5,2,Yes,No,No,No,Business,Semester 4
Student 6965,STU6965,21,5,91,0,2,4,Yes,No,No,No,Computer Science,Semester 4
Student 6966,STU6966,22,3,89,2,6,2,Yes,No,Yes,No,Software Engineering,Semester 4
Student 6967,STU6967,19,5,80,1,5,2,Yes,No,No,No,Software Engineering,Semester 4
Student 6968,STU6968,20,0,76,0,4,0,Yes,Yes,No,No,Business,Semester 1
Student 6969,STU6969,20,4,86,0,5,2,Yes,No,Yes,No,Software Engineering,Semester 3
Student 6970,STU6970,22,4,69,1,2,2,Yes,No,No,No,Engineering,Semester 3
Student 6971,STU6971,18,2,78,5,7,0,Yes,Yes,No,Yes,Computer Science,Semester 1
Student 6972,STU6972,20,5,84,2,5,2,Yes,No,Yes,No,Data Science,Semester 2
Student 6973,STU6973,25,3,80,2,2,3,Yes,No,No,No,Computer Science,Semester 2
Student 6974,STU6974,23,4,73,1,5,0,Yes,No,No,No,Data Science,Semester 3
Student 6975,STU6975,24,2,82,4,5,3,Yes,Yes,No,No,Software Engineering,Semester 3
Student 6976,STU6976,21,3,74,5,8,1,Yes,No,No,No,Engineering,Semester 2
Student 6977,STU6977,21,4,84,3,4,2,Yes,Yes,No,No,Data Science,Semester 1
Student 6978,STU6978,23,4,78,1,5,1,Yes,No,No,Yes,Software Engineering,Semester 1
Student 6979,STU6979,24,2,80,4,5,1,Yes,Yes,No,Yes,Data Science,Semester 2
Student 6980,STU6980,17,5,75,3,3,2,Yes,No,No,No,Business,Semester 1
Student 6981,STU6981,18,5,88,1,6,2,Yes,No,Yes,Yes,Computer Science,Semester 4
Student 6982,STU6982,23,4,80,1,7,3,Yes,No,Yes,No,Engineering,Semester 3
Student 6983,STU6983,20,5,76,1,7,1,No,No,Yes,Yes,Software Engineering,Semester 2
Student 6984,STU6984,19,3,81,2,6,3,Yes,No,No,No,Engineering,Semester 4
Student 6985,STU6985,18,2,95,1,7,2,Yes,Yes,Yes,No,Computer Science,Semester 4
Student 6986,STU6986,19,3,84,1,5,1,Yes,Yes,No,Yes,Data Science,Semester 1
Student 6987,STU6987,17,4,90,0,5,4,Yes,Yes,No,No,Data Science,Semester 1
Student 6988,STU6988,25,3,69,1,2,2,Yes,Yes,Yes,No,Engineering,Semester 3
Student 6989,STU6989,21,3,80,6,5,0,Yes,No,No,Yes,Data Science,Semester 3
Student 6990,STU6990,20,3,74,3,8,0,Yes,No,No,Yes,Data Science,Semester 2
Student 6991,STU6991,22,3,77,3,2,3,No,Yes,No,No,Data Science,Semester 3
Student 6992,STU6992,23,5,75,1,3,0,Yes,No,Yes,Yes,Business,Semester 4
Student 6993,STU6993,23,2,92,3,4,3,Yes,No,No,No,Software Engineering,Semester 3
Student 6994,STU6994,23,4,87,1,3,3,Yes,Yes,No,Yes,Software Engineering,Semester 4
Student 6995,STU6995,19,4,76,3,6,3,No,No,No,Yes,Computer Science,Semester 4
Student 6996,STU6996,20,3,78,1,2,3,Yes,Yes,No,Yes,Data Science,Semester 2
Student 6997,STU6997,22,4,84,2,6,3,Yes,No,No,Yes,Engineering,Semester 1
Student 6998,STU6998,19,5,89,1,7,2,No,No,No,Yes,Data Science,Semester 3
Student 6999,STU6999,21,3,90,0,6,0,Yes,No,Yes,No,Computer Science,Semester 2
Student 7000,STU7000,21,3,87,1,5,1,Yes,Yes,Yes,Yes,Data Science,Semester 3
Student 7001,STU7001,22,2,96,2,6,1,Yes,No,No,Yes,Business,Semester 4
Student 7002,STU7002,17,2,85,3,3,1,Yes,No,Yes,Yes,Computer Science,Semester 3
Student 7003,STU7003,22,5,78,0,6,3,Yes,No,No,No,Software Engineering,Semester 1
Student 7004,STU7004,20,3,75,3,4,2,Yes,No,No,No,Software Engineering,Semester 3
Student 7005,STU7005,22,1,73,0,7,0,Yes,No,No,No,Business,Semester 3
Student 7006,STU7006,22,5,72,2,6,1,Yes,No,Yes,Yes,Software Engineering,Semester 4
Student 7007,STU7007,24,3,87,3,4,3,Yes,No,No,No,Business,Semester 3
Student 7008,STU7008,24,4,94,1,6,1,Yes,No,No,No,Software Engineering,Semester 1
Student 7009,STU7009,24,4,82,0,6,2,Yes,No,No,No,Software Engineering,Semester 3
Student 7010,STU7010,24,2,96,5,4,2,Yes,No,No,Yes,Data Science,Semester 4
Student 7011,STU7011,21,2,82,1,5,2,Yes,No,Yes,No,Computer Science,Semester 2
Student 7012,STU7012,21,2,86,0,6,2,Yes,No,No,Yes,Software Engineering,Semester 4
Student 7013,STU7013,22,3,69,4,4,1,Yes,No,No,Yes,Computer Science,Semester 4
Student 7014,STU7014,22,4,88,0,3,3,Yes,Yes,No,Yes,Computer Science,Semester 4
Student 7015,STU7015,20,6,76,0,5,1,Yes,Yes,No,No,Software Engineering,Semester 2
Student 7016,STU7016,21,5,88,3,8,0,No,No,No,Yes,Computer Science,Semester 1
Student 7017,STU7017,20,4,92,2,5,0,Yes,Yes,No,No,Business,Semester 4
Student 7018,STU7018,19,3,84,2,4,3,Yes,Yes,No,No,Engineering,Semester 4
Student 7019,STU7019,23,1,85,1,4,1,Yes,No,Yes,No,Business,Semester 1
Student 7020,STU7020,21,5,82,3,7,0,Yes,No,No,No,Software Engineering,Semester 1
Student 7021,STU7021,25,3,87,3,7,2,Yes,Yes,No,No,Business,Semester 3
Student 7022,STU7022,17,4,97,2,5,3,Yes,Yes,No,No,Engineering,Semester 1
Student 7023,STU7023,19,3,82,2,4,1,No,No,Yes,Yes,Business,Semester 2
Student 7024,STU7024,21,4,83,0,4,3,Yes,Yes,No,No,Computer Science,Semester 4
Student 7025,STU7025,23,3,67,1,4,2,Yes,No,Yes,No,Software Engineering,Semester 4
Student 7026,STU7026,21,4,85,5,4,2,Yes,Yes,No,Yes,Computer Science,Semester 2
Student 7027,STU7027,21,2,75,2,4,2,Yes,No,No,Yes,Computer Science,Semester 3
Student 7028,STU7028,18,4,80,2,4,2,No,No,Yes,Yes,Software Engineering,Semester 4
Student 7029,STU7029,18,4,85,1,7,1,Yes,No,No,No,Software Engineering,Semester 4
Student 7030,STU7030,21,4,69,1,8,0,Yes,Yes,No,Yes,Data Science,Semester 3
Student 7031,STU7031,18,3,85,0,3,3,Yes,No,No,Yes,Engineering,Semester 3
Student 7032,STU7032,19,5,84,0,4,2,Yes,No,Yes,No,Computer Science,Semester 3
Student 7033,STU7033,22,6,87,1,3,1,Yes,Yes,No,No,Computer Science,Semester 2
Student 7034,STU7034,18,2,76,5,6,1,Yes,No,No,Yes,Software Engineering,Semester 2
Student 7035,STU7035,24,2,90,1,4,0,Yes,No,Yes,No,Software Engineering,Semester 1
Student 7036,STU7036,23,3,84,1,3,2,Yes,No,No,No,Business,Semester 3
Student 7037,STU7037,17,3,76,0,8,1,Yes,Yes,No,No,Computer Science,Semester 2
Student 7038,STU7038,18,4,71,3,6,2,Yes,Yes,Yes,No,Computer Science,Semester 2
Student 7039,STU7039,17,4,77,3,3,3,Yes,No,No,Yes,Software Engineering,Semester 1
Student 7040,STU7040,19,4,89,2,8,3,Yes,No,No,No,Computer Science,Semester 2
Student 7041,STU7041,22,1,85,2,3,2,Yes,No,Yes,No,Engineering,Semester 4
Student 7042,STU7042,20,4,64,4,6,0,Yes,No,Yes,No,Data Science,Semester 2
Student 7043,STU7043,22,6,79,1,9,3,Yes,Yes,No,No,Software Engineering,Semester 3
Student 7044,STU7044,17,4,83,2,5,2,Yes,No,No,No,Software Engineering,Semester 1
Student 7045,STU7045,22,3,97,3,5,3,No,Yes,No,Yes,Computer Science,Semester 3
Student 7046,STU7046,19,4,92,1,5,3,Yes,No,No,Yes,Data Science,Semester 3
Student 7047,STU7047,21,2,80,4,9,1,Yes,No,Yes,Yes,Data Science,Semester 1
Student 7048,STU7048,20,4,83,2,8,2,Yes,No,No,Yes,Software Engineering,Semester 4
Student 7049,STU7049,18,3,71,0,4,1,Yes,No,No,No,Software Engineering,Semester 1
Student 7050,STU7050,18,2,61,2,6,1,Yes,Yes,No,Yes,Software Engineering,Semester 4
Student 7051,STU7051,23,4,78,3,7,1,No,No,No,Yes,Engineering,Semester 4
Student 7052,STU7052,21,4,75,2,5,1,Yes,Yes,Yes,No,Computer Science,Semester 3
Student 7053,STU7053,23,5,83,1,3,3,No,Yes,No,No,Engineering,Semester 3
Student 7054,STU7054,21,4,76,3,7,3,Yes,Yes,Yes,No,Software Engineering,Semester 3
Student 7055,STU7055,21,4,89,4,6,3,Yes,No,No,No,Data Science,Semester 3
Student 7056,STU7056,17,4,96,1,6,3,Yes,Yes,Yes,No,Computer Science,Semester 1
Student 7057,STU7057,20,4,70,0,7,0,Yes,No,Yes,No,Computer Science,Semester 2
Student 7058,STU7058,20,5,81,1,3,3,Yes,No,No,No,Software Engineering,Semester 1
Student 7059,STU7059,25,4,77,0,5,3,No,No,No,No,Software Engineering,Semester 2
Student 7060,STU7060,22,2,82,1,10,0,No,Yes,No,Yes,Software Engineering,Semester 1
Student 7061,STU7061,24,3,78,5,6,2,No,Yes,No,No,Software Engineering,Semester 3
Student 7062,STU7062,22,2,100,1,6,2,Yes,No,No,No,Software Engineering,Semester 2
Student 7063,STU7063,19,5,81,2,5,3,Yes,No,No,No,Software Engineering,Semester 1
Student 7064,STU7064,21,3,84,0,2,4,Yes,Yes,No,No,Computer Science,Semester 1
Student 7065,STU7065,21,3,83,0,4,3,Yes,No,No,No,Engineering,Semester 4
Student 7066,STU7066,18,6,72,1,7,2,Yes,No,No,No,Data Science,Semester 1
Student 7067,STU7067,20,3,83,0,4,2,Yes,No,No,Yes,Software Engineering,Semester 3
Student 7068,STU7068,20,2,70,5,5,3,Yes,No,No,Yes,Data Science,Semester 1
Student 7069,STU7069,24,4,96,1,6,3,Yes,No,No,Yes,Computer Science,Semester 1
Student 7070,STU7070,17,3,89,2,3,3,Yes,No,No,Yes,Data Science,Semester 3
Student 7071,STU7071,23,2,77,1,3,2,Yes,No,No,Yes,Computer Science,Semester 2
Student 7072,STU7072,18,4,80,2,5,2,Yes,No,No,No,Business,Semester 2
Student 7073,STU7073,18,4,90,1,4,3,Yes,No,No,No,Engineering,Semester 3
Student 7074,STU7074,23,5,84,1,5,1,Yes,Yes,No,No,Business,Semester 2
Student 7075,STU7075,22,4,68,1,2,1,Yes,No,Yes,No,Computer Science,Semester 4
Student 7076,STU7076,23,5,83,0,4,3,Yes,Yes,No,No,Business,Semester 1
Student 7077,STU7077,22,5,90,3,6,2,Yes,Yes,No,Yes,Computer Science,Semester 1
Student 7078,STU7078,25,3,63,0,10,1,Yes,No,Yes,No,Business,Semester 2
Student 7079,STU7079,22,6,83,4,5,2,Yes,No,No,No,Computer Science,Semester 2
Student 7080,STU7080,20,4,75,0,6,1,Yes,No,No,Yes,Engineering,Semester 2
Student 7081,STU7081,21,5,92,0,6,3,Yes,No,No,Yes,Engineering,Semester 3
Student 7082,STU7082,23,3,78,4,6,2,Yes,No,No,Yes,Engineering,Semester 4
Student 7083,STU7083,19,5,77,3,6,2,Yes,Yes,Yes,No,Computer Science,Semester 4
Student 7084,STU7084,19,4,88,0,3,4,Yes,No,No,No,Data Science,Semester 2
Student 7085,STU7085,20,5,74,2,4,1,Yes,No,Yes,No,Business,Semester 3
Student 7086,STU7086,17,3,82,1,5,1,Yes,No,Yes,Yes,Business,Semester 2
Student 7087,STU7087,21,3,84,2,3,3,Yes,No,No,Yes,Business,Semester 3
Student 7088,STU7088,17,5,80,3,6,0,Yes,Yes,Yes,Yes,Business,Semester 3
Student 7089,STU7089,21,4,71,0,2,3,Yes,No,Yes,Yes,Engineering,Semester 1
Student 7090,STU7090,22,5,75,1,7,0,Yes,No,No,Yes,Data Science,Semester 2
Student 7091,STU7091,20,2,81,3,5,0,Yes,Yes,No,Yes,Business,Semester 1
Student 7092,STU7092,24,2,66,4,6,0,No,No,No,No,Data Science,Semester 1
Student 7093,STU7093,17,3,82,2,7,1,Yes,No,No,Yes,Computer Science,Semester 4
Student 7094,STU7094,23,4,79,0,5,2,Yes,Yes,No,No,Computer Science,Semester 3
Student 7095,STU7095,22,5,86,2,6,2,Yes,No,Yes,No,Business,Semester 3
Student 7096,STU7096,17,4,87,3,2,2,Yes,No,No,No,Software Engineering,Semester 3
Student 7097,STU7097,27,4,73,2,2,3,Yes,No,No,No,Engineering,Semester 3
Student 7098,STU7098,20,4,77,3,3,1,Yes,Yes,No,Yes,Business,Semester 1
Student 7099,STU7099,19,2,74,1,6,1,Yes,Yes,No,No,Engineering,Semester 3
Student 7100,STU7100,17,4,77,0,3,3,No,Yes,No,No,Business,Semester 4
Student 7101,STU7101,20,2,80,0,5,1,Yes,No,Yes,Yes,Engineering,Semester 4
Student 7102,STU7102,20,3,91,0,4,2,Yes,No,Yes,Yes,Software Engineering,Semester 1
Student 7103,STU7103,21,3,77,0,6,0,No,No,Yes,No,Software Engineering,Semester 1
Student 7104,STU7104,20,6,89,1,6,2,Yes,No,No,No,Computer Science,Semester 2
Student 7105,STU7105,22,4,84,1,5,2,Yes,Yes,No,Yes,Business,Semester 2
Student 7106,STU7106,20,3,93,2,6,2,Yes,No,No,Yes,Software Engineering,Semester 3
Student 7107,STU7107,17,4,79,1,3,3,Yes,No,No,No,Software Engineering,Semester 1
Student 7108,STU7108,20,3,75,3,7,2,Yes,No,No,Yes,Business,Semester 1
Student 7109,STU7109,17,7,83,2,5,3,No,No,No,No,Business,Semester 4
Student 7110,STU7110,21,4,69,2,6,0,Yes,No,No,Yes,Computer Science,Semester 4
Student 7111,STU7111,18,0,83,2,4,1,Yes,No,No,No,Software Engineering,Semester 4
Student 7112,STU7112,21,2,86,2,1,3,No,No,No,Yes,Engineering,Semester 1
Student 7113,STU7113,23,6,90,2,6,3,Yes,No,No,Yes,Business,Semester 2
Student 7114,STU7114,18,4,85,2,5,4,Yes,No,No,No,Business,Semester 1
Student 7115,STU7115,23,3,80,0,7,2,Yes,No,No,Yes,Business,Semester 1
Student 7116,STU7116,20,4,97,5,6,3,No,No,No,Yes,Business,Semester 1
Student 7117,STU7117,24,1,81,0,10,0,Yes,Yes,No,No,Software Engineering,Semester 2
Student 7118,STU7118,20,2,73,0,7,1,Yes,Yes,No,Yes,Engineering,Semester 4
Student 7119,STU7119,19,2,81,0,5,2,Yes,No,No,Yes,Computer Science,Semester 3
Student 7120,STU7120,22,3,71,0,2,3,Yes,Yes,No,Yes,Data Science,Semester 3
Student 7121,STU7121,20,6,72,1,3,3,No,Yes,No,No,Software Engineering,Semester 3
Student 7122,STU7122,19,4,83,3,3,2,Yes,No,Yes,No,Software Engineering,Semester 2
Student 7123,STU7123,19,4,71,2,4,2,Yes,Yes,No,No,Data Science,Semester 2
Student 7124,STU7124,20,3,77,4,5,3,No,No,No,No,Data Science,Semester 3
Student 7125,STU7125,24,5,72,1,6,0,Yes,No,Yes,Yes,Business,Semester 3
Student 7126,STU7126,17,2,83,1,8,0,Yes,No,No,Yes,Engineering,Semester 2
Student 7127,STU7127,21,3,76,0,3,0,Yes,Yes,No,No,Software Engineering,Semester 3
Student 7128,STU7128,22,4,86,1,3,3,Yes,Yes,No,No,Software Engineering,Semester 1
Student 7129,STU7129,21,3,85,3,7,0,Yes,No,No,No,Computer Science,Semester 4
Student 7130,STU7130,23,5,71,0,7,2,No,No,No,No,Data Science,Semester 2
Student 7131,STU7131,20,3,89,1,4,2,Yes,No,No,Yes,Data Science,Semester 4
Student 7132,STU7132,20,5,80,4,7,1,Yes,Yes,No,No,Software Engineering,Semester 3
Student 7133,STU7133,22,4,72,2,6,2,Yes,No,No,No,Data Science,Semester 3
Student 7134,STU7134,21,2,85,1,2,3,Yes,Yes,Yes,Yes,Business,Semester 2
Student 7135,STU7135,20,3,96,3,4,2,Yes,No,Yes,Yes,Computer Science,Semester 2
Student 7136,STU7136,22,3,80,2,4,1,Yes,No,No,No,Software Engineering,Semester 1
Student 7137,STU7137,19,5,68,0,9,0,No,No,No,No,Computer Science,Semester 2
Student 7138,STU7138,19,6,89,1,6,1,Yes,No,No,No,Business,Semester 4
Student 7139,STU7139,19,2,94,5,4,1,Yes,No,No,No,Computer Science,Semester 2
Student 7140,STU7140,24,3,73,3,4,3,Yes,No,No,No,Data Science,Semester 1
Student 7141,STU7141,17,5,75,2,2,3,No,No,No,Yes,Software Engineering,Semester 4
Student 7142,STU7142,21,3,82,3,7,2,Yes,No,Yes,No,Computer Science,Semester 3
Student 7143,STU7143,21,3,66,1,6,0,Yes,No,No,No,Engineering,Semester 2
Student 7144,STU7144,17,4,98,2,6,3,Yes,No,No,No,Software Engineering,Semester 3
Student 7145,STU7145,21,2,81,1,3,0,No,No,No,No,Computer Science,Semester 1
Student 7146,STU7146,22,4,82,3,6,3,Yes,No,No,No,Software Engineering,Semester 2
Student 7147,STU7147,22,4,84,4,5,2,Yes,No,No,Yes,Computer Science,Semester 1
Student 7148,STU7148,17,4,79,6,4,2,Yes,Yes,No,No,Computer Science,Semester 3
Student 7149,STU7149,24,5,77,3,6,1,Yes,No,No,No,Data Science,Semester 4
Student 7150,STU7150,19,3,74,2,3,2,Yes,Yes,No,No,Computer Science,Semester 1
Student 7151,STU7151,22,4,72,0,5,1,Yes,No,No,Yes,Engineering,Semester 2
Student 7152,STU7152,22,4,85,2,5,0,Yes,No,Yes,Yes,Data Science,Semester 2
Student 7153,STU7153,19,1,92,1,7,3,No,No,Yes,No,Engineering,Semester 3
Student 7154,STU7154,22,5,89,2,7,1,No,No,No,No,Engineering,Semester 3
Student 7155,STU7155,20,4,79,3,5,2,Yes,No,No,No,Business,Semester 3
Student 7156,STU7156,17,4,80,1,5,3,Yes,Yes,No,No,Engineering,Semester 3
Student 7157,STU7157,23,4,94,2,6,2,Yes,No,No,No,Computer Science,Semester 2
Student 7158,STU7158,19,5,75,1,5,3,Yes,No,No,Yes,Software Engineering,Semester 2
Student 7159,STU7159,19,4,68,3,4,2,Yes,No,No,Yes,Data Science,Semester 2
Student 7160,STU7160,20,3,84,4,4,4,Yes,Yes,Yes,Yes,Data Science,Semester 1
Student 7161,STU7161,21,1,88,0,3,2,Yes,No,No,Yes,Data Science,Semester 4
Student 7162,STU7162,20,2,62,1,7,0,Yes,No,No,No,Software Engineering,Semester 4
Student 7163,STU7163,22,3,85,1,6,1,Yes,No,No,No,Engineering,Semester 4
Student 7164,STU7164,18,4,73,4,4,1,Yes,No,Yes,Yes,Business,Semester 1
Student 7165,STU7165,19,3,70,1,4,1,Yes,No,No,Yes,Computer Science,Semester 3
Student 7166,STU7166,20,3,79,3,5,0,Yes,No,No,No,Data Science,Semester 3
Student 7167,STU7167,25,2,72,0,3,4,No,No,No,No,Computer Science,Semester 3
Student 7168,STU7168,20,5,67,2,3,3,Yes,No,No,Yes,Engineering,Semester 2
Student 7169,STU7169,23,3,82,1,5,0,Yes,No,No,No,Business,Semester 1
Student 7170,STU7170,21,4,81,0,5,1,Yes,Yes,No,Yes,Data Science,Semester 4
Student 7171,STU7171,19,3,68,0,6,3,Yes,No,No,Yes,Engineering,Semester 3
Student 7172,STU7172,20,4,70,1,5,2,No,Yes,No,No,Business,Semester 4
Student 7173,STU7173,20,4,85,3,3,3,Yes,Yes,Yes,No,Data Science,Semester 3
Student 7174,STU7174,22,4,86,0,3,2,Yes,Yes,No,No,Engineering,Semester 4
Student 7175,STU7175,24,2,60,4,7,0,Yes,Yes,No,No,Computer Science,Semester 2
Student 7176,STU7176,21,3,71,1,4,1,Yes,No,No,Yes,Software Engineering,Semester 1
Student 7177,STU7177,23,1,81,0,5,3,No,No,No,No,Data Science,Semester 3
Student 7178,STU7178,18,6,85,1,6,2,Yes,Yes,Yes,No,Business,Semester 3
Student 7179,STU7179,20,0,85,5,4,0,Yes,No,Yes,No,Business,Semester 3
Student 7180,STU7180,19,5,86,1,4,1,Yes,No,No,No,Software Engineering,Semester 3
Student 7181,STU7181,21,4,76,2,2,3,Yes,No,No,Yes,Software Engineering,Semester 1
Student 7182,STU7182,20,1,83,2,3,0,Yes,No,No,No,Engineering,Semester 1
Student 7183,STU7183,22,4,78,1,6,2,Yes,No,Yes,No,Software Engineering,Semester 3
Student 7184,STU7184,19,2,77,5,4,4,Yes,Yes,No,Yes,Data Science,Semester 4
Student 7185,STU7185,21,4,69,3,6,2,Yes,Yes,Yes,Yes,Software Engineering,Semester 2
Student 7186,STU7186,22,3,84,2,2,2,No,Yes,No,Yes,Data Science,Semester 3
Student 7187,STU7187,17,4,68,4,7,1,Yes,No,Yes,No,Computer Science,Semester 2
Student 7188,STU7188,25,3,72,1,5,3,Yes,No,No,Yes,Software Engineering,Semester 4
Student 7189,STU7189,20,5,87,2,2,3,Yes,Yes,No,Yes,Computer Science,Semester 3
Student 7190,STU7190,17,2,80,1,7,2,Yes,Yes,No,No,Business,Semester 3
Student 7191,STU7191,21,3,90,3,3,0,Yes,Yes,Yes,Yes,Software Engineering,Semester 2
Student 7192,STU7192,21,3,79,2,7,2,Yes,No,No,Yes,Business,Semester 3
Student 7193,STU7193,20,3,77,1,5,3,Yes,No,No,No,Computer Science,Semester 4
Student 7194,STU7194,23,2,91,1,3,1,Yes,No,Yes,Yes,Business,Semester 1
Student 7195,STU7195,22,1,78,2,8,1,Yes,Yes,No,Yes,Computer Science,Semester 2
Student 7196,STU7196,21,4,84,2,6,2,Yes,No,No,Yes,Engineering,Semester 1
Student 7197,STU7197,22,4,80,3,7,2,Yes,Yes,No,Yes,Computer Science,Semester 2
Student 7198,STU7198,20,6,83,0,6,4,Yes,No,Yes,No,Engineering,Semester 1
Student 7199,STU7199,24,5,80,3,5,2,No,Yes,No,No,Business,Semester 4
Student 7200,STU7200,17,4,89,3,3,3,No,No,No,No,Computer Science,Semester 4
Student 7201,STU7201,21,3,82,1,5,1,Yes,No,No,Yes,Engineering,Semester 3
Student 7202,STU7202,21,4,79,0,5,1,Yes,No,Yes,Yes,Computer Science,Semester 4
Student 7203,STU7203,22,2,84,0,7,0,Yes,No,No,No,Data Science,Semester 4
Student 7204,STU7204,19,4,69,3,5,1,Yes,No,No,Yes,Data Science,Semester 3
Student 7205,STU7205,17,4,90,3,5,2,No,Yes,Yes,Yes,Business,Semester 2
Student 7206,STU7206,21,4,69,3,5,2,Yes,No,No,No,Data Science,Semester 4
Student 7207,STU7207,21,2,76,1,5,0,Yes,No,No,No,Software Engineering,Semester 4
Student 7208,STU7208,24,2,78,3,2,1,Yes,No,Yes,No,Engineering,Semester 1
Student 7209,STU7209,18,1,84,2,5,0,Yes,No,No,No,Software Engineering,Semester 4
Student 7210,STU7210,23,3,95,2,5,3,Yes,No,No,Yes,Data Science,Semester 3
Student 7211,STU7211,26,4,90,1,5,1,Yes,No,Yes,No,Business,Semester 4
Student 7212,STU7212,20,3,70,3,2,1,Yes,Yes,Yes,No,Software Engineering,Semester 1
Student 7213,STU7213,18,2,74,3,6,1,Yes,No,No,Yes,Business,Semester 4
Student 7214,STU7214,20,2,70,1,4,2,Yes,Yes,No,No,Computer Science,Semester 1
Student 7215,STU7215,21,4,71,1,5,0,Yes,No,Yes,No,Software Engineering,Semester 4
Student 7216,STU7216,22,4,77,2,7,1,Yes,No,No,No,Computer Science,Semester 2
Student 7217,STU7217,19,4,77,3,5,3,Yes,Yes,No,Yes,Software Engineering,Semester 3
Student 7218,STU7218,24,4,80,4,5,3,Yes,No,No,No,Engineering,Semester 4
Student 7219,STU7219,18,2,81,2,5,0,No,No,No,Yes,Business,Semester 2
Student 7220,STU7220,17,3,83,2,5,2,No,No,No,No,Computer Science,Semester 2
Student 7221,STU7221,23,3,74,3,4,2,No,Yes,Yes,Yes,Data Science,Semester 3
Student 7222,STU7222,17,5,81,2,4,0,Yes,No,No,No,Software Engineering,Semester 1
Student 7223,STU7223,20,5,84,1,8,1,Yes,No,No,No,Computer Science,Semester 2
Student 7224,STU7224,27,5,100,2,4,2,Yes,No,Yes,No,Software Engineering,Semester 3
Student 7225,STU7225,21,5,89,5,6,2,No,No,Yes,Yes,Software Engineering,Semester 4
Student 7226,STU7226,18,2,95,0,5,1,No,Yes,Yes,No,Software Engineering,Semester 1
Student 7227,STU7227,20,4,82,2,5,3,No,No,No,Yes,Computer Science,Semester 1
Student 7228,STU7228,20,1,86,1,6,1,Yes,No,Yes,No,Computer Science,Semester 1
Student 7229,STU7229,21,4,84,1,5,3,No,No,No,No,Software Engineering,Semester 2
Student 7230,STU7230,22,3,67,1,8,2,Yes,Yes,No,No,Data Science,Semester 2
Student 7231,STU7231,18,6,62,4,3,3,Yes,No,Yes,No,Business,Semester 3
Student 7232,STU7232,24,4,58,4,5,3,Yes,No,No,No,Software Engineering,Semester 1
Student 7233,STU7233,21,3,91,2,3,3,Yes,No,Yes,Yes,Data Science,Semester 1
Student 7234,STU7234,22,3,78,0,7,1,Yes,No,Yes,No,Business,Semester 3
Student 7235,STU7235,19,3,88,1,3,3,Yes,No,No,No,Software Engineering,Semester 4
Student 7236,STU7236,23,4,92,7,5,0,Yes,No,No,Yes,Business,Semester 1
Student 7237,STU7237,20,3,71,0,6,1,Yes,Yes,No,Yes,Software Engineering,Semester 1
Student 7238,STU7238,21,2,93,2,5,2,No,No,No,No,Computer Science,Semester 3
Student 7239,STU7239,18,3,72,1,7,1,Yes,No,No,No,Software Engineering,Semester 3
Student 7240,STU7240,18,1,80,3,4,3,Yes,No,Yes,Yes,Software Engineering,Semester 2
Student 7241,STU7241,22,4,73,2,8,2,Yes,Yes,Yes,No,Software Engineering,Semester 4
Student 7242,STU7242,20,3,83,2,4,1,No,No,No,Yes,Software Engineering,Semester 2
Student 7243,STU7243,19,2,80,1,6,1,Yes,Yes,Yes,No,Data Science,Semester 2
Student 7244,STU7244,19,4,88,3,5,3,Yes,Yes,No,No,Engineering,Semester 3
Student 7245,STU7245,22,1,90,3,6,1,Yes,No,Yes,Yes,Data Science,Semester 2
Student 7246,STU7246,19,4,94,0,3,2,Yes,No,No,Yes,Data Science,Semester 4
Student 7247,STU7247,20,4,88,5,5,0,Yes,Yes,No,No,Computer Science,Semester 1
Student 7248,STU7248,21,2,88,3,5,0,No,No,Yes,No,Software Engineering,Semester 2
Student 7249,STU7249,17,3,78,1,6,1,Yes,No,No,No,Data Science,Semester 2
Student 7250,STU7250,17,4,80,3,6,2,Yes,No,No,No,Business,Semester 2
Student 7251,STU7251,21,4,84,3,4,3,No,Yes,Yes,No,Software Engineering,Semester 4
Student 7252,STU7252,19,5,72,4,7,2,No,No,No,No,Computer Science,Semester 4
Student 7253,STU7253,23,4,91,4,5,3,Yes,No,Yes,No,Computer Science,Semester 4
Student 7254,STU7254,23,5,80,3,6,0,No,Yes,Yes,No,Business,Semester 3
Student 7255,STU7255,22,5,83,2,3,2,Yes,No,Yes,No,Computer Science,Semester 1
Student 7256,STU7256,25,4,69,3,4,3,Yes,No,No,No,Software Engineering,Semester 3
Student 7257,STU7257,20,3,79,1,7,0,Yes,Yes,Yes,Yes,Engineering,Semester 1
Student 7258,STU7258,22,3,88,1,8,1,Yes,No,Yes,No,Engineering,Semester 2
Student 7259,STU7259,19,3,85,1,6,2,Yes,No,No,No,Data Science,Semester 4
Student 7260,STU7260,26,5,88,0,5,3,Yes,No,No,No,Computer Science,Semester 4
Student 7261,STU7261,25,3,79,2,3,2,Yes,No,No,No,Software Engineering,Semester 4
Student 7262,STU7262,21,5,83,0,6,2,Yes,No,Yes,No,Business,Semester 2
Student 7263,STU7263,21,3,81,4,6,1,Yes,No,No,Yes,Business,Semester 1
Student 7264,STU7264,24,5,87,1,1,3,Yes,No,No,No,Software Engineering,Semester 3
Student 7265,STU7265,20,4,84,0,2,2,Yes,No,No,Yes,Software Engineering,Semester 3
Student 7266,STU7266,19,3,78,2,6,1,Yes,Yes,Yes,Yes,Business,Semester 2
Student 7267,STU7267,22,4,61,2,4,3,Yes,Yes,No,No,Computer Science,Semester 1
Student 7268,STU7268,21,2,83,0,3,1,Yes,No,No,Yes,Data Science,Semester 4
Student 7269,STU7269,21,4,68,1,5,1,Yes,Yes,No,Yes,Data Science,Semester 1
Student 7270,STU7270,19,5,87,2,6,3,Yes,No,Yes,No,Data Science,Semester 1
Student 7271,STU7271,17,5,88,1,8,1,Yes,No,Yes,Yes,Software Engineering,Semester 4
Student 7272,STU7272,21,3,63,2,4,2,No,No,No,Yes,Business,Semester 1
Student 7273,STU7273,23,6,84,2,6,1,Yes,No,No,No,Business,Semester 2
Student 7274,STU7274,20,3,84,2,3,2,Yes,No,Yes,No,Business,Semester 3
Student 7275,STU7275,24,3,85,3,4,3,Yes,Yes,No,Yes,Business,Semester 2
Student 7276,STU7276,19,3,72,2,5,0,No,No,Yes,Yes,Business,Semester 1
Student 7277,STU7277,18,3,85,2,5,3,Yes,No,No,No,Engineering,Semester 4
Student 7278,STU7278,20,2,71,3,3,0,Yes,No,No,Yes,Software Engineering,Semester 3
Student 7279,STU7279,20,2,87,0,6,3,Yes,Yes,No,No,Software Engineering,Semester 2
Student 7280,STU7280,22,2,85,0,6,0,Yes,Yes,Yes,No,Engineering,Semester 1
Student 7281,STU7281,19,4,79,1,9,1,Yes,No,No,No,Data Science,Semester 4
Student 7282,STU7282,24,5,85,1,5,1,Yes,No,No,No,Computer Science,Semester 2
Student 7283,STU7283,25,3,74,4,5,0,Yes,No,No,Yes,Software Engineering,Semester 1
Student 7284,STU7284,20,3,77,2,6,2,Yes,No,No,No,Software Engineering,Semester 4
Student 7285,STU7285,23,2,91,2,3,2,Yes,Yes,Yes,No,Engineering,Semester 2
Student 7286,STU7286,18,4,91,0,3,2,Yes,No,No,No,Software Engineering,Semester 4
Student 7287,STU7287,23,4,73,4,5,2,Yes,No,Yes,No,Software Engineering,Semester 2
Student 7288,STU7288,23,5,77,2,1,3,Yes,Yes,No,No,Data Science,Semester 2
Student 7289,STU7289,22,2,77,3,3,3,No,No,No,No,Engineering,Semester 1
Student 7290,STU7290,21,3,82,2,4,1,Yes,No,Yes,Yes,Software Engineering,Semester 3
Student 7291,STU7291,17,3,80,1,7,4,Yes,No,No,Yes,Business,Semester 3
Student 7292,STU7292,19,3,92,1,6,2,Yes,No,No,Yes,Engineering,Semester 4
Student 7293,STU7293,19,5,94,0,2,3,Yes,Yes,No,Yes,Data Science,Semester 4
Student 7294,STU7294,18,3,96,4,5,3,Yes,No,No,No,Computer Science,Semester 4
Student 7295,STU7295,21,3,99,2,6,1,Yes,No,Yes,No,Software Engineering,Semester 4
Student 7296,STU7296,20,2,69,3,6,3,No,No,No,No,Business,Semester 4
Student 7297,STU7297,19,6,80,5,7,3,Yes,No,No,No,Business,Semester 1
Student 7298,STU7298,18,2,76,1,7,1,Yes,No,No,Yes,Computer Science,Semester 4
Student 7299,STU7299,19,4,74,1,6,0,Yes,No,No,No,Engineering,Semester 3
Student 7300,STU7300,23,2,93,2,6,3,Yes,No,Yes,No,Data Science,Semester 3
Student 7301,STU7301,19,4,85,3,5,2,Yes,No,Yes,No,Software Engineering,Semester 2
Student 7302,STU7302,19,2,69,2,7,2,Yes,No,No,Yes,Software Engineering,Semester 2
Student 7303,STU7303,20,4,100,3,4,2,Yes,Yes,No,No,Software Engineering,Semester 1
Student 7304,STU7304,21,4,67,2,5,1,No,Yes,No,No,Business,Semester 1
Student 7305,STU7305,22,3,79,0,4,3,Yes,No,No,No,Engineering,Semester 4
Student 7306,STU7306,17,4,82,2,6,0,No,Yes,No,Yes,Computer Science,Semester 2
Student 7307,STU7307,23,4,72,2,5,3,Yes,Yes,No,Yes,Engineering,Semester 1
Student 7308,STU7308,24,3,86,3,7,3,Yes,No,No,Yes,Data Science,Semester 1
Student 7309,STU7309,18,4,77,1,5,2,Yes,Yes,No,No,Data Science,Semester 3
Student 7310,STU7310,18,4,88,1,7,2,Yes,Yes,No,No,Computer Science,Semester 1
Student 7311,STU7311,20,5,85,1,1,1,No,No,No,No,Business,Semester 1
Student 7312,STU7312,19,2,62,0,4,0,Yes,No,Yes,No,Computer Science,Semester 2
Student 7313,STU7313,21,4,69,2,7,1,Yes,No,Yes,Yes,Data Science,Semester 4
Student 7314,STU7314,17,4,88,3,5,2,Yes,No,Yes,No,Business,Semester 4
Student 7315,STU7315,18,3,85,1,7,0,Yes,No,Yes,No,Engineering,Semester 1
Student 7316,STU7316,24,5,73,4,6,1,No,No,Yes,Yes,Data Science,Semester 2
Student 7317,STU7317,19,3,76,2,3,1,Yes,No,No,No,Business,Semester 4
Student 7318,STU7318,23,4,81,3,8,2,Yes,No,No,Yes,Business,Semester 4
Student 7319,STU7319,21,3,65,5,4,1,Yes,No,No,Yes,Software Engineering,Semester 1
Student 7320,STU7320,17,5,100,2,4,4,No,No,No,No,Engineering,Semester 4
Student 7321,STU7321,22,4,74,2,7,2,Yes,No,No,No,Business,Semester 4
Student 7322,STU7322,20,1,82,2,3,3,Yes,Yes,Yes,No,Computer Science,Semester 3
Student 7323,STU7323,20,5,95,2,3,0,Yes,No,No,Yes,Engineering,Semester 2
Student 7324,STU7324,21,4,80,0,4,2,Yes,Yes,No,No,Engineering,Semester 1
Student 7325,STU7325,22,4,84,1,7,1,Yes,No,No,No,Data Science,Semester 1
Student 7326,STU7326,22,3,74,2,9,1,Yes,No,Yes,No,Engineering,Semester 3
Student 7327,STU7327,23,2,77,4,5,2,Yes,No,No,No,Engineering,Semester 1
Student 7328,STU7328,21,4,74,3,4,3,Yes,Yes,No,No,Software Engineering,Semester 3
Student 7329,STU7329,18,2,92,1,7,0,Yes,No,Yes,Yes,Engineering,Semester 2
Student 7330,STU7330,20,3,76,3,4,1,Yes,Yes,No,No,Business,Semester 4
Student 7331,STU7331,27,4,76,1,4,1,Yes,No,Yes,No,Computer Science,Semester 4
Student 7332,STU7332,22,2,75,1,6,0,No,No,No,Yes,Software Engineering,Semester 2
Student 7333,STU7333,26,2,85,5,7,1,No,Yes,No,No,Software Engineering,Semester 1
Student 7334,STU7334,24,4,86,2,5,3,Yes,No,No,No,Software Engineering,Semester 2
Student 7335,STU7335,21,3,66,2,4,0,Yes,Yes,Yes,No,Software Engineering,Semester 4
Student 7336,STU7336,21,6,82,4,9,2,Yes,No,Yes,Yes,Data Science,Semester 3
Student 7337,STU7337,20,3,84,3,4,2,Yes,Yes,No,Yes,Software Engineering,Semester 3
Student 7338,STU7338,17,1,93,2,4,2,Yes,Yes,Yes,Yes,Data Science,Semester 1
Student 7339,STU7339,21,5,72,0,4,1,Yes,Yes,No,No,Data Science,Semester 4
Student 7340,STU7340,23,2,73,0,6,1,Yes,Yes,No,Yes,Engineering,Semester 3
Student 7341,STU7341,19,2,87,1,4,3,No,No,No,Yes,Computer Science,Semester 3
Student 7342,STU7342,21,3,81,1,7,3,Yes,No,Yes,No,Engineering,Semester 3
Student 7343,STU7343,22,4,93,3,5,3,Yes,No,No,Yes,Data Science,Semester 1
Student 7344,STU7344,19,4,90,0,4,2,Yes,Yes,No,No,Engineering,Semester 4
Student 7345,STU7345,20,5,84,2,4,4,Yes,No,No,No,Business,Semester 2
Student 7346,STU7346,18,0,81,2,5,0,Yes,No,No,No,Software Engineering,Semester 3
Student 7347,STU7347,19,2,80,1,6,2,Yes,No,No,No,Software Engineering,Semester 2
Student 7348,STU7348,18,5,81,0,5,3,Yes,No,Yes,No,Data Science,Semester 2
Student 7349,STU7349,19,2,82,3,5,1,Yes,No,Yes,No,Engineering,Semester 1
Student 7350,STU7350,24,3,93,2,4,3,No,Yes,No,No,Business,Semester 1
Student 7351,STU7351,19,5,65,3,4,3,Yes,No,Yes,Yes,Business,Semester 2
Student 7352,STU7352,21,3,78,2,5,1,Yes,No,No,No,Business,Semester 1
Student 7353,STU7353,19,3,83,1,5,1,Yes,No,No,No,Data Science,Semester 2
Student 7354,STU7354,23,3,77,2,5,1,Yes,Yes,No,No,Engineering,Semester 3
Student 7355,STU7355,23,5,79,1,4,1,Yes,Yes,Yes,No,Business,Semester 4
Student 7356,STU7356,22,1,78,4,5,1,Yes,No,No,No,Business,Semester 2
Student 7357,STU7357,21,6,92,2,5,2,No,Yes,No,No,Engineering,Semester 4
Student 7358,STU7358,20,3,78,1,5,2,No,Yes,Yes,Yes,Engineering,Semester 2
Student 7359,STU7359,18,3,76,2,4,3,Yes,No,Yes,Yes,Software Engineering,Semester 3
Student 7360,STU7360,25,2,88,0,6,1,No,No,No,No,Computer Science,Semester 1
Student 7361,STU7361,19,2,77,2,5,3,Yes,No,No,Yes,Computer Science,Semester 2
Student 7362,STU7362,22,0,80,0,4,2,Yes,Yes,Yes,Yes,Business,Semester 1
Student 7363,STU7363,23,5,73,2,5,0,Yes,No,Yes,No,Engineering,Semester 3
Student 7364,STU7364,19,1,78,0,4,0,Yes,Yes,Yes,Yes,Software Engineering,Semester 4
Student 7365,STU7365,23,3,81,2,5,2,Yes,No,No,No,Data Science,Semester 2
Student 7366,STU7366,22,3,71,1,8,1,Yes,No,No,Yes,Computer Science,Semester 2
Student 7367,STU7367,24,4,81,0,5,2,Yes,No,No,No,Computer Science,Semester 4
Student 7368,STU7368,20,1,86,2,5,2,Yes,No,No,No,Engineering,Semester 2
Student 7369,STU7369,18,2,66,2,8,1,Yes,No,No,Yes,Data Science,Semester 2
Student 7370,STU7370,19,4,76,2,6,1,No,Yes,No,No,Computer Science,Semester 4
Student 7371,STU7371,21,4,100,1,6,2,Yes,Yes,Yes,No,Software Engineering,Semester 1
Student 7372,STU7372,21,3,80,1,5,2,Yes,Yes,No,No,Computer Science,Semester 1
Student 7373,STU7373,20,4,91,2,4,2,Yes,Yes,Yes,No,Engineering,Semester 4
Student 7374,STU7374,17,6,81,3,6,3,Yes,No,No,No,Engineering,Semester 3
Student 7375,STU7375,22,5,79,1,8,1,Yes,Yes,Yes,Yes,Data Science,Semester 4
Student 7376,STU7376,25,5,89,2,3,3,Yes,No,Yes,No,Computer Science,Semester 4
Student 7377,STU7377,22,4,91,1,5,3,Yes,No,Yes,Yes,Data Science,Semester 1
Student 7378,STU7378,22,4,74,0,5,3,Yes,No,No,No,Computer Science,Semester 2
Student 7379,STU7379,22,3,73,2,4,1,Yes,No,No,Yes,Business,Semester 3
Student 7380,STU7380,21,4,71,1,7,2,Yes,Yes,No,No,Computer Science,Semester 2
Student 7381,STU7381,23,6,75,1,5,2,Yes,No,No,Yes,Engineering,Semester 2
Student 7382,STU7382,21,5,91,4,6,2,Yes,No,No,Yes,Engineering,Semester 3
Student 7383,STU7383,20,3,82,3,4,2,No,Yes,No,No,Business,Semester 4
Student 7384,STU7384,19,4,91,3,5,3,Yes,No,Yes,No,Computer Science,Semester 4
Student 7385,STU7385,20,4,73,1,3,3,Yes,No,No,No,Computer Science,Semester 2
Student 7386,STU7386,21,5,74,0,8,2,Yes,No,Yes,No,Engineering,Semester 2
Student 7387,STU7387,20,3,78,3,6,2,Yes,No,No,Yes,Business,Semester 3
Student 7388,STU7388,21,3,84,0,3,3,No,No,No,No,Engineering,Semester 1
Student 7389,STU7389,22,4,80,3,5,0,Yes,No,No,Yes,Business,Semester 3
Student 7390,STU7390,22,5,87,1,5,3,Yes,Yes,Yes,Yes,Engineering,Semester 3
Student 7391,STU7391,23,3,85,0,6,3,Yes,No,No,No,Software Engineering,Semester 3
Student 7392,STU7392,21,4,85,2,5,1,Yes,No,No,No,Computer Science,Semester 1
Student 7393,STU7393,18,2,87,3,2,2,Yes,No,No,Yes,Data Science,Semester 4
Student 7394,STU7394,20,2,90,1,4,1,Yes,No,No,Yes,Software Engineering,Semester 3
Student 7395,STU7395,21,5,62,2,7,2,Yes,No,No,No,Engineering,Semester 1
Student 7396,STU7396,17,3,81,3,7,2,Yes,No,No,No,Business,Semester 2
Student 7397,STU7397,24,4,88,2,5,2,Yes,No,Yes,No,Data Science,Semester 3
Student 7398,STU7398,21,7,100,0,5,3,No,No,No,No,Business,Semester 2
Student 7399,STU7399,21,5,81,1,5,2,Yes,Yes,No,Yes,Business,Semester 2
Student 7400,STU7400,24,4,64,2,5,1,Yes,No,No,No,Computer Science,Semester 1
Student 7401,STU7401,19,4,93,1,5,3,Yes,No,No,Yes,Engineering,Semester 2
Student 7402,STU7402,22,1,72,2,4,2,Yes,No,No,Yes,Computer Science,Semester 2
Student 7403,STU7403,20,3,85,3,6,4,Yes,Yes,No,Yes,Business,Semester 3
Student 7404,STU7404,20,2,86,2,7,0,Yes,No,Yes,No,Computer Science,Semester 2
Student 7405,STU7405,19,4,83,0,6,0,Yes,No,No,Yes,Software Engineering,Semester 3
Student 7406,STU7406,24,6,64,1,6,4,Yes,No,No,No,Business,Semester 2
Student 7407,STU7407,20,1,79,2,3,2,Yes,Yes,No,No,Business,Semester 4
Student 7408,STU7408,22,6,69,4,3,3,No,No,Yes,No,Software Engineering,Semester 4
Student 7409,STU7409,17,4,85,0,3,2,Yes,Yes,Yes,Yes,Business,Semester 1
Student 7410,STU7410,23,2,74,2,7,2,Yes,No,No,Yes,Data Science,Semester 2
Student 7411,STU7411,23,2,65,2,4,3,Yes,Yes,No,No,Data Science,Semester 1
Student 7412,STU7412,21,3,87,1,7,0,Yes,Yes,Yes,Yes,Engineering,Semester 3
Student 7413,STU7413,20,2,71,1,4,1,Yes,Yes,No,No,Engineering,Semester 3
Student 7414,STU7414,21,2,83,3,5,0,Yes,Yes,No,No,Computer Science,Semester 2
Student 7415,STU7415,26,4,76,1,5,1,Yes,Yes,No,No,Computer Science,Semester 2
Student 7416,STU7416,17,3,88,0,4,4,Yes,No,Yes,Yes,Software Engineering,Semester 4
Student 7417,STU7417,22,4,88,3,2,3,Yes,No,No,No,Software Engineering,Semester 3
Student 7418,STU7418,19,4,83,6,5,0,Yes,No,No,No,Business,Semester 3
Student 7419,STU7419,21,4,81,2,4,2,Yes,No,No,No,Engineering,Semester 3
Student 7420,STU7420,20,5,78,2,2,3,Yes,No,No,Yes,Engineering,Semester 1
Student 7421,STU7421,20,2,72,1,6,1,Yes,No,Yes,No,Engineering,Semester 2
Student 7422,STU7422,21,3,77,3,6,0,Yes,Yes,No,No,Engineering,Semester 3
Student 7423,STU7423,18,2,85,2,4,2,Yes,Yes,No,Yes,Computer Science,Semester 3
Student 7424,STU7424,23,2,97,2,3,0,Yes,No,No,No,Data Science,Semester 2
Student 7425,STU7425,17,5,86,3,8,2,Yes,No,No,Yes,Software Engineering,Semester 2
Student 7426,STU7426,22,3,87,2,6,2,Yes,Yes,Yes,No,Software Engineering,Semester 1
Student 7427,STU7427,20,4,81,4,1,3,Yes,Yes,No,No,Engineering,Semester 4
Student 7428,STU7428,18,4,86,0,4,2,Yes,Yes,No,Yes,Engineering,Semester 3
Student 7429,STU7429,21,4,64,2,4,0,Yes,No,No,Yes,Computer Science,Semester 4
Student 7430,STU7430,17,4,76,1,4,1,Yes,Yes,Yes,No,Computer Science,Semester 2
Student 7431,STU7431,21,4,87,2,7,2,Yes,No,Yes,Yes,Software Engineering,Semester 4
Student 7432,STU7432,17,2,87,0,6,2,Yes,No,No,No,Engineering,Semester 1
Student 7433,STU7433,22,4,77,1,6,2,Yes,No,Yes,Yes,Engineering,Semester 4
Student 7434,STU7434,19,4,71,0,5,2,Yes,Yes,No,Yes,Software Engineering,Semester 3
Student 7435,STU7435,20,2,81,3,7,2,Yes,Yes,Yes,No,Computer Science,Semester 1
Student 7436,STU7436,21,1,78,2,4,2,No,No,No,No,Software Engineering,Semester 2
Student 7437,STU7437,19,4,89,2,5,1,Yes,No,No,No,Computer Science,Semester 1
Student 7438,STU7438,20,5,87,2,6,3,Yes,No,No,No,Computer Science,Semester 3
Student 7439,STU7439,17,4,79,2,5,2,Yes,No,No,No,Computer Science,Semester 2
Student 7440,STU7440,22,3,90,2,1,3,Yes,No,No,No,Engineering,Semester 4
Student 7441,STU7441,24,1,79,4,2,3,Yes,No,No,Yes,Software Engineering,Semester 3
Student 7442,STU7442,27,4,84,3,9,2,Yes,No,No,Yes,Computer Science,Semester 1
Student 7443,STU7443,21,5,98,3,6,3,Yes,No,No,Yes,Data Science,Semester 1
Student 7444,STU7444,22,3,78,1,6,0,Yes,Yes,No,No,Computer Science,Semester 1
Student 7445,STU7445,17,4,83,1,8,3,Yes,Yes,No,No,Computer Science,Semester 2
Student 7446,STU7446,24,4,82,2,3,1,Yes,Yes,No,No,Computer Science,Semester 1
Student 7447,STU7447,22,2,82,0,4,0,Yes,Yes,No,No,Business,Semester 2
Student 7448,STU7448,19,3,75,1,3,2,Yes,No,Yes,Yes,Data Science,Semester 1
Student 7449,STU7449,23,3,92,2,9,1,Yes,Yes,Yes,No,Engineering,Semester 1
Student 7450,STU7450,20,3,74,1,3,3,Yes,No,Yes,Yes,Software Engineering,Semester 2
Student 7451,STU7451,20,4,96,2,7,1,Yes,No,Yes,No,Software Engineering,Semester 2
Student 7452,STU7452,22,4,95,0,4,3,Yes,Yes,No,No,Software Engineering,Semester 2
Student 7453,STU7453,18,3,84,4,5,1,Yes,No,No,No,Engineering,Semester 3
Student 7454,STU7454,23,3,82,0,7,1,Yes,Yes,No,No,Computer Science,Semester 4
Student 7455,STU7455,18,4,75,1,6,1,No,Yes,Yes,No,Data Science,Semester 1
Student 7456,STU7456,18,4,82,2,5,1,No,No,No,No,Software Engineering,Semester 3
Student 7457,STU7457,19,4,90,0,9,1,Yes,No,No,Yes,Business,Semester 4
Student 7458,STU7458,22,4,76,2,5,2,Yes,No,No,Yes,Business,Semester 1
Student 7459,STU7459,19,2,93,1,3,2,Yes,Yes,No,No,Data Science,Semester 1
Student 7460,STU7460,18,4,90,2,4,1,Yes,No,No,No,Software Engineering,Semester 1
Student 7461,STU7461,19,2,81,1,7,1,Yes,Yes,No,No,Computer Science,Semester 4
Student 7462,STU7462,20,3,88,2,4,2,Yes,Yes,Yes,Yes,Software Engineering,Semester 1
Student 7463,STU7463,18,1,74,2,7,0,No,No,No,No,Computer Science,Semester 3
Student 7464,STU7464,18,4,81,1,2,3,Yes,Yes,No,Yes,Software Engineering,Semester 1
Student 7465,STU7465,25,2,99,3,7,0,Yes,No,No,Yes,Business,Semester 3
Student 7466,STU7466,19,2,91,1,7,0,Yes,No,Yes,No,Engineering,Semester 2
Student 7467,STU7467,20,2,86,2,3,3,Yes,No,Yes,Yes,Data Science,Semester 4
Student 7468,STU7468,20,4,82,1,5,1,Yes,Yes,No,Yes,Computer Science,Semester 3
Student 7469,STU7469,20,3,81,1,5,3,Yes,No,No,No,Engineering,Semester 1
Student 7470,STU7470,22,3,81,2,6,2,Yes,No,No,Yes,Computer Science,Semester 3
Student 7471,STU7471,23,6,75,5,7,1,Yes,No,No,No,Data Science,Semester 3
Student 7472,STU7472,20,4,87,3,4,3,Yes,Yes,No,No,Engineering,Semester 2
Student 7473,STU7473,18,1,90,2,6,1,No,No,Yes,No,Engineering,Semester 4
Student 7474,STU7474,23,2,80,5,5,2,Yes,No,No,No,Data Science,Semester 2
Student 7475,STU7475,20,1,85,0,5,2,Yes,Yes,Yes,No,Data Science,Semester 4
Student 7476,STU7476,24,3,76,1,8,0,Yes,Yes,No,No,Computer Science,Semester 2
Student 7477,STU7477,17,5,81,3,5,1,Yes,No,No,No,Engineering,Semester 4
Student 7478,STU7478,21,4,75,1,3,0,Yes,No,Yes,No,Data Science,Semester 1
Student 7479,STU7479,25,3,80,1,6,2,No,No,No,No,Computer Science,Semester 3
Student 7480,STU7480,20,3,83,5,8,1,Yes,Yes,No,No,Software Engineering,Semester 3
Student 7481,STU7481,20,4,86,4,5,2,Yes,No,Yes,No,Data Science,Semester 2
Student 7482,STU7482,21,1,77,2,7,0,Yes,No,Yes,No,Engineering,Semester 1
Student 7483,STU7483,19,3,85,0,4,3,Yes,No,No,No,Software Engineering,Semester 1
Student 7484,STU7484,20,4,74,1,6,1,Yes,Yes,No,No,Data Science,Semester 1
Student 7485,STU7485,20,2,84,2,2,2,Yes,No,No,No,Business,Semester 2
Student 7486,STU7486,19,4,99,0,5,1,Yes,Yes,No,No,Engineering,Semester 4
Student 7487,STU7487,23,6,79,0,5,4,Yes,No,No,Yes,Engineering,Semester 1
Student 7488,STU7488,22,4,56,0,5,1,No,No,No,No,Computer Science,Semester 1
Student 7489,STU7489,21,1,89,0,6,2,Yes,No,No,Yes,Business,Semester 4
Student 7490,STU7490,22,3,84,3,7,1,Yes,No,No,No,Data Science,Semester 4
Student 7491,STU7491,20,3,85,0,2,2,Yes,No,No,No,Business,Semester 1
Student 7492,STU7492,19,7,92,2,8,2,Yes,Yes,No,No,Data Science,Semester 2
Student 7493,STU7493,19,5,76,0,4,3,Yes,No,Yes,No,Computer Science,Semester 2
Student 7494,STU7494,21,5,76,2,3,3,Yes,Yes,Yes,No,Software Engineering,Semester 3
Student 7495,STU7495,18,4,86,1,7,1,No,Yes,Yes,Yes,Business,Semester 3
Student 7496,STU7496,19,2,90,1,3,2,Yes,No,No,No,Engineering,Semester 3
Student 7497,STU7497,19,6,83,3,8,2,Yes,No,No,Yes,Data Science,Semester 2
Student 7498,STU7498,25,5,81,6,1,4,No,No,No,Yes,Business,Semester 3
Student 7499,STU7499,17,5,84,4,4,3,Yes,No,No,No,Data Science,Semester 1
Student 7500,STU7500,20,6,87,1,7,0,Yes,No,No,No,Business,Semester 2
Student 7501,STU7501,24,6,70,1,6,2,Yes,Yes,No,No,Engineering,Semester 2
Student 7502,STU7502,21,3,74,1,1,2,Yes,Yes,Yes,No,Data Science,Semester 3
Student 7503,STU7503,22,4,81,1,4,2,Yes,No,No,Yes,Data Science,Semester 1
Student 7504,STU7504,21,4,87,0,2,2,Yes,Yes,No,No,Software Engineering,Semester 1
Student 7505,STU7505,19,5,99,2,5,3,Yes,No,Yes,Yes,Computer Science,Semester 2
Student 7506,STU7506,17,4,81,3,5,2,No,No,No,Yes,Business,Semester 2
Student 7507,STU7507,21,4,84,2,5,1,Yes,No,No,No,Engineering,Semester 3
Student 7508,STU7508,19,4,76,1,5,2,Yes,No,Yes,Yes,Software Engineering,Semester 1
Student 7509,STU7509,19,3,87,1,3,4,Yes,Yes,No,Yes,Software Engineering,Semester 2
Student 7510,STU7510,19,4,73,2,4,3,No,No,No,Yes,Computer Science,Semester 4
Student 7511,STU7511,24,5,81,3,7,2,Yes,Yes,No,No,Engineering,Semester 1
Student 7512,STU7512,26,2,74,3,4,0,No,No,No,No,Business,Semester 4
Student 7513,STU7513,21,4,65,4,4,2,Yes,Yes,No,No,Data Science,Semester 2
Student 7514,STU7514,20,4,100,5,7,1,Yes,No,No,No,Computer Science,Semester 3
Student 7515,STU7515,18,6,88,1,3,3,Yes,No,Yes,No,Data Science,Semester 2
Student 7516,STU7516,22,3,88,4,8,0,Yes,No,No,Yes,Software Engineering,Semester 2
Student 7517,STU7517,24,2,89,2,8,0,Yes,No,Yes,Yes,Data Science,Semester 4
Student 7518,STU7518,20,5,93,1,3,2,Yes,No,No,No,Business,Semester 2
Student 7519,STU7519,17,4,83,1,7,2,Yes,No,Yes,No,Business,Semester 3
Student 7520,STU7520,22,3,88,1,1,2,Yes,No,No,No,Data Science,Semester 4
Student 7521,STU7521,23,5,78,1,5,1,Yes,No,No,Yes,Data Science,Semester 4
Student 7522,STU7522,17,1,80,0,3,3,Yes,No,No,Yes,Computer Science,Semester 3
Student 7523,STU7523,21,3,69,1,6,0,Yes,No,Yes,Yes,Business,Semester 4
Student 7524,STU7524,22,4,83,2,6,2,Yes,No,No,No,Data Science,Semester 3
Student 7525,STU7525,20,4,77,2,5,3,Yes,Yes,Yes,Yes,Engineering,Semester 4
Student 7526,STU7526,19,2,80,4,3,3,Yes,No,No,No,Computer Science,Semester 2
Student 7527,STU7527,23,2,88,0,7,3,Yes,No,No,Yes,Computer Science,Semester 2
Student 7528,STU7528,20,6,84,2,5,4,Yes,No,No,No,Computer Science,Semester 1
Student 7529,STU7529,17,4,90,1,4,2,Yes,No,No,Yes,Computer Science,Semester 4
Student 7530,STU7530,17,4,77,2,5,2,Yes,No,No,Yes,Data Science,Semester 3
Student 7531,STU7531,23,3,85,1,5,2,Yes,No,Yes,Yes,Software Engineering,Semester 3
Student 7532,STU7532,22,2,76,3,5,0,Yes,No,No,Yes,Engineering,Semester 4
Student 7533,STU7533,21,3,80,2,6,1,Yes,No,No,Yes,Software Engineering,Semester 2
Student 7534,STU7534,20,5,79,2,7,2,Yes,No,No,No,Software Engineering,Semester 3
Student 7535,STU7535,19,3,73,1,7,1,Yes,No,No,Yes,Data Science,Semester 1
Student 7536,STU7536,18,3,78,0,5,0,Yes,No,Yes,Yes,Computer Science,Semester 3
Student 7537,STU7537,20,6,86,1,6,4,Yes,Yes,No,No,Computer Science,Semester 3
Student 7538,STU7538,17,6,74,2,5,3,Yes,No,No,No,Data Science,Semester 3
Student 7539,STU7539,19,2,76,2,7,0,Yes,No,No,Yes,Data Science,Semester 1
Student 7540,STU7540,20,4,76,3,5,2,Yes,No,No,No,Business,Semester 1
Student 7541,STU7541,22,3,93,3,5,1,Yes,No,No,No,Computer Science,Semester 3
Student 7542,STU7542,20,2,88,4,5,0,Yes,No,No,Yes,Engineering,Semester 1
Student 7543,STU7543,22,4,95,0,6,2,Yes,No,No,No,Business,Semester 2
Student 7544,STU7544,24,3,92,1,6,0,No,No,No,Yes,Software Engineering,Semester 3
Student 7545,STU7545,23,3,81,2,8,1,Yes,No,Yes,Yes,Computer Science,Semester 1
Student 7546,STU7546,22,5,97,2,7,1,Yes,No,No,No,Data Science,Semester 1
Student 7547,STU7547,21,1,94,0,5,1,Yes,No,No,Yes,Data Science,Semester 1
Student 7548,STU7548,18,3,81,4,5,1,Yes,No,No,Yes,Data Science,Semester 2
Student 7549,STU7549,22,4,84,1,5,1,Yes,No,No,No,Computer Science,Semester 1
Student 7550,STU7550,24,5,76,3,7,2,Yes,No,No,No,Engineering,Semester 4
Student 7551,STU7551,21,3,81,4,5,1,No,No,No,No,Data Science,Semester 4
Student 7552,STU7552,25,4,69,2,9,0,Yes,Yes,Yes,No,Computer Science,Semester 2
Student 7553,STU7553,17,3,77,3,5,2,Yes,No,No,No,Software Engineering,Semester 2
Student 7554,STU7554,18,3,88,3,8,1,Yes,No,Yes,No,Business,Semester 1
Student 7555,STU7555,22,3,73,2,8,2,Yes,No,No,Yes,Computer Science,Semester 2
Student 7556,STU7556,21,3,79,2,8,3,Yes,Yes,Yes,No,Computer Science,Semester 1
Student 7557,STU7557,23,4,86,1,4,0,Yes,No,No,Yes,Data Science,Semester 1
Student 7558,STU7558,21,5,79,2,5,1,Yes,Yes,No,Yes,Business,Semester 1
Student 7559,STU7559,19,4,91,5,5,2,Yes,No,No,No,Business,Semester 4
Student 7560,STU7560,20,3,91,2,8,2,Yes,No,No,No,Data Science,Semester 4
Student 7561,STU7561,17,4,77,2,4,2,Yes,No,Yes,Yes,Engineering,Semester 3
Student 7562,STU7562,18,4,78,1,4,2,Yes,No,Yes,Yes,Computer Science,Semester 2
Student 7563,STU7563,23,4,82,4,6,2,Yes,No,No,No,Data Science,Semester 4
Student 7564,STU7564,22,3,76,2,3,3,Yes,Yes,No,No,Engineering,Semester 2
Student 7565,STU7565,21,4,95,2,6,3,Yes,No,No,No,Data Science,Semester 1
Student 7566,STU7566,17,4,78,1,3,3,No,No,Yes,No,Software Engineering,Semester 2
Student 7567,STU7567,20,2,89,2,4,1,No,No,No,No,Engineering,Semester 1
Student 7568,STU7568,18,3,70,3,7,1,Yes,No,No,No,Engineering,Semester 2
Student 7569,STU7569,23,3,75,0,4,3,Yes,No,No,No,Business,Semester 4
Student 7570,STU7570,19,3,73,2,6,2,Yes,No,No,No,Computer Science,Semester 2
Student 7571,STU7571,18,2,72,1,7,0,Yes,No,No,No,Data Science,Semester 1
Student 7572,STU7572,21,0,77,4,3,1,Yes,No,Yes,No,Data Science,Semester 4
Student 7573,STU7573,19,5,84,5,5,2,Yes,No,Yes,No,Computer Science,Semester 1
Student 7574,STU7574,24,1,94,1,6,2,Yes,Yes,No,Yes,Computer Science,Semester 1
Student 7575,STU7575,19,6,80,2,2,2,Yes,No,No,No,Business,Semester 4
Student 7576,STU7576,17,3,82,3,3,2,Yes,No,Yes,No,Computer Science,Semester 2
Student 7577,STU7577,17,3,84,2,8,2,Yes,Yes,No,No,Software Engineering,Semester 3
Student 7578,STU7578,20,1,76,2,3,2,Yes,Yes,No,Yes,Business,Semester 3
Student 7579,STU7579,19,1,81,2,4,2,No,Yes,No,Yes,Engineering,Semester 2
Student 7580,STU7580,17,2,98,3,1,2,Yes,No,Yes,No,Computer Science,Semester 2
Student 7581,STU7581,23,4,85,5,4,2,Yes,No,No,No,Engineering,Semester 4
Student 7582,STU7582,22,5,98,3,6,2,Yes,No,No,No,Business,Semester 1
Student 7583,STU7583,20,1,82,1,7,2,Yes,Yes,Yes,Yes,Software Engineering,Semester 4
Student 7584,STU7584,24,4,77,1,6,1,Yes,No,No,No,Software Engineering,Semester 4
Student 7585,STU7585,22,1,90,2,5,3,Yes,Yes,No,Yes,Computer Science,Semester 1
Student 7586,STU7586,19,2,92,2,3,2,Yes,Yes,No,No,Software Engineering,Semester 1
Student 7587,STU7587,18,4,78,3,6,2,Yes,No,No,No,Data Science,Semester 2
Student 7588,STU7588,22,2,84,2,4,2,Yes,No,No,No,Business,Semester 1
Student 7589,STU7589,21,6,81,3,2,4,Yes,No,No,No,Software Engineering,Semester 1
Student 7590,STU7590,21,4,71,0,5,2,Yes,No,No,Yes,Business,Semester 2
Student 7591,STU7591,19,4,71,1,5,1,Yes,Yes,No,No,Business,Semester 4
Student 7592,STU7592,22,3,80,1,7,2,Yes,No,Yes,No,Data Science,Semester 3
Student 7593,STU7593,19,2,91,1,7,3,Yes,Yes,No,Yes,Computer Science,Semester 1
Student 7594,STU7594,20,3,88,1,6,2,No,Yes,No,No,Business,Semester 4
Student 7595,STU7595,24,4,74,2,3,2,Yes,No,No,No,Data Science,Semester 4
Student 7596,STU7596,19,4,73,1,6,1,No,No,No,Yes,Software Engineering,Semester 3
Student 7597,STU7597,17,2,75,1,5,1,Yes,Yes,Yes,No,Engineering,Semester 1
Student 7598,STU7598,18,3,74,2,5,1,Yes,Yes,No,Yes,Computer Science,Semester 4
Student 7599,STU7599,23,1,74,1,6,1,No,No,No,No,Engineering,Semester 4
Student 7600,STU7600,21,6,65,1,6,2,Yes,No,No,No,Data Science,Semester 1
Student 7601,STU7601,20,2,62,2,4,2,Yes,Yes,Yes,Yes,Business,Semester 1
Student 7602,STU7602,19,4,61,0,5,0,Yes,No,Yes,No,Data Science,Semester 4
Student 7603,STU7603,22,0,69,2,3,2,Yes,Yes,Yes,No,Computer Science,Semester 2
Student 7604,STU7604,19,3,91,0,6,0,No,No,No,No,Computer Science,Semester 2
Student 7605,STU7605,21,4,100,2,7,2,Yes,Yes,No,Yes,Software Engineering,Semester 4
Student 7606,STU7606,19,3,98,2,4,2,Yes,No,Yes,No,Data Science,Semester 1
Student 7607,STU7607,19,3,84,2,3,2,Yes,Yes,No,No,Computer Science,Semester 1
Student 7608,STU7608,19,4,75,1,6,0,Yes,No,No,Yes,Data Science,Semester 2
Student 7609,STU7609,20,4,78,3,8,1,Yes,No,Yes,Yes,Software Engineering,Semester 2
Student 7610,STU7610,20,2,83,1,9,0,Yes,No,No,No,Software Engineering,Semester 3
Student 7611,STU7611,21,4,98,2,8,3,Yes,Yes,No,No,Data Science,Semester 2
Student 7612,STU7612,17,4,74,2,5,1,Yes,No,No,No,Computer Science,Semester 1
Student 7613,STU7613,19,3,82,0,3,2,No,No,No,No,Business,Semester 2
Student 7614,STU7614,20,5,82,0,6,2,Yes,No,No,Yes,Business,Semester 4
Student 7615,STU7615,24,2,81,3,5,1,Yes,No,No,No,Software Engineering,Semester 3
Student 7616,STU7616,18,3,65,1,5,0,Yes,No,Yes,No,Computer Science,Semester 3
Student 7617,STU7617,21,3,79,0,8,2,Yes,No,Yes,No,Software Engineering,Semester 1
Student 7618,STU7618,24,5,71,0,8,1,Yes,No,No,Yes,Software Engineering,Semester 4
Student 7619,STU7619,18,4,100,0,5,3,No,No,Yes,No,Software Engineering,Semester 2
Student 7620,STU7620,21,5,86,0,5,2,Yes,Yes,Yes,No,Software Engineering,Semester 3
Student 7621,STU7621,19,5,90,0,5,2,No,Yes,No,No,Data Science,Semester 3
Student 7622,STU7622,19,3,74,5,2,3,Yes,No,No,No,Data Science,Semester 4
Student 7623,STU7623,19,5,78,3,7,3,Yes,No,Yes,Yes,Computer Science,Semester 3
Student 7624,STU7624,19,4,98,2,7,2,Yes,No,Yes,No,Computer Science,Semester 4
Student 7625,STU7625,27,3,90,3,4,1,Yes,No,No,No,Engineering,Semester 1
Student 7626,STU7626,22,3,85,1,4,2,Yes,No,No,No,Business,Semester 3
Student 7627,STU7627,23,3,92,2,7,1,No,No,No,Yes,Data Science,Semester 2
Student 7628,STU7628,22,3,97,1,4,1,Yes,No,No,Yes,Computer Science,Semester 4
Student 7629,STU7629,17,4,94,1,7,2,No,No,Yes,Yes,Software Engineering,Semester 1
Student 7630,STU7630,21,3,90,1,4,1,Yes,No,Yes,No,Data Science,Semester 2
Student 7631,STU7631,23,4,91,3,4,2,Yes,No,Yes,Yes,Business,Semester 4
Student 7632,STU7632,19,4,79,1,6,2,Yes,No,Yes,No,Data Science,Semester 2
Student 7633,STU7633,23,4,83,1,4,3,Yes,No,No,No,Business,Semester 3
Student 7634,STU7634,22,3,87,2,4,3,No,No,No,Yes,Engineering,Semester 1
Student 7635,STU7635,25,2,84,4,4,1,Yes,No,No,Yes,Computer Science,Semester 4
Student 7636,STU7636,20,3,86,2,6,1,Yes,No,No,No,Business,Semester 4
Student 7637,STU7637,18,4,80,3,7,1,Yes,Yes,Yes,Yes,Engineering,Semester 1
Student 7638,STU7638,20,2,60,0,6,2,Yes,Yes,Yes,No,Data Science,Semester 2
Student 7639,STU7639,24,1,87,1,4,1,Yes,No,No,Yes,Computer Science,Semester 1
Student 7640,STU7640,17,3,82,0,8,2,Yes,No,No,No,Business,Semester 1
Student 7641,STU7641,17,4,68,0,5,0,Yes,Yes,No,Yes,Business,Semester 1
Student 7642,STU7642,21,5,99,4,7,1,Yes,No,No,No,Computer Science,Semester 1
Student 7643,STU7643,20,4,84,3,5,3,Yes,Yes,No,No,Data Science,Semester 3
Student 7644,STU7644,21,2,75,3,7,2,Yes,Yes,Yes,No,Data Science,Semester 4
Student 7645,STU7645,23,1,87,3,4,1,Yes,No,Yes,Yes,Software Engineering,Semester 2
Student 7646,STU7646,19,4,82,1,4,3,Yes,No,Yes,No,Data Science,Semester 2
Student 7647,STU7647,17,4,90,1,6,3,Yes,Yes,No,Yes,Computer Science,Semester 1
Student 7648,STU7648,25,4,77,3,1,1,Yes,No,Yes,No,Engineering,Semester 1
Student 7649,STU7649,18,5,75,1,6,1,Yes,Yes,No,No,Computer Science,Semester 2
Student 7650,STU7650,18,3,77,2,5,0,Yes,No,No,Yes,Business,Semester 2
Student 7651,STU7651,23,3,68,4,8,0,Yes,Yes,No,Yes,Software Engineering,Semester 3
Student 7652,STU7652,20,5,78,2,6,1,Yes,Yes,Yes,Yes,Software Engineering,Semester 1
Student 7653,STU7653,20,4,94,3,3,4,Yes,No,No,Yes,Engineering,Semester 2
Student 7654,STU7654,22,6,76,2,4,2,Yes,No,No,No,Business,Semester 4
Student 7655,STU7655,23,4,71,0,1,2,Yes,Yes,Yes,Yes,Data Science,Semester 3
Student 7656,STU7656,20,4,77,1,9,2,Yes,No,Yes,No,Data Science,Semester 3
Student 7657,STU7657,24,5,83,3,1,3,Yes,Yes,No,Yes,Data Science,Semester 1
Student 7658,STU7658,17,6,76,1,4,2,Yes,No,Yes,No,Computer Science,Semester 3
Student 7659,STU7659,22,4,82,2,6,1,Yes,Yes,No,Yes,Data Science,Semester 3
Student 7660,STU7660,19,3,84,3,8,2,Yes,No,No,Yes,Business,Semester 4
Student 7661,STU7661,24,3,82,1,8,1,Yes,No,Yes,No,Software Engineering,Semester 3
Student 7662,STU7662,21,4,81,2,5,3,Yes,No,No,No,Computer Science,Semester 4
Student 7663,STU7663,19,2,96,3,6,2,Yes,No,No,No,Data Science,Semester 3
Student 7664,STU7664,22,4,83,3,5,3,Yes,No,Yes,No,Business,Semester 3
Student 7665,STU7665,23,4,75,3,2,1,Yes,No,Yes,No,Engineering,Semester 1
Student 7666,STU7666,22,4,88,3,3,1,Yes,Yes,No,No,Business,Semester 1
Student 7667,STU7667,18,1,81,1,2,3,Yes,No,Yes,Yes,Software Engineering,Semester 1
Student 7668,STU7668,19,5,82,0,6,1,Yes,No,Yes,Yes,Business,Semester 1
Student 7669,STU7669,21,2,90,3,4,2,No,No,Yes,No,Business,Semester 2
Student 7670,STU7670,20,2,92,4,5,3,Yes,No,Yes,No,Computer Science,Semester 1
Student 7671,STU7671,22,1,72,0,6,2,Yes,Yes,No,No,Software Engineering,Semester 1
Student 7672,STU7672,17,3,95,1,5,2,Yes,No,No,Yes,Data Science,Semester 1
Student 7673,STU7673,21,4,81,1,6,0,No,No,No,No,Software Engineering,Semester 3
Student 7674,STU7674,20,3,81,3,8,3,Yes,Yes,No,No,Engineering,Semester 3
Student 7675,STU7675,19,4,73,2,4,2,Yes,No,No,No,Software Engineering,Semester 3
Student 7676,STU7676,19,5,88,1,2,3,Yes,No,Yes,Yes,Computer Science,Semester 1
Student 7677,STU7677,20,5,70,2,4,2,Yes,No,Yes,No,Data Science,Semester 4
Student 7678,STU7678,17,3,86,2,5,2,No,Yes,No,No,Software Engineering,Semester 2
Student 7679,STU7679,19,3,95,0,6,3,Yes,No,No,No,Data Science,Semester 4
Student 7680,STU7680,19,3,79,2,6,1,Yes,Yes,No,No,Computer Science,Semester 4
Student 7681,STU7681,22,3,90,2,3,4,No,No,Yes,No,Business,Semester 4
Student 7682,STU7682,19,6,82,1,3,3,Yes,No,Yes,Yes,Engineering,Semester 4
Student 7683,STU7683,20,4,70,1,8,1,Yes,No,No,No,Software Engineering,Semester 2
Student 7684,STU7684,24,4,83,3,6,1,Yes,Yes,No,No,Data Science,Semester 4
Student 7685,STU7685,23,4,80,3,6,1,Yes,No,No,Yes,Software Engineering,Semester 1
Student 7686,STU7686,23,5,89,3,6,3,Yes,No,Yes,Yes,Computer Science,Semester 4
Student 7687,STU7687,19,3,79,2,5,2,Yes,Yes,No,No,Business,Semester 2
Student 7688,STU7688,22,4,86,2,5,3,Yes,No,Yes,No,Computer Science,Semester 2
Student 7689,STU7689,20,4,73,1,4,3,Yes,No,Yes,No,Data Science,Semester 4
Student 7690,STU7690,20,1,85,2,4,2,Yes,No,No,Yes,Software Engineering,Semester 1
Student 7691,STU7691,21,3,82,3,9,1,Yes,Yes,No,No,Data Science,Semester 4
Student 7692,STU7692,19,3,81,1,8,2,No,Yes,No,No,Computer Science,Semester 3
Student 7693,STU7693,24,5,82,0,7,2,Yes,No,No,No,Software Engineering,Semester 2
Student 7694,STU7694,20,8,79,3,5,4,Yes,No,No,No,Data Science,Semester 4
Student 7695,STU7695,22,3,83,1,6,1,No,Yes,No,No,Software Engineering,Semester 3
Student 7696,STU7696,24,4,80,2,5,2,Yes,No,Yes,Yes,Engineering,Semester 1
Student 7697,STU7697,23,4,74,1,7,1,Yes,Yes,No,No,Computer Science,Semester 3
Student 7698,STU7698,17,1,71,2,5,1,Yes,No,No,No,Computer Science,Semester 2
Student 7699,STU7699,22,1,78,3,5,1,Yes,No,Yes,Yes,Engineering,Semester 3
Student 7700,STU7700,22,3,79,4,5,2,Yes,No,No,No,Business,Semester 3
Student 7701,STU7701,23,3,58,2,5,1,No,No,No,Yes,Data Science,Semester 3
Student 7702,STU7702,18,5,82,1,6,2,Yes,Yes,No,No,Business,Semester 1
Student 7703,STU7703,19,3,99,3,8,1,Yes,No,No,No,Software Engineering,Semester 1
Student 7704,STU7704,23,2,87,1,7,2,Yes,No,Yes,No,Data Science,Semester 1
Student 7705,STU7705,19,2,80,1,5,2,Yes,No,No,No,Data Science,Semester 1
Student 7706,STU7706,20,5,75,2,3,3,Yes,No,No,No,Data Science,Semester 4
Student 7707,STU7707,24,3,68,2,5,3,Yes,No,Yes,No,Engineering,Semester 3
Student 7708,STU7708,20,3,89,3,5,2,Yes,Yes,No,No,Computer Science,Semester 2
Student 7709,STU7709,19,3,85,0,7,2,Yes,No,No,No,Engineering,Semester 3
Student 7710,STU7710,19,3,72,2,4,2,Yes,Yes,Yes,No,Engineering,Semester 4
Student 7711,STU7711,21,4,89,1,3,1,Yes,Yes,No,No,Engineering,Semester 3
Student 7712,STU7712,18,6,88,2,6,2,Yes,No,No,Yes,Business,Semester 3
Student 7713,STU7713,20,4,76,1,7,2,Yes,No,Yes,No,Engineering,Semester 2
Student 7714,STU7714,21,5,79,1,5,2,Yes,No,No,Yes,Computer Science,Semester 2
Student 7715,STU7715,23,2,84,3,7,0,Yes,Yes,No,No,Data Science,Semester 2
Student 7716,STU7716,22,4,86,2,3,3,No,No,Yes,Yes,Business,Semester 3
Student 7717,STU7717,19,5,73,1,6,1,Yes,Yes,No,No,Engineering,Semester 4
Student 7718,STU7718,23,3,86,3,3,4,No,Yes,Yes,Yes,Engineering,Semester 1
Student 7719,STU7719,20,3,82,0,10,1,Yes,Yes,Yes,Yes,Data Science,Semester 1
Student 7720,STU7720,18,4,90,1,7,2,No,No,Yes,No,Data Science,Semester 3
Student 7721,STU7721,20,5,88,6,6,1,Yes,No,No,No,Business,Semester 1
Student 7722,STU7722,24,5,82,2,2,3,No,Yes,No,No,Computer Science,Semester 1
Student 7723,STU7723,21,2,89,1,3,2,Yes,Yes,No,Yes,Business,Semester 3
Student 7724,STU7724,21,4,69,2,8,0,Yes,No,Yes,No,Data Science,Semester 3
Student 7725,STU7725,24,3,79,0,3,2,No,No,No,Yes,Computer Science,Semester 4
Student 7726,STU7726,17,3,74,2,6,2,Yes,No,Yes,No,Engineering,Semester 1
Student 7727,STU7727,18,2,77,3,8,0,Yes,Yes,Yes,No,Engineering,Semester 3
Student 7728,STU7728,17,3,77,2,5,3,Yes,Yes,Yes,Yes,Software Engineering,Semester 1
Student 7729,STU7729,21,4,71,2,5,1,No,No,Yes,No,Data Science,Semester 2
Student 7730,STU7730,21,3,89,2,2,3,Yes,No,No,No,Software Engineering,Semester 2
Student 7731,STU7731,24,4,88,4,6,3,Yes,No,Yes,No,Business,Semester 4
Student 7732,STU7732,21,4,77,5,3,2,Yes,No,Yes,Yes,Business,Semester 3
Student 7733,STU7733,20,5,63,4,5,2,Yes,Yes,No,No,Computer Science,Semester 1
Student 7734,STU7734,21,3,78,2,3,2,Yes,No,Yes,No,Data Science,Semester 2
Student 7735,STU7735,21,1,81,0,4,2,Yes,No,No,No,Computer Science,Semester 3
Student 7736,STU7736,17,6,92,4,4,2,Yes,No,No,No,Computer Science,Semester 2
Student 7737,STU7737,27,4,77,0,5,1,No,No,No,Yes,Business,Semester 2
Student 7738,STU7738,22,4,89,2,4,1,Yes,No,No,Yes,Business,Semester 3
Student 7739,STU7739,21,4,78,0,6,3,Yes,Yes,No,Yes,Data Science,Semester 2
Student 7740,STU7740,22,4,86,2,7,2,Yes,Yes,Yes,No,Business,Semester 3
Student 7741,STU7741,22,5,88,4,4,2,Yes,No,No,No,Data Science,Semester 4
Student 7742,STU7742,20,3,86,5,6,3,Yes,Yes,No,No,Software Engineering,Semester 3
Student 7743,STU7743,19,4,74,4,5,1,Yes,No,No,No,Engineering,Semester 2
Student 7744,STU7744,22,4,79,3,2,2,Yes,No,No,No,Software Engineering,Semester 2
Student 7745,STU7745,21,4,86,1,6,1,Yes,No,Yes,Yes,Business,Semester 1
Student 7746,STU7746,19,3,69,3,7,0,Yes,Yes,Yes,No,Engineering,Semester 4
Student 7747,STU7747,24,4,88,3,2,3,Yes,No,Yes,No,Engineering,Semester 2
Student 7748,STU7748,21,3,72,2,5,3,Yes,Yes,No,No,Computer Science,Semester 4
Student 7749,STU7749,22,5,71,4,6,3,Yes,Yes,No,Yes,Engineering,Semester 1
Student 7750,STU7750,24,3,77,2,6,2,Yes,No,No,No,Data Science,Semester 4
Student 7751,STU7751,21,2,76,3,4,0,Yes,No,Yes,No,Business,Semester 3
Student 7752,STU7752,21,4,83,1,5,1,Yes,Yes,Yes,Yes,Business,Semester 4
Student 7753,STU7753,22,6,84,2,7,1,Yes,No,No,No,Computer Science,Semester 2
Student 7754,STU7754,19,4,82,2,5,3,Yes,No,No,No,Computer Science,Semester 2
Student 7755,STU7755,21,3,74,0,8,1,Yes,Yes,Yes,Yes,Business,Semester 3
Student 7756,STU7756,21,6,91,3,3,3,Yes,Yes,Yes,Yes,Computer Science,Semester 2
Student 7757,STU7757,18,4,82,1,7,2,Yes,No,No,No,Engineering,Semester 1
Student 7758,STU7758,26,3,89,1,5,1,No,No,Yes,Yes,Engineering,Semester 2
Student 7759,STU7759,17,6,63,2,4,2,No,Yes,No,No,Data Science,Semester 1
Student 7760,STU7760,18,3,86,1,2,3,Yes,Yes,No,No,Computer Science,Semester 4
Student 7761,STU7761,23,3,77,1,7,0,Yes,No,No,Yes,Business,Semester 4
Student 7762,STU7762,22,4,88,0,3,3,Yes,No,No,Yes,Software Engineering,Semester 2
Student 7763,STU7763,18,7,96,3,5,3,Yes,Yes,No,No,Business,Semester 2
Student 7764,STU7764,22,2,72,1,6,1,Yes,No,Yes,Yes,Software Engineering,Semester 3
Student 7765,STU7765,24,2,88,3,9,0,Yes,Yes,No,No,Software Engineering,Semester 4
Student 7766,STU7766,20,4,77,1,4,3,Yes,Yes,No,No,Data Science,Semester 1
Student 7767,STU7767,26,5,67,1,5,2,Yes,Yes,No,No,Software Engineering,Semester 3
Student 7768,STU7768,17,5,89,1,6,3,Yes,No,No,Yes,Engineering,Semester 3
Student 7769,STU7769,22,3,96,4,5,1,Yes,No,Yes,No,Engineering,Semester 4
Student 7770,STU7770,23,2,98,1,4,0,Yes,No,Yes,No,Data Science,Semester 3
Student 7771,STU7771,23,4,69,0,5,2,Yes,No,No,Yes,Business,Semester 1
Student 7772,STU7772,20,4,70,2,4,2,Yes,No,No,Yes,Business,Semester 3
Student 7773,STU7773,20,4,80,1,5,2,Yes,Yes,No,No,Business,Semester 1
Student 7774,STU7774,22,3,81,3,5,1,Yes,Yes,No,Yes,Business,Semester 1
Student 7775,STU7775,22,3,90,2,4,2,Yes,No,No,Yes,Engineering,Semester 2
Student 7776,STU7776,22,3,81,1,7,2,Yes,No,No,No,Engineering,Semester 4
Student 7777,STU7777,23,4,65,1,6,1,Yes,No,Yes,Yes,Data Science,Semester 4
Student 7778,STU7778,18,4,87,1,1,3,Yes,Yes,No,No,Data Science,Semester 4
Student 7779,STU7779,20,4,82,1,6,1,No,No,No,No,Data Science,Semester 4
Student 7780,STU7780,18,4,89,1,4,2,Yes,No,Yes,No,Business,Semester 1
Student 7781,STU7781,20,1,84,0,2,3,Yes,Yes,No,Yes,Business,Semester 4
Student 7782,STU7782,23,4,87,1,7,3,Yes,No,No,No,Engineering,Semester 4
Student 7783,STU7783,21,3,82,0,4,3,No,No,No,No,Engineering,Semester 1
Student 7784,STU7784,26,6,84,1,6,2,Yes,Yes,No,Yes,Computer Science,Semester 2
Student 7785,STU7785,21,2,74,2,7,1,No,Yes,No,Yes,Computer Science,Semester 4
Student 7786,STU7786,21,1,84,3,5,2,Yes,Yes,No,Yes,Business,Semester 3
Student 7787,STU7787,21,5,80,2,6,3,Yes,Yes,Yes,Yes,Engineering,Semester 2
Student 7788,STU7788,19,4,85,2,4,1,No,No,No,Yes,Business,Semester 2
Student 7789,STU7789,20,4,72,1,7,2,Yes,Yes,No,Yes,Software Engineering,Semester 2
Student 7790,STU7790,23,4,93,0,5,3,Yes,Yes,No,No,Computer Science,Semester 4
Student 7791,STU7791,21,3,84,1,6,0,Yes,No,No,No,Data Science,Semester 1
Student 7792,STU7792,19,4,73,0,5,4,Yes,No,No,No,Business,Semester 4
Student 7793,STU7793,19,4,82,2,2,2,Yes,No,Yes,No,Software Engineering,Semester 4
Student 7794,STU7794,20,2,86,0,4,2,Yes,No,Yes,No,Data Science,Semester 2
Student 7795,STU7795,21,5,64,5,5,1,Yes,No,No,No,Software Engineering,Semester 1
Student 7796,STU7796,23,3,81,1,5,1,Yes,Yes,No,No,Engineering,Semester 4
Student 7797,STU7797,18,2,75,0,6,1,No,No,No,Yes,Engineering,Semester 4
Student 7798,STU7798,20,4,79,2,7,2,Yes,No,No,Yes,Engineering,Semester 4
Student 7799,STU7799,21,2,90,4,4,1,Yes,Yes,No,No,Data Science,Semester 4
Student 7800,STU7800,17,5,69,1,5,2,Yes,No,No,Yes,Data Science,Semester 1
Student 7801,STU7801,19,1,87,0,7,0,Yes,No,Yes,Yes,Engineering,Semester 1
Student 7802,STU7802,19,4,85,1,5,3,Yes,No,No,Yes,Data Science,Semester 1
Student 7803,STU7803,19,3,92,0,2,2,No,Yes,Yes,No,Engineering,Semester 3
Student 7804,STU7804,21,4,65,4,2,2,Yes,Yes,Yes,Yes,Business,Semester 1
Student 7805,STU7805,20,3,86,2,4,2,Yes,No,No,No,Engineering,Semester 1
Student 7806,STU7806,19,3,84,0,6,0,Yes,No,No,Yes,Computer Science,Semester 2
Student 7807,STU7807,21,6,81,3,6,2,Yes,Yes,No,No,Business,Semester 4
Student 7808,STU7808,24,4,93,2,5,3,No,No,Yes,No,Engineering,Semester 4
Student 7809,STU7809,24,1,65,6,6,1,Yes,Yes,Yes,Yes,Computer Science,Semester 2
Student 7810,STU7810,17,3,83,2,6,3,Yes,Yes,Yes,No,Engineering,Semester 1
Student 7811,STU7811,22,2,90,3,3,2,Yes,No,No,No,Business,Semester 4
Student 7812,STU7812,20,4,69,1,4,3,Yes,Yes,No,No,Engineering,Semester 3
Student 7813,STU7813,21,4,86,4,2,4,Yes,Yes,No,No,Data Science,Semester 3
Student 7814,STU7814,20,3,84,2,3,2,Yes,Yes,No,No,Engineering,Semester 2
Student 7815,STU7815,21,4,65,0,2,1,Yes,No,No,No,Business,Semester 3
Student 7816,STU7816,21,2,90,2,2,3,Yes,Yes,No,Yes,Software Engineering,Semester 2
Student 7817,STU7817,19,5,74,1,8,2,Yes,No,Yes,No,Engineering,Semester 3
Student 7818,STU7818,19,3,94,1,4,3,No,No,Yes,Yes,Data Science,Semester 3
Student 7819,STU7819,20,6,86,4,2,3,No,No,No,Yes,Business,Semester 3
Student 7820,STU7820,21,3,84,1,6,2,Yes,Yes,No,No,Computer Science,Semester 2
Student 7821,STU7821,22,3,90,0,6,3,Yes,No,No,Yes,Software Engineering,Semester 4
Student 7822,STU7822,22,4,89,3,5,2,Yes,Yes,No,No,Engineering,Semester 2
Student 7823,STU7823,19,4,66,1,3,1,Yes,No,Yes,No,Business,Semester 1
Student 7824,STU7824,21,5,68,2,6,2,Yes,No,No,No,Data Science,Semester 1
Student 7825,STU7825,23,4,80,2,3,3,Yes,Yes,No,Yes,Data Science,Semester 3
Student 7826,STU7826,23,4,58,1,5,3,No,No,No,Yes,Business,Semester 3
Student 7827,STU7827,20,2,95,0,7,3,No,Yes,No,No,Data Science,Semester 4
Student 7828,STU7828,20,3,74,3,5,2,Yes,Yes,Yes,No,Software Engineering,Semester 4
Student 7829,STU7829,21,2,82,6,2,3,Yes,No,Yes,Yes,Computer Science,Semester 4
Student 7830,STU7830,18,3,86,2,6,2,Yes,No,Yes,No,Data Science,Semester 3
Student 7831,STU7831,20,3,100,1,4,2,Yes,Yes,Yes,No,Data Science,Semester 2
Student 7832,STU7832,22,2,91,1,6,0,Yes,Yes,Yes,Yes,Computer Science,Semester 3
Student 7833,STU7833,22,5,76,2,6,1,Yes,Yes,No,No,Software Engineering,Semester 1
Student 7834,STU7834,20,4,86,1,4,3,No,No,No,Yes,Software Engineering,Semester 3
Student 7835,STU7835,21,3,87,0,9,3,Yes,No,No,No,Software Engineering,Semester 4
Student 7836,STU7836,19,4,87,1,5,3,Yes,Yes,No,Yes,Data Science,Semester 1
Student 7837,STU7837,22,3,74,0,4,1,Yes,Yes,Yes,Yes,Data Science,Semester 3
Student 7838,STU7838,20,3,98,1,7,2,Yes,No,No,No,Software Engineering,Semester 4
Student 7839,STU7839,20,4,72,0,8,0,Yes,No,No,Yes,Data Science,Semester 3
Student 7840,STU7840,20,3,87,0,1,3,No,No,Yes,No,Engineering,Semester 3
Student 7841,STU7841,20,4,74,2,3,3,Yes,No,No,Yes,Data Science,Semester 4
Student 7842,STU7842,20,4,85,3,5,2,Yes,Yes,No,No,Software Engineering,Semester 1
Student 7843,STU7843,22,5,80,1,9,0,Yes,No,No,No,Business,Semester 1
Student 7844,STU7844,20,5,71,2,4,1,Yes,Yes,No,No,Software Engineering,Semester 2
Student 7845,STU7845,24,5,62,1,8,1,Yes,No,Yes,Yes,Business,Semester 1
Student 7846,STU7846,24,3,89,1,5,2,Yes,Yes,No,Yes,Data Science,Semester 3
Student 7847,STU7847,19,5,77,2,2,2,Yes,No,Yes,No,Data Science,Semester 4
Student 7848,STU7848,21,4,83,0,7,3,Yes,No,Yes,Yes,Business,Semester 1
Student 7849,STU7849,19,2,96,3,6,1,Yes,No,No,No,Software Engineering,Semester 3
Student 7850,STU7850,20,3,87,3,3,3,Yes,No,No,No,Computer Science,Semester 3
Student 7851,STU7851,25,4,43,1,5,0,Yes,No,No,No,Computer Science,Semester 1
Student 7852,STU7852,20,0,72,1,3,2,Yes,No,No,Yes,Software Engineering,Semester 4
Student 7853,STU7853,21,4,67,1,4,2,Yes,No,No,No,Data Science,Semester 4
Student 7854,STU7854,22,2,75,3,6,2,Yes,No,No,No,Business,Semester 2
Student 7855,STU7855,18,2,79,1,3,2,Yes,Yes,No,No,Business,Semester 4
Student 7856,STU7856,19,4,100,1,5,4,Yes,No,No,No,Software Engineering,Semester 4
Student 7857,STU7857,18,3,90,1,6,2,Yes,No,No,Yes,Software Engineering,Semester 1
Student 7858,STU7858,19,2,84,4,5,2,Yes,No,No,No,Engineering,Semester 1
Student 7859,STU7859,17,4,85,2,2,3,Yes,No,No,No,Business,Semester 3
Student 7860,STU7860,22,2,85,2,6,3,Yes,No,Yes,Yes,Engineering,Semester 1
Student 7861,STU7861,25,2,68,2,3,0,Yes,No,Yes,Yes,Data Science,Semester 2
Student 7862,STU7862,21,5,70,2,4,3,Yes,Yes,No,Yes,Business,Semester 3
Student 7863,STU7863,17,4,85,1,4,2,Yes,Yes,No,No,Software Engineering,Semester 4
Student 7864,STU7864,19,4,82,5,5,1,Yes,Yes,No,No,Software Engineering,Semester 1
Student 7865,STU7865,20,6,84,2,5,1,Yes,No,No,Yes,Data Science,Semester 2
Student 7866,STU7866,18,3,94,3,6,2,No,Yes,Yes,No,Computer Science,Semester 3
Student 7867,STU7867,22,3,76,3,4,3,Yes,Yes,No,No,Engineering,Semester 2
Student 7868,STU7868,22,3,79,1,3,2,Yes,Yes,No,No,Software Engineering,Semester 2
Student 7869,STU7869,18,6,84,3,7,0,Yes,No,No,No,Business,Semester 4
Student 7870,STU7870,22,3,68,3,4,2,Yes,No,No,No,Business,Semester 3
Student 7871,STU7871,24,2,70,0,5,3,Yes,Yes,Yes,No,Business,Semester 1
Student 7872,STU7872,25,4,92,1,3,3,Yes,No,No,Yes,Data Science,Semester 4
Student 7873,STU7873,27,3,79,3,3,1,No,No,No,No,Computer Science,Semester 2
Student 7874,STU7874,19,3,78,4,8,1,No,Yes,No,No,Engineering,Semester 3
Student 7875,STU7875,27,6,83,2,3,3,Yes,No,No,Yes,Business,Semester 4
Student 7876,STU7876,20,4,68,2,3,1,Yes,No,No,Yes,Business,Semester 1
Student 7877,STU7877,19,2,79,2,4,0,Yes,Yes,No,Yes,Software Engineering,Semester 2
Student 7878,STU7878,21,3,77,1,6,1,Yes,Yes,No,No,Computer Science,Semester 3
Student 7879,STU7879,19,1,84,3,3,2,Yes,No,Yes,No,Software Engineering,Semester 4
Student 7880,STU7880,21,3,65,1,2,1,Yes,No,No,No,Data Science,Semester 4
Student 7881,STU7881,18,5,75,5,3,4,Yes,Yes,Yes,No,Data Science,Semester 2
Student 7882,STU7882,20,3,78,1,4,0,Yes,No,No,Yes,Engineering,Semester 4
Student 7883,STU7883,23,7,78,3,3,2,Yes,No,No,No,Data Science,Semester 1
Student 7884,STU7884,20,0,90,4,9,0,No,No,No,Yes,Engineering,Semester 1
Student 7885,STU7885,21,3,75,1,9,0,Yes,Yes,Yes,Yes,Software Engineering,Semester 1
Student 7886,STU7886,22,4,100,2,7,1,Yes,No,Yes,Yes,Business,Semester 3
Student 7887,STU7887,23,4,88,2,6,2,Yes,Yes,Yes,Yes,Business,Semester 4
Student 7888,STU7888,17,4,63,3,5,4,Yes,No,Yes,Yes,Computer Science,Semester 1
Student 7889,STU7889,22,3,86,0,7,2,Yes,No,Yes,Yes,Data Science,Semester 1
Student 7890,STU7890,20,5,87,3,5,3,Yes,No,No,No,Computer Science,Semester 3
Student 7891,STU7891,21,2,79,2,4,3,Yes,No,No,Yes,Computer Science,Semester 4
Student 7892,STU7892,23,3,91,0,9,0,Yes,No,No,Yes,Business,Semester 1
Student 7893,STU7893,18,2,74,3,6,1,Yes,No,Yes,No,Data Science,Semester 1
Student 7894,STU7894,18,3,86,4,8,0,Yes,No,No,No,Business,Semester 1
Student 7895,STU7895,17,3,81,0,8,0,Yes,Yes,Yes,Yes,Computer Science,Semester 3
Student 7896,STU7896,19,4,84,1,2,3,Yes,No,Yes,Yes,Data Science,Semester 4
Student 7897,STU7897,23,2,83,3,3,1,Yes,Yes,No,No,Business,Semester 1
Student 7898,STU7898,20,3,82,1,5,1,Yes,No,Yes,No,Engineering,Semester 2
Student 7899,STU7899,18,4,97,2,6,2,Yes,No,No,Yes,Engineering,Semester 3
Student 7900,STU7900,19,4,77,0,7,0,No,No,No,Yes,Software Engineering,Semester 2
Student 7901,STU7901,17,2,75,0,5,1,Yes,Yes,No,No,Software Engineering,Semester 4
Student 7902,STU7902,18,4,81,1,7,2,Yes,No,No,No,Data Science,Semester 3
Student 7903,STU7903,21,5,92,4,6,3,Yes,No,Yes,No,Software Engineering,Semester 3
Student 7904,STU7904,18,5,82,3,6,0,Yes,Yes,No,Yes,Data Science,Semester 3
Student 7905,STU7905,23,3,81,3,5,1,Yes,No,Yes,Yes,Computer Science,Semester 4
Student 7906,STU7906,20,4,77,3,6,2,No,No,Yes,No,Engineering,Semester 2
Student 7907,STU7907,21,3,78,0,6,1,Yes,No,Yes,No,Data Science,Semester 1
Student 7908,STU7908,20,4,90,4,5,1,Yes,No,No,Yes,Computer Science,Semester 4
Student 7909,STU7909,22,4,81,1,3,3,Yes,No,No,No,Engineering,Semester 1
Student 7910,STU7910,22,2,84,3,6,2,Yes,No,No,Yes,Business,Semester 1
Student 7911,STU7911,21,3,76,3,2,2,No,Yes,No,No,Computer Science,Semester 1
Student 7912,STU7912,22,4,88,3,5,2,Yes,Yes,No,Yes,Business,Semester 3
Student 7913,STU7913,20,3,91,3,6,0,Yes,No,No,No,Software Engineering,Semester 3
Student 7914,STU7914,22,2,74,3,4,2,Yes,No,No,No,Data Science,Semester 2
Student 7915,STU7915,20,3,74,2,5,0,Yes,Yes,No,No,Engineering,Semester 4
Student 7916,STU7916,21,3,75,3,3,2,Yes,Yes,No,No,Software Engineering,Semester 1
Student 7917,STU7917,20,3,90,0,6,2,Yes,No,No,Yes,Computer Science,Semester 4
Student 7918,STU7918,20,4,74,2,5,0,Yes,No,No,No,Software Engineering,Semester 4
Student 7919,STU7919,19,2,79,3,5,0,Yes,Yes,No,Yes,Business,Semester 4
Student 7920,STU7920,22,5,74,3,7,0,Yes,No,Yes,No,Business,Semester 3
Student 7921,STU7921,23,5,95,4,6,2,Yes,Yes,Yes,Yes,Data Science,Semester 1
Student 7922,STU7922,23,5,77,2,6,3,Yes,No,No,No,Software Engineering,Semester 1
Student 7923,STU7923,18,3,95,2,7,2,Yes,No,No,No,Engineering,Semester 4
Student 7924,STU7924,23,4,81,2,7,1,Yes,No,No,Yes,Business,Semester 2
Student 7925,STU7925,20,5,78,1,3,3,No,No,No,No,Computer Science,Semester 3
Student 7926,STU7926,22,3,88,0,6,2,Yes,No,Yes,No,Software Engineering,Semester 4
Student 7927,STU7927,19,4,81,3,6,2,No,Yes,No,No,Engineering,Semester 4
Student 7928,STU7928,21,3,93,2,7,0,No,Yes,No,Yes,Engineering,Semester 1
Student 7929,STU7929,21,4,80,1,3,3,Yes,No,No,No,Engineering,Semester 2
Student 7930,STU7930,17,4,78,3,4,3,Yes,No,Yes,No,Engineering,Semester 4
Student 7931,STU7931,22,4,78,0,5,2,Yes,No,No,Yes,Business,Semester 2
Student 7932,STU7932,24,4,91,3,8,2,Yes,No,Yes,No,Data Science,Semester 1
Student 7933,STU7933,20,4,84,2,5,0,Yes,No,No,No,Software Engineering,Semester 1
Student 7934,STU7934,24,3,76,0,5,1,Yes,Yes,No,No,Business,Semester 4
Student 7935,STU7935,20,5,70,1,4,1,Yes,No,No,No,Data Science,Semester 2
Student 7936,STU7936,22,5,83,1,6,0,Yes,No,No,No,Engineering,Semester 4
Student 7937,STU7937,17,4,74,3,6,1,Yes,No,No,No,Computer Science,Semester 4
Student 7938,STU7938,26,4,67,4,4,3,Yes,No,Yes,Yes,Engineering,Semester 4
Student 7939,STU7939,24,4,75,1,5,4,Yes,No,No,Yes,Data Science,Semester 4
Student 7940,STU7940,20,3,72,2,6,1,Yes,No,Yes,No,Data Science,Semester 2
Student 7941,STU7941,17,5,67,2,6,0,Yes,No,Yes,Yes,Computer Science,Semester 4
Student 7942,STU7942,21,3,80,1,4,3,Yes,No,No,No,Business,Semester 1
Student 7943,STU7943,17,4,64,2,5,1,No,No,No,No,Computer Science,Semester 1
Student 7944,STU7944,22,2,75,5,6,2,Yes,No,No,Yes,Engineering,Semester 2
Student 7945,STU7945,21,3,83,2,7,2,Yes,No,Yes,Yes,Software Engineering,Semester 4
Student 7946,STU7946,18,5,79,1,7,1,Yes,Yes,No,No,Business,Semester 4
Student 7947,STU7947,23,5,99,2,4,3,Yes,No,No,Yes,Software Engineering,Semester 3
Student 7948,STU7948,22,6,80,2,4,3,Yes,No,Yes,No,Software Engineering,Semester 4
Student 7949,STU7949,23,3,71,0,9,1,No,No,No,Yes,Business,Semester 2
Student 7950,STU7950,21,7,84,2,4,4,Yes,Yes,Yes,No,Engineering,Semester 2
Student 7951,STU7951,17,5,85,3,2,4,No,No,No,Yes,Data Science,Semester 3
Student 7952,STU7952,23,5,79,3,3,1,Yes,No,No,Yes,Engineering,Semester 1
Student 7953,STU7953,20,4,53,1,5,0,Yes,Yes,No,Yes,Data Science,Semester 2
Student 7954,STU7954,17,1,94,2,7,0,Yes,No,Yes,Yes,Data Science,Semester 4
Student 7955,STU7955,24,3,71,2,8,1,No,No,No,No,Business,Semester 4
Student 7956,STU7956,25,3,89,0,5,3,Yes,No,Yes,No,Business,Semester 1
Student 7957,STU7957,20,3,91,1,2,3,Yes,Yes,No,Yes,Computer Science,Semester 3
Student 7958,STU7958,25,3,79,0,7,0,Yes,No,Yes,Yes,Software Engineering,Semester 2
Student 7959,STU7959,21,3,89,4,6,3,Yes,Yes,No,No,Software Engineering,Semester 4
Student 7960,STU7960,20,4,89,3,7,1,Yes,No,Yes,No,Software Engineering,Semester 1
Student 7961,STU7961,19,4,73,3,6,1,No,Yes,No,No,Software Engineering,Semester 1
Student 7962,STU7962,24,3,93,4,3,4,Yes,Yes,No,Yes,Computer Science,Semester 1
Student 7963,STU7963,19,3,84,1,6,1,Yes,No,Yes,No,Data Science,Semester 4
Student 7964,STU7964,22,5,64,2,2,3,Yes,No,Yes,No,Computer Science,Semester 1
Student 7965,STU7965,19,3,83,2,4,3,Yes,No,No,Yes,Business,Semester 1
Student 7966,STU7966,20,5,77,1,7,0,Yes,No,Yes,No,Engineering,Semester 1
Student 7967,STU7967,23,4,70,1,5,3,Yes,No,No,No,Data Science,Semester 2
Student 7968,STU7968,20,1,76,1,3,3,Yes,No,No,No,Data Science,Semester 4
Student 7969,STU7969,20,4,76,1,5,3,Yes,No,No,No,Computer Science,Semester 2
Student 7970,STU7970,23,5,73,1,5,1,No,Yes,No,No,Business,Semester 3
Student 7971,STU7971,24,6,83,2,9,0,No,Yes,No,Yes,Business,Semester 1
Student 7972,STU7972,22,5,86,2,6,1,Yes,No,No,Yes,Data Science,Semester 4
Student 7973,STU7973,19,4,82,0,9,2,Yes,Yes,No,No,Computer Science,Semester 3
Student 7974,STU7974,19,4,79,1,5,2,No,No,No,No,Software Engineering,Semester 2
Student 7975,STU7975,21,3,82,4,7,2,Yes,No,Yes,No,Data Science,Semester 3
Student 7976,STU7976,21,2,90,2,4,4,Yes,Yes,No,No,Software Engineering,Semester 2
Student 7977,STU7977,18,6,73,1,4,3,No,No,No,No,Engineering,Semester 4
Student 7978,STU7978,22,3,71,1,3,0,Yes,Yes,No,No,Business,Semester 2
Student 7979,STU7979,21,4,72,1,6,0,Yes,No,No,No,Data Science,Semester 3
Student 7980,STU7980,17,4,68,2,7,0,Yes,No,No,No,Engineering,Semester 2
Student 7981,STU7981,19,3,73,1,4,1,Yes,No,No,No,Software Engineering,Semester 2
Student 7982,STU7982,19,5,91,1,8,1,Yes,Yes,No,No,Data Science,Semester 3
Student 7983,STU7983,20,3,68,4,8,0,Yes,No,No,No,Engineering,Semester 3
Student 7984,STU7984,25,8,80,1,7,2,Yes,Yes,No,Yes,Data Science,Semester 1
Student 7985,STU7985,21,1,87,4,6,0,Yes,No,Yes,Yes,Engineering,Semester 3
Student 7986,STU7986,19,3,82,4,4,1,Yes,No,No,No,Engineering,Semester 2
Student 7987,STU7987,21,5,89,1,7,2,Yes,No,No,Yes,Software Engineering,Semester 4
Student 7988,STU7988,20,1,77,1,3,2,Yes,No,No,Yes,Business,Semester 4
Student 7989,STU7989,21,4,78,0,6,1,Yes,No,No,No,Computer Science,Semester 1
Student 7990,STU7990,22,3,78,2,3,1,Yes,Yes,No,Yes,Engineering,Semester 2
Student 7991,STU7991,23,3,86,2,3,3,Yes,Yes,No,No,Business,Semester 3
Student 7992,STU7992,20,5,100,1,5,2,Yes,No,No,Yes,Computer Science,Semester 2
Student 7993,STU7993,24,4,81,1,6,1,Yes,Yes,Yes,Yes,Software Engineering,Semester 3
Student 7994,STU7994,23,3,80,1,7,0,Yes,No,No,No,Data Science,Semester 3
Student 7995,STU7995,19,5,74,6,5,1,Yes,No,No,No,Business,Semester 3
Student 7996,STU7996,25,4,95,2,4,1,Yes,No,Yes,Yes,Data Science,Semester 1
Student 7997,STU7997,21,2,78,6,4,2,Yes,No,No,No,Data Science,Semester 3
Student 7998,STU7998,19,3,77,2,6,0,Yes,No,Yes,No,Computer Science,Semester 2
Student 7999,STU7999,24,3,80,2,6,1,No,No,Yes,No,Business,Semester 1
Student 8000,STU8000,25,5,96,3,5,3,Yes,No,Yes,No,Engineering,Semester 1
Student 8001,STU8001,20,4,77,3,5,2,Yes,No,No,Yes,Computer Science,Semester 4
Student 8002,STU8002,19,5,81,1,8,1,Yes,No,Yes,No,Business,Semester 1
Student 8003,STU8003,20,4,61,4,7,1,Yes,No,No,Yes,Engineering,Semester 2
Student 8004,STU8004,22,3,89,1,3,1,No,No,No,Yes,Data Science,Semester 4
Student 8005,STU8005,23,4,79,1,7,3,Yes,No,No,No,Software Engineering,Semester 3
Student 8006,STU8006,22,4,89,0,8,1,Yes,Yes,No,No,Software Engineering,Semester 4
Student 8007,STU8007,21,3,87,1,4,0,Yes,Yes,No,No,Computer Science,Semester 1
Student 8008,STU8008,24,2,83,2,7,2,Yes,No,No,Yes,Engineering,Semester 3
Student 8009,STU8009,20,4,78,2,10,2,Yes,No,No,No,Engineering,Semester 3
Student 8010,STU8010,23,2,82,2,6,2,Yes,Yes,Yes,No,Software Engineering,Semester 2
Student 8011,STU8011,20,5,71,1,5,3,Yes,No,No,No,Engineering,Semester 1
Student 8012,STU8012,21,5,83,2,5,1,Yes,No,No,Yes,Business,Semester 2
Student 8013,STU8013,20,3,86,3,5,3,Yes,No,No,No,Business,Semester 1
Student 8014,STU8014,20,4,82,3,2,3,Yes,No,No,Yes,Software Engineering,Semester 1
Student 8015,STU8015,20,3,82,1,2,1,Yes,Yes,No,No,Data Science,Semester 3
Student 8016,STU8016,24,5,77,2,6,3,Yes,No,Yes,No,Data Science,Semester 3
Student 8017,STU8017,19,1,80,1,5,1,Yes,No,No,Yes,Data Science,Semester 4
Student 8018,STU8018,19,4,73,0,6,3,Yes,No,No,Yes,Software Engineering,Semester 1
Student 8019,STU8019,25,2,77,3,5,0,Yes,Yes,No,Yes,Computer Science,Semester 1
Student 8020,STU8020,23,4,98,3,5,3,No,Yes,No,No,Engineering,Semester 3
Student 8021,STU8021,17,4,82,1,5,0,Yes,No,No,Yes,Business,Semester 1
Student 8022,STU8022,19,4,85,3,1,4,Yes,Yes,No,No,Business,Semester 1
Student 8023,STU8023,17,6,81,4,3,3,Yes,No,No,Yes,Computer Science,Semester 1
Student 8024,STU8024,18,3,82,1,4,1,Yes,No,No,Yes,Engineering,Semester 2
Student 8025,STU8025,17,2,83,0,5,2,Yes,No,No,No,Data Science,Semester 4
Student 8026,STU8026,20,4,80,2,2,2,Yes,No,No,No,Business,Semester 4
Student 8027,STU8027,18,3,86,2,3,2,Yes,No,Yes,No,Data Science,Semester 1
Student 8028,STU8028,21,5,76,1,6,2,Yes,No,No,Yes,Data Science,Semester 1
Student 8029,STU8029,17,5,70,2,6,2,Yes,No,No,Yes,Software Engineering,Semester 3
Student 8030,STU8030,21,5,83,0,1,3,Yes,No,No,No,Software Engineering,Semester 4
Student 8031,STU8031,20,3,90,0,5,1,Yes,No,No,No,Engineering,Semester 4
Student 8032,STU8032,24,6,76,1,5,3,Yes,No,No,No,Business,Semester 3
Student 8033,STU8033,24,5,88,2,3,3,Yes,No,No,Yes,Software Engineering,Semester 4
Student 8034,STU8034,22,3,87,3,5,2,Yes,Yes,Yes,Yes,Engineering,Semester 2
Student 8035,STU8035,20,3,94,2,6,2,Yes,No,No,No,Computer Science,Semester 3
Student 8036,STU8036,25,5,96,2,6,2,Yes,No,No,No,Data Science,Semester 1
Student 8037,STU8037,17,4,86,1,5,1,Yes,No,No,No,Business,Semester 2
Student 8038,STU8038,17,3,81,3,6,0,No,No,No,No,Business,Semester 4
Student 8039,STU8039,20,3,69,4,5,1,Yes,No,No,Yes,Engineering,Semester 1
Student 8040,STU8040,26,3,89,1,1,3,No,No,No,No,Software Engineering,Semester 4
Student 8041,STU8041,20,5,91,1,5,2,No,No,Yes,No,Data Science,Semester 4
Student 8042,STU8042,20,3,79,1,3,0,Yes,No,No,Yes,Data Science,Semester 1
Student 8043,STU8043,17,5,84,3,5,1,Yes,No,No,No,Business,Semester 1
Student 8044,STU8044,23,4,73,2,5,1,Yes,Yes,No,No,Business,Semester 2
Student 8045,STU8045,23,5,77,1,5,3,Yes,No,No,Yes,Data Science,Semester 4
Student 8046,STU8046,22,2,71,3,4,0,Yes,No,Yes,No,Computer Science,Semester 3
Student 8047,STU8047,19,5,84,2,4,3,Yes,No,Yes,No,Engineering,Semester 3
Student 8048,STU8048,19,5,78,3,6,2,Yes,Yes,Yes,No,Computer Science,Semester 3
Student 8049,STU8049,18,4,92,2,3,2,No,Yes,Yes,No,Software Engineering,Semester 4
Student 8050,STU8050,21,3,83,2,4,1,Yes,No,No,No,Computer Science,Semester 4
Student 8051,STU8051,18,5,84,4,2,3,Yes,Yes,Yes,No,Computer Science,Semester 1
Student 8052,STU8052,18,3,82,2,6,3,Yes,No,No,No,Software Engineering,Semester 2
Student 8053,STU8053,20,3,94,0,3,3,No,No,Yes,No,Engineering,Semester 4
Student 8054,STU8054,19,4,93,4,5,2,Yes,No,No,Yes,Data Science,Semester 3
Student 8055,STU8055,19,2,80,2,6,0,Yes,Yes,No,No,Computer Science,Semester 4
Student 8056,STU8056,22,3,84,0,7,1,Yes,No,No,Yes,Engineering,Semester 2
Student 8057,STU8057,21,2,93,1,4,3,Yes,No,No,Yes,Software Engineering,Semester 4
Student 8058,STU8058,20,1,72,2,6,1,Yes,No,No,Yes,Engineering,Semester 2
Student 8059,STU8059,21,6,84,3,5,2,Yes,No,Yes,No,Computer Science,Semester 1
Student 8060,STU8060,18,3,79,4,2,2,Yes,No,No,Yes,Data Science,Semester 2
Student 8061,STU8061,21,4,93,0,2,3,Yes,Yes,No,No,Software Engineering,Semester 3
Student 8062,STU8062,21,6,86,1,7,2,Yes,No,Yes,No,Software Engineering,Semester 4
Student 8063,STU8063,17,3,68,0,7,0,No,No,No,No,Computer Science,Semester 4
Student 8064,STU8064,23,2,78,3,1,3,Yes,No,Yes,Yes,Engineering,Semester 3
Student 8065,STU8065,19,6,93,4,6,3,No,No,No,No,Data Science,Semester 2
Student 8066,STU8066,21,2,89,2,6,2,Yes,No,Yes,Yes,Software Engineering,Semester 4
Student 8067,STU8067,23,3,73,0,4,3,Yes,Yes,Yes,Yes,Computer Science,Semester 4
Student 8068,STU8068,23,3,74,1,4,3,Yes,No,No,No,Computer Science,Semester 2
Student 8069,STU8069,21,4,82,0,3,0,Yes,No,No,Yes,Business,Semester 2
Student 8070,STU8070,20,1,81,3,2,1,Yes,No,No,No,Business,Semester 2
Student 8071,STU8071,23,4,79,7,3,2,Yes,No,Yes,No,Engineering,Semester 4
Student 8072,STU8072,22,4,78,1,6,2,Yes,No,No,Yes,Computer Science,Semester 3
Student 8073,STU8073,19,5,77,0,4,1,Yes,No,No,No,Engineering,Semester 3
Student 8074,STU8074,19,5,100,2,6,1,Yes,No,No,Yes,Engineering,Semester 1
Student 8075,STU8075,17,4,79,2,5,4,Yes,Yes,No,Yes,Data Science,Semester 2
Student 8076,STU8076,21,3,76,0,6,0,Yes,No,No,No,Business,Semester 3
Student 8077,STU8077,20,4,86,3,5,1,Yes,No,Yes,Yes,Engineering,Semester 2
Student 8078,STU8078,23,3,81,0,1,2,Yes,No,No,No,Data Science,Semester 4
Student 8079,STU8079,21,4,74,2,4,1,Yes,Yes,Yes,Yes,Data Science,Semester 3
Student 8080,STU8080,23,2,80,4,6,3,Yes,No,No,No,Business,Semester 4
Student 8081,STU8081,19,4,81,4,5,0,Yes,Yes,Yes,No,Business,Semester 1
Student 8082,STU8082,23,3,85,0,3,3,Yes,No,No,No,Computer Science,Semester 3
Student 8083,STU8083,19,2,84,0,8,0,Yes,No,Yes,No,Engineering,Semester 3
Student 8084,STU8084,22,5,73,0,6,2,Yes,No,No,No,Data Science,Semester 1
Student 8085,STU8085,17,5,86,3,3,3,Yes,No,Yes,No,Computer Science,Semester 2
Student 8086,STU8086,21,4,89,0,7,2,Yes,No,No,Yes,Engineering,Semester 3
Student 8087,STU8087,17,1,73,3,9,1,No,No,Yes,No,Engineering,Semester 1
Student 8088,STU8088,20,2,75,2,4,1,Yes,Yes,No,No,Computer Science,Semester 4
Student 8089,STU8089,22,3,80,3,4,3,Yes,No,No,No,Data Science,Semester 1
Student 8090,STU8090,19,4,83,0,3,3,No,Yes,No,No,Computer Science,Semester 4
Student 8091,STU8091,18,4,84,3,8,0,No,No,Yes,No,Engineering,Semester 1
Student 8092,STU8092,22,4,81,1,4,3,Yes,No,Yes,No,Computer Science,Semester 3
Student 8093,STU8093,20,4,70,2,3,1,Yes,Yes,No,No,Computer Science,Semester 2
Student 8094,STU8094,19,4,75,0,5,3,No,No,Yes,No,Engineering,Semester 3
Student 8095,STU8095,21,3,74,0,4,0,Yes,No,Yes,No,Business,Semester 3
Student 8096,STU8096,26,6,92,3,4,3,No,No,No,Yes,Data Science,Semester 4
Student 8097,STU8097,23,5,91,1,4,3,Yes,Yes,Yes,No,Engineering,Semester 3
Student 8098,STU8098,23,4,73,0,4,3,Yes,No,Yes,No,Business,Semester 1
Student 8099,STU8099,22,2,84,3,5,3,Yes,Yes,No,No,Computer Science,Semester 2
Student 8100,STU8100,21,2,92,1,7,2,Yes,Yes,No,No,Business,Semester 3
Student 8101,STU8101,17,3,86,3,3,3,Yes,Yes,Yes,No,Engineering,Semester 2
Student 8102,STU8102,19,3,68,1,3,2,No,No,No,Yes,Engineering,Semester 4
Student 8103,STU8103,19,2,81,1,6,2,Yes,Yes,No,Yes,Computer Science,Semester 3
Student 8104,STU8104,17,4,88,2,6,3,Yes,Yes,No,Yes,Engineering,Semester 2
Student 8105,STU8105,18,1,95,3,8,3,Yes,No,Yes,Yes,Software Engineering,Semester 1
Student 8106,STU8106,17,3,80,0,8,0,Yes,No,No,No,Business,Semester 2
Student 8107,STU8107,20,4,68,0,2,1,Yes,Yes,No,No,Software Engineering,Semester 1
Student 8108,STU8108,22,4,99,3,1,4,Yes,Yes,No,Yes,Software Engineering,Semester 1
Student 8109,STU8109,23,1,81,4,6,2,Yes,No,Yes,Yes,Business,Semester 4
Student 8110,STU8110,21,4,93,2,5,2,Yes,Yes,Yes,Yes,Engineering,Semester 2
Student 8111,STU8111,18,3,79,1,8,0,Yes,No,No,Yes,Business,Semester 3
Student 8112,STU8112,17,3,86,2,6,0,Yes,Yes,No,No,Computer Science,Semester 3
Student 8113,STU8113,17,2,76,2,4,3,No,Yes,No,Yes,Software Engineering,Semester 3
Student 8114,STU8114,18,1,76,0,7,2,Yes,No,No,Yes,Software Engineering,Semester 3
Student 8115,STU8115,19,2,96,0,3,2,Yes,Yes,No,No,Engineering,Semester 2
Student 8116,STU8116,20,3,89,1,9,0,Yes,Yes,No,Yes,Business,Semester 4
Student 8117,STU8117,18,3,81,1,6,2,Yes,No,Yes,No,Data Science,Semester 3
Student 8118,STU8118,21,2,89,3,4,3,Yes,No,No,No,Engineering,Semester 3
Student 8119,STU8119,20,2,76,1,3,3,Yes,No,No,Yes,Engineering,Semester 1
Student 8120,STU8120,21,3,82,2,5,0,Yes,No,No,No,Engineering,Semester 2
Student 8121,STU8121,23,2,82,2,5,1,Yes,No,No,No,Business,Semester 1
Student 8122,STU8122,18,4,75,1,5,3,Yes,No,No,Yes,Engineering,Semester 1
Student 8123,STU8123,21,4,74,4,3,3,Yes,No,No,Yes,Computer Science,Semester 4
Student 8124,STU8124,21,4,66,1,5,2,Yes,No,Yes,No,Computer Science,Semester 3
Student 8125,STU8125,20,2,74,1,7,0,Yes,No,No,No,Software Engineering,Semester 3
Student 8126,STU8126,22,4,96,1,4,2,Yes,Yes,No,No,Software Engineering,Semester 2
Student 8127,STU8127,22,4,67,2,6,1,Yes,No,Yes,Yes,Business,Semester 1
Student 8128,STU8128,18,4,66,1,5,1,No,No,No,Yes,Data Science,Semester 3
Student 8129,STU8129,20,6,83,5,6,4,No,No,Yes,No,Software Engineering,Semester 4
Student 8130,STU8130,21,5,80,4,3,3,Yes,No,No,No,Software Engineering,Semester 1
Student 8131,STU8131,20,3,89,0,6,3,Yes,No,No,No,Software Engineering,Semester 4
Student 8132,STU8132,22,3,79,2,8,1,Yes,No,No,Yes,Software Engineering,Semester 4
Student 8133,STU8133,21,3,89,1,6,2,No,No,No,No,Engineering,Semester 4
Student 8134,STU8134,25,3,86,1,7,3,Yes,No,No,No,Software Engineering,Semester 3
Student 8135,STU8135,17,4,71,1,5,2,Yes,No,No,No,Business,Semester 4
Student 8136,STU8136,20,5,91,3,3,3,Yes,No,Yes,Yes,Engineering,Semester 4
Student 8137,STU8137,19,4,79,1,8,0,Yes,No,No,No,Engineering,Semester 3
Student 8138,STU8138,22,5,67,2,7,2,No,No,Yes,No,Business,Semester 3
Student 8139,STU8139,17,5,85,4,5,3,Yes,Yes,Yes,Yes,Data Science,Semester 3
Student 8140,STU8140,21,4,79,2,7,1,Yes,No,Yes,No,Software Engineering,Semester 2
Student 8141,STU8141,19,3,95,3,5,1,Yes,Yes,Yes,No,Computer Science,Semester 1
Student 8142,STU8142,19,4,90,4,5,3,Yes,Yes,No,Yes,Data Science,Semester 1
Student 8143,STU8143,17,4,74,3,5,3,Yes,No,No,No,Software Engineering,Semester 2
Student 8144,STU8144,20,2,89,1,3,4,Yes,Yes,Yes,Yes,Computer Science,Semester 2
Student 8145,STU8145,23,7,76,1,5,1,No,Yes,No,No,Engineering,Semester 2
Student 8146,STU8146,20,3,68,2,5,2,Yes,No,Yes,No,Engineering,Semester 3
Student 8147,STU8147,22,4,77,3,5,4,Yes,No,No,No,Engineering,Semester 4
Student 8148,STU8148,24,3,71,0,6,1,No,Yes,No,No,Software Engineering,Semester 3
Student 8149,STU8149,21,5,81,1,6,1,Yes,No,Yes,No,Business,Semester 4
Student 8150,STU8150,19,4,97,2,6,2,Yes,No,No,No,Engineering,Semester 1
Student 8151,STU8151,22,2,82,1,6,1,Yes,No,No,No,Engineering,Semester 4
Student 8152,STU8152,19,5,85,1,6,2,Yes,No,No,Yes,Engineering,Semester 2
Student 8153,STU8153,19,5,74,3,5,3,Yes,No,Yes,Yes,Software Engineering,Semester 1
Student 8154,STU8154,17,3,77,1,6,1,No,Yes,No,No,Computer Science,Semester 4
Student 8155,STU8155,23,5,86,2,6,2,Yes,Yes,No,Yes,Data Science,Semester 2
Student 8156,STU8156,20,3,81,1,4,2,Yes,No,Yes,No,Engineering,Semester 4
Student 8157,STU8157,21,4,76,1,3,2,Yes,No,Yes,No,Data Science,Semester 4
Student 8158,STU8158,18,5,90,3,6,2,Yes,Yes,No,Yes,Business,Semester 4
Student 8159,STU8159,22,4,68,4,5,3,Yes,Yes,Yes,Yes,Business,Semester 1
Student 8160,STU8160,19,4,98,3,6,3,Yes,No,Yes,No,Business,Semester 4
Student 8161,STU8161,20,5,87,1,7,3,No,No,No,No,Engineering,Semester 2
Student 8162,STU8162,22,6,72,4,5,3,Yes,No,No,Yes,Data Science,Semester 4
Student 8163,STU8163,22,5,82,1,5,2,Yes,No,Yes,No,Computer Science,Semester 2
Student 8164,STU8164,21,4,72,0,6,0,Yes,No,Yes,No,Software Engineering,Semester 3
Student 8165,STU8165,17,3,98,2,3,3,Yes,No,No,No,Data Science,Semester 1
Student 8166,STU8166,27,4,74,1,5,1,Yes,No,Yes,No,Software Engineering,Semester 3
Student 8167,STU8167,24,2,90,0,5,2,Yes,No,No,Yes,Data Science,Semester 3
Student 8168,STU8168,22,4,89,3,7,2,Yes,No,No,No,Engineering,Semester 1
Student 8169,STU8169,19,2,76,4,4,3,Yes,Yes,No,Yes,Computer Science,Semester 3
Student 8170,STU8170,20,3,84,1,5,2,Yes,Yes,Yes,Yes,Engineering,Semester 2
Student 8171,STU8171,19,4,84,1,5,2,Yes,No,No,Yes,Business,Semester 2
Student 8172,STU8172,23,3,88,2,1,3,Yes,No,Yes,Yes,Computer Science,Semester 2
Student 8173,STU8173,21,5,83,2,4,3,Yes,Yes,No,No,Data Science,Semester 2
Student 8174,STU8174,19,3,76,2,5,3,Yes,Yes,No,Yes,Engineering,Semester 3
Student 8175,STU8175,20,4,86,4,5,2,Yes,No,Yes,No,Software Engineering,Semester 1
Student 8176,STU8176,23,3,86,0,5,0,Yes,No,No,No,Engineering,Semester 3
Student 8177,STU8177,24,3,74,3,7,1,Yes,Yes,No,No,Engineering,Semester 1
Student 8178,STU8178,24,5,63,5,7,1,Yes,No,Yes,No,Data Science,Semester 1
Student 8179,STU8179,22,4,71,1,5,2,Yes,No,Yes,No,Data Science,Semester 3
Student 8180,STU8180,20,4,85,0,6,3,Yes,Yes,Yes,Yes,Business,Semester 3
Student 8181,STU8181,17,3,85,1,6,2,Yes,No,No,No,Computer Science,Semester 2
Student 8182,STU8182,21,4,77,0,5,1,Yes,Yes,No,Yes,Engineering,Semester 1
Student 8183,STU8183,21,3,89,1,1,3,Yes,Yes,No,No,Software Engineering,Semester 1
Student 8184,STU8184,21,5,92,0,6,3,No,Yes,Yes,Yes,Data Science,Semester 4
Student 8185,STU8185,21,4,88,3,4,2,Yes,Yes,Yes,No,Data Science,Semester 1
Student 8186,STU8186,18,5,83,2,5,2,Yes,Yes,No,Yes,Business,Semester 2
Student 8187,STU8187,22,5,72,3,3,0,Yes,Yes,No,Yes,Computer Science,Semester 1
Student 8188,STU8188,22,4,79,2,5,3,No,No,No,No,Business,Semester 4
Student 8189,STU8189,22,6,80,1,7,0,Yes,Yes,No,No,Data Science,Semester 4
Student 8190,STU8190,23,3,77,1,8,1,Yes,No,No,Yes,Software Engineering,Semester 1
Student 8191,STU8191,22,5,87,1,4,1,No,No,Yes,No,Business,Semester 2
Student 8192,STU8192,20,4,67,1,8,1,Yes,No,No,Yes,Engineering,Semester 4
Student 8193,STU8193,20,4,76,3,4,0,Yes,Yes,No,No,Data Science,Semester 4
Student 8194,STU8194,21,1,77,4,4,0,Yes,Yes,Yes,No,Data Science,Semester 4
Student 8195,STU8195,21,4,76,1,2,3,Yes,No,No,Yes,Business,Semester 3
Student 8196,STU8196,23,5,97,5,6,3,Yes,No,Yes,No,Software Engineering,Semester 2
Student 8197,STU8197,22,4,81,4,5,2,Yes,No,No,Yes,Business,Semester 2
Student 8198,STU8198,25,5,76,0,5,1,Yes,No,No,Yes,Software Engineering,Semester 3
Student 8199,STU8199,25,5,81,2,4,4,Yes,No,No,No,Data Science,Semester 1
Student 8200,STU8200,21,3,88,5,3,2,Yes,No,No,No,Business,Semester 4
Student 8201,STU8201,17,4,66,0,6,1,Yes,No,No,No,Computer Science,Semester 4
Student 8202,STU8202,23,3,82,1,5,1,Yes,No,No,Yes,Business,Semester 3
Student 8203,STU8203,19,3,78,2,7,1,No,No,Yes,No,Business,Semester 1
Student 8204,STU8204,19,4,84,4,3,1,Yes,No,No,No,Computer Science,Semester 2
Student 8205,STU8205,20,4,72,1,5,1,Yes,Yes,Yes,No,Computer Science,Semester 1
Student 8206,STU8206,20,4,80,2,5,1,Yes,Yes,No,Yes,Engineering,Semester 2
Student 8207,STU8207,22,3,80,2,4,3,Yes,No,Yes,No,Computer Science,Semester 4
Student 8208,STU8208,17,4,71,0,4,3,Yes,No,Yes,No,Software Engineering,Semester 1
Student 8209,STU8209,18,4,96,2,4,3,Yes,No,Yes,No,Engineering,Semester 2
Student 8210,STU8210,21,3,85,3,3,3,Yes,No,No,Yes,Software Engineering,Semester 1
Student 8211,STU8211,22,2,89,3,8,2,Yes,Yes,No,No,Engineering,Semester 1
Student 8212,STU8212,22,2,79,2,1,2,Yes,Yes,Yes,No,Engineering,Semester 1
Student 8213,STU8213,19,3,83,3,3,3,Yes,Yes,Yes,No,Software Engineering,Semester 3
Student 8214,STU8214,18,1,72,2,6,1,Yes,No,No,No,Data Science,Semester 2
Student 8215,STU8215,19,4,76,1,5,2,Yes,No,Yes,Yes,Data Science,Semester 2
Student 8216,STU8216,21,2,74,2,5,1,Yes,Yes,No,Yes,Business,Semester 4
Student 8217,STU8217,24,4,84,1,5,0,Yes,No,Yes,No,Data Science,Semester 2
Student 8218,STU8218,17,3,95,1,6,3,Yes,Yes,No,Yes,Business,Semester 4
Student 8219,STU8219,20,1,89,2,5,3,Yes,Yes,Yes,No,Data Science,Semester 3
Student 8220,STU8220,18,2,96,1,4,3,Yes,No,No,No,Business,Semester 4
Student 8221,STU8221,17,4,88,5,5,3,No,No,No,Yes,Business,Semester 4
Student 8222,STU8222,23,5,85,1,5,3,Yes,No,Yes,No,Computer Science,Semester 3
Student 8223,STU8223,22,3,74,1,8,2,Yes,No,No,No,Business,Semester 3
Student 8224,STU8224,22,4,84,1,4,3,No,No,No,No,Software Engineering,Semester 3
Student 8225,STU8225,23,3,78,1,6,2,Yes,Yes,Yes,No,Software Engineering,Semester 1
Student 8226,STU8226,19,3,88,2,7,3,Yes,No,No,Yes,Business,Semester 2
Student 8227,STU8227,20,2,71,0,3,0,Yes,No,No,No,Software Engineering,Semester 1
Student 8228,STU8228,25,3,81,2,3,1,Yes,No,No,No,Data Science,Semester 4
Student 8229,STU8229,20,3,82,3,9,1,Yes,No,Yes,No,Software Engineering,Semester 3
Student 8230,STU8230,22,5,96,2,4,3,Yes,Yes,Yes,Yes,Computer Science,Semester 3
Student 8231,STU8231,21,3,73,3,5,0,Yes,Yes,Yes,Yes,Software Engineering,Semester 1
Student 8232,STU8232,17,4,91,3,5,1,Yes,No,No,No,Data Science,Semester 4
Student 8233,STU8233,17,2,88,0,5,2,Yes,No,No,Yes,Data Science,Semester 2
Student 8234,STU8234,19,3,80,2,4,1,Yes,Yes,No,No,Business,Semester 4
Student 8235,STU8235,23,2,85,7,5,1,Yes,Yes,No,Yes,Engineering,Semester 3
Student 8236,STU8236,22,3,80,5,4,1,Yes,No,Yes,Yes,Data Science,Semester 4
Student 8237,STU8237,23,5,82,1,5,3,Yes,Yes,No,Yes,Business,Semester 1
Student 8238,STU8238,18,3,88,2,2,2,Yes,Yes,Yes,Yes,Business,Semester 4
Student 8239,STU8239,24,5,100,2,5,2,Yes,Yes,No,No,Software Engineering,Semester 1
Student 8240,STU8240,18,3,89,3,6,0,Yes,Yes,No,No,Software Engineering,Semester 4
Student 8241,STU8241,21,4,84,0,7,1,Yes,No,No,Yes,Business,Semester 4
Student 8242,STU8242,21,5,93,4,7,3,Yes,No,Yes,Yes,Computer Science,Semester 1
Student 8243,STU8243,20,4,70,1,4,2,Yes,Yes,No,Yes,Business,Semester 1
Student 8244,STU8244,23,4,63,1,5,1,Yes,Yes,No,Yes,Software Engineering,Semester 2
Student 8245,STU8245,19,4,82,2,3,3,Yes,Yes,No,No,Data Science,Semester 2
Student 8246,STU8246,18,3,73,0,4,0,Yes,No,No,No,Computer Science,Semester 4
Student 8247,STU8247,21,2,77,2,8,2,Yes,Yes,Yes,No,Engineering,Semester 3
Student 8248,STU8248,20,3,68,3,5,0,Yes,No,No,No,Data Science,Semester 3
Student 8249,STU8249,28,4,71,2,5,2,No,Yes,No,No,Software Engineering,Semester 2
Student 8250,STU8250,22,5,80,4,5,2,Yes,Yes,Yes,No,Data Science,Semester 2
Student 8251,STU8251,20,4,74,0,8,0,No,Yes,Yes,No,Data Science,Semester 4
Student 8252,STU8252,18,3,85,1,6,1,No,Yes,No,No,Software Engineering,Semester 1
Student 8253,STU8253,17,3,84,3,8,2,Yes,No,No,No,Data Science,Semester 1
Student 8254,STU8254,18,4,84,1,4,0,Yes,No,Yes,Yes,Business,Semester 1
Student 8255,STU8255,21,4,78,3,3,1,Yes,No,Yes,No,Computer Science,Semester 3
Student 8256,STU8256,24,4,90,4,4,2,No,Yes,Yes,No,Software Engineering,Semester 3
Student 8257,STU8257,23,3,86,3,6,0,Yes,Yes,No,No,Computer Science,Semester 3
Student 8258,STU8258,21,2,83,4,8,1,No,Yes,No,Yes,Business,Semester 3
Student 8259,STU8259,20,3,83,1,6,3,Yes,No,No,No,Software Engineering,Semester 1
Student 8260,STU8260,21,3,80,1,7,0,Yes,Yes,Yes,No,Business,Semester 4
Student 8261,STU8261,19,4,92,1,5,3,Yes,No,No,Yes,Engineering,Semester 4
Student 8262,STU8262,24,2,91,0,3,2,Yes,Yes,Yes,No,Engineering,Semester 3
Student 8263,STU8263,20,3,79,0,9,1,Yes,Yes,No,No,Engineering,Semester 3
Student 8264,STU8264,20,4,83,2,6,4,Yes,No,Yes,Yes,Computer Science,Semester 1
Student 8265,STU8265,17,4,78,1,5,0,Yes,No,No,No,Engineering,Semester 1
Student 8266,STU8266,20,6,100,0,7,2,Yes,No,No,Yes,Engineering,Semester 4
Student 8267,STU8267,22,4,80,1,2,2,Yes,No,No,No,Business,Semester 2
Student 8268,STU8268,18,2,91,1,4,2,Yes,No,Yes,No,Data Science,Semester 4
Student 8269,STU8269,19,2,100,4,6,0,Yes,Yes,No,No,Data Science,Semester 4
Student 8270,STU8270,22,4,84,0,5,3,Yes,No,No,No,Engineering,Semester 4
Student 8271,STU8271,17,3,68,0,5,3,Yes,Yes,Yes,No,Data Science,Semester 1
Student 8272,STU8272,23,3,94,1,7,1,Yes,No,Yes,No,Engineering,Semester 3
Student 8273,STU8273,19,2,77,0,5,2,Yes,No,No,Yes,Engineering,Semester 1
Student 8274,STU8274,20,2,76,1,9,0,Yes,No,Yes,No,Computer Science,Semester 3
Student 8275,STU8275,18,5,96,0,5,1,Yes,No,No,Yes,Software Engineering,Semester 2
Student 8276,STU8276,21,5,71,3,6,1,Yes,No,Yes,Yes,Data Science,Semester 2
Student 8277,STU8277,26,4,93,2,6,0,Yes,Yes,No,No,Engineering,Semester 2
Student 8278,STU8278,22,4,80,4,4,1,Yes,Yes,No,No,Data Science,Semester 3
Student 8279,STU8279,19,2,67,0,3,3,Yes,Yes,Yes,No,Computer Science,Semester 4
Student 8280,STU8280,23,4,89,1,5,3,Yes,No,No,Yes,Computer Science,Semester 3
Student 8281,STU8281,20,3,64,0,9,0,Yes,No,No,Yes,Engineering,Semester 2
Student 8282,STU8282,24,5,81,2,4,1,No,Yes,Yes,No,Data Science,Semester 4
Student 8283,STU8283,22,4,68,2,6,1,No,Yes,No,Yes,Data Science,Semester 2
Student 8284,STU8284,17,1,79,1,5,2,Yes,No,No,Yes,Data Science,Semester 3
Student 8285,STU8285,18,4,72,2,5,3,Yes,No,Yes,No,Computer Science,Semester 4
Student 8286,STU8286,23,3,85,0,7,3,Yes,No,No,No,Business,Semester 3
Student 8287,STU8287,21,2,83,2,5,1,Yes,Yes,No,Yes,Business,Semester 3
Student 8288,STU8288,18,5,90,3,4,1,Yes,No,Yes,Yes,Data Science,Semester 3
Student 8289,STU8289,19,1,82,1,8,0,Yes,No,No,No,Data Science,Semester 4
Student 8290,STU8290,17,3,80,4,4,2,Yes,Yes,No,No,Software Engineering,Semester 2
Student 8291,STU8291,20,1,84,1,6,2,No,No,No,Yes,Engineering,Semester 2
Student 8292,STU8292,25,3,76,3,2,1,Yes,No,Yes,No,Computer Science,Semester 4
Student 8293,STU8293,22,2,88,4,7,3,Yes,No,No,Yes,Software Engineering,Semester 1
Student 8294,STU8294,25,3,82,1,10,1,Yes,No,No,No,Data Science,Semester 4
Student 8295,STU8295,22,2,87,1,5,3,Yes,No,No,Yes,Business,Semester 1
Student 8296,STU8296,23,3,80,0,3,1,Yes,No,Yes,No,Business,Semester 3
Student 8297,STU8297,25,5,86,2,6,4,Yes,Yes,Yes,No,Software Engineering,Semester 2
Student 8298,STU8298,21,3,87,2,5,3,Yes,No,No,No,Business,Semester 3
Student 8299,STU8299,20,0,65,1,9,0,Yes,Yes,Yes,No,Business,Semester 1
Student 8300,STU8300,23,3,70,4,4,2,Yes,No,No,No,Engineering,Semester 4
Student 8301,STU8301,24,5,77,3,3,3,Yes,No,No,No,Data Science,Semester 3
Student 8302,STU8302,19,4,81,1,6,0,Yes,Yes,No,Yes,Software Engineering,Semester 4
Student 8303,STU8303,19,5,92,0,6,1,Yes,Yes,No,Yes,Computer Science,Semester 4
Student 8304,STU8304,21,3,85,2,4,2,Yes,No,Yes,No,Computer Science,Semester 1
Student 8305,STU8305,22,4,86,3,7,1,Yes,No,No,No,Data Science,Semester 4
Student 8306,STU8306,22,3,94,1,5,1,Yes,No,No,No,Computer Science,Semester 1
Student 8307,STU8307,17,4,93,2,5,3,Yes,No,No,No,Business,Semester 4
Student 8308,STU8308,25,5,73,1,6,3,Yes,No,Yes,No,Engineering,Semester 4
Student 8309,STU8309,19,2,91,1,5,2,Yes,No,No,No,Software Engineering,Semester 4
Student 8310,STU8310,20,1,82,2,4,3,Yes,Yes,No,No,Software Engineering,Semester 2
Student 8311,STU8311,19,4,77,5,5,1,Yes,No,Yes,Yes,Business,Semester 4
Student 8312,STU8312,26,4,79,2,4,0,Yes,No,No,Yes,Data Science,Semester 3
Student 8313,STU8313,21,6,77,2,10,1,Yes,No,No,No,Engineering,Semester 2
Student 8314,STU8314,19,4,83,0,5,3,Yes,Yes,No,Yes,Computer Science,Semester 1
Student 8315,STU8315,22,4,81,4,3,1,Yes,No,No,Yes,Software Engineering,Semester 4
Student 8316,STU8316,22,3,91,1,7,1,Yes,No,No,Yes,Software Engineering,Semester 1
Student 8317,STU8317,20,3,97,1,5,1,No,Yes,No,No,Data Science,Semester 3
Student 8318,STU8318,22,4,78,2,6,3,Yes,No,No,No,Engineering,Semester 3
Student 8319,STU8319,19,6,71,3,6,1,No,No,Yes,Yes,Computer Science,Semester 3
Student 8320,STU8320,19,4,87,4,8,1,Yes,Yes,No,No,Software Engineering,Semester 3
Student 8321,STU8321,17,4,89,1,3,4,Yes,Yes,No,Yes,Software Engineering,Semester 4
Student 8322,STU8322,18,3,85,3,8,0,Yes,No,No,No,Computer Science,Semester 1
Student 8323,STU8323,25,3,69,3,6,2,Yes,No,No,No,Engineering,Semester 1
Student 8324,STU8324,24,5,75,2,5,3,Yes,Yes,Yes,No,Engineering,Semester 1
Student 8325,STU8325,21,2,83,1,4,3,Yes,Yes,No,No,Engineering,Semester 2
Student 8326,STU8326,24,3,77,0,5,1,Yes,Yes,No,Yes,Software Engineering,Semester 2
Student 8327,STU8327,20,3,74,0,5,0,Yes,No,No,No,Business,Semester 4
Student 8328,STU8328,20,4,99,5,8,3,No,Yes,Yes,Yes,Software Engineering,Semester 2
Student 8329,STU8329,21,4,59,0,5,1,No,Yes,No,Yes,Data Science,Semester 3
Student 8330,STU8330,20,5,91,2,4,1,Yes,No,Yes,No,Data Science,Semester 4
Student 8331,STU8331,20,7,85,2,9,2,Yes,No,No,No,Software Engineering,Semester 4
Student 8332,STU8332,23,2,86,3,7,0,Yes,No,No,No,Software Engineering,Semester 4
Student 8333,STU8333,21,4,91,1,6,2,Yes,No,No,No,Computer Science,Semester 1
Student 8334,STU8334,22,3,76,2,5,2,Yes,No,Yes,No,Engineering,Semester 2
Student 8335,STU8335,23,5,79,1,4,2,Yes,No,Yes,No,Computer Science,Semester 3
Student 8336,STU8336,21,6,85,1,6,3,Yes,No,No,Yes,Data Science,Semester 4
Student 8337,STU8337,18,4,67,1,5,0,No,No,No,No,Data Science,Semester 3
Student 8338,STU8338,18,5,95,1,4,2,Yes,Yes,No,No,Business,Semester 4
Student 8339,STU8339,21,2,82,0,7,2,Yes,No,No,Yes,Engineering,Semester 3
Student 8340,STU8340,20,5,74,0,5,1,Yes,No,No,No,Engineering,Semester 1
Student 8341,STU8341,21,6,90,0,6,2,Yes,No,Yes,Yes,Data Science,Semester 3
Student 8342,STU8342,21,3,82,2,7,1,Yes,No,No,No,Computer Science,Semester 2
Student 8343,STU8343,26,4,76,2,5,1,Yes,No,No,No,Software Engineering,Semester 3
Student 8344,STU8344,18,2,89,0,2,2,Yes,No,No,Yes,Engineering,Semester 4
Student 8345,STU8345,17,3,63,4,6,2,No,No,No,Yes,Software Engineering,Semester 4
Student 8346,STU8346,21,4,85,2,5,3,Yes,No,No,No,Data Science,Semester 1
Student 8347,STU8347,20,7,92,1,4,2,Yes,No,Yes,No,Business,Semester 1
Student 8348,STU8348,21,1,75,5,5,1,Yes,No,No,No,Data Science,Semester 4
Student 8349,STU8349,22,4,71,2,4,2,Yes,No,Yes,No,Software Engineering,Semester 4
Student 8350,STU8350,23,5,85,1,5,2,Yes,Yes,No,Yes,Data Science,Semester 3
Student 8351,STU8351,17,6,76,0,5,2,Yes,Yes,No,Yes,Engineering,Semester 4
Student 8352,STU8352,19,3,100,1,6,4,Yes,No,No,No,Software Engineering,Semester 1
Student 8353,STU8353,21,5,77,0,2,2,No,No,No,No,Software Engineering,Semester 1
Student 8354,STU8354,22,4,80,4,5,3,Yes,No,Yes,Yes,Business,Semester 2
Student 8355,STU8355,25,6,86,3,5,3,Yes,Yes,No,No,Engineering,Semester 2
Student 8356,STU8356,23,3,67,2,9,1,Yes,No,Yes,Yes,Computer Science,Semester 4
Student 8357,STU8357,20,4,82,2,2,4,Yes,Yes,Yes,No,Business,Semester 3
Student 8358,STU8358,19,3,91,3,7,3,Yes,No,Yes,Yes,Engineering,Semester 4
Student 8359,STU8359,19,3,81,1,6,1,Yes,Yes,Yes,Yes,Computer Science,Semester 1
Student 8360,STU8360,19,3,72,4,6,1,Yes,Yes,No,Yes,Software Engineering,Semester 1
Student 8361,STU8361,22,2,78,0,4,4,Yes,Yes,No,Yes,Business,Semester 1
Student 8362,STU8362,21,4,66,3,5,2,Yes,No,No,Yes,Software Engineering,Semester 4
Student 8363,STU8363,18,4,64,2,5,3,Yes,No,No,No,Software Engineering,Semester 4
Student 8364,STU8364,20,3,90,2,10,1,Yes,Yes,Yes,No,Software Engineering,Semester 2
Student 8365,STU8365,22,3,77,0,4,2,Yes,Yes,Yes,Yes,Engineering,Semester 1
Student 8366,STU8366,21,1,87,2,4,3,Yes,Yes,No,No,Computer Science,Semester 2
Student 8367,STU8367,22,4,70,3,9,3,Yes,No,No,No,Engineering,Semester 1
Student 8368,STU8368,21,2,97,1,6,2,Yes,Yes,No,Yes,Software Engineering,Semester 2
Student 8369,STU8369,24,3,91,6,6,2,Yes,Yes,Yes,No,Business,Semester 4
Student 8370,STU8370,21,5,78,2,7,2,Yes,No,No,Yes,Software Engineering,Semester 3
Student 8371,STU8371,20,3,71,3,5,2,Yes,No,Yes,Yes,Computer Science,Semester 3
Student 8372,STU8372,19,4,77,3,4,3,Yes,No,Yes,No,Engineering,Semester 1
Student 8373,STU8373,21,3,84,1,5,3,Yes,No,Yes,Yes,Computer Science,Semester 4
Student 8374,STU8374,17,3,90,0,4,4,Yes,No,No,No,Engineering,Semester 1
Student 8375,STU8375,20,3,65,2,2,1,Yes,Yes,No,Yes,Computer Science,Semester 2
Student 8376,STU8376,20,3,91,2,4,3,Yes,No,No,No,Computer Science,Semester 4
Student 8377,STU8377,18,2,84,3,1,3,Yes,No,No,No,Engineering,Semester 2
Student 8378,STU8378,19,4,72,0,4,1,Yes,No,No,Yes,Engineering,Semester 2
Student 8379,STU8379,22,7,61,2,4,1,Yes,No,No,No,Engineering,Semester 1
Student 8380,STU8380,21,4,83,1,6,0,Yes,No,No,No,Data Science,Semester 2
Student 8381,STU8381,21,2,83,1,5,2,Yes,Yes,No,No,Computer Science,Semester 1
Student 8382,STU8382,21,4,77,1,5,1,Yes,Yes,No,No,Data Science,Semester 2
Student 8383,STU8383,21,4,89,2,5,2,Yes,No,No,Yes,Data Science,Semester 1
Student 8384,STU8384,23,3,98,2,4,2,No,No,No,No,Software Engineering,Semester 2
Student 8385,STU8385,21,3,78,2,3,0,Yes,No,No,Yes,Data Science,Semester 2
Student 8386,STU8386,17,5,76,3,1,3,Yes,No,Yes,Yes,Data Science,Semester 2
Student 8387,STU8387,24,4,95,2,5,2,No,No,No,Yes,Engineering,Semester 1
Student 8388,STU8388,21,2,80,1,5,0,Yes,Yes,Yes,No,Engineering,Semester 4
Student 8389,STU8389,19,5,87,2,7,2,Yes,No,No,No,Business,Semester 3
Student 8390,STU8390,18,3,77,3,3,2,Yes,No,Yes,Yes,Computer Science,Semester 3
Student 8391,STU8391,21,4,91,0,6,2,Yes,Yes,Yes,Yes,Data Science,Semester 1
Student 8392,STU8392,20,3,72,1,1,0,Yes,No,Yes,Yes,Data Science,Semester 1
Student 8393,STU8393,24,3,83,3,3,3,No,Yes,No,Yes,Computer Science,Semester 3
Student 8394,STU8394,20,2,84,1,6,1,Yes,No,Yes,Yes,Engineering,Semester 4
Student 8395,STU8395,19,3,80,4,6,3,Yes,Yes,Yes,Yes,Engineering,Semester 4
Student 8396,STU8396,23,2,76,3,2,2,Yes,No,Yes,Yes,Computer Science,Semester 3
Student 8397,STU8397,23,2,96,0,4,3,Yes,No,No,No,Computer Science,Semester 2
Student 8398,STU8398,21,3,88,0,5,3,Yes,No,No,No,Engineering,Semester 2
Student 8399,STU8399,22,2,75,1,5,1,No,No,Yes,No,Computer Science,Semester 1
Student 8400,STU8400,20,3,66,1,6,2,No,Yes,Yes,No,Engineering,Semester 3
Student 8401,STU8401,21,4,93,1,7,2,Yes,No,No,Yes,Computer Science,Semester 3
Student 8402,STU8402,23,5,74,5,3,1,No,No,No,No,Engineering,Semester 1
Student 8403,STU8403,22,2,82,2,6,2,Yes,No,Yes,Yes,Business,Semester 4
Student 8404,STU8404,20,4,82,2,5,2,Yes,No,No,No,Engineering,Semester 4
Student 8405,STU8405,24,4,84,2,6,1,Yes,Yes,No,No,Engineering,Semester 3
Student 8406,STU8406,17,1,68,4,4,0,Yes,Yes,No,No,Data Science,Semester 2
Student 8407,STU8407,25,4,79,0,7,0,Yes,No,No,No,Engineering,Semester 3
Student 8408,STU8408,17,4,81,4,6,2,Yes,No,Yes,No,Computer Science,Semester 3
Student 8409,STU8409,19,4,81,1,3,1,Yes,Yes,Yes,Yes,Software Engineering,Semester 2
Student 8410,STU8410,20,6,87,1,2,3,Yes,No,No,No,Computer Science,Semester 3
Student 8411,STU8411,20,4,83,4,7,1,Yes,No,No,No,Data Science,Semester 4
Student 8412,STU8412,23,3,85,0,4,2,No,No,Yes,Yes,Computer Science,Semester 4
Student 8413,STU8413,18,5,77,2,4,3,Yes,No,No,No,Business,Semester 2
Student 8414,STU8414,21,4,95,1,5,2,Yes,No,No,No,Software Engineering,Semester 4
Student 8415,STU8415,19,3,79,1,3,2,Yes,No,Yes,Yes,Software Engineering,Semester 2
Student 8416,STU8416,21,6,84,3,5,3,Yes,No,No,No,Data Science,Semester 2
Student 8417,STU8417,20,4,82,2,5,3,Yes,Yes,Yes,No,Software Engineering,Semester 3
Student 8418,STU8418,21,2,85,2,5,2,Yes,No,Yes,Yes,Engineering,Semester 2
Student 8419,STU8419,19,2,91,2,7,1,Yes,No,Yes,No,Data Science,Semester 4
Student 8420,STU8420,19,2,75,0,6,1,Yes,No,No,No,Business,Semester 4
Student 8421,STU8421,21,2,88,3,7,0,Yes,No,No,No,Software Engineering,Semester 1
Student 8422,STU8422,23,5,87,0,5,2,Yes,Yes,No,No,Software Engineering,Semester 4
Student 8423,STU8423,19,3,83,7,4,3,Yes,No,No,Yes,Data Science,Semester 3
Student 8424,STU8424,19,1,83,2,7,1,Yes,No,No,Yes,Software Engineering,Semester 2
Student 8425,STU8425,22,4,72,2,4,3,Yes,Yes,No,Yes,Software Engineering,Semester 4
Student 8426,STU8426,20,4,79,3,5,2,Yes,No,No,Yes,Business,Semester 1
Student 8427,STU8427,22,3,66,0,6,0,Yes,No,No,No,Business,Semester 1
Student 8428,STU8428,19,3,79,2,4,1,No,No,No,No,Data Science,Semester 2
Student 8429,STU8429,17,4,81,0,4,3,Yes,No,No,No,Software Engineering,Semester 4
Student 8430,STU8430,19,4,70,0,5,0,Yes,Yes,No,Yes,Computer Science,Semester 4
Student 8431,STU8431,19,4,84,3,6,1,Yes,No,Yes,Yes,Data Science,Semester 1
Student 8432,STU8432,20,1,91,3,6,1,Yes,No,Yes,No,Business,Semester 4
Student 8433,STU8433,19,2,83,0,3,1,Yes,Yes,No,No,Computer Science,Semester 4
Student 8434,STU8434,22,3,82,2,9,0,No,No,No,No,Software Engineering,Semester 2
Student 8435,STU8435,20,2,77,1,6,0,No,No,No,No,Data Science,Semester 4
Student 8436,STU8436,21,4,85,3,4,2,Yes,Yes,No,No,Data Science,Semester 4
Student 8437,STU8437,21,4,73,3,5,1,Yes,No,Yes,No,Business,Semester 1
Student 8438,STU8438,21,3,62,1,5,3,Yes,No,No,No,Engineering,Semester 3
Student 8439,STU8439,20,4,94,2,4,2,Yes,No,No,No,Engineering,Semester 4
Student 8440,STU8440,22,4,89,0,7,3,Yes,No,No,Yes,Engineering,Semester 2
Student 8441,STU8441,19,4,73,2,9,2,Yes,No,No,No,Data Science,Semester 1
Student 8442,STU8442,24,0,70,1,4,0,Yes,Yes,No,Yes,Business,Semester 1
Student 8443,STU8443,20,3,82,1,4,1,Yes,No,No,Yes,Business,Semester 2
Student 8444,STU8444,18,3,82,3,5,0,Yes,Yes,No,Yes,Engineering,Semester 3
Student 8445,STU8445,21,3,88,2,3,2,Yes,No,No,Yes,Computer Science,Semester 4
Student 8446,STU8446,19,3,79,2,6,3,Yes,Yes,No,No,Engineering,Semester 4
Student 8447,STU8447,22,4,91,1,5,1,Yes,Yes,No,No,Data Science,Semester 2
Student 8448,STU8448,25,4,80,2,5,2,No,No,No,No,Computer Science,Semester 1
Student 8449,STU8449,19,3,91,1,2,4,Yes,Yes,No,Yes,Business,Semester 2
Student 8450,STU8450,21,5,80,1,1,4,Yes,No,No,Yes,Software Engineering,Semester 3
Student 8451,STU8451,17,3,75,3,4,3,Yes,Yes,No,No,Computer Science,Semester 1
Student 8452,STU8452,22,3,79,3,6,0,Yes,No,Yes,Yes,Business,Semester 3
Student 8453,STU8453,19,2,87,0,2,2,Yes,No,No,No,Computer Science,Semester 3
Student 8454,STU8454,19,7,84,2,7,4,Yes,Yes,Yes,No,Engineering,Semester 1
Student 8455,STU8455,18,5,82,2,5,2,No,No,No,No,Computer Science,Semester 3
Student 8456,STU8456,22,4,73,0,4,3,Yes,Yes,No,No,Computer Science,Semester 1
Student 8457,STU8457,23,2,81,3,5,1,Yes,Yes,Yes,No,Computer Science,Semester 3
Student 8458,STU8458,21,2,76,1,3,2,Yes,No,Yes,Yes,Data Science,Semester 3
Student 8459,STU8459,19,6,76,0,1,4,No,No,No,No,Data Science,Semester 1
Student 8460,STU8460,24,6,90,0,7,0,Yes,No,No,No,Engineering,Semester 3
Student 8461,STU8461,19,4,75,0,5,1,No,Yes,No,Yes,Software Engineering,Semester 3
Student 8462,STU8462,17,2,75,1,4,3,No,No,No,Yes,Data Science,Semester 4
Student 8463,STU8463,22,3,84,1,4,0,Yes,No,Yes,No,Software Engineering,Semester 3
Student 8464,STU8464,18,2,74,1,4,1,Yes,Yes,Yes,No,Data Science,Semester 2
Student 8465,STU8465,23,6,77,1,4,2,No,No,No,Yes,Business,Semester 3
Student 8466,STU8466,20,3,97,2,5,2,Yes,No,Yes,No,Business,Semester 2
Student 8467,STU8467,22,5,80,2,6,2,Yes,No,No,No,Computer Science,Semester 1
Student 8468,STU8468,24,5,87,2,4,3,Yes,Yes,No,No,Software Engineering,Semester 1
Student 8469,STU8469,18,2,100,0,3,4,Yes,No,No,No,Computer Science,Semester 4
Student 8470,STU8470,19,4,83,2,4,2,Yes,Yes,Yes,No,Computer Science,Semester 1
Student 8471,STU8471,20,3,86,2,9,1,Yes,No,No,No,Data Science,Semester 2
Student 8472,STU8472,24,5,84,0,5,2,Yes,No,No,No,Data Science,Semester 1
Student 8473,STU8473,19,4,79,1,6,2,Yes,No,No,Yes,Computer Science,Semester 1
Student 8474,STU8474,19,3,83,5,5,0,Yes,No,No,No,Data Science,Semester 3
Student 8475,STU8475,22,4,80,4,8,0,No,No,No,No,Business,Semester 2
Student 8476,STU8476,19,3,74,1,7,1,Yes,No,Yes,No,Business,Semester 2
Student 8477,STU8477,21,2,88,4,3,3,Yes,No,No,Yes,Software Engineering,Semester 2
Student 8478,STU8478,17,3,67,0,5,0,Yes,Yes,No,Yes,Business,Semester 1
Student 8479,STU8479,25,4,82,0,4,3,Yes,No,No,No,Computer Science,Semester 2
Student 8480,STU8480,18,5,79,3,6,2,No,No,Yes,No,Engineering,Semester 1
Student 8481,STU8481,20,4,73,3,7,0,Yes,No,Yes,Yes,Data Science,Semester 1
Student 8482,STU8482,20,4,87,1,5,1,Yes,No,No,Yes,Computer Science,Semester 4
Student 8483,STU8483,25,4,73,2,6,1,No,No,Yes,No,Data Science,Semester 4
Student 8484,STU8484,18,4,78,3,4,4,No,No,Yes,No,Software Engineering,Semester 1
Student 8485,STU8485,25,6,87,4,8,2,Yes,No,No,No,Computer Science,Semester 1
Student 8486,STU8486,22,2,66,1,7,0,Yes,No,No,No,Computer Science,Semester 3
Student 8487,STU8487,21,5,90,2,1,3,Yes,Yes,Yes,Yes,Computer Science,Semester 4
Student 8488,STU8488,18,6,81,2,3,3,Yes,Yes,No,No,Software Engineering,Semester 2
Student 8489,STU8489,22,2,79,0,3,2,Yes,No,No,No,Computer Science,Semester 4
Student 8490,STU8490,19,4,71,1,5,0,Yes,No,No,No,Data Science,Semester 4
Student 8491,STU8491,23,1,82,1,6,2,Yes,No,No,Yes,Engineering,Semester 4
Student 8492,STU8492,18,3,82,0,6,0,Yes,Yes,Yes,Yes,Computer Science,Semester 2
Student 8493,STU8493,20,2,86,2,5,2,Yes,No,No,No,Software Engineering,Semester 1
Student 8494,STU8494,19,4,78,2,5,3,No,No,Yes,No,Software Engineering,Semester 4
Student 8495,STU8495,18,3,74,0,6,3,Yes,No,No,No,Computer Science,Semester 4
Student 8496,STU8496,22,3,84,2,10,2,No,No,No,No,Software Engineering,Semester 1
Student 8497,STU8497,22,4,77,2,2,4,No,No,Yes,Yes,Business,Semester 1
Student 8498,STU8498,23,2,86,1,2,3,Yes,Yes,No,No,Software Engineering,Semester 3
Student 8499,STU8499,17,4,73,3,4,4,Yes,Yes,Yes,No,Engineering,Semester 4
Student 8500,STU8500,23,4,88,2,4,2,Yes,Yes,Yes,No,Business,Semester 1
Student 8501,STU8501,26,4,93,0,5,2,Yes,No,No,No,Data Science,Semester 2
Student 8502,STU8502,20,4,80,1,5,0,Yes,No,No,Yes,Business,Semester 2
Student 8503,STU8503,25,3,92,2,3,1,Yes,No,Yes,No,Engineering,Semester 3
Student 8504,STU8504,20,5,88,2,4,3,No,No,No,No,Business,Semester 4
Student 8505,STU8505,18,5,84,3,5,1,Yes,No,Yes,No,Computer Science,Semester 1
Student 8506,STU8506,20,3,81,1,5,2,Yes,No,Yes,No,Software Engineering,Semester 2
Student 8507,STU8507,23,3,77,2,5,3,Yes,No,Yes,No,Computer Science,Semester 3
Student 8508,STU8508,19,2,91,3,5,3,Yes,No,Yes,No,Computer Science,Semester 4
Student 8509,STU8509,19,6,90,2,4,3,No,Yes,Yes,Yes,Computer Science,Semester 2
Student 8510,STU8510,22,5,73,4,5,1,Yes,No,No,Yes,Business,Semester 3
Student 8511,STU8511,21,5,82,0,5,2,Yes,No,No,No,Data Science,Semester 1
Student 8512,STU8512,22,5,75,3,7,2,Yes,No,No,Yes,Software Engineering,Semester 2
Student 8513,STU8513,21,3,85,3,2,1,Yes,No,No,Yes,Business,Semester 4
Student 8514,STU8514,22,3,88,5,5,1,Yes,No,No,No,Computer Science,Semester 2
Student 8515,STU8515,20,5,69,4,5,1,Yes,No,Yes,No,Engineering,Semester 1
Student 8516,STU8516,21,3,81,2,5,1,Yes,No,Yes,Yes,Engineering,Semester 1
Student 8517,STU8517,19,3,85,4,5,3,No,No,Yes,Yes,Computer Science,Semester 3
Student 8518,STU8518,23,4,82,4,5,3,No,No,No,Yes,Data Science,Semester 1
Student 8519,STU8519,19,2,96,0,5,2,Yes,Yes,Yes,No,Software Engineering,Semester 4
Student 8520,STU8520,23,5,69,2,5,1,Yes,Yes,No,Yes,Business,Semester 4
Student 8521,STU8521,20,4,92,1,6,1,Yes,Yes,No,No,Data Science,Semester 2
Student 8522,STU8522,21,3,74,0,5,1,Yes,Yes,No,No,Engineering,Semester 2
Student 8523,STU8523,19,5,64,7,4,2,Yes,No,No,Yes,Computer Science,Semester 1
Student 8524,STU8524,18,2,84,0,7,1,Yes,No,Yes,Yes,Business,Semester 1
Student 8525,STU8525,17,3,81,0,3,2,Yes,Yes,Yes,No,Data Science,Semester 1
Student 8526,STU8526,18,5,82,2,3,2,Yes,No,No,Yes,Data Science,Semester 1
Student 8527,STU8527,20,3,86,4,3,3,Yes,Yes,Yes,No,Data Science,Semester 2
Student 8528,STU8528,21,2,86,3,6,2,Yes,Yes,Yes,No,Business,Semester 4
Student 8529,STU8529,23,4,77,0,4,2,Yes,No,No,Yes,Software Engineering,Semester 3
Student 8530,STU8530,20,3,88,3,5,3,Yes,No,No,Yes,Business,Semester 2
Student 8531,STU8531,19,4,65,0,8,0,No,Yes,No,No,Computer Science,Semester 2
Student 8532,STU8532,17,5,81,3,3,3,Yes,Yes,No,Yes,Business,Semester 4
Student 8533,STU8533,22,3,91,1,2,1,Yes,No,No,Yes,Data Science,Semester 3
Student 8534,STU8534,24,0,84,5,7,1,Yes,Yes,No,Yes,Software Engineering,Semester 4
Student 8535,STU8535,23,4,82,1,4,0,Yes,No,Yes,No,Software Engineering,Semester 1
Student 8536,STU8536,22,2,79,2,3,2,Yes,No,No,No,Computer Science,Semester 3
Student 8537,STU8537,22,4,84,1,5,1,Yes,Yes,No,Yes,Computer Science,Semester 2
Student 8538,STU8538,24,4,79,1,5,3,No,No,No,No,Engineering,Semester 1
Student 8539,STU8539,21,5,87,1,3,3,Yes,Yes,No,Yes,Engineering,Semester 1
Student 8540,STU8540,22,5,77,1,6,2,No,No,No,No,Engineering,Semester 1
Student 8541,STU8541,20,3,94,1,4,3,Yes,No,No,Yes,Business,Semester 1
Student 8542,STU8542,18,3,86,0,4,4,Yes,No,Yes,Yes,Software Engineering,Semester 1
Student 8543,STU8543,19,4,96,0,2,3,Yes,No,No,No,Computer Science,Semester 1
Student 8544,STU8544,21,5,78,2,1,4,Yes,No,No,Yes,Engineering,Semester 3
Student 8545,STU8545,21,2,91,0,5,2,Yes,Yes,Yes,Yes,Computer Science,Semester 1
Student 8546,STU8546,25,5,71,2,3,2,Yes,No,Yes,No,Engineering,Semester 3
Student 8547,STU8547,21,1,87,5,5,2,Yes,No,No,No,Business,Semester 3
Student 8548,STU8548,23,1,81,1,9,0,Yes,No,No,No,Business,Semester 4
Student 8549,STU8549,20,1,83,1,6,1,Yes,No,No,No,Data Science,Semester 4
Student 8550,STU8550,20,4,87,3,5,1,Yes,Yes,No,No,Computer Science,Semester 3
Student 8551,STU8551,18,4,87,2,6,3,No,No,No,Yes,Data Science,Semester 1
Student 8552,STU8552,19,4,88,2,9,0,Yes,No,No,Yes,Business,Semester 4
Student 8553,STU8553,22,3,84,2,2,4,Yes,No,Yes,Yes,Business,Semester 1
Student 8554,STU8554,21,4,86,1,5,2,Yes,No,Yes,Yes,Computer Science,Semester 1
Student 8555,STU8555,23,3,80,3,8,0,Yes,No,No,No,Data Science,Semester 4
Student 8556,STU8556,21,3,76,3,6,1,Yes,No,No,Yes,Data Science,Semester 4
Student 8557,STU8557,20,2,83,1,7,2,Yes,Yes,No,No,Data Science,Semester 4
Student 8558,STU8558,25,4,64,1,4,1,Yes,No,No,Yes,Computer Science,Semester 1
Student 8559,STU8559,20,3,85,3,3,2,Yes,No,No,Yes,Computer Science,Semester 2
Student 8560,STU8560,23,4,89,1,8,2,Yes,No,Yes,No,Computer Science,Semester 2
Student 8561,STU8561,20,4,87,4,5,2,Yes,No,Yes,Yes,Software Engineering,Semester 4
Student 8562,STU8562,22,6,77,1,7,2,No,No,No,Yes,Business,Semester 1
Student 8563,STU8563,23,4,65,2,7,0,Yes,Yes,Yes,No,Software Engineering,Semester 2
Student 8564,STU8564,21,5,87,1,7,0,No,No,No,No,Software Engineering,Semester 4
Student 8565,STU8565,17,5,75,4,6,0,Yes,Yes,No,No,Business,Semester 1
Student 8566,STU8566,21,2,71,3,6,1,Yes,No,No,No,Engineering,Semester 1
Student 8567,STU8567,23,3,89,5,6,1,No,No,No,No,Engineering,Semester 1
Student 8568,STU8568,22,3,71,2,4,1,No,No,No,Yes,Engineering,Semester 1
Student 8569,STU8569,22,4,80,3,7,2,Yes,No,No,Yes,Computer Science,Semester 1
Student 8570,STU8570,17,5,96,1,4,2,Yes,No,Yes,No,Computer Science,Semester 1
Student 8571,STU8571,19,4,76,2,7,2,Yes,Yes,No,Yes,Data Science,Semester 1
Student 8572,STU8572,21,2,73,2,6,0,Yes,Yes,No,Yes,Data Science,Semester 4
Student 8573,STU8573,21,3,86,2,1,4,Yes,Yes,No,Yes,Software Engineering,Semester 4
Student 8574,STU8574,23,3,84,3,7,3,Yes,No,No,Yes,Data Science,Semester 3
Student 8575,STU8575,20,4,68,2,5,2,No,Yes,Yes,No,Computer Science,Semester 4
Student 8576,STU8576,21,4,67,1,5,1,Yes,No,No,Yes,Software Engineering,Semester 4
Student 8577,STU8577,21,3,91,3,8,1,Yes,No,Yes,Yes,Data Science,Semester 3
Student 8578,STU8578,18,1,93,3,5,1,Yes,No,No,No,Data Science,Semester 4
Student 8579,STU8579,17,2,79,0,6,2,Yes,Yes,No,No,Engineering,Semester 2
Student 8580,STU8580,21,6,86,2,3,2,Yes,Yes,No,No,Computer Science,Semester 2
Student 8581,STU8581,21,6,86,4,5,2,Yes,Yes,Yes,No,Software Engineering,Semester 4
Student 8582,STU8582,19,3,90,0,8,1,Yes,No,Yes,No,Business,Semester 4
Student 8583,STU8583,17,4,81,1,5,2,No,Yes,No,No,Data Science,Semester 4
Student 8584,STU8584,22,4,92,1,7,1,Yes,No,No,Yes,Computer Science,Semester 4
Student 8585,STU8585,20,5,76,2,5,3,Yes,No,No,Yes,Software Engineering,Semester 3
Student 8586,STU8586,22,4,88,2,5,2,Yes,Yes,No,No,Computer Science,Semester 3
Student 8587,STU8587,25,2,74,1,6,3,No,No,No,Yes,Computer Science,Semester 4
Student 8588,STU8588,17,2,67,3,1,4,Yes,No,No,Yes,Software Engineering,Semester 4
Student 8589,STU8589,19,4,86,0,6,4,Yes,No,No,Yes,Engineering,Semester 3
Student 8590,STU8590,20,1,100,3,1,1,Yes,Yes,No,Yes,Engineering,Semester 2
Student 8591,STU8591,24,1,84,4,5,0,Yes,Yes,No,Yes,Data Science,Semester 1
Student 8592,STU8592,17,5,80,3,4,2,Yes,Yes,No,Yes,Engineering,Semester 4
Student 8593,STU8593,25,7,91,2,3,2,Yes,No,No,Yes,Data Science,Semester 2
Student 8594,STU8594,21,3,78,1,8,1,No,No,No,Yes,Data Science,Semester 1
Student 8595,STU8595,20,3,67,2,7,1,Yes,No,No,Yes,Software Engineering,Semester 1
Student 8596,STU8596,20,3,89,0,4,1,Yes,No,Yes,No,Computer Science,Semester 2
Student 8597,STU8597,20,4,94,3,9,1,Yes,Yes,Yes,No,Business,Semester 4
Student 8598,STU8598,23,2,83,5,7,0,Yes,Yes,No,No,Business,Semester 1
Student 8599,STU8599,18,3,84,2,5,3,Yes,No,No,No,Engineering,Semester 4
Student 8600,STU8600,21,5,77,4,2,3,Yes,Yes,No,No,Software Engineering,Semester 4
Student 8601,STU8601,20,3,80,3,5,3,Yes,Yes,No,No,Business,Semester 2
Student 8602,STU8602,19,4,83,4,4,2,Yes,No,Yes,Yes,Computer Science,Semester 3
Student 8603,STU8603,26,5,82,2,4,2,No,Yes,Yes,No,Data Science,Semester 4
Student 8604,STU8604,21,3,82,0,6,0,Yes,No,No,No,Data Science,Semester 3
Student 8605,STU8605,22,2,56,0,4,0,Yes,Yes,No,Yes,Software Engineering,Semester 2
Student 8606,STU8606,23,1,83,1,7,3,Yes,No,No,No,Engineering,Semester 2
Student 8607,STU8607,17,2,71,1,4,2,Yes,No,Yes,No,Computer Science,Semester 2
Student 8608,STU8608,24,5,85,4,3,4,Yes,Yes,No,Yes,Engineering,Semester 2
Student 8609,STU8609,17,3,90,2,6,2,Yes,No,No,No,Engineering,Semester 1
Student 8610,STU8610,19,4,86,4,5,1,No,No,Yes,Yes,Software Engineering,Semester 3
Student 8611,STU8611,20,5,72,1,7,0,Yes,No,No,Yes,Data Science,Semester 2
Student 8612,STU8612,22,2,75,0,5,2,No,Yes,No,Yes,Engineering,Semester 2
Student 8613,STU8613,21,7,81,1,3,3,No,No,Yes,No,Engineering,Semester 4
Student 8614,STU8614,20,3,88,0,6,2,Yes,No,No,No,Computer Science,Semester 3
Student 8615,STU8615,21,4,90,4,3,4,Yes,No,Yes,No,Data Science,Semester 2
Student 8616,STU8616,18,3,84,0,5,1,No,No,Yes,No,Engineering,Semester 3
Student 8617,STU8617,17,2,74,0,4,1,No,No,Yes,Yes,Business,Semester 3
Student 8618,STU8618,22,4,91,2,5,2,Yes,No,No,Yes,Business,Semester 2
Student 8619,STU8619,22,3,81,3,5,1,Yes,No,No,No,Data Science,Semester 1
Student 8620,STU8620,24,4,78,3,6,0,Yes,Yes,No,No,Data Science,Semester 2
Student 8621,STU8621,19,1,78,0,4,2,No,No,No,No,Software Engineering,Semester 1
Student 8622,STU8622,22,2,69,1,1,3,Yes,No,No,Yes,Engineering,Semester 2
Student 8623,STU8623,20,3,90,1,3,2,Yes,No,No,No,Business,Semester 1
Student 8624,STU8624,23,2,81,1,5,1,Yes,No,No,Yes,Business,Semester 4
Student 8625,STU8625,23,7,76,0,7,1,Yes,No,No,Yes,Data Science,Semester 3
Student 8626,STU8626,21,4,86,2,6,3,Yes,No,Yes,No,Data Science,Semester 3
Student 8627,STU8627,20,4,88,3,7,3,Yes,Yes,No,No,Computer Science,Semester 2
Student 8628,STU8628,23,2,68,0,5,2,No,Yes,No,Yes,Computer Science,Semester 2
Student 8629,STU8629,22,3,94,0,5,2,Yes,No,No,No,Data Science,Semester 1
Student 8630,STU8630,19,4,99,1,5,3,Yes,No,Yes,No,Computer Science,Semester 1
Student 8631,STU8631,18,5,82,3,7,0,Yes,No,No,Yes,Data Science,Semester 1
Student 8632,STU8632,20,2,83,1,8,2,Yes,Yes,No,No,Data Science,Semester 1
Student 8633,STU8633,24,3,100,2,3,3,Yes,No,No,Yes,Software Engineering,Semester 1
Student 8634,STU8634,23,4,73,0,5,2,Yes,No,Yes,No,Computer Science,Semester 2
Student 8635,STU8635,18,1,77,4,3,3,Yes,Yes,Yes,No,Engineering,Semester 3
Student 8636,STU8636,18,1,86,1,8,2,Yes,No,No,Yes,Engineering,Semester 1
Student 8637,STU8637,23,2,91,1,5,1,Yes,No,No,No,Software Engineering,Semester 3
Student 8638,STU8638,18,3,82,1,5,2,Yes,No,No,Yes,Engineering,Semester 3
Student 8639,STU8639,22,3,75,1,3,2,Yes,No,No,Yes,Engineering,Semester 2
Student 8640,STU8640,19,5,92,2,5,2,Yes,No,Yes,No,Software Engineering,Semester 4
Student 8641,STU8641,24,1,81,2,5,1,Yes,No,No,Yes,Business,Semester 1
Student 8642,STU8642,19,3,82,2,3,1,Yes,No,No,Yes,Software Engineering,Semester 1
Student 8643,STU8643,23,5,89,2,5,3,Yes,No,No,No,Software Engineering,Semester 1
Student 8644,STU8644,21,1,94,2,4,2,Yes,No,No,No,Computer Science,Semester 1
Student 8645,STU8645,21,3,83,3,6,1,Yes,No,No,No,Engineering,Semester 2
Student 8646,STU8646,17,4,85,0,3,3,Yes,No,No,No,Engineering,Semester 4
Student 8647,STU8647,17,5,90,1,5,3,Yes,Yes,No,No,Business,Semester 2
Student 8648,STU8648,20,2,80,0,5,2,Yes,No,No,No,Software Engineering,Semester 1
Student 8649,STU8649,21,4,77,2,6,0,Yes,Yes,No,Yes,Data Science,Semester 1
Student 8650,STU8650,18,4,79,1,5,2,Yes,No,Yes,No,Business,Semester 3
Student 8651,STU8651,18,2,74,0,5,1,Yes,Yes,No,Yes,Business,Semester 3
Student 8652,STU8652,22,2,73,2,4,1,Yes,Yes,No,No,Engineering,Semester 4
Student 8653,STU8653,22,2,99,2,6,1,Yes,No,No,No,Engineering,Semester 1
Student 8654,STU8654,20,8,74,0,6,1,Yes,No,No,No,Engineering,Semester 1
Student 8655,STU8655,22,5,84,2,6,2,Yes,No,No,No,Engineering,Semester 4
Student 8656,STU8656,18,4,81,1,5,3,Yes,No,No,No,Business,Semester 3
Student 8657,STU8657,20,2,90,1,5,1,Yes,No,Yes,No,Software Engineering,Semester 3
Student 8658,STU8658,24,4,82,2,3,2,Yes,No,No,No,Engineering,Semester 1
Student 8659,STU8659,21,2,93,1,4,3,Yes,No,Yes,No,Computer Science,Semester 3
Student 8660,STU8660,21,4,81,0,4,3,No,No,No,Yes,Business,Semester 4
Student 8661,STU8661,26,5,84,2,7,1,Yes,Yes,No,No,Data Science,Semester 2
Student 8662,STU8662,17,3,88,1,3,3,Yes,No,Yes,No,Data Science,Semester 3
Student 8663,STU8663,22,3,83,2,3,4,Yes,No,No,No,Software Engineering,Semester 4
Student 8664,STU8664,24,4,86,0,5,1,Yes,No,No,No,Business,Semester 1
Student 8665,STU8665,20,5,84,0,4,1,Yes,Yes,No,Yes,Business,Semester 2
Student 8666,STU8666,22,3,70,2,4,2,Yes,No,No,No,Business,Semester 4
Student 8667,STU8667,18,6,88,0,4,3,Yes,No,No,Yes,Computer Science,Semester 2
Student 8668,STU8668,19,1,91,4,4,2,Yes,No,No,No,Computer Science,Semester 3
Student 8669,STU8669,21,2,81,0,4,0,Yes,No,Yes,No,Engineering,Semester 1
Student 8670,STU8670,22,4,80,3,3,1,Yes,No,No,Yes,Data Science,Semester 3
Student 8671,STU8671,23,4,84,1,4,2,No,Yes,Yes,No,Computer Science,Semester 3
Student 8672,STU8672,24,3,97,2,2,3,Yes,No,Yes,No,Data Science,Semester 4
Student 8673,STU8673,20,5,79,2,6,4,Yes,No,No,No,Business,Semester 4
Student 8674,STU8674,23,2,87,1,3,3,Yes,No,No,No,Computer Science,Semester 3
Student 8675,STU8675,20,4,80,2,6,2,Yes,Yes,No,Yes,Data Science,Semester 4
Student 8676,STU8676,23,5,86,5,4,3,Yes,No,No,Yes,Computer Science,Semester 4
Student 8677,STU8677,21,6,71,4,7,0,Yes,No,No,No,Business,Semester 2
Student 8678,STU8678,22,3,96,2,5,3,Yes,No,Yes,Yes,Business,Semester 3
Student 8679,STU8679,21,7,84,2,3,3,Yes,No,No,No,Business,Semester 3
Student 8680,STU8680,17,4,79,3,10,1,Yes,No,Yes,No,Engineering,Semester 4
Student 8681,STU8681,18,6,80,2,4,2,Yes,Yes,No,No,Data Science,Semester 3
Student 8682,STU8682,21,3,84,2,4,2,Yes,No,No,No,Engineering,Semester 3
Student 8683,STU8683,17,3,98,2,4,2,Yes,No,No,No,Software Engineering,Semester 4
Student 8684,STU8684,22,5,94,4,6,3,Yes,Yes,No,No,Software Engineering,Semester 1
Student 8685,STU8685,22,5,79,0,2,2,Yes,Yes,No,No,Computer Science,Semester 4
Student 8686,STU8686,21,3,82,1,5,2,Yes,Yes,Yes,Yes,Computer Science,Semester 1
Student 8687,STU8687,18,2,83,3,2,3,Yes,No,No,Yes,Computer Science,Semester 1
Student 8688,STU8688,24,7,66,3,5,3,Yes,Yes,No,No,Engineering,Semester 2
Student 8689,STU8689,25,3,80,2,7,2,Yes,No,No,No,Business,Semester 1
Student 8690,STU8690,21,4,83,0,4,1,Yes,No,Yes,Yes,Computer Science,Semester 3
Student 8691,STU8691,22,1,74,2,7,0,Yes,No,No,No,Computer Science,Semester 4
Student 8692,STU8692,21,3,95,0,2,3,Yes,No,Yes,No,Software Engineering,Semester 3
Student 8693,STU8693,22,5,73,1,4,1,Yes,No,Yes,No,Business,Semester 1
Student 8694,STU8694,20,3,73,3,3,2,Yes,No,No,Yes,Engineering,Semester 4
Student 8695,STU8695,20,4,87,1,5,2,Yes,No,No,Yes,Business,Semester 4
Student 8696,STU8696,23,4,84,0,4,2,Yes,No,Yes,No,Software Engineering,Semester 4
Student 8697,STU8697,26,3,78,3,4,3,No,No,No,Yes,Engineering,Semester 4
Student 8698,STU8698,17,6,90,0,5,3,Yes,Yes,No,No,Data Science,Semester 2
Student 8699,STU8699,20,7,84,2,5,3,Yes,Yes,No,No,Computer Science,Semester 2
Student 8700,STU8700,18,5,96,0,4,2,Yes,No,No,Yes,Engineering,Semester 2
Student 8701,STU8701,24,4,67,3,3,0,No,No,Yes,No,Software Engineering,Semester 4
Student 8702,STU8702,19,3,77,4,7,2,Yes,No,Yes,No,Business,Semester 3
Student 8703,STU8703,17,1,95,3,7,1,Yes,Yes,No,Yes,Engineering,Semester 1
Student 8704,STU8704,22,4,85,0,6,1,Yes,No,Yes,Yes,Software Engineering,Semester 2
Student 8705,STU8705,24,4,81,2,6,1,Yes,Yes,Yes,No,Engineering,Semester 3
Student 8706,STU8706,22,2,78,0,5,2,Yes,No,No,No,Computer Science,Semester 2
Student 8707,STU8707,21,4,84,0,5,3,Yes,Yes,Yes,No,Business,Semester 2
Student 8708,STU8708,21,5,72,1,4,3,Yes,No,No,No,Business,Semester 1
Student 8709,STU8709,24,3,70,1,8,1,Yes,No,No,No,Engineering,Semester 4
Student 8710,STU8710,19,4,71,3,5,2,Yes,No,No,Yes,Software Engineering,Semester 3
Student 8711,STU8711,20,1,88,4,3,3,Yes,No,No,Yes,Computer Science,Semester 2
Student 8712,STU8712,20,6,89,1,4,2,Yes,No,Yes,Yes,Computer Science,Semester 4
Student 8713,STU8713,18,3,78,2,6,1,Yes,No,No,No,Engineering,Semester 3
Student 8714,STU8714,20,3,78,0,6,3,Yes,No,No,Yes,Data Science,Semester 2
Student 8715,STU8715,23,4,82,3,6,2,No,Yes,No,No,Engineering,Semester 4
Student 8716,STU8716,22,3,74,0,2,3,Yes,No,Yes,No,Computer Science,Semester 1
Student 8717,STU8717,22,5,87,3,6,2,Yes,No,No,No,Business,Semester 2
Student 8718,STU8718,21,3,79,2,7,0,Yes,Yes,No,Yes,Engineering,Semester 4
Student 8719,STU8719,22,3,81,2,2,2,No,Yes,Yes,No,Engineering,Semester 1
Student 8720,STU8720,19,5,80,1,8,1,Yes,No,Yes,No,Business,Semester 4
Student 8721,STU8721,20,4,86,2,5,1,Yes,No,Yes,No,Engineering,Semester 2
Student 8722,STU8722,21,2,84,3,5,2,Yes,No,No,No,Software Engineering,Semester 1
Student 8723,STU8723,21,4,97,1,3,4,Yes,No,Yes,Yes,Business,Semester 2
Student 8724,STU8724,21,5,78,1,4,3,Yes,No,No,Yes,Business,Semester 4
Student 8725,STU8725,20,5,96,1,4,2,No,Yes,No,No,Business,Semester 4
Student 8726,STU8726,20,0,67,2,2,2,Yes,Yes,No,No,Computer Science,Semester 2
Student 8727,STU8727,27,3,85,2,4,2,Yes,Yes,No,Yes,Engineering,Semester 2
Student 8728,STU8728,23,5,69,0,3,2,Yes,Yes,No,Yes,Data Science,Semester 3
Student 8729,STU8729,21,2,73,3,6,0,Yes,Yes,No,No,Engineering,Semester 3
Student 8730,STU8730,20,3,74,2,1,3,Yes,No,No,No,Engineering,Semester 2
Student 8731,STU8731,20,4,73,2,5,1,Yes,No,No,Yes,Computer Science,Semester 4
Student 8732,STU8732,20,4,77,4,5,3,Yes,No,Yes,No,Software Engineering,Semester 4
Student 8733,STU8733,21,4,99,0,5,1,Yes,No,Yes,No,Software Engineering,Semester 4
Student 8734,STU8734,17,3,75,2,9,0,Yes,No,Yes,No,Computer Science,Semester 3
Student 8735,STU8735,17,4,69,1,8,0,Yes,No,No,No,Computer Science,Semester 4
Student 8736,STU8736,19,4,85,4,4,3,No,No,Yes,No,Computer Science,Semester 3
Student 8737,STU8737,21,5,83,1,5,2,Yes,No,No,Yes,Engineering,Semester 4
Student 8738,STU8738,20,5,99,2,4,3,Yes,Yes,No,No,Computer Science,Semester 2
Student 8739,STU8739,24,5,81,2,5,0,Yes,No,Yes,No,Data Science,Semester 4
Student 8740,STU8740,17,3,63,1,6,1,Yes,No,No,No,Business,Semester 2
Student 8741,STU8741,19,3,78,4,3,3,Yes,No,No,No,Software Engineering,Semester 2
Student 8742,STU8742,24,4,78,0,8,2,Yes,Yes,No,Yes,Data Science,Semester 4
Student 8743,STU8743,21,6,72,2,7,0,Yes,No,No,Yes,Software Engineering,Semester 3
Student 8744,STU8744,22,4,77,1,7,1,Yes,No,No,No,Engineering,Semester 3
Student 8745,STU8745,25,6,80,0,6,2,Yes,Yes,Yes,Yes,Engineering,Semester 3
Student 8746,STU8746,19,5,81,2,3,2,Yes,No,Yes,Yes,Computer Science,Semester 4
Student 8747,STU8747,20,5,71,3,7,1,Yes,Yes,No,No,Software Engineering,Semester 2
Student 8748,STU8748,20,5,86,0,4,3,Yes,No,No,No,Engineering,Semester 3
Student 8749,STU8749,17,2,95,1,2,3,Yes,Yes,Yes,No,Engineering,Semester 3
Student 8750,STU8750,20,2,84,3,5,3,Yes,No,Yes,No,Software Engineering,Semester 1
Student 8751,STU8751,22,2,90,1,3,1,Yes,Yes,No,No,Engineering,Semester 4
Student 8752,STU8752,22,5,83,2,4,2,Yes,No,No,No,Computer Science,Semester 4
Student 8753,STU8753,22,3,73,0,6,1,Yes,Yes,No,No,Engineering,Semester 4
Student 8754,STU8754,20,3,84,2,5,1,Yes,Yes,No,Yes,Data Science,Semester 1
Student 8755,STU8755,19,3,78,2,5,0,No,No,Yes,No,Data Science,Semester 2
Student 8756,STU8756,23,4,73,2,7,2,No,Yes,No,No,Computer Science,Semester 2
Student 8757,STU8757,19,3,81,2,1,4,Yes,Yes,Yes,No,Data Science,Semester 3
Student 8758,STU8758,21,3,88,1,7,3,Yes,Yes,No,No,Engineering,Semester 1
Student 8759,STU8759,21,3,79,0,5,1,Yes,No,No,No,Data Science,Semester 1
Student 8760,STU8760,24,5,97,3,5,3,Yes,No,No,No,Data Science,Semester 2
Student 8761,STU8761,23,1,89,2,5,2,Yes,Yes,No,No,Engineering,Semester 3
Student 8762,STU8762,18,4,77,0,6,1,Yes,Yes,Yes,Yes,Software Engineering,Semester 4
Student 8763,STU8763,18,3,77,2,7,0,Yes,No,No,Yes,Computer Science,Semester 4
Student 8764,STU8764,22,4,99,3,5,2,No,Yes,No,Yes,Software Engineering,Semester 4
Student 8765,STU8765,20,3,79,3,5,0,Yes,No,No,No,Software Engineering,Semester 2
Student 8766,STU8766,20,2,84,3,6,3,Yes,No,Yes,No,Data Science,Semester 4
Student 8767,STU8767,23,6,85,3,1,1,Yes,No,Yes,No,Business,Semester 3
Student 8768,STU8768,21,6,68,2,5,2,Yes,Yes,No,No,Software Engineering,Semester 1
Student 8769,STU8769,21,4,68,0,6,2,Yes,No,No,No,Engineering,Semester 3
Student 8770,STU8770,22,4,88,1,4,4,Yes,No,Yes,No,Engineering,Semester 1
Student 8771,STU8771,20,3,73,5,4,1,Yes,No,No,Yes,Engineering,Semester 4
Student 8772,STU8772,24,4,82,1,5,3,Yes,No,Yes,No,Business,Semester 1
Student 8773,STU8773,19,7,69,0,4,3,Yes,No,Yes,No,Business,Semester 4
Student 8774,STU8774,22,5,79,1,5,1,Yes,No,Yes,Yes,Computer Science,Semester 1
Student 8775,STU8775,24,2,83,1,4,1,No,Yes,Yes,Yes,Business,Semester 2
Student 8776,STU8776,18,4,65,0,8,1,Yes,No,No,No,Computer Science,Semester 2
Student 8777,STU8777,20,4,82,1,3,2,No,Yes,No,No,Engineering,Semester 2
Student 8778,STU8778,23,4,82,2,7,1,Yes,No,Yes,No,Business,Semester 3
Student 8779,STU8779,23,6,78,1,4,2,Yes,No,No,No,Data Science,Semester 2
Student 8780,STU8780,20,2,73,4,6,4,Yes,No,No,No,Data Science,Semester 1
Student 8781,STU8781,19,3,79,0,6,2,Yes,No,No,Yes,Data Science,Semester 4
Student 8782,STU8782,23,2,79,3,8,2,No,Yes,No,No,Business,Semester 2
Student 8783,STU8783,23,4,97,5,6,3,Yes,Yes,No,Yes,Business,Semester 4
Student 8784,STU8784,18,4,81,7,4,3,Yes,No,No,No,Business,Semester 1
Student 8785,STU8785,18,6,78,0,5,2,Yes,No,No,Yes,Data Science,Semester 2
Student 8786,STU8786,21,2,81,1,9,1,Yes,No,Yes,No,Engineering,Semester 3
Student 8787,STU8787,22,5,85,1,5,3,Yes,Yes,No,No,Software Engineering,Semester 3
Student 8788,STU8788,20,0,85,2,3,1,Yes,No,No,No,Engineering,Semester 1
Student 8789,STU8789,22,6,85,1,4,3,Yes,No,No,Yes,Business,Semester 2
Student 8790,STU8790,19,4,86,2,4,3,Yes,No,No,Yes,Software Engineering,Semester 2
Student 8791,STU8791,17,4,70,2,6,0,No,No,No,Yes,Software Engineering,Semester 1
Student 8792,STU8792,20,4,71,0,5,2,Yes,No,No,Yes,Engineering,Semester 3
Student 8793,STU8793,21,4,83,4,4,3,Yes,No,No,No,Data Science,Semester 2
Student 8794,STU8794,20,3,77,0,5,1,Yes,No,No,No,Computer Science,Semester 2
Student 8795,STU8795,18,4,82,3,5,2,Yes,Yes,No,No,Data Science,Semester 2
Student 8796,STU8796,17,5,81,3,5,1,Yes,No,Yes,No,Data Science,Semester 4
Student 8797,STU8797,19,3,81,1,5,3,Yes,No,Yes,Yes,Software Engineering,Semester 4
Student 8798,STU8798,23,3,83,0,5,1,Yes,No,No,No,Business,Semester 3
Student 8799,STU8799,23,3,68,4,3,1,Yes,No,Yes,No,Business,Semester 2
Student 8800,STU8800,23,5,84,2,6,3,Yes,No,No,No,Software Engineering,Semester 3
Student 8801,STU8801,19,3,87,5,4,2,Yes,No,No,No,Data Science,Semester 4
Student 8802,STU8802,18,3,84,2,5,1,Yes,No,No,No,Engineering,Semester 4
Student 8803,STU8803,22,4,76,3,3,0,Yes,No,No,No,Computer Science,Semester 2
Student 8804,STU8804,22,5,75,4,5,4,No,No,No,No,Data Science,Semester 3
Student 8805,STU8805,21,2,83,0,5,3,Yes,Yes,No,No,Data Science,Semester 1
Student 8806,STU8806,17,4,88,1,5,2,Yes,No,No,No,Computer Science,Semester 3
Student 8807,STU8807,19,4,92,2,4,2,Yes,No,No,Yes,Engineering,Semester 1
Student 8808,STU8808,20,4,88,1,7,3,Yes,Yes,No,No,Computer Science,Semester 2
Student 8809,STU8809,22,4,86,2,6,0,Yes,Yes,No,Yes,Software Engineering,Semester 4
Student 8810,STU8810,22,4,61,2,5,1,Yes,No,No,No,Computer Science,Semester 2
Student 8811,STU8811,21,4,77,1,5,1,Yes,No,No,No,Computer Science,Semester 4
Student 8812,STU8812,21,1,84,3,4,3,Yes,No,Yes,No,Data Science,Semester 2
Student 8813,STU8813,21,2,76,1,4,3,Yes,Yes,Yes,No,Data Science,Semester 1
Student 8814,STU8814,22,1,74,0,8,0,Yes,Yes,No,No,Business,Semester 2
Student 8815,STU8815,21,6,73,3,4,2,Yes,No,No,Yes,Computer Science,Semester 3
Student 8816,STU8816,21,5,96,4,10,1,Yes,Yes,No,No,Software Engineering,Semester 3
Student 8817,STU8817,20,1,71,1,3,2,Yes,Yes,Yes,No,Business,Semester 1
Student 8818,STU8818,21,4,80,1,6,1,Yes,Yes,No,No,Computer Science,Semester 3
Student 8819,STU8819,22,3,76,6,5,2,Yes,Yes,No,Yes,Data Science,Semester 1
Student 8820,STU8820,21,4,75,3,5,1,Yes,Yes,No,No,Software Engineering,Semester 1
Student 8821,STU8821,21,4,85,1,2,3,Yes,No,No,No,Engineering,Semester 4
Student 8822,STU8822,24,3,88,2,3,1,No,Yes,No,Yes,Business,Semester 4
Student 8823,STU8823,21,3,72,1,5,3,Yes,No,Yes,No,Data Science,Semester 2
Student 8824,STU8824,19,5,82,2,3,1,Yes,No,No,Yes,Engineering,Semester 4
Student 8825,STU8825,22,3,81,0,7,1,No,No,No,No,Computer Science,Semester 1
Student 8826,STU8826,18,3,78,3,5,2,Yes,No,No,No,Software Engineering,Semester 4
Student 8827,STU8827,18,4,74,3,6,3,Yes,No,No,No,Data Science,Semester 3
Student 8828,STU8828,21,5,90,2,5,2,Yes,No,No,No,Data Science,Semester 3
Student 8829,STU8829,22,4,73,1,5,3,Yes,No,Yes,Yes,Software Engineering,Semester 2
Student 8830,STU8830,18,3,71,2,8,0,Yes,No,Yes,No,Data Science,Semester 1
Student 8831,STU8831,20,1,90,2,7,1,Yes,No,No,Yes,Data Science,Semester 2
Student 8832,STU8832,19,1,83,1,5,0,Yes,No,No,No,Computer Science,Semester 2
Student 8833,STU8833,19,3,72,1,6,2,Yes,Yes,Yes,Yes,Business,Semester 4
Student 8834,STU8834,23,4,81,0,7,4,Yes,No,No,No,Engineering,Semester 2
Student 8835,STU8835,22,3,77,2,4,1,No,No,No,No,Software Engineering,Semester 4
Student 8836,STU8836,21,2,93,1,2,3,Yes,No,Yes,No,Engineering,Semester 4
Student 8837,STU8837,19,2,80,2,6,1,Yes,Yes,Yes,No,Software Engineering,Semester 2
Student 8838,STU8838,18,4,86,1,7,2,Yes,No,No,Yes,Software Engineering,Semester 2
Student 8839,STU8839,24,5,81,3,2,3,No,No,No,No,Data Science,Semester 1
Student 8840,STU8840,22,3,93,0,4,2,Yes,Yes,Yes,No,Computer Science,Semester 4
Student 8841,STU8841,19,3,83,1,5,3,Yes,No,Yes,Yes,Software Engineering,Semester 3
Student 8842,STU8842,22,3,91,1,3,3,No,No,No,No,Engineering,Semester 1
Student 8843,STU8843,20,4,86,3,5,3,Yes,No,Yes,No,Business,Semester 4
Student 8844,STU8844,20,3,77,4,3,1,No,No,No,Yes,Engineering,Semester 4
Student 8845,STU8845,22,5,82,0,4,3,Yes,No,No,Yes,Computer Science,Semester 4
Student 8846,STU8846,19,4,80,2,6,2,Yes,No,No,Yes,Business,Semester 4
Student 8847,STU8847,20,4,77,3,5,3,No,No,No,Yes,Data Science,Semester 4
Student 8848,STU8848,21,4,58,3,5,3,Yes,No,No,Yes,Engineering,Semester 1
Student 8849,STU8849,19,2,92,5,8,1,Yes,No,Yes,No,Engineering,Semester 4
Student 8850,STU8850,22,4,65,2,5,1,Yes,No,No,Yes,Software Engineering,Semester 2
Student 8851,STU8851,25,4,92,5,1,2,No,No,No,Yes,Software Engineering,Semester 3
Student 8852,STU8852,19,6,71,0,5,2,Yes,Yes,No,Yes,Business,Semester 1
Student 8853,STU8853,17,2,86,1,5,1,Yes,Yes,No,No,Data Science,Semester 1
Student 8854,STU8854,17,5,77,2,5,4,Yes,No,No,No,Software Engineering,Semester 3
Student 8855,STU8855,20,4,68,2,5,0,Yes,No,Yes,No,Engineering,Semester 1
Student 8856,STU8856,19,2,91,1,7,2,Yes,No,No,No,Business,Semester 4
Student 8857,STU8857,21,0,62,2,4,1,Yes,Yes,No,No,Software Engineering,Semester 4
Student 8858,STU8858,21,3,88,1,5,2,Yes,No,No,Yes,Software Engineering,Semester 3
Student 8859,STU8859,17,3,83,1,4,1,Yes,Yes,No,Yes,Computer Science,Semester 1
Student 8860,STU8860,17,3,90,3,6,2,Yes,No,No,Yes,Business,Semester 2
Student 8861,STU8861,21,5,87,4,6,4,Yes,Yes,Yes,Yes,Business,Semester 3
Student 8862,STU8862,21,3,86,1,6,2,Yes,No,Yes,Yes,Data Science,Semester 1
Student 8863,STU8863,20,4,89,3,9,0,No,Yes,Yes,No,Software Engineering,Semester 1
Student 8864,STU8864,17,2,88,4,6,0,Yes,Yes,No,Yes,Business,Semester 3
Student 8865,STU8865,22,4,85,1,5,4,Yes,No,No,No,Data Science,Semester 4
Student 8866,STU8866,23,2,79,0,3,0,Yes,Yes,No,No,Software Engineering,Semester 3
Student 8867,STU8867,21,4,80,1,4,3,Yes,Yes,No,No,Engineering,Semester 3
Student 8868,STU8868,19,5,82,2,9,2,Yes,No,No,Yes,Computer Science,Semester 3
Student 8869,STU8869,21,4,79,2,5,3,Yes,Yes,No,No,Data Science,Semester 3
Student 8870,STU8870,18,6,99,1,6,1,Yes,No,No,No,Computer Science,Semester 3
Student 8871,STU8871,23,3,81,1,7,3,No,Yes,No,No,Engineering,Semester 4
Student 8872,STU8872,21,4,72,4,7,2,Yes,Yes,No,No,Business,Semester 2
Student 8873,STU8873,17,4,81,3,2,3,Yes,No,No,No,Software Engineering,Semester 4
Student 8874,STU8874,20,3,75,1,4,1,Yes,Yes,Yes,Yes,Business,Semester 2
Student 8875,STU8875,22,3,97,0,6,1,No,No,No,Yes,Computer Science,Semester 4
Student 8876,STU8876,20,3,82,3,6,1,Yes,No,No,Yes,Business,Semester 3
Student 8877,STU8877,20,4,87,3,5,2,Yes,Yes,No,No,Business,Semester 1
Student 8878,STU8878,18,4,86,3,4,2,Yes,No,No,Yes,Data Science,Semester 2
Student 8879,STU8879,22,5,89,1,5,3,Yes,Yes,No,Yes,Data Science,Semester 2
Student 8880,STU8880,19,5,83,1,4,2,Yes,Yes,No,No,Engineering,Semester 1
Student 8881,STU8881,17,5,78,1,3,1,Yes,Yes,No,Yes,Data Science,Semester 2
Student 8882,STU8882,20,5,82,2,5,1,Yes,No,No,No,Data Science,Semester 4
Student 8883,STU8883,23,5,72,2,8,2,Yes,No,No,No,Data Science,Semester 2
Student 8884,STU8884,20,3,80,4,5,3,Yes,Yes,No,Yes,Data Science,Semester 4
Student 8885,STU8885,24,3,96,1,2,3,Yes,No,No,Yes,Engineering,Semester 3
Student 8886,STU8886,21,1,87,1,4,1,Yes,No,Yes,No,Data Science,Semester 2
Student 8887,STU8887,21,5,81,1,8,1,Yes,No,No,No,Data Science,Semester 2
Student 8888,STU8888,20,4,98,5,2,0,Yes,No,Yes,No,Computer Science,Semester 2
Student 8889,STU8889,20,4,77,0,5,1,Yes,No,No,Yes,Data Science,Semester 4
Student 8890,STU8890,20,0,84,4,6,1,Yes,Yes,Yes,Yes,Engineering,Semester 3
Student 8891,STU8891,20,3,79,4,3,3,Yes,Yes,No,Yes,Engineering,Semester 1
Student 8892,STU8892,22,5,80,1,5,3,Yes,No,No,No,Business,Semester 1
Student 8893,STU8893,18,4,85,2,3,3,No,No,No,Yes,Data Science,Semester 1
Student 8894,STU8894,18,3,86,2,3,1,Yes,No,No,Yes,Software Engineering,Semester 4
Student 8895,STU8895,18,4,80,4,5,3,Yes,Yes,No,No,Business,Semester 1
Student 8896,STU8896,25,4,75,0,5,2,Yes,No,No,No,Engineering,Semester 2
Student 8897,STU8897,22,3,96,1,4,3,Yes,No,Yes,Yes,Business,Semester 3
Student 8898,STU8898,21,4,82,2,6,0,Yes,No,No,No,Software Engineering,Semester 3
Student 8899,STU8899,18,3,73,1,6,2,Yes,Yes,Yes,No,Computer Science,Semester 4
Student 8900,STU8900,22,4,73,2,5,0,No,No,No,No,Software Engineering,Semester 2
Student 8901,STU8901,20,5,97,3,4,3,Yes,No,Yes,No,Business,Semester 1
Student 8902,STU8902,21,7,100,5,3,4,No,No,No,No,Data Science,Semester 3
Student 8903,STU8903,18,5,84,1,4,3,Yes,No,No,No,Computer Science,Semester 2
Student 8904,STU8904,21,4,77,4,5,2,Yes,No,No,No,Software Engineering,Semester 2
Student 8905,STU8905,20,5,84,1,4,2,Yes,Yes,No,No,Data Science,Semester 4
Student 8906,STU8906,19,2,79,1,3,2,Yes,No,No,No,Software Engineering,Semester 4
Student 8907,STU8907,22,3,86,1,5,0,Yes,No,No,No,Engineering,Semester 2
Student 8908,STU8908,17,3,84,1,4,3,Yes,No,No,No,Data Science,Semester 4
Student 8909,STU8909,22,3,81,1,6,2,Yes,No,No,Yes,Engineering,Semester 2
Student 8910,STU8910,22,5,81,4,4,2,No,Yes,No,Yes,Computer Science,Semester 4
Student 8911,STU8911,19,5,80,1,7,3,Yes,No,No,No,Computer Science,Semester 3
Student 8912,STU8912,19,2,89,5,5,1,Yes,No,Yes,No,Computer Science,Semester 4
Student 8913,STU8913,20,3,80,1,4,2,No,No,No,No,Computer Science,Semester 2
Student 8914,STU8914,21,3,98,0,5,3,Yes,No,No,No,Engineering,Semester 3
Student 8915,STU8915,20,4,99,1,5,3,Yes,No,No,Yes,Engineering,Semester 2
Student 8916,STU8916,22,5,79,0,5,0,Yes,No,No,No,Business,Semester 2
Student 8917,STU8917,24,6,79,1,6,4,Yes,No,Yes,No,Business,Semester 4
Student 8918,STU8918,19,5,81,1,4,3,Yes,No,Yes,Yes,Engineering,Semester 3
Student 8919,STU8919,17,5,76,2,5,1,Yes,No,Yes,Yes,Computer Science,Semester 2
Student 8920,STU8920,22,2,88,1,5,0,Yes,No,No,Yes,Business,Semester 1
Student 8921,STU8921,24,3,91,1,1,4,Yes,No,No,Yes,Data Science,Semester 4
Student 8922,STU8922,21,4,92,1,5,1,Yes,Yes,No,Yes,Engineering,Semester 3
Student 8923,STU8923,18,7,80,1,3,3,Yes,No,No,No,Data Science,Semester 3
Student 8924,STU8924,20,4,80,3,5,3,Yes,Yes,No,No,Computer Science,Semester 2
Student 8925,STU8925,18,5,66,2,4,2,Yes,Yes,No,No,Engineering,Semester 3
Student 8926,STU8926,22,3,76,0,6,2,Yes,No,No,No,Business,Semester 3
Student 8927,STU8927,18,3,74,3,7,1,Yes,No,No,No,Business,Semester 1
Student 8928,STU8928,20,3,73,1,5,0,Yes,No,No,Yes,Data Science,Semester 3
Student 8929,STU8929,18,3,78,0,5,2,Yes,Yes,No,Yes,Engineering,Semester 1
Student 8930,STU8930,21,4,79,4,5,3,No,No,Yes,Yes,Computer Science,Semester 4
Student 8931,STU8931,20,2,81,2,5,2,Yes,No,Yes,No,Software Engineering,Semester 4
Student 8932,STU8932,21,1,92,1,7,2,Yes,No,No,No,Software Engineering,Semester 4
Student 8933,STU8933,21,3,91,2,10,0,Yes,No,No,Yes,Computer Science,Semester 3
Student 8934,STU8934,18,4,73,0,5,2,Yes,No,Yes,No,Business,Semester 4
Student 8935,STU8935,22,3,85,1,6,0,Yes,Yes,No,No,Software Engineering,Semester 1
Student 8936,STU8936,20,7,75,2,4,3,Yes,No,No,No,Computer Science,Semester 3
Student 8937,STU8937,18,4,83,1,4,2,Yes,No,No,No,Data Science,Semester 3
Student 8938,STU8938,25,4,92,2,3,3,No,No,No,Yes,Business,Semester 1
Student 8939,STU8939,22,2,78,2,7,1,Yes,Yes,No,Yes,Computer Science,Semester 1
Student 8940,STU8940,20,4,74,5,6,1,Yes,No,Yes,No,Data Science,Semester 1
Student 8941,STU8941,24,5,82,0,4,4,Yes,No,Yes,No,Engineering,Semester 4
Student 8942,STU8942,25,4,92,2,5,1,Yes,Yes,Yes,No,Software Engineering,Semester 3
Student 8943,STU8943,20,4,98,2,6,0,No,No,No,Yes,Software Engineering,Semester 2
Student 8944,STU8944,21,4,77,2,7,0,No,No,No,No,Software Engineering,Semester 2
Student 8945,STU8945,18,4,83,4,5,2,Yes,No,No,No,Computer Science,Semester 3
Student 8946,STU8946,20,5,84,0,5,2,No,No,No,Yes,Engineering,Semester 3
Student 8947,STU8947,20,3,70,2,7,1,Yes,Yes,No,Yes,Computer Science,Semester 1
Student 8948,STU8948,21,6,70,4,3,0,No,No,No,No,Computer Science,Semester 4
Student 8949,STU8949,21,2,84,0,2,1,Yes,No,Yes,Yes,Engineering,Semester 1
Student 8950,STU8950,22,5,79,1,7,1,Yes,No,No,Yes,Data Science,Semester 1
Student 8951,STU8951,21,4,70,2,4,0,Yes,No,No,Yes,Business,Semester 2
Student 8952,STU8952,18,4,87,1,7,3,Yes,Yes,No,No,Software Engineering,Semester 4
Student 8953,STU8953,18,3,82,1,9,0,Yes,No,No,No,Engineering,Semester 3
Student 8954,STU8954,19,4,82,3,8,1,Yes,No,No,Yes,Data Science,Semester 3
Student 8955,STU8955,20,4,73,1,1,3,Yes,Yes,No,No,Engineering,Semester 2
Student 8956,STU8956,23,6,68,4,6,3,Yes,No,Yes,No,Business,Semester 1
Student 8957,STU8957,18,4,77,0,4,3,Yes,No,No,Yes,Engineering,Semester 4
Student 8958,STU8958,20,3,82,1,4,3,No,No,No,No,Engineering,Semester 1
Student 8959,STU8959,23,3,76,2,6,1,Yes,No,Yes,No,Data Science,Semester 4
Student 8960,STU8960,20,4,73,2,4,3,No,No,Yes,No,Software Engineering,Semester 1
Student 8961,STU8961,22,5,79,1,6,3,Yes,No,No,No,Software Engineering,Semester 4
Student 8962,STU8962,20,4,82,2,7,0,Yes,Yes,No,No,Data Science,Semester 1
Student 8963,STU8963,21,5,93,4,5,2,Yes,No,No,Yes,Data Science,Semester 2
Student 8964,STU8964,20,4,83,2,6,2,Yes,Yes,No,Yes,Computer Science,Semester 4
Student 8965,STU8965,22,1,70,4,4,1,Yes,No,No,No,Computer Science,Semester 1
Student 8966,STU8966,17,4,65,2,5,3,Yes,Yes,No,No,Business,Semester 4
Student 8967,STU8967,20,3,62,4,8,1,Yes,Yes,No,No,Computer Science,Semester 1
Student 8968,STU8968,21,5,84,1,6,3,Yes,Yes,No,Yes,Computer Science,Semester 2
Student 8969,STU8969,22,6,73,2,5,2,Yes,No,No,Yes,Engineering,Semester 4
Student 8970,STU8970,24,6,86,3,7,0,Yes,No,No,No,Engineering,Semester 1
Student 8971,STU8971,20,3,91,1,4,4,Yes,No,Yes,Yes,Data Science,Semester 2
Student 8972,STU8972,24,3,86,2,4,0,Yes,Yes,No,Yes,Software Engineering,Semester 1
Student 8973,STU8973,19,3,80,5,4,1,Yes,No,No,No,Business,Semester 3
Student 8974,STU8974,23,3,96,3,2,3,Yes,No,No,No,Computer Science,Semester 1
Student 8975,STU8975,22,4,78,1,4,3,Yes,No,Yes,No,Engineering,Semester 3
Student 8976,STU8976,19,2,74,2,5,3,Yes,No,Yes,Yes,Software Engineering,Semester 2
Student 8977,STU8977,21,4,84,1,5,1,Yes,No,Yes,Yes,Computer Science,Semester 1
Student 8978,STU8978,20,1,88,1,3,3,Yes,No,No,No,Software Engineering,Semester 4
Student 8979,STU8979,22,6,61,4,4,2,Yes,Yes,No,No,Engineering,Semester 4
Student 8980,STU8980,20,3,90,0,2,2,Yes,Yes,No,No,Data Science,Semester 4
Student 8981,STU8981,20,3,69,2,9,0,Yes,No,No,No,Computer Science,Semester 4
Student 8982,STU8982,24,4,65,4,8,3,Yes,No,Yes,No,Computer Science,Semester 1
Student 8983,STU8983,20,5,79,3,4,2,Yes,Yes,Yes,Yes,Business,Semester 1
Student 8984,STU8984,22,1,73,1,5,0,Yes,No,Yes,Yes,Computer Science,Semester 3
Student 8985,STU8985,20,3,85,0,3,3,Yes,No,No,Yes,Engineering,Semester 1
Student 8986,STU8986,24,5,84,1,7,0,Yes,No,No,No,Software Engineering,Semester 2
Student 8987,STU8987,19,5,84,1,6,2,Yes,No,No,Yes,Software Engineering,Semester 4
Student 8988,STU8988,19,2,91,2,3,3,No,Yes,No,Yes,Data Science,Semester 1
Student 8989,STU8989,24,5,79,1,3,2,Yes,No,Yes,No,Data Science,Semester 2
Student 8990,STU8990,20,4,84,3,5,2,Yes,Yes,Yes,Yes,Engineering,Semester 3
Student 8991,STU8991,24,2,68,2,8,0,Yes,No,No,Yes,Software Engineering,Semester 2
Student 8992,STU8992,23,3,89,0,4,3,Yes,Yes,No,No,Data Science,Semester 3
Student 8993,STU8993,20,1,78,0,7,1,Yes,No,Yes,No,Data Science,Semester 4
Student 8994,STU8994,17,5,79,1,6,1,Yes,No,Yes,No,Business,Semester 3
Student 8995,STU8995,21,6,79,2,4,4,Yes,No,No,No,Business,Semester 3
Student 8996,STU8996,21,3,81,4,4,4,Yes,Yes,No,Yes,Engineering,Semester 2
Student 8997,STU8997,23,3,79,0,6,3,Yes,Yes,Yes,No,Engineering,Semester 4
Student 8998,STU8998,24,4,64,1,7,1,No,Yes,No,No,Engineering,Semester 2
Student 8999,STU8999,19,3,91,2,7,2,Yes,No,Yes,Yes,Engineering,Semester 4
Student 9000,STU9000,22,1,76,0,5,1,No,No,No,No,Software Engineering,Semester 2
Student 9001,STU9001,22,5,79,1,6,1,No,No,Yes,Yes,Computer Science,Semester 1
Student 9002,STU9002,23,4,65,1,5,1,Yes,Yes,Yes,Yes,Engineering,Semester 2
Student 9003,STU9003,22,4,86,5,9,2,Yes,Yes,No,No,Business,Semester 3
Student 9004,STU9004,17,5,78,1,5,1,Yes,Yes,Yes,Yes,Computer Science,Semester 2
Student 9005,STU9005,20,3,90,1,2,2,Yes,No,No,Yes,Computer Science,Semester 3
Student 9006,STU9006,18,4,97,0,5,2,Yes,No,No,Yes,Software Engineering,Semester 2
Student 9007,STU9007,20,3,95,1,5,2,Yes,No,No,Yes,Data Science,Semester 2
Student 9008,STU9008,23,2,84,1,3,0,Yes,No,No,No,Computer Science,Semester 3
Student 9009,STU9009,21,2,77,1,5,0,Yes,Yes,No,No,Software Engineering,Semester 4
Student 9010,STU9010,23,4,77,3,3,3,Yes,Yes,Yes,No,Software Engineering,Semester 2
Student 9011,STU9011,21,4,79,4,6,1,Yes,No,No,No,Software Engineering,Semester 1
Student 9012,STU9012,18,5,75,1,6,3,Yes,No,No,No,Engineering,Semester 1
Student 9013,STU9013,17,1,85,1,6,2,Yes,No,Yes,Yes,Data Science,Semester 3
Student 9014,STU9014,21,4,80,1,7,1,Yes,Yes,No,Yes,Engineering,Semester 3
Student 9015,STU9015,20,6,81,4,6,2,Yes,Yes,No,Yes,Business,Semester 3
Student 9016,STU9016,18,4,79,6,6,2,Yes,Yes,Yes,No,Data Science,Semester 1
Student 9017,STU9017,17,5,85,1,7,2,Yes,Yes,No,No,Engineering,Semester 3
Student 9018,STU9018,19,7,84,2,4,2,Yes,Yes,No,No,Data Science,Semester 3
Student 9019,STU9019,20,5,79,2,5,3,Yes,No,Yes,No,Business,Semester 4
Student 9020,STU9020,22,2,80,1,4,2,Yes,Yes,Yes,No,Engineering,Semester 1
Student 9021,STU9021,21,3,80,1,4,3,Yes,Yes,No,Yes,Data Science,Semester 4
Student 9022,STU9022,24,4,87,0,5,3,No,No,No,No,Business,Semester 4
Student 9023,STU9023,18,3,75,3,7,1,Yes,No,Yes,No,Software Engineering,Semester 3
Student 9024,STU9024,22,5,78,3,6,2,Yes,No,No,No,Data Science,Semester 4
Student 9025,STU9025,21,3,66,2,2,3,Yes,Yes,No,Yes,Business,Semester 2
Student 9026,STU9026,22,3,73,2,8,1,Yes,No,Yes,No,Software Engineering,Semester 2
Student 9027,STU9027,20,5,80,1,7,2,Yes,Yes,No,No,Business,Semester 2
Student 9028,STU9028,23,2,78,3,5,0,Yes,No,No,Yes,Computer Science,Semester 4
Student 9029,STU9029,21,4,66,1,3,3,No,Yes,No,No,Business,Semester 2
Student 9030,STU9030,19,3,86,3,3,2,Yes,Yes,No,Yes,Engineering,Semester 1
Student 9031,STU9031,21,5,75,4,8,1,Yes,No,No,Yes,Engineering,Semester 2
Student 9032,STU9032,20,3,69,2,7,1,Yes,No,Yes,No,Engineering,Semester 2
Student 9033,STU9033,22,4,84,3,7,0,Yes,No,No,Yes,Engineering,Semester 4
Student 9034,STU9034,18,3,88,1,5,3,Yes,Yes,No,No,Computer Science,Semester 1
Student 9035,STU9035,20,1,62,1,7,1,Yes,Yes,No,No,Computer Science,Semester 4
Student 9036,STU9036,21,4,87,0,3,3,Yes,No,No,No,Computer Science,Semester 1
Student 9037,STU9037,21,2,80,1,3,3,Yes,No,No,No,Software Engineering,Semester 1
Student 9038,STU9038,24,5,80,2,7,1,Yes,No,Yes,Yes,Data Science,Semester 4
Student 9039,STU9039,22,4,73,2,3,2,Yes,No,No,No,Engineering,Semester 2
Student 9040,STU9040,21,4,80,0,5,3,Yes,Yes,No,No,Data Science,Semester 3
Student 9041,STU9041,21,3,81,3,2,3,Yes,No,No,No,Engineering,Semester 3
Student 9042,STU9042,21,3,100,3,1,3,Yes,Yes,No,No,Engineering,Semester 2
Student 9043,STU9043,21,0,86,1,3,0,No,Yes,No,No,Engineering,Semester 3
Student 9044,STU9044,17,4,82,2,4,2,Yes,No,No,No,Computer Science,Semester 3
Student 9045,STU9045,20,2,91,4,3,3,Yes,No,Yes,No,Software Engineering,Semester 1
Student 9046,STU9046,17,4,89,1,6,4,Yes,Yes,Yes,No,Engineering,Semester 4
Student 9047,STU9047,23,2,70,1,7,1,Yes,Yes,No,No,Engineering,Semester 4
Student 9048,STU9048,20,4,87,3,6,4,Yes,No,Yes,Yes,Engineering,Semester 2
Student 9049,STU9049,20,4,82,2,3,2,No,No,No,No,Business,Semester 2
Student 9050,STU9050,23,4,76,5,5,2,Yes,Yes,Yes,No,Engineering,Semester 4
Student 9051,STU9051,21,5,73,0,3,2,Yes,Yes,Yes,No,Computer Science,Semester 3
Student 9052,STU9052,18,3,80,0,8,1,Yes,Yes,Yes,Yes,Computer Science,Semester 2
Student 9053,STU9053,20,2,81,2,5,1,Yes,No,No,No,Data Science,Semester 1
Student 9054,STU9054,20,5,91,0,4,4,Yes,No,No,No,Computer Science,Semester 4
Student 9055,STU9055,17,4,49,0,5,2,Yes,No,No,Yes,Data Science,Semester 3
Student 9056,STU9056,19,3,71,1,5,0,No,No,Yes,No,Software Engineering,Semester 1
Student 9057,STU9057,20,5,83,0,6,1,No,No,No,No,Business,Semester 4
Student 9058,STU9058,20,4,80,0,2,3,Yes,Yes,Yes,No,Computer Science,Semester 4
Student 9059,STU9059,17,4,82,0,4,3,Yes,Yes,No,Yes,Engineering,Semester 3
Student 9060,STU9060,23,3,78,4,6,1,Yes,No,No,No,Software Engineering,Semester 2
Student 9061,STU9061,20,3,84,4,6,1,No,No,No,Yes,Engineering,Semester 1
Student 9062,STU9062,21,3,69,2,10,1,No,No,Yes,No,Data Science,Semester 1
Student 9063,STU9063,21,0,98,2,8,0,Yes,No,No,Yes,Data Science,Semester 1
Student 9064,STU9064,19,4,85,2,4,3,Yes,No,Yes,No,Business,Semester 4
Student 9065,STU9065,22,4,85,0,8,2,Yes,Yes,No,Yes,Software Engineering,Semester 3
Student 9066,STU9066,20,2,73,1,6,2,Yes,Yes,No,No,Data Science,Semester 3
Student 9067,STU9067,19,4,77,0,8,2,Yes,Yes,No,No,Engineering,Semester 4
Student 9068,STU9068,22,0,86,2,6,0,Yes,Yes,No,No,Computer Science,Semester 1
Student 9069,STU9069,24,6,79,1,8,2,Yes,No,No,Yes,Computer Science,Semester 1
Student 9070,STU9070,22,3,84,6,7,0,Yes,Yes,No,Yes,Software Engineering,Semester 3
Student 9071,STU9071,23,3,75,1,6,1,No,Yes,No,No,Software Engineering,Semester 2
Student 9072,STU9072,19,4,71,1,4,2,Yes,No,No,Yes,Data Science,Semester 4
Student 9073,STU9073,17,4,90,1,4,2,Yes,Yes,No,Yes,Computer Science,Semester 2
Student 9074,STU9074,24,2,74,3,3,2,Yes,No,Yes,No,Business,Semester 1
Student 9075,STU9075,25,4,89,1,5,0,Yes,No,No,No,Business,Semester 4
Student 9076,STU9076,24,4,75,3,7,0,Yes,No,No,Yes,Business,Semester 4
Student 9077,STU9077,20,2,80,1,6,1,Yes,No,Yes,No,Business,Semester 2
Student 9078,STU9078,18,5,78,3,4,1,Yes,Yes,No,No,Data Science,Semester 4
Student 9079,STU9079,18,2,80,2,7,1,Yes,Yes,No,Yes,Engineering,Semester 3
Student 9080,STU9080,17,4,88,2,3,4,Yes,No,No,No,Business,Semester 2
Student 9081,STU9081,20,2,95,3,6,3,Yes,No,No,Yes,Data Science,Semester 3
Student 9082,STU9082,24,3,80,0,8,0,Yes,No,No,Yes,Business,Semester 1
Student 9083,STU9083,20,1,83,1,3,2,Yes,Yes,No,Yes,Business,Semester 2
Student 9084,STU9084,21,5,79,1,5,2,Yes,No,No,Yes,Engineering,Semester 4
Student 9085,STU9085,24,5,82,1,4,2,Yes,No,Yes,No,Business,Semester 2
Student 9086,STU9086,20,6,76,0,8,2,Yes,No,Yes,Yes,Data Science,Semester 3
Student 9087,STU9087,25,3,73,2,9,0,Yes,Yes,No,No,Data Science,Semester 3
Student 9088,STU9088,25,3,84,1,6,2,No,No,Yes,No,Computer Science,Semester 1
Student 9089,STU9089,20,5,83,2,7,1,Yes,No,No,No,Software Engineering,Semester 4
Student 9090,STU9090,19,4,91,0,8,3,Yes,No,No,No,Business,Semester 4
Student 9091,STU9091,22,3,82,0,6,3,Yes,Yes,No,No,Business,Semester 1
Student 9092,STU9092,20,3,81,3,4,1,Yes,No,No,Yes,Data Science,Semester 3
Student 9093,STU9093,18,4,86,2,4,2,Yes,Yes,No,No,Business,Semester 4
Student 9094,STU9094,23,5,89,2,4,2,Yes,Yes,No,No,Data Science,Semester 4
Student 9095,STU9095,23,2,80,1,2,1,Yes,No,Yes,Yes,Computer Science,Semester 3
Student 9096,STU9096,21,5,61,2,7,1,No,Yes,Yes,No,Business,Semester 1
Student 9097,STU9097,18,3,73,0,3,2,Yes,No,No,No,Computer Science,Semester 3
Student 9098,STU9098,18,5,90,5,7,3,Yes,No,No,Yes,Computer Science,Semester 4
Student 9099,STU9099,21,3,95,3,4,0,No,Yes,Yes,No,Software Engineering,Semester 2
Student 9100,STU9100,19,5,92,1,5,2,Yes,No,No,Yes,Data Science,Semester 1
Student 9101,STU9101,20,4,78,0,5,0,Yes,No,No,Yes,Computer Science,Semester 2
Student 9102,STU9102,23,4,79,0,8,4,Yes,Yes,No,No,Data Science,Semester 3
Student 9103,STU9103,22,4,87,3,7,2,Yes,No,No,No,Software Engineering,Semester 1
Student 9104,STU9104,24,1,86,1,5,1,Yes,Yes,No,Yes,Data Science,Semester 1
Student 9105,STU9105,18,6,62,0,5,1,Yes,No,No,No,Software Engineering,Semester 1
Student 9106,STU9106,20,2,82,3,3,0,Yes,Yes,No,No,Business,Semester 3
Student 9107,STU9107,22,5,81,0,6,2,Yes,No,No,No,Software Engineering,Semester 1
Student 9108,STU9108,22,3,72,0,5,1,Yes,Yes,No,Yes,Software Engineering,Semester 1
Student 9109,STU9109,24,5,77,3,3,3,Yes,No,No,No,Software Engineering,Semester 4
Student 9110,STU9110,21,4,84,4,6,1,Yes,No,Yes,No,Engineering,Semester 1
Student 9111,STU9111,25,3,80,2,8,1,No,No,No,No,Computer Science,Semester 4
Student 9112,STU9112,22,2,89,2,5,3,Yes,No,No,No,Data Science,Semester 1
Student 9113,STU9113,23,3,96,1,4,3,Yes,No,Yes,No,Data Science,Semester 3
Student 9114,STU9114,20,3,89,3,4,2,Yes,No,Yes,Yes,Engineering,Semester 1
Student 9115,STU9115,21,4,85,1,6,0,Yes,No,Yes,No,Business,Semester 1
Student 9116,STU9116,23,4,80,0,3,2,Yes,No,Yes,Yes,Computer Science,Semester 3
Student 9117,STU9117,24,2,88,2,5,2,Yes,Yes,No,Yes,Computer Science,Semester 1
Student 9118,STU9118,22,2,77,3,4,1,No,Yes,Yes,Yes,Computer Science,Semester 2
Student 9119,STU9119,20,3,77,1,6,2,No,No,Yes,No,Computer Science,Semester 1
Student 9120,STU9120,24,3,72,4,6,3,No,No,No,Yes,Engineering,Semester 1
Student 9121,STU9121,17,3,69,4,3,2,No,Yes,No,Yes,Data Science,Semester 4
Student 9122,STU9122,17,4,92,2,6,1,Yes,Yes,Yes,Yes,Business,Semester 4
Student 9123,STU9123,22,3,84,3,6,2,Yes,Yes,Yes,Yes,Business,Semester 2
Student 9124,STU9124,21,4,71,2,5,3,No,No,No,No,Business,Semester 3
Student 9125,STU9125,22,4,81,3,4,3,Yes,No,No,No,Engineering,Semester 1
Student 9126,STU9126,21,4,97,2,4,2,No,No,No,Yes,Engineering,Semester 4
Student 9127,STU9127,22,3,96,6,5,2,Yes,No,Yes,Yes,Software Engineering,Semester 2
Student 9128,STU9128,19,5,81,1,3,1,Yes,No,Yes,No,Engineering,Semester 3
Student 9129,STU9129,22,4,81,4,4,2,Yes,No,Yes,No,Computer Science,Semester 4
Student 9130,STU9130,23,5,80,3,5,2,No,Yes,Yes,No,Data Science,Semester 3
Student 9131,STU9131,23,5,73,1,4,4,Yes,Yes,No,Yes,Business,Semester 2
Student 9132,STU9132,25,3,78,0,7,2,Yes,No,No,No,Engineering,Semester 3
Student 9133,STU9133,21,3,79,3,5,1,Yes,No,No,No,Data Science,Semester 3
Student 9134,STU9134,21,4,64,6,4,3,Yes,No,No,No,Computer Science,Semester 2
Student 9135,STU9135,17,3,63,0,6,3,Yes,Yes,No,Yes,Engineering,Semester 3
Student 9136,STU9136,19,3,81,3,4,1,Yes,No,No,Yes,Engineering,Semester 2
Student 9137,STU9137,20,2,88,1,4,3,Yes,Yes,No,No,Data Science,Semester 3
Student 9138,STU9138,23,6,75,1,4,3,Yes,Yes,Yes,Yes,Computer Science,Semester 4
Student 9139,STU9139,19,2,96,0,1,2,Yes,No,No,Yes,Engineering,Semester 4
Student 9140,STU9140,22,1,79,1,2,1,Yes,No,No,No,Data Science,Semester 4
Student 9141,STU9141,21,4,75,4,3,3,Yes,No,No,No,Computer Science,Semester 4
Student 9142,STU9142,20,3,70,1,3,2,Yes,No,No,No,Engineering,Semester 2
Student 9143,STU9143,21,3,82,0,6,0,No,No,No,No,Engineering,Semester 3
Student 9144,STU9144,20,2,65,3,7,0,Yes,No,No,No,Business,Semester 2
Student 9145,STU9145,20,4,76,0,6,1,Yes,Yes,No,No,Software Engineering,Semester 1
Student 9146,STU9146,17,4,82,3,2,3,Yes,Yes,No,No,Computer Science,Semester 3
Student 9147,STU9147,20,5,70,1,3,3,Yes,Yes,Yes,No,Data Science,Semester 2
Student 9148,STU9148,19,4,77,4,6,2,Yes,No,No,No,Business,Semester 3
Student 9149,STU9149,19,3,82,0,5,3,Yes,Yes,No,Yes,Engineering,Semester 3
Student 9150,STU9150,21,4,57,1,5,1,Yes,No,No,No,Data Science,Semester 1
Student 9151,STU9151,22,2,87,2,4,3,Yes,No,No,Yes,Business,Semester 4
Student 9152,STU9152,21,2,89,3,3,2,Yes,No,No,No,Business,Semester 3
Student 9153,STU9153,23,2,73,4,8,2,Yes,Yes,No,Yes,Software Engineering,Semester 3
Student 9154,STU9154,22,5,80,4,6,1,Yes,Yes,No,No,Business,Semester 1
Student 9155,STU9155,20,5,81,0,5,1,Yes,No,Yes,Yes,Computer Science,Semester 2
Student 9156,STU9156,20,4,84,3,5,1,Yes,Yes,No,No,Software Engineering,Semester 4
Student 9157,STU9157,21,5,79,4,5,2,No,Yes,Yes,Yes,Software Engineering,Semester 2
Student 9158,STU9158,22,4,76,2,5,0,Yes,Yes,No,No,Engineering,Semester 2
Student 9159,STU9159,24,3,73,1,8,1,Yes,Yes,Yes,No,Engineering,Semester 2
Student 9160,STU9160,23,4,88,2,8,1,Yes,Yes,No,Yes,Computer Science,Semester 4
Student 9161,STU9161,19,1,77,1,8,1,No,No,No,Yes,Data Science,Semester 2
Student 9162,STU9162,20,1,75,1,6,0,Yes,No,No,No,Computer Science,Semester 2
Student 9163,STU9163,22,4,90,1,4,4,Yes,No,No,No,Software Engineering,Semester 4
Student 9164,STU9164,23,5,83,4,3,4,Yes,Yes,No,Yes,Engineering,Semester 4
Student 9165,STU9165,23,5,73,2,3,1,No,No,Yes,Yes,Computer Science,Semester 1
Student 9166,STU9166,20,2,80,4,7,1,Yes,No,No,No,Engineering,Semester 2
Student 9167,STU9167,18,5,74,3,3,2,No,Yes,Yes,Yes,Computer Science,Semester 1
Student 9168,STU9168,18,4,72,1,5,2,Yes,No,No,No,Computer Science,Semester 3
Student 9169,STU9169,21,4,77,2,3,2,Yes,Yes,No,No,Business,Semester 1
Student 9170,STU9170,21,3,80,0,5,1,Yes,No,No,Yes,Computer Science,Semester 1
Student 9171,STU9171,18,3,77,3,3,0,Yes,No,No,No,Engineering,Semester 1
Student 9172,STU9172,21,4,86,6,6,2,No,No,No,No,Computer Science,Semester 1
Student 9173,STU9173,22,5,87,1,5,4,Yes,Yes,No,No,Data Science,Semester 2
Student 9174,STU9174,18,3,76,3,4,2,Yes,No,No,No,Business,Semester 3
Student 9175,STU9175,23,4,80,1,3,1,Yes,Yes,Yes,No,Computer Science,Semester 3
Student 9176,STU9176,20,4,78,1,5,1,Yes,No,No,No,Data Science,Semester 4
Student 9177,STU9177,23,3,74,6,5,3,Yes,No,Yes,No,Engineering,Semester 3
Student 9178,STU9178,19,3,83,2,4,0,Yes,Yes,Yes,Yes,Data Science,Semester 1
Student 9179,STU9179,18,4,67,4,4,0,Yes,No,No,Yes,Business,Semester 4
Student 9180,STU9180,20,5,74,0,4,3,Yes,No,Yes,No,Engineering,Semester 1
Student 9181,STU9181,20,2,72,1,1,3,Yes,No,Yes,No,Computer Science,Semester 2
Student 9182,STU9182,20,5,74,1,5,2,Yes,Yes,No,Yes,Computer Science,Semester 2
Student 9183,STU9183,20,3,73,1,2,2,Yes,No,No,No,Data Science,Semester 3
Student 9184,STU9184,21,6,69,0,3,3,Yes,No,Yes,No,Computer Science,Semester 1
Student 9185,STU9185,20,5,79,1,6,1,Yes,No,Yes,Yes,Engineering,Semester 1
Student 9186,STU9186,20,3,79,1,5,2,Yes,No,Yes,Yes,Engineering,Semester 1
Student 9187,STU9187,17,2,81,1,8,1,Yes,No,No,Yes,Computer Science,Semester 4
Student 9188,STU9188,21,4,83,3,5,1,Yes,No,No,No,Data Science,Semester 4
Student 9189,STU9189,20,3,85,0,4,3,No,Yes,No,No,Computer Science,Semester 4
Student 9190,STU9190,24,4,60,3,5,2,Yes,No,Yes,Yes,Software Engineering,Semester 3
Student 9191,STU9191,18,4,82,3,5,0,No,No,No,No,Computer Science,Semester 3
Student 9192,STU9192,17,4,79,3,7,2,Yes,No,No,No,Business,Semester 1
Student 9193,STU9193,22,3,81,5,6,0,No,No,No,No,Computer Science,Semester 1
Student 9194,STU9194,21,2,78,1,8,2,Yes,Yes,No,Yes,Software Engineering,Semester 3
Student 9195,STU9195,18,5,75,1,2,2,Yes,No,No,No,Business,Semester 4
Student 9196,STU9196,17,5,80,3,6,1,Yes,No,Yes,Yes,Data Science,Semester 4
Student 9197,STU9197,24,4,78,0,3,2,Yes,Yes,No,Yes,Business,Semester 4
Student 9198,STU9198,24,5,84,1,6,2,No,Yes,Yes,Yes,Engineering,Semester 4
Student 9199,STU9199,17,4,89,1,5,3,Yes,No,Yes,Yes,Software Engineering,Semester 4
Student 9200,STU9200,20,3,74,1,4,2,Yes,Yes,No,No,Engineering,Semester 3
Student 9201,STU9201,24,4,77,5,7,1,No,Yes,No,No,Engineering,Semester 2
Student 9202,STU9202,20,2,100,2,2,3,Yes,Yes,No,No,Business,Semester 2
Student 9203,STU9203,19,4,67,0,5,1,Yes,No,Yes,Yes,Business,Semester 2
Student 9204,STU9204,20,4,69,4,6,2,Yes,Yes,No,No,Engineering,Semester 1
Student 9205,STU9205,18,4,90,0,5,2,No,No,Yes,No,Data Science,Semester 1
Student 9206,STU9206,17,4,97,1,5,4,Yes,No,No,Yes,Computer Science,Semester 4
Student 9207,STU9207,23,4,93,0,4,2,Yes,No,Yes,Yes,Computer Science,Semester 1
Student 9208,STU9208,17,1,84,3,6,1,Yes,No,No,No,Software Engineering,Semester 3
Student 9209,STU9209,21,2,78,2,3,3,Yes,No,Yes,Yes,Business,Semester 2
Student 9210,STU9210,23,4,79,5,1,3,Yes,No,Yes,No,Computer Science,Semester 3
Student 9211,STU9211,17,4,85,2,5,3,No,Yes,No,No,Data Science,Semester 3
Student 9212,STU9212,19,3,89,2,4,3,No,No,No,Yes,Software Engineering,Semester 3
Student 9213,STU9213,23,6,86,0,3,3,Yes,No,No,No,Business,Semester 4
Student 9214,STU9214,22,3,65,2,2,2,Yes,Yes,No,Yes,Computer Science,Semester 4
Student 9215,STU9215,19,5,72,0,7,2,Yes,No,No,Yes,Engineering,Semester 4
Student 9216,STU9216,23,1,84,2,8,2,Yes,Yes,Yes,Yes,Data Science,Semester 1
Student 9217,STU9217,23,2,70,1,5,1,Yes,No,No,No,Data Science,Semester 4
Student 9218,STU9218,21,4,66,2,5,1,No,No,No,Yes,Business,Semester 1
Student 9219,STU9219,19,3,89,4,6,2,Yes,No,Yes,No,Data Science,Semester 3
Student 9220,STU9220,20,5,84,5,6,3,Yes,Yes,Yes,Yes,Business,Semester 2
Student 9221,STU9221,21,4,94,1,4,3,Yes,Yes,Yes,Yes,Data Science,Semester 4
Student 9222,STU9222,20,5,89,2,7,1,Yes,No,No,Yes,Computer Science,Semester 1
Student 9223,STU9223,23,3,77,6,7,1,Yes,No,Yes,No,Business,Semester 1
Student 9224,STU9224,17,2,84,1,6,2,Yes,No,Yes,No,Data Science,Semester 4
Student 9225,STU9225,17,3,75,0,8,1,No,Yes,No,No,Computer Science,Semester 4
Student 9226,STU9226,21,3,69,1,6,3,No,Yes,No,Yes,Computer Science,Semester 3
Student 9227,STU9227,19,3,91,3,4,3,Yes,No,No,Yes,Computer Science,Semester 1
Student 9228,STU9228,19,2,80,4,5,2,No,No,No,No,Business,Semester 2
Student 9229,STU9229,17,2,92,3,7,1,Yes,Yes,Yes,Yes,Business,Semester 3
Student 9230,STU9230,21,5,82,2,3,2,Yes,No,No,Yes,Data Science,Semester 1
Student 9231,STU9231,20,2,84,0,5,3,Yes,No,Yes,Yes,Engineering,Semester 3
Student 9232,STU9232,22,3,86,0,2,2,Yes,Yes,No,No,Engineering,Semester 3
Student 9233,STU9233,21,4,80,3,9,0,No,Yes,No,No,Software Engineering,Semester 4
Student 9234,STU9234,20,4,80,1,6,3,Yes,No,No,Yes,Engineering,Semester 2
Student 9235,STU9235,23,3,83,2,6,2,Yes,No,No,No,Engineering,Semester 2
Student 9236,STU9236,18,2,92,3,2,3,Yes,No,Yes,No,Data Science,Semester 1
Student 9237,STU9237,22,2,86,5,7,2,Yes,No,No,Yes,Business,Semester 3
Student 9238,STU9238,17,3,82,1,6,1,Yes,Yes,No,Yes,Engineering,Semester 4
Student 9239,STU9239,19,4,63,2,5,1,Yes,No,No,No,Software Engineering,Semester 1
Student 9240,STU9240,18,2,81,0,6,0,Yes,No,Yes,No,Data Science,Semester 1
Student 9241,STU9241,22,4,75,3,3,3,Yes,No,No,Yes,Computer Science,Semester 1
Student 9242,STU9242,20,2,74,4,5,2,Yes,Yes,Yes,No,Computer Science,Semester 2
Student 9243,STU9243,21,6,80,0,6,3,Yes,No,No,No,Software Engineering,Semester 3
Student 9244,STU9244,18,1,82,0,5,0,Yes,No,No,No,Business,Semester 3
Student 9245,STU9245,20,4,87,1,2,2,Yes,No,Yes,Yes,Computer Science,Semester 4
Student 9246,STU9246,19,4,73,0,6,2,No,No,No,Yes,Business,Semester 2
Student 9247,STU9247,21,3,82,3,7,2,Yes,No,No,No,Engineering,Semester 2
Student 9248,STU9248,18,4,85,2,5,2,Yes,Yes,No,No,Engineering,Semester 1
Student 9249,STU9249,23,3,74,1,6,1,Yes,No,Yes,Yes,Engineering,Semester 4
Student 9250,STU9250,17,3,78,2,6,0,Yes,No,No,No,Computer Science,Semester 1
Student 9251,STU9251,19,2,88,2,1,2,Yes,No,No,No,Computer Science,Semester 4
Student 9252,STU9252,24,5,81,3,7,3,Yes,No,No,No,Business,Semester 4
Student 9253,STU9253,20,3,65,4,4,1,Yes,Yes,Yes,Yes,Business,Semester 2
Student 9254,STU9254,18,3,88,1,4,2,Yes,No,Yes,No,Software Engineering,Semester 2
Student 9255,STU9255,21,5,82,0,4,3,Yes,Yes,No,No,Engineering,Semester 3
Student 9256,STU9256,20,1,69,1,7,0,Yes,No,No,Yes,Data Science,Semester 3
Student 9257,STU9257,19,6,75,3,8,2,Yes,No,Yes,Yes,Data Science,Semester 3
Student 9258,STU9258,18,3,81,0,6,3,Yes,Yes,No,Yes,Engineering,Semester 2
Student 9259,STU9259,27,5,84,1,4,3,Yes,Yes,Yes,No,Software Engineering,Semester 1
Student 9260,STU9260,20,4,90,3,10,3,Yes,Yes,No,Yes,Business,Semester 4
Student 9261,STU9261,17,1,74,2,5,0,Yes,No,No,No,Computer Science,Semester 4
Student 9262,STU9262,24,4,78,2,4,2,Yes,No,Yes,No,Software Engineering,Semester 3
Student 9263,STU9263,22,2,89,1,7,2,Yes,Yes,Yes,No,Software Engineering,Semester 4
Student 9264,STU9264,19,3,90,4,5,2,Yes,Yes,Yes,No,Engineering,Semester 4
Student 9265,STU9265,18,6,79,2,9,0,Yes,No,Yes,No,Business,Semester 2
Student 9266,STU9266,22,3,77,1,4,2,Yes,No,Yes,Yes,Data Science,Semester 2
Student 9267,STU9267,20,5,86,4,5,1,Yes,Yes,No,No,Data Science,Semester 4
Student 9268,STU9268,17,2,65,0,8,0,Yes,No,Yes,Yes,Data Science,Semester 1
Student 9269,STU9269,24,5,81,1,6,3,Yes,No,No,Yes,Software Engineering,Semester 3
Student 9270,STU9270,20,3,81,2,5,0,Yes,No,No,Yes,Computer Science,Semester 4
Student 9271,STU9271,24,4,78,2,3,3,Yes,No,No,No,Business,Semester 4
Student 9272,STU9272,23,3,85,3,3,1,Yes,No,No,Yes,Computer Science,Semester 3
Student 9273,STU9273,18,4,90,1,3,2,Yes,Yes,Yes,No,Data Science,Semester 2
Student 9274,STU9274,23,2,74,1,7,2,Yes,Yes,No,No,Computer Science,Semester 3
Student 9275,STU9275,19,3,76,3,6,1,Yes,No,Yes,Yes,Software Engineering,Semester 1
Student 9276,STU9276,17,4,87,1,5,4,Yes,No,No,No,Engineering,Semester 4
Student 9277,STU9277,20,2,70,5,3,3,Yes,No,Yes,No,Computer Science,Semester 4
Student 9278,STU9278,21,4,77,2,5,2,Yes,No,No,Yes,Computer Science,Semester 4
Student 9279,STU9279,20,5,99,1,6,2,Yes,Yes,No,No,Computer Science,Semester 3
Student 9280,STU9280,20,2,83,4,7,1,Yes,No,No,No,Data Science,Semester 1
Student 9281,STU9281,23,6,79,4,6,2,Yes,No,Yes,Yes,Computer Science,Semester 4
Student 9282,STU9282,21,3,68,1,5,1,No,No,Yes,Yes,Business,Semester 2
Student 9283,STU9283,19,3,62,2,3,3,Yes,No,No,No,Software Engineering,Semester 1
Student 9284,STU9284,22,3,90,1,7,1,Yes,No,Yes,No,Business,Semester 1
Student 9285,STU9285,21,6,72,1,5,1,Yes,No,Yes,No,Business,Semester 1
Student 9286,STU9286,17,4,82,1,3,2,Yes,No,No,Yes,Data Science,Semester 1
Student 9287,STU9287,21,4,92,1,3,2,Yes,No,No,No,Computer Science,Semester 2
Student 9288,STU9288,21,4,78,0,6,1,Yes,Yes,No,Yes,Software Engineering,Semester 1
Student 9289,STU9289,21,2,78,1,6,2,Yes,No,No,No,Software Engineering,Semester 2
Student 9290,STU9290,23,5,87,2,1,4,Yes,No,No,No,Software Engineering,Semester 3
Student 9291,STU9291,19,2,92,0,5,1,Yes,No,Yes,No,Computer Science,Semester 3
Student 9292,STU9292,21,2,88,1,3,2,Yes,No,No,Yes,Software Engineering,Semester 3
Student 9293,STU9293,17,3,93,2,6,1,Yes,No,No,No,Software Engineering,Semester 3
Student 9294,STU9294,21,3,63,1,6,0,Yes,No,No,Yes,Engineering,Semester 2
Student 9295,STU9295,25,4,85,6,3,2,No,No,Yes,Yes,Engineering,Semester 4
Student 9296,STU9296,18,3,92,3,5,1,No,Yes,No,No,Software Engineering,Semester 2
Student 9297,STU9297,19,3,85,3,7,3,No,No,No,No,Business,Semester 3
Student 9298,STU9298,19,3,80,3,7,1,Yes,No,Yes,No,Computer Science,Semester 4
Student 9299,STU9299,21,4,72,1,4,3,No,Yes,No,No,Business,Semester 4
Student 9300,STU9300,18,1,76,2,7,0,Yes,No,Yes,Yes,Business,Semester 4
Student 9301,STU9301,21,4,94,2,6,2,Yes,No,No,No,Computer Science,Semester 4
Student 9302,STU9302,22,5,81,2,4,2,Yes,No,Yes,No,Computer Science,Semester 1
Student 9303,STU9303,22,4,77,1,5,1,Yes,No,No,Yes,Data Science,Semester 3
Student 9304,STU9304,17,4,69,2,6,0,Yes,Yes,No,No,Data Science,Semester 3
Student 9305,STU9305,23,5,85,0,6,3,Yes,No,No,No,Data Science,Semester 3
Student 9306,STU9306,23,4,75,2,7,0,Yes,No,No,No,Software Engineering,Semester 2
Student 9307,STU9307,22,3,81,2,4,1,Yes,Yes,Yes,No,Software Engineering,Semester 3
Student 9308,STU9308,21,3,95,3,5,3,Yes,Yes,No,Yes,Software Engineering,Semester 3
Student 9309,STU9309,21,4,88,5,5,2,Yes,No,No,Yes,Data Science,Semester 3
Student 9310,STU9310,23,2,92,4,5,0,Yes,No,Yes,Yes,Computer Science,Semester 2
Student 9311,STU9311,25,7,83,0,4,3,Yes,No,No,Yes,Software Engineering,Semester 3
Student 9312,STU9312,18,4,87,2,8,3,Yes,No,No,No,Computer Science,Semester 3
Student 9313,STU9313,23,5,92,1,5,3,Yes,Yes,No,Yes,Data Science,Semester 1
Student 9314,STU9314,20,3,75,4,5,2,Yes,Yes,No,No,Computer Science,Semester 3
Student 9315,STU9315,20,4,81,3,6,2,Yes,No,No,Yes,Software Engineering,Semester 4
Student 9316,STU9316,17,3,76,1,7,3,Yes,No,Yes,No,Computer Science,Semester 2
Student 9317,STU9317,20,5,77,3,5,1,Yes,Yes,No,Yes,Data Science,Semester 4
Student 9318,STU9318,18,4,65,2,5,3,Yes,No,No,No,Software Engineering,Semester 1
Student 9319,STU9319,20,2,74,0,7,2,Yes,No,Yes,Yes,Software Engineering,Semester 3
Student 9320,STU9320,18,3,79,1,8,0,Yes,No,No,Yes,Data Science,Semester 2
Student 9321,STU9321,20,4,87,1,8,2,Yes,No,No,No,Business,Semester 1
Student 9322,STU9322,20,1,81,1,3,2,No,No,No,No,Engineering,Semester 2
Student 9323,STU9323,21,3,75,6,6,1,Yes,No,Yes,No,Data Science,Semester 4
Student 9324,STU9324,17,4,88,2,5,3,Yes,Yes,No,No,Computer Science,Semester 1
Student 9325,STU9325,17,3,74,2,7,0,Yes,Yes,No,No,Business,Semester 2
Student 9326,STU9326,21,4,73,1,8,1,No,No,No,No,Data Science,Semester 4
Student 9327,STU9327,19,4,91,1,1,4,Yes,Yes,Yes,No,Engineering,Semester 1
Student 9328,STU9328,23,3,88,1,5,1,Yes,No,No,Yes,Software Engineering,Semester 3
Student 9329,STU9329,21,2,79,3,4,0,Yes,Yes,No,No,Engineering,Semester 3
Student 9330,STU9330,22,2,97,3,4,2,Yes,Yes,No,No,Engineering,Semester 4
Student 9331,STU9331,24,1,77,2,3,2,Yes,Yes,No,No,Data Science,Semester 3
Student 9332,STU9332,20,4,87,2,4,3,Yes,No,No,No,Software Engineering,Semester 3
Student 9333,STU9333,19,3,69,1,5,2,Yes,No,No,Yes,Software Engineering,Semester 1
Student 9334,STU9334,22,5,73,0,4,2,Yes,No,Yes,No,Engineering,Semester 1
Student 9335,STU9335,22,4,90,1,1,3,Yes,No,No,No,Data Science,Semester 1
Student 9336,STU9336,20,4,93,2,5,3,Yes,No,No,No,Software Engineering,Semester 1
Student 9337,STU9337,24,4,80,4,7,0,Yes,No,Yes,No,Software Engineering,Semester 1
Student 9338,STU9338,20,1,100,0,4,3,No,No,No,Yes,Computer Science,Semester 1
Student 9339,STU9339,21,4,92,1,2,3,Yes,No,No,Yes,Engineering,Semester 3
Student 9340,STU9340,21,3,76,1,5,1,Yes,No,No,No,Business,Semester 1
Student 9341,STU9341,18,3,79,1,7,3,Yes,No,No,Yes,Engineering,Semester 2
Student 9342,STU9342,21,3,70,5,5,3,Yes,No,No,No,Data Science,Semester 2
Student 9343,STU9343,24,4,78,2,4,2,Yes,No,Yes,No,Software Engineering,Semester 4
Student 9344,STU9344,22,3,83,1,3,0,Yes,No,Yes,Yes,Software Engineering,Semester 2
Student 9345,STU9345,21,3,82,0,6,1,Yes,Yes,Yes,Yes,Computer Science,Semester 1
Student 9346,STU9346,20,4,82,2,5,3,No,No,Yes,No,Software Engineering,Semester 3
Student 9347,STU9347,21,3,90,2,4,0,Yes,Yes,Yes,Yes,Software Engineering,Semester 2
Student 9348,STU9348,22,4,83,2,4,3,No,No,No,Yes,Business,Semester 1
Student 9349,STU9349,22,3,87,2,5,3,Yes,No,No,No,Engineering,Semester 1
Student 9350,STU9350,20,5,85,0,5,2,No,No,No,No,Software Engineering,Semester 3
Student 9351,STU9351,21,4,84,2,5,2,Yes,Yes,No,No,Data Science,Semester 1
Student 9352,STU9352,22,1,89,3,3,2,Yes,Yes,No,No,Business,Semester 1
Student 9353,STU9353,18,5,88,1,3,3,No,Yes,Yes,No,Business,Semester 2
Student 9354,STU9354,21,3,73,2,4,1,Yes,No,No,No,Computer Science,Semester 2
Student 9355,STU9355,17,3,96,3,6,1,Yes,No,No,No,Data Science,Semester 4
Student 9356,STU9356,22,3,83,3,6,3,Yes,No,No,No,Business,Semester 4
Student 9357,STU9357,22,6,74,0,8,3,Yes,No,Yes,No,Engineering,Semester 2
Student 9358,STU9358,22,4,81,1,4,2,Yes,No,Yes,Yes,Data Science,Semester 2
Student 9359,STU9359,20,6,84,2,6,2,No,Yes,No,No,Engineering,Semester 4
Student 9360,STU9360,21,4,86,1,2,3,Yes,Yes,No,Yes,Computer Science,Semester 4
Student 9361,STU9361,24,4,89,0,6,2,Yes,Yes,Yes,Yes,Computer Science,Semester 2
Student 9362,STU9362,24,6,88,1,2,4,Yes,No,No,No,Software Engineering,Semester 1
Student 9363,STU9363,20,5,96,3,3,2,Yes,No,Yes,Yes,Engineering,Semester 1
Student 9364,STU9364,21,4,82,1,6,2,Yes,No,No,Yes,Engineering,Semester 3
Student 9365,STU9365,23,2,80,1,5,3,Yes,Yes,Yes,Yes,Computer Science,Semester 2
Student 9366,STU9366,17,2,70,0,4,1,Yes,No,Yes,No,Engineering,Semester 2
Student 9367,STU9367,20,4,89,2,3,4,Yes,No,Yes,No,Data Science,Semester 2
Student 9368,STU9368,23,5,86,5,6,3,Yes,Yes,No,No,Software Engineering,Semester 2
Student 9369,STU9369,23,3,77,0,5,2,Yes,No,Yes,No,Software Engineering,Semester 2
Student 9370,STU9370,21,4,83,2,6,1,Yes,Yes,No,No,Data Science,Semester 4
Student 9371,STU9371,17,2,81,2,2,2,Yes,Yes,No,No,Business,Semester 4
Student 9372,STU9372,20,3,83,2,6,2,Yes,No,Yes,Yes,Engineering,Semester 1
Student 9373,STU9373,19,4,79,2,4,1,Yes,Yes,No,No,Business,Semester 1
Student 9374,STU9374,21,4,82,5,6,3,No,No,Yes,Yes,Business,Semester 2
Student 9375,STU9375,19,3,69,3,5,0,Yes,No,No,Yes,Engineering,Semester 4
Student 9376,STU9376,18,3,78,2,4,3,Yes,No,Yes,No,Computer Science,Semester 1
Student 9377,STU9377,17,2,84,2,4,2,Yes,No,Yes,No,Engineering,Semester 2
Student 9378,STU9378,23,3,76,2,3,2,Yes,No,No,No,Computer Science,Semester 3
Student 9379,STU9379,20,2,85,4,4,3,No,Yes,Yes,Yes,Data Science,Semester 2
Student 9380,STU9380,21,3,98,1,3,4,Yes,No,No,Yes,Computer Science,Semester 3
Student 9381,STU9381,21,3,72,4,6,2,Yes,No,No,Yes,Business,Semester 3
Student 9382,STU9382,18,5,67,2,4,2,Yes,Yes,No,No,Business,Semester 2
Student 9383,STU9383,18,2,91,1,6,2,Yes,No,No,No,Business,Semester 2
Student 9384,STU9384,18,4,98,1,10,1,Yes,No,No,No,Computer Science,Semester 2
Student 9385,STU9385,19,4,85,0,5,2,Yes,No,No,No,Business,Semester 2
Student 9386,STU9386,21,2,82,3,2,0,No,No,No,No,Software Engineering,Semester 1
Student 9387,STU9387,19,4,76,5,9,2,No,No,No,Yes,Engineering,Semester 1
Student 9388,STU9388,24,2,86,0,6,1,Yes,No,No,No,Business,Semester 3
Student 9389,STU9389,23,4,81,0,5,0,Yes,No,No,No,Computer Science,Semester 2
Student 9390,STU9390,22,3,88,2,4,2,Yes,No,No,No,Business,Semester 1
Student 9391,STU9391,20,5,68,2,3,2,No,No,Yes,Yes,Computer Science,Semester 1
Student 9392,STU9392,24,3,84,2,4,1,No,No,No,No,Engineering,Semester 4
Student 9393,STU9393,20,1,75,0,4,3,Yes,Yes,No,Yes,Computer Science,Semester 4
Student 9394,STU9394,20,3,89,1,4,3,Yes,No,No,No,Engineering,Semester 1
Student 9395,STU9395,21,4,72,0,6,2,Yes,No,Yes,No,Business,Semester 3
Student 9396,STU9396,22,4,87,2,7,3,Yes,No,No,Yes,Software Engineering,Semester 1
Student 9397,STU9397,22,3,77,0,5,3,Yes,No,No,Yes,Business,Semester 2
Student 9398,STU9398,20,5,78,3,6,2,Yes,No,Yes,No,Engineering,Semester 1
Student 9399,STU9399,19,3,88,1,9,1,Yes,No,No,No,Data Science,Semester 4
Student 9400,STU9400,22,5,75,5,4,2,Yes,No,No,No,Data Science,Semester 4
Student 9401,STU9401,22,4,70,1,2,2,Yes,No,Yes,No,Data Science,Semester 2
Student 9402,STU9402,20,4,82,1,7,3,Yes,No,No,No,Business,Semester 1
Student 9403,STU9403,17,5,76,3,4,2,Yes,No,No,Yes,Computer Science,Semester 2
Student 9404,STU9404,20,5,71,1,4,1,Yes,No,No,No,Software Engineering,Semester 3
Student 9405,STU9405,22,2,84,0,5,1,Yes,No,No,No,Software Engineering,Semester 4
Student 9406,STU9406,25,4,84,0,7,1,Yes,Yes,No,Yes,Business,Semester 1
Student 9407,STU9407,18,2,82,3,5,3,Yes,Yes,Yes,Yes,Engineering,Semester 1
Student 9408,STU9408,20,4,86,1,1,2,Yes,Yes,No,Yes,Business,Semester 3
Student 9409,STU9409,20,1,66,4,6,2,Yes,No,Yes,Yes,Data Science,Semester 3
Student 9410,STU9410,24,6,75,0,5,3,Yes,Yes,No,No,Engineering,Semester 4
Student 9411,STU9411,20,4,84,2,4,4,Yes,No,Yes,Yes,Software Engineering,Semester 3
Student 9412,STU9412,19,4,90,1,5,3,Yes,Yes,No,No,Business,Semester 4
Student 9413,STU9413,22,4,83,3,5,2,Yes,No,Yes,No,Computer Science,Semester 4
Student 9414,STU9414,20,5,91,3,1,3,Yes,No,No,Yes,Computer Science,Semester 2
Student 9415,STU9415,18,4,76,1,5,3,Yes,No,No,Yes,Software Engineering,Semester 2
Student 9416,STU9416,19,3,77,1,3,3,Yes,No,No,No,Engineering,Semester 4
Student 9417,STU9417,24,3,79,1,3,2,Yes,Yes,Yes,Yes,Data Science,Semester 1
Student 9418,STU9418,21,4,66,2,5,1,Yes,No,No,Yes,Computer Science,Semester 2
Student 9419,STU9419,21,6,67,4,5,2,Yes,Yes,Yes,Yes,Computer Science,Semester 1
Student 9420,STU9420,20,3,81,3,6,3,Yes,No,No,Yes,Business,Semester 3
Student 9421,STU9421,21,4,81,2,5,2,No,No,No,Yes,Software Engineering,Semester 1
Student 9422,STU9422,21,5,77,2,2,3,Yes,No,No,Yes,Computer Science,Semester 3
Student 9423,STU9423,21,0,75,1,4,2,Yes,No,Yes,No,Business,Semester 4
Student 9424,STU9424,21,3,84,0,5,4,Yes,Yes,No,Yes,Engineering,Semester 4
Student 9425,STU9425,22,3,86,2,5,1,No,No,No,No,Computer Science,Semester 4
Student 9426,STU9426,21,4,83,0,6,1,Yes,No,No,Yes,Software Engineering,Semester 3
Student 9427,STU9427,18,5,83,5,7,1,Yes,Yes,Yes,Yes,Business,Semester 1
Student 9428,STU9428,19,5,81,1,6,1,Yes,No,No,No,Engineering,Semester 2
Student 9429,STU9429,17,3,82,0,8,2,Yes,No,Yes,Yes,Business,Semester 2
Student 9430,STU9430,25,3,87,1,6,2,Yes,No,Yes,Yes,Data Science,Semester 1
Student 9431,STU9431,22,4,95,3,4,2,Yes,No,Yes,No,Software Engineering,Semester 2
Student 9432,STU9432,19,4,93,1,7,3,Yes,Yes,No,Yes,Software Engineering,Semester 3
Student 9433,STU9433,20,5,73,3,3,3,Yes,Yes,Yes,No,Computer Science,Semester 3
Student 9434,STU9434,19,2,65,1,6,0,Yes,No,No,Yes,Business,Semester 2
Student 9435,STU9435,24,4,86,1,5,1,Yes,No,Yes,Yes,Engineering,Semester 2
Student 9436,STU9436,17,3,82,4,4,3,Yes,No,No,Yes,Computer Science,Semester 3
Student 9437,STU9437,21,6,81,1,5,3,Yes,No,No,No,Software Engineering,Semester 1
Student 9438,STU9438,20,2,85,3,5,3,Yes,Yes,Yes,No,Business,Semester 2
Student 9439,STU9439,22,2,80,0,2,0,Yes,No,No,No,Engineering,Semester 2
Student 9440,STU9440,20,3,69,4,5,0,Yes,No,No,No,Software Engineering,Semester 4
Student 9441,STU9441,17,4,72,2,3,2,Yes,No,No,No,Engineering,Semester 4
Student 9442,STU9442,20,4,73,2,5,0,Yes,No,No,No,Business,Semester 1
Student 9443,STU9443,18,3,87,1,5,1,Yes,Yes,No,No,Engineering,Semester 3
Student 9444,STU9444,21,5,97,0,6,1,Yes,Yes,No,No,Computer Science,Semester 1
Student 9445,STU9445,24,3,78,6,1,3,Yes,Yes,No,Yes,Computer Science,Semester 1
Student 9446,STU9446,17,4,100,2,5,4,Yes,No,No,No,Business,Semester 1
Student 9447,STU9447,19,2,66,1,5,0,No,No,No,No,Software Engineering,Semester 2
Student 9448,STU9448,19,2,77,0,10,2,Yes,No,No,Yes,Data Science,Semester 3
Student 9449,STU9449,20,3,83,1,5,2,Yes,Yes,Yes,No,Data Science,Semester 3
Student 9450,STU9450,22,3,61,3,4,4,Yes,Yes,Yes,No,Data Science,Semester 2
Student 9451,STU9451,20,2,94,0,7,1,Yes,No,No,Yes,Software Engineering,Semester 1
Student 9452,STU9452,21,2,76,4,4,1,Yes,No,No,No,Computer Science,Semester 4
Student 9453,STU9453,19,4,82,2,6,2,Yes,No,Yes,No,Computer Science,Semester 2
Student 9454,STU9454,21,5,85,2,5,3,Yes,No,Yes,No,Computer Science,Semester 1
Student 9455,STU9455,22,2,69,6,7,1,No,No,No,Yes,Business,Semester 1
Student 9456,STU9456,19,2,100,1,6,0,Yes,Yes,No,Yes,Computer Science,Semester 1
Student 9457,STU9457,22,4,83,2,4,3,Yes,Yes,Yes,Yes,Computer Science,Semester 1
Student 9458,STU9458,21,4,79,3,2,2,No,Yes,No,Yes,Computer Science,Semester 4
Student 9459,STU9459,23,2,73,1,3,2,Yes,Yes,No,No,Data Science,Semester 4
Student 9460,STU9460,20,6,83,2,6,2,Yes,Yes,No,No,Engineering,Semester 2
Student 9461,STU9461,21,2,69,4,5,0,Yes,Yes,No,No,Computer Science,Semester 1
Student 9462,STU9462,20,3,83,1,5,2,Yes,No,Yes,Yes,Engineering,Semester 2
Student 9463,STU9463,20,3,93,2,6,3,Yes,No,No,Yes,Computer Science,Semester 1
Student 9464,STU9464,21,2,91,0,4,3,Yes,No,Yes,No,Data Science,Semester 4
Student 9465,STU9465,22,6,77,1,5,3,Yes,No,Yes,No,Data Science,Semester 2
Student 9466,STU9466,18,2,79,3,5,2,No,Yes,No,No,Engineering,Semester 3
Student 9467,STU9467,24,6,86,0,2,4,No,No,Yes,No,Data Science,Semester 2
Student 9468,STU9468,17,3,91,3,4,3,No,No,No,No,Business,Semester 3
Student 9469,STU9469,19,3,94,1,6,1,Yes,No,No,Yes,Software Engineering,Semester 2
Student 9470,STU9470,20,3,95,1,6,1,Yes,No,Yes,No,Software Engineering,Semester 4
Student 9471,STU9471,21,4,74,0,4,3,Yes,Yes,Yes,Yes,Computer Science,Semester 3
Student 9472,STU9472,24,6,88,4,6,4,Yes,No,No,No,Data Science,Semester 4
Student 9473,STU9473,17,3,70,0,4,2,No,Yes,Yes,No,Software Engineering,Semester 2
Student 9474,STU9474,19,3,78,0,3,3,Yes,Yes,No,No,Engineering,Semester 4
Student 9475,STU9475,17,5,72,1,8,2,No,Yes,No,Yes,Engineering,Semester 1
Student 9476,STU9476,21,2,72,1,4,0,Yes,Yes,No,No,Engineering,Semester 3
Student 9477,STU9477,21,2,83,3,2,3,No,Yes,No,Yes,Computer Science,Semester 1
Student 9478,STU9478,24,5,76,2,4,3,No,Yes,No,Yes,Software Engineering,Semester 3
Student 9479,STU9479,21,4,84,2,5,3,Yes,Yes,Yes,No,Software Engineering,Semester 4
Student 9480,STU9480,23,2,72,0,7,1,Yes,No,No,No,Software Engineering,Semester 4
Student 9481,STU9481,22,4,85,4,4,2,Yes,Yes,Yes,No,Engineering,Semester 1
Student 9482,STU9482,20,2,78,0,6,2,Yes,Yes,Yes,No,Engineering,Semester 1
Student 9483,STU9483,17,5,79,2,7,0,Yes,No,No,Yes,Computer Science,Semester 2
Student 9484,STU9484,21,1,71,2,4,3,Yes,No,No,Yes,Business,Semester 1
Student 9485,STU9485,17,2,90,1,6,3,No,Yes,Yes,Yes,Software Engineering,Semester 3
Student 9486,STU9486,23,4,68,2,5,3,Yes,Yes,Yes,No,Computer Science,Semester 3
Student 9487,STU9487,20,2,86,0,5,2,Yes,No,No,Yes,Engineering,Semester 3
Student 9488,STU9488,23,4,71,1,5,1,Yes,Yes,No,No,Business,Semester 2
Student 9489,STU9489,19,4,87,2,5,2,Yes,No,No,No,Data Science,Semester 2
Student 9490,STU9490,21,3,82,2,5,1,Yes,Yes,No,No,Business,Semester 3
Student 9491,STU9491,21,3,78,3,5,0,Yes,No,No,No,Computer Science,Semester 1
Student 9492,STU9492,20,5,93,3,5,1,Yes,No,No,Yes,Business,Semester 4
Student 9493,STU9493,20,4,85,1,9,2,Yes,No,No,No,Engineering,Semester 2
Student 9494,STU9494,21,5,85,3,6,4,Yes,Yes,No,No,Business,Semester 1
Student 9495,STU9495,19,2,66,5,5,3,Yes,No,Yes,No,Engineering,Semester 2
Student 9496,STU9496,18,2,90,2,4,2,Yes,Yes,No,Yes,Business,Semester 2
Student 9497,STU9497,23,5,85,3,7,0,Yes,No,Yes,Yes,Computer Science,Semester 4
Student 9498,STU9498,22,4,91,2,4,3,Yes,No,No,No,Data Science,Semester 2
Student 9499,STU9499,21,3,77,4,3,2,No,No,No,Yes,Software Engineering,Semester 2
Student 9500,STU9500,24,3,76,0,3,4,Yes,No,Yes,No,Business,Semester 4
Student 9501,STU9501,20,5,94,2,7,1,Yes,Yes,No,Yes,Data Science,Semester 3
Student 9502,STU9502,23,3,89,4,7,2,Yes,No,Yes,No,Business,Semester 2
Student 9503,STU9503,21,5,70,2,5,2,Yes,No,No,No,Data Science,Semester 2
Student 9504,STU9504,18,5,82,0,4,3,No,No,No,No,Engineering,Semester 3
Student 9505,STU9505,25,4,90,1,4,2,Yes,No,No,No,Data Science,Semester 3
Student 9506,STU9506,23,2,83,1,9,0,Yes,Yes,No,No,Software Engineering,Semester 3
Student 9507,STU9507,20,4,77,3,5,1,Yes,No,No,No,Data Science,Semester 3
Student 9508,STU9508,22,5,76,1,6,1,Yes,No,No,No,Software Engineering,Semester 1
Student 9509,STU9509,20,5,82,0,4,2,Yes,No,No,Yes,Software Engineering,Semester 3
Student 9510,STU9510,22,4,90,0,5,2,Yes,No,No,Yes,Data Science,Semester 3
Student 9511,STU9511,17,1,74,2,6,2,Yes,No,No,Yes,Software Engineering,Semester 3
Student 9512,STU9512,18,3,64,3,8,0,Yes,Yes,Yes,Yes,Software Engineering,Semester 1
Student 9513,STU9513,23,3,78,1,5,2,Yes,No,No,No,Engineering,Semester 4
Student 9514,STU9514,20,5,85,0,6,3,Yes,No,No,No,Computer Science,Semester 3
Student 9515,STU9515,21,4,87,1,4,3,Yes,No,No,No,Engineering,Semester 1
Student 9516,STU9516,18,5,73,0,5,0,Yes,No,No,Yes,Computer Science,Semester 2
Student 9517,STU9517,25,3,84,1,6,1,Yes,No,No,Yes,Computer Science,Semester 4
Student 9518,STU9518,23,4,76,1,5,3,Yes,Yes,Yes,No,Engineering,Semester 1
Student 9519,STU9519,20,1,87,2,5,2,Yes,Yes,No,No,Software Engineering,Semester 3
Student 9520,STU9520,20,3,80,0,4,2,Yes,No,No,No,Engineering,Semester 4
Student 9521,STU9521,23,2,88,2,6,2,Yes,No,No,No,Software Engineering,Semester 1
Student 9522,STU9522,25,6,82,4,5,3,Yes,No,No,No,Engineering,Semester 1
Student 9523,STU9523,23,4,86,1,4,3,No,No,No,No,Engineering,Semester 1
Student 9524,STU9524,25,4,78,1,5,0,Yes,No,No,No,Business,Semester 1
Student 9525,STU9525,19,2,76,1,7,1,Yes,No,Yes,No,Data Science,Semester 1
Student 9526,STU9526,19,3,79,3,5,1,Yes,No,No,Yes,Engineering,Semester 1
Student 9527,STU9527,18,4,86,3,6,0,No,No,No,No,Data Science,Semester 1
Student 9528,STU9528,22,2,100,1,6,3,Yes,Yes,No,No,Software Engineering,Semester 1
Student 9529,STU9529,21,3,92,2,6,3,No,No,No,Yes,Business,Semester 2
Student 9530,STU9530,20,5,94,3,3,3,No,No,No,Yes,Business,Semester 2
Student 9531,STU9531,22,2,81,2,3,2,Yes,No,No,No,Computer Science,Semester 3
Student 9532,STU9532,23,3,77,0,4,2,No,Yes,No,No,Data Science,Semester 3
Student 9533,STU9533,17,2,64,1,6,1,Yes,Yes,No,No,Business,Semester 3
Student 9534,STU9534,19,4,77,3,6,1,Yes,No,No,Yes,Software Engineering,Semester 3
Student 9535,STU9535,22,5,71,2,5,0,Yes,Yes,No,No,Computer Science,Semester 3
Student 9536,STU9536,20,6,88,3,5,3,Yes,No,No,Yes,Business,Semester 3
Student 9537,STU9537,19,4,80,0,3,4,Yes,No,No,No,Software Engineering,Semester 2
Student 9538,STU9538,23,5,71,1,4,3,Yes,No,No,No,Data Science,Semester 2
Student 9539,STU9539,18,4,86,3,5,2,Yes,Yes,No,No,Software Engineering,Semester 2
Student 9540,STU9540,20,2,84,2,5,2,Yes,Yes,No,Yes,Software Engineering,Semester 1
Student 9541,STU9541,21,4,72,1,5,1,Yes,No,No,Yes,Software Engineering,Semester 1
Student 9542,STU9542,19,4,94,2,2,3,Yes,No,No,Yes,Engineering,Semester 3
Student 9543,STU9543,22,5,76,3,5,2,Yes,Yes,No,No,Business,Semester 4
Student 9544,STU9544,19,3,86,1,1,1,Yes,Yes,No,Yes,Software Engineering,Semester 2
Student 9545,STU9545,24,3,81,0,3,2,Yes,No,Yes,Yes,Computer Science,Semester 4
Student 9546,STU9546,20,2,95,5,3,1,Yes,Yes,No,No,Engineering,Semester 3
Student 9547,STU9547,22,3,89,0,2,3,Yes,No,Yes,No,Software Engineering,Semester 2
Student 9548,STU9548,22,3,73,0,4,2,Yes,No,No,Yes,Software Engineering,Semester 4
Student 9549,STU9549,19,4,96,5,6,0,Yes,No,Yes,Yes,Business,Semester 2
Student 9550,STU9550,17,2,71,4,7,0,No,No,No,No,Engineering,Semester 4
Student 9551,STU9551,21,7,73,2,4,3,Yes,No,Yes,No,Software Engineering,Semester 3
Student 9552,STU9552,21,2,95,1,4,2,No,Yes,No,No,Software Engineering,Semester 3
Student 9553,STU9553,22,2,81,5,5,0,Yes,No,Yes,Yes,Data Science,Semester 1
Student 9554,STU9554,20,4,84,3,5,3,Yes,No,No,No,Computer Science,Semester 4
Student 9555,STU9555,20,2,85,2,3,1,Yes,No,No,No,Computer Science,Semester 2
Student 9556,STU9556,25,4,73,3,6,2,Yes,No,No,No,Business,Semester 4
Student 9557,STU9557,17,3,97,0,5,2,Yes,No,No,Yes,Engineering,Semester 1
Student 9558,STU9558,22,4,99,4,4,2,Yes,Yes,No,Yes,Software Engineering,Semester 1
Student 9559,STU9559,19,4,67,2,4,1,Yes,No,No,No,Engineering,Semester 1
Student 9560,STU9560,20,5,78,1,9,0,Yes,Yes,Yes,No,Business,Semester 1
Student 9561,STU9561,20,4,87,2,6,3,Yes,No,No,No,Data Science,Semester 2
Student 9562,STU9562,19,4,81,1,4,0,Yes,Yes,Yes,Yes,Business,Semester 2
Student 9563,STU9563,22,4,77,5,1,2,Yes,Yes,No,No,Computer Science,Semester 1
Student 9564,STU9564,24,2,86,2,2,3,Yes,Yes,No,Yes,Data Science,Semester 2
Student 9565,STU9565,22,3,87,4,5,2,Yes,Yes,No,Yes,Software Engineering,Semester 1
Student 9566,STU9566,21,4,95,1,5,2,Yes,No,Yes,No,Business,Semester 3
Student 9567,STU9567,18,4,68,0,3,3,Yes,No,No,Yes,Engineering,Semester 1
Student 9568,STU9568,22,3,73,1,5,3,No,No,No,Yes,Engineering,Semester 3
Student 9569,STU9569,25,3,76,2,4,2,Yes,Yes,Yes,No,Computer Science,Semester 1
Student 9570,STU9570,20,3,100,0,4,1,Yes,No,Yes,Yes,Computer Science,Semester 1
Student 9571,STU9571,20,4,94,2,5,1,Yes,No,No,No,Computer Science,Semester 2
Student 9572,STU9572,19,4,84,2,3,1,Yes,No,No,No,Computer Science,Semester 3
Student 9573,STU9573,19,4,81,0,3,3,Yes,No,No,No,Software Engineering,Semester 2
Student 9574,STU9574,17,3,85,1,3,2,Yes,No,No,No,Data Science,Semester 1
Student 9575,STU9575,21,3,91,3,4,3,Yes,No,No,No,Computer Science,Semester 3
Student 9576,STU9576,19,5,80,1,2,2,Yes,Yes,No,Yes,Business,Semester 1
Student 9577,STU9577,17,6,84,4,9,2,Yes,No,No,No,Software Engineering,Semester 3
Student 9578,STU9578,22,3,79,4,7,0,Yes,Yes,No,No,Data Science,Semester 4
Student 9579,STU9579,18,5,70,2,6,2,Yes,Yes,Yes,Yes,Software Engineering,Semester 3
Student 9580,STU9580,20,5,67,2,3,2,Yes,Yes,No,No,Engineering,Semester 4
Student 9581,STU9581,24,5,76,2,4,2,Yes,No,No,Yes,Software Engineering,Semester 1
Student 9582,STU9582,17,1,79,1,3,1,Yes,No,No,Yes,Software Engineering,Semester 1
Student 9583,STU9583,17,2,85,2,8,1,Yes,No,No,Yes,Engineering,Semester 2
Student 9584,STU9584,21,3,84,2,7,0,Yes,No,Yes,Yes,Engineering,Semester 4
Student 9585,STU9585,23,3,70,4,6,0,No,Yes,Yes,No,Engineering,Semester 2
Student 9586,STU9586,17,2,82,2,5,4,Yes,No,No,No,Software Engineering,Semester 4
Student 9587,STU9587,21,4,77,2,4,2,Yes,No,No,No,Engineering,Semester 1
Student 9588,STU9588,22,4,80,3,6,1,Yes,No,No,No,Computer Science,Semester 2
Student 9589,STU9589,17,6,82,1,8,1,Yes,No,No,No,Business,Semester 4
Student 9590,STU9590,22,3,92,0,6,0,Yes,No,No,No,Business,Semester 2
Student 9591,STU9591,22,3,78,2,3,2,Yes,No,Yes,No,Engineering,Semester 1
Student 9592,STU9592,20,4,95,0,4,2,Yes,Yes,No,Yes,Data Science,Semester 4
Student 9593,STU9593,23,2,71,0,6,1,Yes,Yes,No,No,Software Engineering,Semester 3
Student 9594,STU9594,23,6,75,2,3,2,Yes,Yes,No,No,Business,Semester 4
Student 9595,STU9595,21,3,81,0,4,2,Yes,Yes,No,No,Computer Science,Semester 1
Student 9596,STU9596,20,3,72,4,8,0,Yes,No,No,No,Data Science,Semester 4
Student 9597,STU9597,18,4,71,1,4,1,Yes,No,Yes,No,Data Science,Semester 2
Student 9598,STU9598,20,3,82,1,2,2,Yes,No,Yes,No,Computer Science,Semester 1
Student 9599,STU9599,22,3,71,2,10,0,Yes,No,No,No,Software Engineering,Semester 1
Student 9600,STU9600,20,7,74,3,7,1,Yes,No,Yes,No,Software Engineering,Semester 3
Student 9601,STU9601,17,4,81,3,5,3,Yes,Yes,Yes,Yes,Engineering,Semester 3
Student 9602,STU9602,23,4,95,2,5,3,Yes,Yes,Yes,Yes,Computer Science,Semester 2
Student 9603,STU9603,21,3,80,0,1,3,Yes,No,No,No,Computer Science,Semester 2
Student 9604,STU9604,20,4,83,2,4,2,Yes,No,Yes,Yes,Computer Science,Semester 4
Student 9605,STU9605,22,4,72,2,4,2,Yes,No,No,Yes,Engineering,Semester 2
Student 9606,STU9606,24,4,73,0,5,1,Yes,No,No,No,Business,Semester 2
Student 9607,STU9607,17,4,63,3,8,0,Yes,No,No,No,Software Engineering,Semester 2
Student 9608,STU9608,22,5,74,3,6,1,Yes,No,No,No,Engineering,Semester 4
Student 9609,STU9609,17,4,88,2,9,2,Yes,No,No,No,Engineering,Semester 1
Student 9610,STU9610,22,3,77,3,3,3,Yes,No,No,No,Engineering,Semester 1
Student 9611,STU9611,21,4,83,2,2,2,Yes,Yes,No,No,Computer Science,Semester 4
Student 9612,STU9612,22,2,83,2,7,1,Yes,Yes,No,No,Engineering,Semester 2
Student 9613,STU9613,19,3,87,1,5,2,No,Yes,No,No,Business,Semester 3
Student 9614,STU9614,17,4,95,3,6,2,Yes,No,No,Yes,Data Science,Semester 4
Student 9615,STU9615,20,5,86,2,5,2,No,No,No,No,Engineering,Semester 3
Student 9616,STU9616,21,0,80,3,5,1,No,Yes,No,No,Business,Semester 2
Student 9617,STU9617,23,4,88,1,6,2,Yes,No,Yes,Yes,Computer Science,Semester 1
Student 9618,STU9618,18,3,84,3,6,3,No,Yes,No,No,Data Science,Semester 3
Student 9619,STU9619,23,5,64,1,4,1,Yes,No,No,No,Software Engineering,Semester 3
Student 9620,STU9620,19,5,72,0,9,1,Yes,No,No,Yes,Software Engineering,Semester 3
Student 9621,STU9621,21,3,80,1,5,2,Yes,No,No,No,Computer Science,Semester 3
Student 9622,STU9622,19,5,77,2,5,3,Yes,No,No,Yes,Computer Science,Semester 1
Student 9623,STU9623,21,5,81,2,4,1,Yes,Yes,Yes,Yes,Software Engineering,Semester 1
Student 9624,STU9624,23,4,62,1,6,0,Yes,No,No,No,Computer Science,Semester 3
Student 9625,STU9625,18,1,88,3,5,1,Yes,Yes,No,No,Software Engineering,Semester 4
Student 9626,STU9626,19,4,81,2,1,4,Yes,Yes,No,Yes,Computer Science,Semester 1
Student 9627,STU9627,21,2,91,3,5,3,Yes,Yes,No,No,Software Engineering,Semester 1
Student 9628,STU9628,26,0,82,3,3,0,No,No,No,Yes,Business,Semester 2
Student 9629,STU9629,19,2,83,1,6,1,Yes,No,Yes,Yes,Computer Science,Semester 2
Student 9630,STU9630,25,5,73,3,5,0,Yes,No,No,Yes,Software Engineering,Semester 4
Student 9631,STU9631,25,4,72,2,4,1,Yes,No,No,Yes,Computer Science,Semester 4
Student 9632,STU9632,20,5,83,2,7,2,Yes,Yes,No,Yes,Software Engineering,Semester 2
Student 9633,STU9633,20,6,82,2,5,2,Yes,No,No,No,Software Engineering,Semester 2
Student 9634,STU9634,19,4,68,2,4,0,Yes,No,No,Yes,Data Science,Semester 3
Student 9635,STU9635,20,3,89,1,4,2,Yes,No,No,Yes,Computer Science,Semester 2
Student 9636,STU9636,17,2,82,4,4,2,Yes,No,No,No,Business,Semester 4
Student 9637,STU9637,20,3,78,2,6,0,No,Yes,Yes,Yes,Engineering,Semester 4
Student 9638,STU9638,24,2,75,1,4,3,Yes,Yes,Yes,No,Engineering,Semester 2
Student 9639,STU9639,19,2,88,2,5,2,Yes,No,Yes,No,Computer Science,Semester 4
Student 9640,STU9640,20,3,76,1,4,3,Yes,Yes,No,Yes,Software Engineering,Semester 1
Student 9641,STU9641,17,3,83,1,4,3,Yes,Yes,Yes,No,Software Engineering,Semester 4
Student 9642,STU9642,21,3,80,2,6,2,Yes,No,No,Yes,Business,Semester 3
Student 9643,STU9643,21,3,77,2,3,3,Yes,No,No,Yes,Computer Science,Semester 1
Student 9644,STU9644,21,4,71,1,5,3,Yes,No,No,Yes,Engineering,Semester 1
Student 9645,STU9645,20,4,92,1,5,0,Yes,No,Yes,No,Business,Semester 1
Student 9646,STU9646,20,4,74,2,7,2,Yes,No,No,No,Computer Science,Semester 2
Student 9647,STU9647,22,4,75,3,2,2,Yes,Yes,Yes,No,Computer Science,Semester 3
Student 9648,STU9648,20,5,92,0,7,2,Yes,No,Yes,No,Computer Science,Semester 2
Student 9649,STU9649,21,3,81,4,5,1,Yes,No,No,No,Data Science,Semester 3
Student 9650,STU9650,21,2,84,2,2,3,Yes,Yes,No,Yes,Business,Semester 4
Student 9651,STU9651,23,3,94,0,4,4,Yes,Yes,No,No,Computer Science,Semester 4
Student 9652,STU9652,22,2,93,3,6,2,Yes,No,No,No,Business,Semester 4
Student 9653,STU9653,21,5,77,1,5,2,Yes,No,No,No,Engineering,Semester 1
Student 9654,STU9654,24,2,91,3,7,2,Yes,Yes,Yes,Yes,Computer Science,Semester 4
Student 9655,STU9655,21,4,69,1,4,3,Yes,No,No,No,Software Engineering,Semester 3
Student 9656,STU9656,23,4,52,0,5,0,Yes,No,Yes,Yes,Computer Science,Semester 1
Student 9657,STU9657,22,4,82,0,5,1,No,No,No,No,Computer Science,Semester 2
Student 9658,STU9658,17,4,81,0,3,2,Yes,No,No,Yes,Business,Semester 1
Student 9659,STU9659,23,3,87,2,5,2,Yes,No,No,No,Business,Semester 2
Student 9660,STU9660,21,2,86,1,5,2,Yes,No,No,Yes,Data Science,Semester 2
Student 9661,STU9661,20,6,87,3,5,3,Yes,No,Yes,No,Computer Science,Semester 2
Student 9662,STU9662,21,3,94,3,5,0,Yes,Yes,No,Yes,Engineering,Semester 1
Student 9663,STU9663,20,3,97,2,5,3,Yes,Yes,No,No,Business,Semester 4
Student 9664,STU9664,21,4,89,2,5,2,Yes,No,No,No,Data Science,Semester 2
Student 9665,STU9665,19,5,81,4,7,2,Yes,No,Yes,Yes,Software Engineering,Semester 3
Student 9666,STU9666,23,3,80,1,3,3,Yes,No,Yes,No,Software Engineering,Semester 3
Student 9667,STU9667,20,5,81,1,4,2,Yes,No,No,Yes,Data Science,Semester 3
Student 9668,STU9668,20,4,77,3,8,2,Yes,Yes,No,No,Software Engineering,Semester 3
Student 9669,STU9669,19,4,89,2,7,3,Yes,Yes,No,No,Computer Science,Semester 2
Student 9670,STU9670,21,4,90,2,6,0,Yes,No,No,Yes,Business,Semester 3
Student 9671,STU9671,21,4,76,1,9,0,Yes,No,No,No,Engineering,Semester 1
Student 9672,STU9672,21,5,80,3,6,3,Yes,No,No,Yes,Software Engineering,Semester 3
Student 9673,STU9673,18,4,67,7,8,0,Yes,No,Yes,Yes,Computer Science,Semester 3
Student 9674,STU9674,17,6,81,1,8,3,Yes,No,No,Yes,Business,Semester 4
Student 9675,STU9675,22,3,82,1,8,1,Yes,Yes,Yes,Yes,Computer Science,Semester 1
Student 9676,STU9676,24,5,73,1,3,3,Yes,No,No,No,Computer Science,Semester 1
Student 9677,STU9677,18,3,77,2,6,2,No,No,Yes,No,Business,Semester 4
Student 9678,STU9678,24,4,72,2,5,0,Yes,No,No,No,Software Engineering,Semester 3
Student 9679,STU9679,21,2,69,1,3,0,Yes,Yes,No,Yes,Software Engineering,Semester 2
Student 9680,STU9680,21,2,93,0,7,3,Yes,No,No,No,Computer Science,Semester 1
Student 9681,STU9681,20,5,69,1,7,0,Yes,No,Yes,Yes,Data Science,Semester 2
Student 9682,STU9682,18,6,82,0,5,1,Yes,Yes,Yes,Yes,Software Engineering,Semester 2
Student 9683,STU9683,23,3,89,4,4,3,Yes,No,No,No,Computer Science,Semester 3
Student 9684,STU9684,19,2,93,4,5,2,Yes,No,No,No,Engineering,Semester 2
Student 9685,STU9685,19,3,73,1,2,2,Yes,Yes,No,No,Engineering,Semester 2
Student 9686,STU9686,23,3,92,5,3,2,Yes,No,Yes,No,Data Science,Semester 2
Student 9687,STU9687,17,5,83,0,5,1,Yes,No,No,Yes,Computer Science,Semester 4
Student 9688,STU9688,17,4,86,1,6,0,Yes,No,No,Yes,Engineering,Semester 4
Student 9689,STU9689,21,4,96,1,5,2,Yes,No,No,No,Software Engineering,Semester 3
Student 9690,STU9690,21,3,86,0,4,2,Yes,No,No,No,Computer Science,Semester 1
Student 9691,STU9691,22,3,74,0,4,2,No,Yes,No,Yes,Data Science,Semester 3
Student 9692,STU9692,20,5,65,3,9,1,Yes,Yes,No,No,Data Science,Semester 1
Student 9693,STU9693,26,3,87,4,3,3,Yes,Yes,No,No,Software Engineering,Semester 2
Student 9694,STU9694,20,2,85,4,2,3,Yes,No,No,No,Engineering,Semester 1
Student 9695,STU9695,20,6,75,2,4,1,Yes,No,Yes,Yes,Engineering,Semester 1
Student 9696,STU9696,19,7,83,2,6,4,Yes,Yes,No,No,Data Science,Semester 1
Student 9697,STU9697,21,4,71,0,5,1,Yes,No,No,Yes,Business,Semester 1
Student 9698,STU9698,22,4,84,1,4,3,Yes,No,Yes,Yes,Data Science,Semester 4
Student 9699,STU9699,23,6,71,1,5,1,Yes,Yes,No,No,Data Science,Semester 2
Student 9700,STU9700,17,3,91,3,7,2,Yes,No,No,No,Computer Science,Semester 1
Student 9701,STU9701,20,5,98,6,5,3,Yes,No,No,No,Software Engineering,Semester 1
Student 9702,STU9702,22,4,84,4,5,4,Yes,No,No,Yes,Computer Science,Semester 2
Student 9703,STU9703,22,4,85,3,5,1,Yes,Yes,No,No,Data Science,Semester 1
Student 9704,STU9704,21,2,86,3,4,1,Yes,No,No,Yes,Computer Science,Semester 3
Student 9705,STU9705,22,3,84,1,6,3,Yes,No,No,No,Engineering,Semester 1
Student 9706,STU9706,19,1,73,0,7,1,Yes,No,No,Yes,Data Science,Semester 3
Student 9707,STU9707,24,4,93,2,7,4,Yes,No,No,Yes,Engineering,Semester 3
Student 9708,STU9708,23,4,85,2,6,0,Yes,No,No,Yes,Engineering,Semester 3
Student 9709,STU9709,18,2,86,1,5,1,Yes,Yes,No,Yes,Software Engineering,Semester 4
Student 9710,STU9710,18,6,90,2,8,1,Yes,No,Yes,No,Engineering,Semester 4
Student 9711,STU9711,18,4,89,2,5,2,Yes,Yes,No,No,Computer Science,Semester 2
Student 9712,STU9712,22,3,91,1,4,3,No,Yes,Yes,Yes,Computer Science,Semester 3
Student 9713,STU9713,18,2,85,0,4,3,Yes,No,No,No,Business,Semester 4
Student 9714,STU9714,20,5,75,4,4,2,Yes,Yes,No,No,Software Engineering,Semester 3
Student 9715,STU9715,22,2,85,2,4,2,Yes,No,No,No,Business,Semester 4
Student 9716,STU9716,20,4,81,1,9,2,Yes,Yes,No,Yes,Engineering,Semester 2
Student 9717,STU9717,21,2,75,4,4,0,Yes,Yes,Yes,No,Data Science,Semester 2
Student 9718,STU9718,18,4,93,0,8,3,Yes,No,Yes,Yes,Computer Science,Semester 4
Student 9719,STU9719,22,3,80,1,5,2,Yes,No,No,No,Data Science,Semester 4
Student 9720,STU9720,19,5,83,3,7,1,Yes,Yes,No,No,Business,Semester 3
Student 9721,STU9721,20,2,76,0,3,2,Yes,No,Yes,Yes,Business,Semester 2
Student 9722,STU9722,21,4,81,4,5,2,Yes,Yes,Yes,No,Computer Science,Semester 1
Student 9723,STU9723,21,2,89,0,2,3,Yes,No,No,Yes,Business,Semester 3
Student 9724,STU9724,21,3,98,0,5,2,Yes,No,Yes,Yes,Data Science,Semester 4
Student 9725,STU9725,19,4,70,1,6,2,Yes,Yes,No,Yes,Business,Semester 3
Student 9726,STU9726,20,4,82,4,7,1,No,No,No,No,Data Science,Semester 1
Student 9727,STU9727,21,4,57,3,5,3,Yes,Yes,No,No,Engineering,Semester 2
Student 9728,STU9728,18,4,78,3,4,1,Yes,Yes,Yes,Yes,Software Engineering,Semester 1
Student 9729,STU9729,20,4,82,0,5,1,Yes,No,Yes,Yes,Computer Science,Semester 4
Student 9730,STU9730,21,3,83,2,4,3,Yes,No,No,Yes,Business,Semester 4
Student 9731,STU9731,18,2,95,3,4,1,Yes,No,No,No,Computer Science,Semester 4
Student 9732,STU9732,23,4,80,4,5,3,Yes,No,No,No,Business,Semester 4
Student 9733,STU9733,23,4,94,1,5,2,Yes,No,No,No,Engineering,Semester 4
Student 9734,STU9734,18,4,84,2,5,1,Yes,No,Yes,No,Data Science,Semester 1
Student 9735,STU9735,24,3,77,1,7,1,Yes,No,No,No,Computer Science,Semester 2
Student 9736,STU9736,20,4,83,0,4,1,Yes,No,No,Yes,Engineering,Semester 2
Student 9737,STU9737,21,3,83,4,4,2,Yes,No,Yes,Yes,Engineering,Semester 3
Student 9738,STU9738,19,4,83,1,4,4,Yes,No,No,No,Software Engineering,Semester 3
Student 9739,STU9739,23,3,76,0,2,2,Yes,No,No,No,Engineering,Semester 3
Student 9740,STU9740,21,6,76,2,6,0,Yes,No,No,No,Software Engineering,Semester 4
Student 9741,STU9741,19,4,91,0,3,3,Yes,No,No,Yes,Engineering,Semester 2
Student 9742,STU9742,18,1,90,1,1,3,Yes,No,No,Yes,Data Science,Semester 4
Student 9743,STU9743,17,4,75,0,6,1,No,No,No,No,Engineering,Semester 3
Student 9744,STU9744,21,5,80,3,6,2,Yes,No,No,No,Data Science,Semester 4
Student 9745,STU9745,22,2,85,2,3,4,Yes,No,No,No,Business,Semester 1
Student 9746,STU9746,22,5,88,2,6,2,Yes,No,No,Yes,Engineering,Semester 3
Student 9747,STU9747,20,4,83,2,3,1,Yes,No,No,No,Engineering,Semester 2
Student 9748,STU9748,18,2,91,2,5,2,Yes,No,Yes,No,Business,Semester 2
Student 9749,STU9749,19,3,81,2,6,1,Yes,No,No,Yes,Software Engineering,Semester 3
Student 9750,STU9750,23,2,94,2,6,0,No,No,Yes,Yes,Data Science,Semester 2
Student 9751,STU9751,19,5,100,2,6,3,Yes,No,No,No,Business,Semester 2
Student 9752,STU9752,21,2,82,2,2,2,Yes,Yes,Yes,No,Business,Semester 3
Student 9753,STU9753,18,2,85,2,6,3,Yes,Yes,No,No,Computer Science,Semester 3
Student 9754,STU9754,21,4,59,4,5,1,Yes,No,No,No,Business,Semester 4
Student 9755,STU9755,20,6,80,0,6,3,Yes,No,No,Yes,Software Engineering,Semester 4
Student 9756,STU9756,23,5,83,4,3,4,Yes,No,No,Yes,Software Engineering,Semester 1
Student 9757,STU9757,22,2,87,2,4,2,Yes,Yes,No,No,Software Engineering,Semester 2
Student 9758,STU9758,19,2,80,3,4,1,No,No,Yes,No,Data Science,Semester 3
Student 9759,STU9759,20,3,88,4,1,4,Yes,No,Yes,No,Data Science,Semester 1
Student 9760,STU9760,19,2,79,1,5,1,Yes,Yes,Yes,Yes,Engineering,Semester 2
Student 9761,STU9761,17,5,90,0,4,2,No,No,No,Yes,Business,Semester 2
Student 9762,STU9762,19,4,85,2,5,4,Yes,No,No,Yes,Software Engineering,Semester 1
Student 9763,STU9763,21,5,85,2,5,1,No,No,No,Yes,Business,Semester 2
Student 9764,STU9764,21,4,78,0,4,2,No,Yes,No,No,Engineering,Semester 3
Student 9765,STU9765,21,4,81,2,7,1,No,Yes,No,No,Engineering,Semester 1
Student 9766,STU9766,20,2,79,1,5,2,Yes,No,No,Yes,Software Engineering,Semester 1
Student 9767,STU9767,23,4,89,7,4,2,Yes,No,No,No,Business,Semester 4
Student 9768,STU9768,21,5,71,4,6,1,Yes,Yes,No,No,Engineering,Semester 3
Student 9769,STU9769,22,3,76,2,6,1,No,No,No,Yes,Computer Science,Semester 4
Student 9770,STU9770,17,4,91,0,3,1,Yes,No,Yes,No,Data Science,Semester 1
Student 9771,STU9771,17,4,83,1,5,4,Yes,No,Yes,Yes,Business,Semester 3
Student 9772,STU9772,21,3,91,5,5,3,Yes,No,Yes,No,Software Engineering,Semester 3
Student 9773,STU9773,17,4,88,4,4,2,Yes,Yes,No,Yes,Engineering,Semester 4
Student 9774,STU9774,20,6,89,2,3,3,Yes,No,No,Yes,Engineering,Semester 2
Student 9775,STU9775,20,5,85,3,4,3,Yes,No,No,No,Engineering,Semester 2
Student 9776,STU9776,24,2,76,4,7,0,Yes,No,No,Yes,Data Science,Semester 2
Student 9777,STU9777,21,4,82,4,4,2,Yes,No,No,Yes,Business,Semester 4
Student 9778,STU9778,21,4,72,2,7,1,No,No,No,Yes,Engineering,Semester 2
Student 9779,STU9779,22,4,80,1,5,3,Yes,Yes,No,No,Data Science,Semester 4
Student 9780,STU9780,21,2,77,1,5,1,Yes,No,Yes,No,Computer Science,Semester 4
Student 9781,STU9781,20,3,67,0,3,1,Yes,Yes,No,Yes,Business,Semester 2
Student 9782,STU9782,23,4,85,1,7,1,Yes,No,No,Yes,Software Engineering,Semester 4
Student 9783,STU9783,18,6,84,1,9,1,Yes,Yes,Yes,No,Business,Semester 4
Student 9784,STU9784,21,4,92,2,5,3,No,Yes,No,Yes,Engineering,Semester 3
Student 9785,STU9785,17,2,72,3,7,1,Yes,No,Yes,No,Software Engineering,Semester 1
Student 9786,STU9786,21,5,90,1,3,1,Yes,No,No,Yes,Business,Semester 4
Student 9787,STU9787,21,4,63,0,5,1,Yes,No,No,No,Software Engineering,Semester 1
Student 9788,STU9788,24,3,80,0,3,3,Yes,Yes,No,No,Business,Semester 2
Student 9789,STU9789,17,3,97,0,6,2,Yes,No,No,Yes,Computer Science,Semester 3
Student 9790,STU9790,19,3,81,2,5,2,Yes,No,No,No,Computer Science,Semester 3
Student 9791,STU9791,22,4,76,1,5,2,Yes,Yes,No,No,Computer Science,Semester 4
Student 9792,STU9792,21,4,81,2,7,2,Yes,No,No,Yes,Business,Semester 3
Student 9793,STU9793,21,2,88,1,7,3,Yes,No,No,Yes,Software Engineering,Semester 1
Student 9794,STU9794,18,3,79,1,5,1,Yes,Yes,No,Yes,Computer Science,Semester 4
Student 9795,STU9795,19,6,85,1,7,3,Yes,No,No,No,Data Science,Semester 3
Student 9796,STU9796,23,5,85,4,7,1,Yes,No,No,Yes,Data Science,Semester 2
Student 9797,STU9797,20,5,86,3,7,3,No,No,No,No,Computer Science,Semester 4
Student 9798,STU9798,21,2,90,1,5,2,Yes,Yes,Yes,No,Computer Science,Semester 3
Student 9799,STU9799,20,4,97,0,6,2,Yes,No,No,No,Engineering,Semester 4
Student 9800,STU9800,18,5,82,0,5,1,No,Yes,No,No,Data Science,Semester 2
Student 9801,STU9801,23,4,84,3,9,0,Yes,No,No,No,Data Science,Semester 4
Student 9802,STU9802,22,5,72,2,6,2,Yes,Yes,No,No,Computer Science,Semester 1
Student 9803,STU9803,26,2,89,0,5,4,Yes,No,Yes,No,Engineering,Semester 1
Student 9804,STU9804,18,4,92,4,6,3,Yes,No,Yes,Yes,Software Engineering,Semester 3
Student 9805,STU9805,22,3,87,2,6,3,Yes,Yes,No,Yes,Engineering,Semester 1
Student 9806,STU9806,18,5,70,5,9,1,Yes,No,No,Yes,Engineering,Semester 1
Student 9807,STU9807,21,3,78,2,5,0,Yes,No,No,No,Data Science,Semester 4
Student 9808,STU9808,23,3,82,0,6,1,Yes,Yes,Yes,Yes,Computer Science,Semester 4
Student 9809,STU9809,17,2,75,6,5,2,No,No,No,Yes,Computer Science,Semester 3
Student 9810,STU9810,20,5,99,2,2,3,Yes,No,Yes,No,Computer Science,Semester 1
Student 9811,STU9811,19,4,85,3,5,2,Yes,Yes,No,No,Engineering,Semester 2
Student 9812,STU9812,19,3,89,0,7,0,Yes,No,Yes,No,Engineering,Semester 3
Student 9813,STU9813,21,4,89,2,5,3,Yes,No,No,No,Business,Semester 2
Student 9814,STU9814,23,5,82,3,3,2,Yes,Yes,No,Yes,Software Engineering,Semester 1
Student 9815,STU9815,20,4,72,4,8,0,No,No,No,No,Business,Semester 3
Student 9816,STU9816,21,4,88,3,3,3,Yes,Yes,No,No,Software Engineering,Semester 2
Student 9817,STU9817,21,4,98,1,4,3,Yes,No,Yes,No,Business,Semester 3
Student 9818,STU9818,21,1,79,2,3,2,Yes,No,No,No,Business,Semester 4
Student 9819,STU9819,18,4,77,3,3,3,Yes,No,No,Yes,Business,Semester 4
Student 9820,STU9820,23,1,88,3,5,2,Yes,No,Yes,Yes,Business,Semester 2
Student 9821,STU9821,21,4,89,0,6,0,Yes,No,No,No,Engineering,Semester 4
Student 9822,STU9822,21,4,91,2,4,4,Yes,No,No,Yes,Software Engineering,Semester 4
Student 9823,STU9823,19,1,80,0,6,1,Yes,No,Yes,Yes,Business,Semester 2
Student 9824,STU9824,20,4,80,0,6,1,Yes,No,Yes,No,Business,Semester 3
Student 9825,STU9825,20,3,61,1,4,2,Yes,No,Yes,Yes,Computer Science,Semester 2
Student 9826,STU9826,17,3,82,3,2,3,Yes,No,No,No,Engineering,Semester 4
Student 9827,STU9827,17,5,77,1,8,0,Yes,Yes,No,Yes,Data Science,Semester 3
Student 9828,STU9828,19,6,64,1,4,2,Yes,Yes,Yes,Yes,Computer Science,Semester 4
Student 9829,STU9829,22,4,97,1,1,3,Yes,No,No,No,Data Science,Semester 1
Student 9830,STU9830,19,4,83,1,4,3,Yes,No,No,Yes,Business,Semester 2
Student 9831,STU9831,18,2,67,1,6,1,Yes,No,No,No,Software Engineering,Semester 2
Student 9832,STU9832,19,5,85,1,6,3,No,Yes,No,No,Data Science,Semester 2
Student 9833,STU9833,20,3,96,1,3,3,Yes,No,Yes,No,Data Science,Semester 2
Student 9834,STU9834,20,1,91,5,2,2,No,No,No,Yes,Data Science,Semester 1
Student 9835,STU9835,25,2,89,0,6,1,Yes,Yes,No,No,Software Engineering,Semester 3
Student 9836,STU9836,23,2,72,5,6,0,Yes,Yes,Yes,Yes,Computer Science,Semester 3
Student 9837,STU9837,23,2,77,1,7,0,No,No,Yes,No,Engineering,Semester 3
Student 9838,STU9838,23,5,75,2,7,1,Yes,No,No,Yes,Software Engineering,Semester 1
Student 9839,STU9839,18,4,82,2,5,1,Yes,Yes,No,Yes,Computer Science,Semester 1
Student 9840,STU9840,18,4,88,2,3,2,Yes,No,No,No,Business,Semester 3
Student 9841,STU9841,18,0,85,0,4,1,No,No,No,No,Computer Science,Semester 3
Student 9842,STU9842,23,5,74,2,5,1,No,No,No,No,Data Science,Semester 1
Student 9843,STU9843,19,4,80,1,3,1,Yes,No,No,No,Computer Science,Semester 4
Student 9844,STU9844,18,1,90,0,7,2,Yes,No,Yes,Yes,Computer Science,Semester 1
Student 9845,STU9845,20,2,86,1,7,2,Yes,No,Yes,Yes,Business,Semester 2
Student 9846,STU9846,20,5,85,0,3,3,Yes,Yes,No,No,Business,Semester 3
Student 9847,STU9847,21,3,75,2,4,3,Yes,Yes,No,Yes,Computer Science,Semester 4
Student 9848,STU9848,21,5,83,2,9,2,Yes,Yes,Yes,Yes,Software Engineering,Semester 3
Student 9849,STU9849,19,4,72,0,7,1,Yes,Yes,Yes,No,Business,Semester 4
Student 9850,STU9850,22,3,75,1,5,2,Yes,Yes,Yes,Yes,Data Science,Semester 3
Student 9851,STU9851,19,3,70,3,7,0,Yes,No,No,No,Software Engineering,Semester 3
Student 9852,STU9852,20,1,95,3,8,1,No,Yes,No,No,Computer Science,Semester 3
Student 9853,STU9853,22,4,96,0,5,2,Yes,Yes,Yes,No,Data Science,Semester 2
Student 9854,STU9854,19,2,74,2,3,0,Yes,No,Yes,Yes,Data Science,Semester 1
Student 9855,STU9855,19,1,75,5,7,2,No,Yes,Yes,Yes,Software Engineering,Semester 4
Student 9856,STU9856,22,2,79,6,7,1,Yes,No,Yes,No,Computer Science,Semester 2
Student 9857,STU9857,19,2,91,1,3,4,Yes,Yes,No,Yes,Data Science,Semester 2
Student 9858,STU9858,20,4,86,0,6,0,Yes,No,Yes,No,Business,Semester 3
Student 9859,STU9859,22,2,93,3,4,2,Yes,No,No,No,Business,Semester 4
Student 9860,STU9860,25,4,95,3,2,3,Yes,No,No,No,Software Engineering,Semester 4
Student 9861,STU9861,22,5,85,0,5,1,Yes,No,No,No,Business,Semester 4
Student 9862,STU9862,22,5,84,0,8,1,Yes,No,Yes,Yes,Engineering,Semester 4
Student 9863,STU9863,22,6,92,3,6,3,No,Yes,Yes,No,Computer Science,Semester 4
Student 9864,STU9864,18,4,90,3,5,3,Yes,No,Yes,Yes,Data Science,Semester 2
Student 9865,STU9865,21,4,90,0,3,3,Yes,No,No,No,Data Science,Semester 4
Student 9866,STU9866,20,3,85,0,6,1,Yes,No,No,Yes,Software Engineering,Semester 2
Student 9867,STU9867,21,0,90,2,4,2,Yes,No,Yes,No,Software Engineering,Semester 4
Student 9868,STU9868,21,4,79,4,4,2,Yes,No,No,No,Data Science,Semester 3
Student 9869,STU9869,21,2,77,0,7,1,No,No,Yes,Yes,Business,Semester 2
Student 9870,STU9870,20,2,79,2,3,2,Yes,No,Yes,No,Software Engineering,Semester 2
Student 9871,STU9871,21,2,100,2,5,2,Yes,No,No,Yes,Engineering,Semester 4
Student 9872,STU9872,18,4,73,1,3,3,Yes,Yes,Yes,Yes,Software Engineering,Semester 4
Student 9873,STU9873,20,5,89,1,5,1,Yes,No,No,Yes,Business,Semester 1
Student 9874,STU9874,24,4,97,1,1,4,Yes,No,No,No,Computer Science,Semester 3
Student 9875,STU9875,21,2,85,3,6,2,Yes,Yes,No,Yes,Engineering,Semester 3
Student 9876,STU9876,21,3,79,0,6,3,Yes,Yes,No,No,Software Engineering,Semester 2
Student 9877,STU9877,25,5,86,0,9,2,Yes,Yes,No,Yes,Computer Science,Semester 3
Student 9878,STU9878,18,3,78,1,5,1,Yes,No,No,No,Computer Science,Semester 1
Student 9879,STU9879,18,3,74,4,3,1,Yes,No,No,No,Data Science,Semester 4
Student 9880,STU9880,24,5,92,0,7,2,Yes,Yes,Yes,No,Business,Semester 4
Student 9881,STU9881,21,6,92,2,7,2,Yes,No,No,Yes,Data Science,Semester 4
Student 9882,STU9882,20,3,79,1,7,2,Yes,No,No,No,Business,Semester 2
Student 9883,STU9883,18,1,78,2,2,1,Yes,No,No,Yes,Computer Science,Semester 1
Student 9884,STU9884,22,4,83,2,4,2,No,Yes,No,Yes,Software Engineering,Semester 2
Student 9885,STU9885,22,3,81,0,3,2,Yes,No,Yes,No,Business,Semester 2
Student 9886,STU9886,18,5,75,1,8,3,Yes,No,Yes,Yes,Business,Semester 3
Student 9887,STU9887,20,2,69,5,6,0,No,No,Yes,Yes,Computer Science,Semester 3
Student 9888,STU9888,20,2,70,2,7,2,Yes,No,No,Yes,Engineering,Semester 2
Student 9889,STU9889,21,3,72,3,3,2,Yes,No,No,Yes,Computer Science,Semester 1
Student 9890,STU9890,18,4,73,4,5,2,Yes,No,No,Yes,Computer Science,Semester 2
Student 9891,STU9891,23,2,83,0,2,0,Yes,Yes,No,No,Business,Semester 2
Student 9892,STU9892,23,5,75,4,3,2,Yes,Yes,No,Yes,Computer Science,Semester 2
Student 9893,STU9893,20,3,75,2,5,2,Yes,No,No,No,Data Science,Semester 4
Student 9894,STU9894,20,2,72,4,5,1,Yes,Yes,No,No,Computer Science,Semester 4
Student 9895,STU9895,20,2,72,3,6,0,Yes,Yes,Yes,No,Software Engineering,Semester 1
Student 9896,STU9896,19,2,71,2,4,0,Yes,No,No,No,Computer Science,Semester 3
Student 9897,STU9897,20,4,66,3,5,3,Yes,Yes,Yes,No,Computer Science,Semester 3
Student 9898,STU9898,20,6,90,3,5,2,Yes,No,Yes,No,Software Engineering,Semester 1
Student 9899,STU9899,24,4,94,1,8,2,Yes,No,No,Yes,Engineering,Semester 3
Student 9900,STU9900,23,5,82,3,4,4,Yes,Yes,No,No,Engineering,Semester 2
Student 9901,STU9901,23,3,90,2,2,4,Yes,Yes,No,No,Engineering,Semester 4
Student 9902,STU9902,21,4,75,3,6,2,Yes,Yes,No,No,Data Science,Semester 4
Student 9903,STU9903,18,2,86,4,6,0,Yes,Yes,No,Yes,Software Engineering,Semester 3
Student 9904,STU9904,20,6,75,2,3,2,Yes,Yes,Yes,No,Data Science,Semester 3
Student 9905,STU9905,23,3,85,2,4,3,No,Yes,No,No,Data Science,Semester 1
Student 9906,STU9906,18,2,75,3,5,1,Yes,No,No,No,Data Science,Semester 1
Student 9907,STU9907,22,2,76,0,4,3,Yes,Yes,Yes,No,Software Engineering,Semester 2
Student 9908,STU9908,26,2,81,0,3,3,Yes,No,No,No,Business,Semester 2
Student 9909,STU9909,23,2,95,0,5,2,Yes,No,Yes,No,Business,Semester 3
Student 9910,STU9910,24,4,88,3,5,2,Yes,No,Yes,Yes,Engineering,Semester 1
Student 9911,STU9911,21,3,76,0,4,4,Yes,No,Yes,No,Data Science,Semester 4
Student 9912,STU9912,23,3,73,2,5,1,No,Yes,Yes,Yes,Engineering,Semester 1
Student 9913,STU9913,19,8,75,1,5,2,Yes,No,No,No,Data Science,Semester 2
Student 9914,STU9914,22,5,87,2,3,3,Yes,No,No,Yes,Engineering,Semester 3
Student 9915,STU9915,22,2,83,3,5,2,Yes,Yes,No,Yes,Computer Science,Semester 3
Student 9916,STU9916,21,5,87,0,4,3,No,No,No,Yes,Software Engineering,Semester 1
Student 9917,STU9917,23,3,77,5,6,2,Yes,Yes,No,No,Data Science,Semester 1
Student 9918,STU9918,19,3,84,4,7,2,Yes,Yes,Yes,No,Data Science,Semester 1
Student 9919,STU9919,20,3,84,1,7,3,Yes,No,No,Yes,Data Science,Semester 1
Student 9920,STU9920,21,3,92,1,4,3,Yes,No,Yes,No,Software Engineering,Semester 2
Student 9921,STU9921,18,4,79,2,5,3,Yes,Yes,No,No,Computer Science,Semester 2
Student 9922,STU9922,21,3,89,4,2,3,No,No,No,No,Business,Semester 1
Student 9923,STU9923,17,3,92,0,5,0,Yes,No,No,No,Software Engineering,Semester 3
Student 9924,STU9924,23,4,81,3,4,1,Yes,No,No,Yes,Computer Science,Semester 4
Student 9925,STU9925,21,4,76,1,3,2,Yes,Yes,No,Yes,Engineering,Semester 4
Student 9926,STU9926,19,4,81,2,9,0,Yes,No,Yes,Yes,Data Science,Semester 2
Student 9927,STU9927,19,5,80,2,6,2,Yes,No,Yes,No,Data Science,Semester 1
Student 9928,STU9928,20,5,80,7,6,2,No,Yes,No,Yes,Business,Semester 1
Student 9929,STU9929,22,5,81,1,6,3,Yes,No,No,No,Engineering,Semester 4
Student 9930,STU9930,22,3,80,3,8,0,No,No,No,Yes,Computer Science,Semester 3
Student 9931,STU9931,19,4,63,2,5,2,Yes,Yes,No,Yes,Engineering,Semester 4
Student 9932,STU9932,19,4,81,1,6,2,Yes,No,No,No,Engineering,Semester 3
Student 9933,STU9933,22,4,88,0,7,2,Yes,Yes,No,No,Business,Semester 4
Student 9934,STU9934,19,2,75,4,8,2,Yes,No,No,Yes,Computer Science,Semester 1
Student 9935,STU9935,21,4,92,0,5,3,Yes,No,Yes,No,Business,Semester 2
Student 9936,STU9936,21,1,90,5,7,2,Yes,Yes,No,No,Computer Science,Semester 2
Student 9937,STU9937,21,3,82,0,2,3,Yes,No,No,No,Software Engineering,Semester 3
Student 9938,STU9938,22,2,62,1,9,1,Yes,No,No,Yes,Software Engineering,Semester 2
Student 9939,STU9939,18,4,64,3,6,0,No,No,Yes,Yes,Data Science,Semester 2
Student 9940,STU9940,17,5,82,3,6,1,Yes,Yes,No,No,Business,Semester 2
Student 9941,STU9941,19,1,87,1,3,2,No,Yes,No,No,Software Engineering,Semester 4
Student 9942,STU9942,25,0,96,2,3,1,Yes,No,No,No,Engineering,Semester 1
Student 9943,STU9943,25,6,78,2,4,0,Yes,No,No,No,Engineering,Semester 4
Student 9944,STU9944,25,2,77,4,5,0,Yes,No,No,No,Software Engineering,Semester 1
Student 9945,STU9945,20,3,72,2,5,1,Yes,No,No,Yes,Business,Semester 2
Student 9946,STU9946,17,2,86,0,4,0,Yes,No,Yes,Yes,Data Science,Semester 4
Student 9947,STU9947,17,5,82,0,5,2,Yes,Yes,Yes,Yes,Engineering,Semester 1
Student 9948,STU9948,19,5,78,3,1,3,Yes,Yes,Yes,No,Data Science,Semester 4
Student 9949,STU9949,20,3,82,0,6,1,Yes,No,No,No,Engineering,Semester 3
Student 9950,STU9950,23,4,81,4,5,1,Yes,No,No,No,Computer Science,Semester 4
Student 9951,STU9951,22,4,89,3,7,3,Yes,No,Yes,No,Software Engineering,Semester 2
Student 9952,STU9952,21,4,78,3,4,2,Yes,No,No,No,Business,Semester 4
Student 9953,STU9953,19,4,82,1,4,1,Yes,No,No,Yes,Engineering,Semester 2
Student 9954,STU9954,18,3,88,2,5,1,Yes,No,No,Yes,Software Engineering,Semester 3
Student 9955,STU9955,21,3,79,1,6,2,Yes,Yes,No,No,Data Science,Semester 2
Student 9956,STU9956,22,5,76,4,7,2,Yes,No,No,No,Business,Semester 2
Student 9957,STU9957,21,4,71,1,5,2,Yes,No,Yes,No,Business,Semester 2
Student 9958,STU9958,18,3,73,1,6,3,Yes,No,No,Yes,Software Engineering,Semester 4
Student 9959,STU9959,22,4,76,2,5,2,Yes,No,Yes,No,Software Engineering,Semester 3
Student 9960,STU9960,21,3,89,0,5,3,Yes,No,No,No,Software Engineering,Semester 4
Student 9961,STU9961,18,2,76,3,2,2,Yes,No,Yes,Yes,Computer Science,Semester 1
Student 9962,STU9962,19,3,80,0,5,1,Yes,Yes,Yes,No,Computer Science,Semester 4
Student 9963,STU9963,22,4,73,2,3,3,Yes,No,Yes,Yes,Business,Semester 1
Student 9964,STU9964,20,3,82,2,7,2,Yes,No,No,No,Software Engineering,Semester 2
Student 9965,STU9965,24,2,84,1,3,2,Yes,Yes,No,No,Computer Science,Semester 1
Student 9966,STU9966,22,2,84,1,4,3,Yes,Yes,Yes,Yes,Business,Semester 2
Student 9967,STU9967,19,2,96,1,4,3,Yes,No,Yes,No,Engineering,Semester 3
Student 9968,STU9968,21,3,81,0,6,2,Yes,Yes,No,Yes,Software Engineering,Semester 3
Student 9969,STU9969,21,6,84,0,5,2,Yes,No,Yes,Yes,Computer Science,Semester 2
Student 9970,STU9970,19,2,77,0,6,1,Yes,No,Yes,No,Business,Semester 2
Student 9971,STU9971,19,4,99,1,1,3,Yes,Yes,No,No,Software Engineering,Semester 2
Student 9972,STU9972,22,2,88,0,9,0,No,No,No,Yes,Business,Semester 1
Student 9973,STU9973,22,5,89,2,3,3,No,No,Yes,Yes,Engineering,Semester 3
Student 9974,STU9974,22,3,90,1,6,1,Yes,No,No,No,Business,Semester 2
Student 9975,STU9975,24,3,88,2,6,2,Yes,No,No,Yes,Business,Semester 1
Student 9976,STU9976,19,4,91,1,6,3,Yes,No,No,Yes,Engineering,Semester 2
Student 9977,STU9977,24,4,80,5,4,1,Yes,Yes,Yes,Yes,Data Science,Semester 3
Student 9978,STU9978,19,4,100,2,4,3,Yes,Yes,No,No,Software Engineering,Semester 4
Student 9979,STU9979,18,4,69,2,6,1,No,Yes,Yes,No,Engineering,Semester 3
Student 9980,STU9980,17,6,79,4,5,2,Yes,No,No,Yes,Engineering,Semester 4
Student 9981,STU9981,20,2,95,2,3,3,Yes,No,Yes,No,Software Engineering,Semester 3
Student 9982,STU9982,19,3,80,2,6,3,Yes,No,No,Yes,Business,Semester 2
Student 9983,STU9983,22,4,87,1,9,0,Yes,No,No,No,Computer Science,Semester 3
Student 9984,STU9984,21,2,78,2,4,1,No,Yes,No,Yes,Software Engineering,Semester 2
Student 9985,STU9985,18,5,85,1,6,2,No,Yes,Yes,Yes,Engineering,Semester 1
Student 9986,STU9986,20,3,79,0,5,0,Yes,No,No,No,Business,Semester 4
Student 9987,STU9987,20,5,91,3,4,1,Yes,No,No,Yes,Data Science,Semester 4
Student 9988,STU9988,17,4,84,1,7,0,Yes,No,Yes,Yes,Business,Semester 1
Student 9989,STU9989,18,3,68,3,6,2,Yes,Yes,No,No,Computer Science,Semester 4
Student 9990,STU9990,19,6,75,4,4,3,Yes,No,Yes,No,Business,Semester 1
Student 9991,STU9991,24,1,74,0,8,0,Yes,No,No,Yes,Computer Science,Semester 2
Student 9992,STU9992,21,4,93,2,5,2,Yes,No,No,No,Data Science,Semester 3
Student 9993,STU9993,22,5,72,3,7,3,Yes,Yes,Yes,No,Data Science,Semester 4
Student 9994,STU9994,17,2,79,1,6,1,Yes,No,Yes,No,Business,Semester 3
Student 9995,STU9995,23,3,98,3,5,1,Yes,No,Yes,No,Software Engineering,Semester 2
Student 9996,STU9996,23,4,92,0,5,0,No,No,No,No,Software Engineering,Semester 4
Student 9997,STU9997,17,2,75,3,6,3,No,Yes,No,No,Software Engineering,Semester 1
Student 9998,STU9998,19,4,74,4,3,3,No,Yes,Yes,Yes,Data Science,Semester 1
Student 9999,STU9999,22,5,74,1,6,3,Yes,No,No,No,Computer Science,Semester 4
Student 10000,STU10000,22,4,83,1,7,2,Yes,Yes,Yes,No,Engineering,Semester 2
