Age,Study_Hours_per_Day,Attendance_Rate,Assignment_Delay_Days,Stress_Index,GPA,Semester_GPA,CGPA,Dropout,Internet_Access_Yes,Part_Time_Job_Yes,Scholarship_Yes,Semester_Year 2,Semester_Year 3,Semester_Year 4,Department_Business,Department_CS,Department_Engineering,Department_Science
22,3,86,2,5,0,0,0,0,1,1,0,0,0,0,0,0,0,0
20,4,68,2,6,1,1,1,1,1,0,0,0,1,0,0,0,1,0
22,4,70,0,5,1,1,1,0,1,1,0,0,0,0,0,0,0,0
24,4,82,2,5,1,1,1,1,1,0,0,0,0,0,0,1,0,0
20,4,75,1,7,1,0,0,0,1,0,0,0,0,1,1,0,0,0
20,4,89,2,6,2,2,2,0,1,0,1,0,1,0,1,0,0,0
24,3,78,1,7,0,0,0,0,1,1,1,0,0,1,0,1,0,0
22,2,86,1,6,1,1,1,0,1,0,1,0,0,0,0,0,0,0
20,4,97,3,4,3,2,2,0,1,0,0,0,0,0,0,1,0,0
22,2,82,1,6,1,1,1,0,1,0,0,0,0,0,0,0,0,1
20,5,73,3,7,1,1,1,1,1,1,0,0,1,0,1,0,0,0
20,2,85,6,8,0,0,0,1,1,1,1,1,0,0,0,0,1,0
21,3,84,1,4,2,2,2,0,1,0,1,0,0,1,0,1,0,0
17,4,84,1,4,2,2,2,0,1,0,1,0,0,0,1,0,0,0
17,4,92,1,5,2,2,2,0,1,1,0,0,1,0,0,0,1,0
19,3,72,2,7,2,3,3,0,0,0,0,0,0,0,0,0,0,0
18,4,90,2,4,2,2,2,0,1,0,1,0,0,0,0,0,1,0
21,4,77,0,4,1,1,1,0,1,1,1,0,0,1,1,0,0,0
19,4,93,2,4,3,3,3,0,1,0,0,0,0,0,0,0,0,0
17,4,65,1,5,1,1,1,1,1,0,0,0,0,0,1,0,0,0
24,6,99,2,3,2,2,2,0,1,0,1,0,0,0,0,1,0,0
20,3,79,0,6,2,2,2,0,1,1,0,0,1,0,0,0,0,0
21,6,72,2,2,4,4,3,0,1,1,1,0,1,0,0,1,0,0
17,4,89,3,4,3,3,3,0,1,0,1,0,0,1,1,0,0,0
19,4,86,3,5,0,0,0,1,1,1,0,0,0,1,1,0,0,0
21,4,85,2,3,3,3,3,0,1,0,0,1,0,0,0,1,0,0
18,5,89,0,4,1,1,1,0,1,0,0,0,1,0,0,0,0,1
21,3,82,4,5,1,0,0,0,1,0,0,0,1,0,0,1,0,0
19,4,79,1,9,1,0,0,0,1,1,0,0,1,0,1,0,0,0
20,4,72,3,5,2,3,3,0,0,0,0,0,0,0,0,1,0,0
19,6,81,7,5,3,3,3,0,1,1,0,0,0,1,0,1,0,0
25,4,77,3,5,2,2,2,1,1,0,1,0,1,0,0,0,0,1
21,6,81,2,3,3,3,3,0,1,0,0,0,0,1,0,0,0,0
18,4,67,1,5,1,1,1,0,1,1,1,0,1,0,0,0,0,0
22,2,95,2,5,0,0,0,0,1,1,1,0,1,0,0,0,0,1
18,4,61,1,5,0,0,0,1,1,0,1,0,1,0,0,0,0,0
21,2,80,1,7,1,1,1,0,0,0,1,0,0,1,1,0,0,0
17,6,78,0,4,3,3,3,0,1,0,0,1,0,0,0,0,0,1
18,2,70,1,5,2,1,2,0,1,0,0,1,0,0,1,0,0,0
21,4,85,3,5,3,3,3,0,1,1,0,1,0,0,1,0,0,0
22,5,74,2,5,2,2,2,0,0,0,0,1,0,0,0,0,1,0
21,7,85,1,4,1,1,1,0,1,1,1,0,0,0,1,0,0,0
20,3,95,6,6,2,2,2,0,1,0,1,0,0,0,1,0,0,0
20,4,72,2,8,2,2,2,1,1,1,1,0,1,0,1,0,0,0
17,2,89,1,7,0,0,0,0,1,0,1,0,0,1,0,0,1,0
19,3,69,2,7,1,1,1,0,1,0,0,0,0,0,1,0,0,0
20,6,75,1,5,3,3,3,0,1,1,0,0,0,1,1,0,0,0
23,5,86,1,3,4,3,4,0,1,1,0,0,0,1,0,1,0,0
21,5,79,2,1,4,3,3,0,1,1,0,1,0,0,1,0,0,0
17,4,93,3,1,2,3,3,0,1,0,0,0,0,0,0,0,1,0
21,5,83,1,5,4,4,3,0,1,1,0,0,0,1,0,1,0,0
20,6,86,1,6,2,2,2,0,1,0,0,0,1,0,1,0,0,0
19,3,76,2,7,2,2,2,0,1,1,0,0,1,0,1,0,0,0
22,4,73,4,5,2,2,2,1,1,0,0,0,0,1,1,0,0,0
23,3,72,0,4,0,0,0,1,1,0,1,0,0,0,1,0,0,0
23,1,74,0,6,0,0,0,1,1,1,1,0,0,0,0,0,0,1
19,4,76,1,3,2,2,2,0,1,0,0,0,0,1,0,0,0,1
20,4,91,3,3,2,2,2,0,1,0,1,0,0,1,0,0,1,0
21,3,85,5,6,0,0,0,1,1,0,0,1,0,0,1,0,0,0
23,3,71,2,3,0,0,0,0,1,0,0,0,0,0,0,0,0,1
19,4,78,2,4,3,4,4,0,1,1,0,0,1,0,0,0,0,0
20,4,81,3,3,2,2,2,0,1,1,1,1,0,0,0,0,0,1
18,6,100,0,5,3,3,3,0,1,1,1,0,0,0,0,0,1,0
18,4,82,1,6,1,1,1,0,1,0,0,0,1,0,0,0,1,0
22,4,85,1,6,1,1,1,0,0,0,0,1,0,0,0,0,0,0
24,3,74,2,4,3,3,3,0,1,0,1,0,0,1,0,1,0,0
20,2,87,0,5,3,3,3,0,1,0,0,0,0,1,0,0,0,1
23,2,93,2,6,4,4,4,0,1,1,0,0,1,0,0,0,0,0
21,3,80,1,4,1,1,1,0,1,0,0,0,0,0,0,0,1,0
19,4,86,4,3,2,2,2,0,1,0,0,0,0,0,0,0,1,0
21,4,86,3,4,2,2,2,0,1,0,1,0,0,1,1,0,0,0
24,2,82,1,4,3,3,3,0,1,0,0,0,1,0,0,1,0,0
20,1,92,1,5,2,2,2,0,1,1,0,0,0,0,0,0,0,0
24,3,75,2,5,4,4,4,0,1,1,0,0,0,0,0,0,1,0
17,5,75,1,5,4,4,3,0,0,0,0,0,0,1,0,1,0,0
22,3,82,2,4,2,2,2,0,1,1,0,1,0,0,0,0,0,1
21,4,79,2,5,3,3,3,0,1,0,0,0,1,0,0,0,0,1
20,1,58,3,6,1,1,1,1,1,1,0,0,0,0,0,0,0,1
21,4,76,2,6,0,1,1,0,1,0,0,0,0,1,0,0,1,0
17,4,65,0,4,1,1,1,0,1,0,1,0,0,0,0,1,0,0
20,4,79,2,5,2,1,1,0,0,0,0,0,0,0,0,1,0,0
21,5,87,1,7,0,0,0,0,1,0,0,0,0,0,0,1,0,0
24,5,82,2,5,0,0,0,0,1,0,1,0,1,0,0,0,1,0
19,6,83,0,5,1,1,1,0,1,0,0,0,0,1,0,0,0,1
19,2,80,2,8,3,3,3,0,1,0,0,0,0,1,0,0,0,0
19,4,83,0,7,3,2,2,0,1,0,0,1,0,0,0,0,1,0
23,2,100,1,4,3,3,3,0,1,0,1,0,1,0,0,0,0,0
21,4,79,3,7,1,1,1,1,1,1,0,0,0,1,0,1,0,0
19,4,81,0,5,2,2,2,1,1,0,0,0,1,0,0,0,0,0
22,1,75,1,3,2,2,2,0,1,0,0,0,0,0,0,0,0,1
21,4,66,1,7,2,2,2,0,1,0,0,0,1,0,0,0,0,0
23,3,84,0,4,0,0,0,1,0,1,0,0,0,1,1,0,0,0
19,4,91,3,5,3,3,3,0,0,0,0,0,0,0,0,1,0,0
20,3,100,0,4,3,3,3,0,1,0,0,0,1,0,1,0,0,0
20,6,80,3,9,0,0,0,0,1,0,1,0,0,0,0,0,0,0
17,4,79,0,3,0,0,0,1,1,0,0,0,0,1,0,1,0,0
21,4,74,0,5,1,1,1,0,1,1,0,0,0,1,0,1,0,0
21,3,95,4,4,2,2,2,0,0,0,0,1,0,0,1,0,0,0
21,1,72,2,6,1,2,2,0,1,0,1,0,0,0,0,0,1,0
20,2,87,0,5,1,1,1,0,1,1,1,1,0,0,0,1,0,0
17,6,96,1,4,4,4,4,1,1,0,1,0,1,0,1,0,0,0
20,4,80,2,5,2,2,2,0,1,1,1,0,1,0,0,0,0,1
20,4,72,1,7,2,2,2,0,1,1,0,0,0,0,0,0,1,0
19,4,88,2,2,3,3,3,0,1,0,1,0,0,1,1,0,0,0
20,5,71,2,4,1,1,1,0,1,0,0,0,0,1,0,0,0,1
21,4,91,0,6,1,1,1,0,1,1,0,0,0,0,0,0,0,0
25,4,97,4,5,3,3,3,1,1,1,1,0,0,0,0,0,1,0
21,4,63,3,5,1,1,1,1,1,1,0,1,0,0,0,0,1,0
21,4,95,1,5,1,1,1,0,0,0,0,1,0,0,0,0,0,1
20,3,87,2,6,1,1,1,0,1,0,0,1,0,0,1,0,0,0
17,6,93,0,6,3,4,4,0,0,0,1,0,0,0,1,0,0,0
20,2,76,1,6,0,1,1,1,0,1,0,0,0,0,1,0,0,0
21,3,87,2,6,2,2,2,0,1,1,0,0,1,0,0,0,0,1
26,1,83,2,4,1,2,2,1,1,0,0,1,0,0,0,0,0,0
20,5,75,1,7,1,1,1,0,1,1,0,0,0,1,1,0,0,0
21,4,79,3,4,3,2,2,0,1,0,1,0,0,0,1,0,0,0
20,6,86,0,5,2,2,2,0,1,0,1,0,0,1,0,1,0,0
18,3,73,2,2,3,2,2,0,0,1,0,0,0,1,0,0,0,1
23,2,72,2,4,2,2,2,0,1,1,1,0,1,0,0,0,0,1
22,4,56,0,5,0,0,0,0,1,1,1,0,0,0,0,0,1,0
22,4,75,3,5,2,1,1,1,0,0,1,1,0,0,0,0,0,0
19,3,84,4,7,2,2,2,1,1,0,0,1,0,0,0,0,1,0
24,4,77,0,4,0,0,0,0,1,0,0,0,0,1,0,0,0,0
17,3,92,1,4,1,1,1,0,1,1,0,0,0,0,0,1,0,0
22,5,70,2,4,1,1,1,1,1,0,0,0,0,1,0,0,0,0
25,5,86,3,5,3,3,3,0,1,1,0,0,0,1,0,0,0,1
18,4,79,1,8,2,1,1,0,1,1,0,1,0,0,0,1,0,0
19,5,81,0,1,3,4,4,0,1,0,0,0,0,0,0,0,0,1
21,3,87,1,4,1,1,1,0,1,0,1,1,0,0,0,0,0,0
19,3,60,2,4,1,1,1,1,1,0,0,0,1,0,0,0,0,0
17,1,64,1,1,1,1,1,0,1,0,0,0,1,0,1,0,0,0
21,4,81,2,5,1,1,1,0,1,0,0,0,0,1,0,1,0,0
18,4,80,2,4,2,2,2,0,1,0,1,0,0,0,0,0,0,0
22,5,70,3,4,2,2,2,0,1,0,0,0,0,0,0,0,1,0
19,4,98,1,3,2,2,2,0,1,0,0,0,0,1,0,0,0,1
24,3,72,1,5,1,1,1,0,1,1,1,0,1,0,0,0,1,0
19,3,77,2,3,2,2,2,0,1,1,0,0,1,0,0,1,0,0
20,3,91,2,4,1,1,1,0,0,0,1,1,0,0,0,1,0,0
22,5,76,3,5,3,3,3,0,1,0,0,0,1,0,0,0,0,0
18,6,75,1,7,1,0,1,0,1,0,0,0,1,0,1,0,0,0
21,5,85,1,6,0,0,0,1,1,1,0,0,1,0,0,1,0,0
23,6,76,1,6,3,3,3,0,0,0,0,0,0,0,0,1,0,0
17,4,85,2,9,3,3,2,0,1,0,0,1,0,0,0,0,0,1
21,2,86,1,6,2,2,2,0,1,0,1,0,1,0,1,0,0,0
21,2,85,4,3,0,0,0,0,1,1,0,0,0,1,0,0,0,0
22,2,91,3,4,2,2,2,0,1,0,1,1,0,0,0,0,1,0
18,3,78,1,4,1,1,1,0,1,0,1,1,0,0,1,0,0,0
18,3,78,0,5,2,2,2,0,1,0,1,1,0,0,0,0,1,0
22,4,81,3,4,2,3,3,0,1,0,0,1,0,0,0,0,0,1
21,3,59,5,3,3,3,3,0,1,0,0,0,0,0,0,1,0,0
21,4,83,0,7,2,2,2,0,1,1,1,0,0,1,0,1,0,0
21,7,79,2,7,0,1,1,0,1,1,1,0,0,0,1,0,0,0
19,5,85,1,5,3,3,3,0,1,1,1,0,0,1,0,0,1,0
21,4,74,1,3,3,3,3,0,1,0,0,1,0,0,0,0,0,0
21,5,92,4,5,4,4,4,0,1,0,1,0,0,0,1,0,0,0
19,2,80,2,4,3,3,3,0,0,1,0,0,0,0,1,0,0,0
25,2,88,1,7,0,0,0,1,1,0,0,0,0,0,1,0,0,0
22,5,77,2,3,3,3,3,0,1,0,0,0,0,0,0,0,0,1
18,4,85,2,6,2,2,2,0,1,0,0,0,1,0,0,0,1,0
22,4,69,0,6,1,1,1,0,1,1,1,0,0,0,1,0,0,0
18,2,64,4,7,2,2,2,0,1,0,1,0,0,0,0,0,0,1
22,3,80,1,5,2,2,2,0,1,0,0,0,1,0,1,0,0,0
23,3,81,1,4,1,1,1,0,1,1,0,1,0,0,0,1,0,0
19,3,81,1,9,1,1,1,1,1,0,0,1,0,0,1,0,0,0
23,6,79,3,3,2,2,2,0,1,1,0,0,1,0,0,0,0,1
21,6,78,2,6,2,2,2,0,1,0,0,0,1,0,0,1,0,0
22,5,87,1,5,2,3,3,0,1,1,1,0,0,0,0,0,0,0
25,4,96,0,6,2,2,2,1,1,0,0,0,1,0,0,0,1,0
20,3,100,2,6,4,4,4,0,1,0,1,1,0,0,0,0,0,0
19,2,90,1,3,4,3,3,0,1,1,0,0,1,0,0,0,0,0
19,4,63,0,3,0,1,0,0,1,1,1,0,1,0,0,0,0,1
19,5,90,0,3,4,3,3,0,0,1,1,0,0,1,0,0,1,0
20,5,90,3,4,4,3,3,0,1,0,0,1,0,0,0,1,0,0
21,4,81,1,5,1,0,0,0,1,1,1,0,0,0,0,0,1,0
21,4,89,2,4,3,3,3,0,1,0,1,0,1,0,0,0,1,0
22,3,84,1,2,2,2,2,0,0,0,0,0,0,0,0,0,0,1
21,3,81,0,7,2,2,2,0,1,0,0,1,0,0,1,0,0,0
24,2,84,4,2,1,1,1,0,1,0,0,1,0,0,1,0,0,0
20,3,77,1,6,2,2,1,0,1,0,0,0,0,1,1,0,0,0
27,4,67,2,4,3,3,3,0,1,1,0,0,1,0,1,0,0,0
22,3,67,6,7,0,0,0,1,1,0,1,0,0,0,0,0,1,0
19,2,89,5,4,2,2,2,0,1,0,0,0,1,0,0,0,0,1
18,4,73,1,2,2,2,2,0,1,0,0,0,0,0,0,0,0,0
22,4,69,2,5,3,2,2,0,0,0,0,1,0,0,1,0,0,0
20,3,69,3,4,1,1,1,0,1,1,1,1,0,0,0,0,0,1
22,3,78,0,7,2,2,2,0,1,0,1,1,0,0,0,0,1,0
22,0,94,1,6,1,1,1,0,1,0,1,0,1,0,0,0,0,0
20,4,80,1,4,3,3,3,0,1,1,0,1,0,0,0,1,0,0
19,4,70,2,3,4,3,4,0,1,0,1,1,0,0,0,0,0,0
17,5,93,1,3,3,3,3,0,0,1,0,0,0,1,0,0,1,0
20,3,84,1,4,2,2,2,0,1,0,0,0,0,0,1,0,0,0
22,4,79,1,8,1,1,2,0,1,0,0,0,0,1,1,0,0,0
21,5,85,3,5,2,2,2,0,0,0,0,0,0,0,0,1,0,0
18,4,82,0,7,2,2,2,0,1,1,1,0,0,1,0,1,0,0
21,4,76,1,2,2,2,2,0,1,1,0,0,1,0,0,0,0,1
21,4,77,2,2,3,2,2,0,1,0,0,0,0,0,0,0,0,0
19,1,72,4,3,3,3,3,0,1,1,1,0,0,1,0,0,0,0
21,4,78,3,6,0,0,0,1,1,1,1,0,0,1,1,0,0,0
21,2,89,0,5,2,3,3,0,0,0,0,0,1,0,0,0,0,0
18,2,89,0,7,1,1,1,0,1,1,0,0,0,0,0,0,0,0
21,4,80,2,7,1,2,2,0,1,0,0,1,0,0,0,0,1,0
22,5,80,3,3,2,2,2,1,1,1,0,0,0,0,0,0,0,1
23,5,73,1,7,2,2,2,0,1,0,0,0,0,0,0,0,0,1
23,4,85,1,8,3,2,2,0,1,1,1,0,1,0,0,0,0,0
18,4,70,4,7,2,2,2,0,0,0,0,0,0,0,0,1,0,0
18,5,88,5,2,2,2,2,0,0,0,0,0,0,1,0,1,0,0
22,6,85,2,2,4,3,3,0,0,0,1,1,0,0,0,0,0,0
22,3,79,2,4,1,2,2,0,1,0,0,0,0,1,1,0,0,0
22,3,85,0,4,1,1,1,0,1,1,0,0,0,0,0,0,0,0
29,4,79,2,7,2,2,2,0,1,1,0,0,1,0,1,0,0,0
22,1,83,1,3,2,2,2,0,1,0,0,1,0,0,0,0,1,0
23,3,83,1,6,1,1,1,0,1,0,0,1,0,0,0,0,1,0
23,4,91,2,3,3,3,3,0,1,0,1,0,0,1,0,0,0,0
22,3,85,2,6,1,1,1,1,0,0,0,1,0,0,0,0,0,0
20,1,90,1,4,1,2,2,1,1,1,1,0,0,0,0,0,0,0
22,5,85,5,6,4,4,4,0,1,0,1,0,0,1,0,0,0,1
19,3,81,0,4,2,2,2,0,1,1,1,0,1,0,0,0,0,0
20,3,86,1,1,3,3,3,0,1,1,0,0,0,0,0,0,1,0
19,5,84,2,6,1,1,1,0,1,1,0,0,0,0,0,0,1,0
21,0,79,0,7,1,1,1,0,1,0,0,0,0,0,1,0,0,0
26,5,70,3,4,2,1,1,0,1,1,0,0,0,0,0,0,0,0
17,6,77,3,7,3,3,3,0,0,1,0,0,1,0,0,0,1,0
22,2,77,0,4,2,2,2,0,1,1,0,0,0,1,0,1,0,0
17,3,86,1,3,2,2,2,0,1,1,1,0,0,0,0,1,0,0
20,4,81,2,4,3,4,4,0,1,0,1,0,0,0,0,0,0,0
23,4,75,2,5,2,2,2,1,1,0,1,0,1,0,0,1,0,0
21,5,80,1,3,4,3,3,0,1,0,1,0,0,1,1,0,0,0
18,4,79,1,7,3,3,3,0,1,0,1,0,0,1,0,0,0,1
19,5,74,0,2,4,3,3,0,1,0,0,1,0,0,1,0,0,0
22,8,93,1,4,3,4,3,0,1,1,1,0,0,1,0,1,0,0
19,1,80,2,3,2,2,2,0,1,1,0,0,0,0,0,0,0,0
21,5,75,3,7,2,2,2,0,1,0,0,1,0,0,1,0,0,0
21,5,68,0,2,2,3,3,0,1,0,0,0,0,1,0,0,1,0
19,2,82,0,7,0,0,0,0,1,0,0,1,0,0,0,0,1,0
25,2,86,4,5,2,2,1,0,1,1,0,0,1,0,0,0,1,0
22,4,76,2,3,4,4,4,0,1,0,0,0,0,0,0,1,0,0
17,2,83,0,4,1,2,2,1,1,1,0,0,1,0,1,0,0,0
21,3,73,2,5,1,1,1,1,1,1,0,1,0,0,1,0,0,0
19,4,80,0,6,2,2,2,0,0,0,0,0,1,0,1,0,0,0
22,3,90,1,4,3,3,3,0,1,1,0,1,0,0,0,1,0,0
19,3,80,4,6,1,0,0,1,1,1,0,0,1,0,0,0,0,1
20,2,76,1,5,0,0,0,0,1,1,0,0,1,0,0,0,1,0
22,2,92,1,6,0,0,0,1,1,1,0,1,0,0,0,0,0,0
22,4,83,0,3,3,3,3,0,1,1,1,0,1,0,0,0,1,0
18,3,78,0,5,1,1,1,0,0,1,0,0,0,1,0,0,1,0
20,4,75,1,5,0,0,0,0,1,0,0,0,0,1,0,0,1,0
20,4,72,1,5,1,1,1,1,0,0,0,0,1,0,0,0,0,0
19,4,85,4,5,2,2,2,1,1,0,1,1,0,0,0,1,0,0
24,3,88,3,9,1,1,1,1,1,0,0,0,0,0,0,0,0,0
21,2,82,0,6,3,3,3,0,0,1,0,0,0,0,0,0,0,0
18,4,80,2,6,2,2,2,0,1,1,0,0,0,1,0,0,0,0
23,4,71,1,5,3,2,3,0,1,0,0,0,1,0,0,1,0,0
25,5,70,1,6,2,2,2,1,0,0,0,0,0,1,1,0,0,0
23,2,82,1,5,0,0,0,1,0,1,0,1,0,0,0,0,0,1
17,1,82,3,8,0,0,0,1,1,0,0,0,0,1,0,0,0,0
19,3,85,2,5,1,1,1,0,1,0,0,0,1,0,0,0,1,0
23,2,85,3,7,2,2,2,0,1,1,0,0,0,1,0,1,0,0
19,2,78,0,9,0,0,0,1,1,0,1,1,0,0,0,0,0,1
22,0,96,2,6,1,1,1,0,1,1,0,1,0,0,0,0,0,0
22,4,73,2,5,1,1,1,0,0,0,1,0,0,0,0,0,0,1
19,2,78,1,4,4,3,3,0,1,1,0,0,0,0,1,0,0,0
20,2,88,2,4,3,3,3,0,1,1,0,0,1,0,0,0,1,0
17,3,76,3,6,1,1,1,1,1,0,0,0,1,0,0,0,0,0
18,4,82,1,5,2,2,2,1,1,1,1,1,0,0,0,1,0,0
20,3,77,2,6,2,2,2,0,1,1,0,0,0,0,1,0,0,0
18,2,78,1,4,3,3,3,0,1,0,1,1,0,0,0,0,0,0
24,5,71,3,5,1,2,2,0,1,1,0,0,1,0,0,0,1,0
17,4,88,3,5,3,3,3,0,1,0,0,0,1,0,0,0,0,1
20,4,88,0,3,3,4,4,0,1,0,0,0,1,0,1,0,0,0
21,3,88,2,4,1,1,1,0,1,0,0,1,0,0,0,0,1,0
24,5,78,2,4,4,3,3,0,1,0,1,1,0,0,0,0,0,0
17,4,84,2,10,0,0,0,1,1,0,0,1,0,0,1,0,0,0
23,4,98,0,7,1,1,1,1,1,1,0,0,1,0,0,0,1,0
21,5,84,3,3,4,3,3,0,1,0,0,0,0,1,0,0,0,1
18,1,72,2,2,1,1,1,0,1,1,0,0,0,0,0,0,1,0
22,4,75,1,3,0,1,1,1,1,1,0,0,0,1,1,0,0,0
21,3,74,0,8,2,2,2,0,0,1,1,0,1,0,1,0,0,0
19,3,92,3,3,3,3,3,0,1,1,0,0,1,0,0,1,0,0
21,5,85,1,8,2,2,2,0,1,1,0,0,1,0,1,0,0,0
20,5,69,1,5,3,3,3,0,1,0,1,0,0,1,0,0,1,0
21,5,92,1,5,3,3,3,0,1,1,0,1,0,0,0,0,1,0
22,4,86,0,3,3,3,3,0,1,1,0,1,0,0,0,1,0,0
24,3,83,1,7,2,2,2,0,1,0,1,0,1,0,0,0,0,0
18,5,94,0,6,2,3,3,0,1,0,0,0,1,0,0,0,1,0
25,2,80,2,7,3,2,2,0,1,0,0,0,1,0,0,1,0,0
17,6,92,1,5,1,1,1,1,1,0,0,0,1,0,0,0,0,0
20,3,64,1,6,0,0,0,0,1,1,1,0,0,1,0,0,0,1
22,3,76,0,8,2,2,2,0,1,0,1,0,1,0,0,0,0,0
21,3,88,1,6,2,1,1,0,1,1,0,1,0,0,1,0,0,0
19,4,95,1,3,2,2,2,0,1,0,1,0,1,0,1,0,0,0
20,4,72,3,5,1,1,1,0,1,0,1,0,0,0,1,0,0,0
19,3,78,2,6,1,1,1,1,0,0,0,0,0,1,0,1,0,0
19,4,83,1,8,1,1,1,0,1,0,0,0,0,1,0,0,0,0
22,3,74,2,6,4,3,3,0,1,0,0,0,0,0,0,0,0,1
21,0,79,3,7,1,1,1,0,1,0,1,0,0,0,0,0,0,0
19,7,94,3,6,3,3,3,0,1,0,1,0,0,1,1,0,0,0
23,6,73,1,3,4,4,4,0,1,1,1,0,0,0,0,0,1,0
21,2,80,4,7,2,2,2,1,1,0,0,0,0,1,0,0,0,0
22,3,84,4,5,3,3,3,0,1,1,0,1,0,0,0,1,0,0
22,3,85,4,9,2,2,2,0,1,0,1,0,0,0,1,0,0,0
19,4,75,3,2,2,2,2,0,1,0,1,1,0,0,0,0,0,1
19,4,80,0,3,1,2,2,0,1,1,0,1,0,0,0,0,0,1
22,2,79,2,6,1,1,1,0,0,0,0,0,0,0,0,1,0,0
22,4,84,0,5,2,2,2,0,1,0,0,0,0,1,0,0,1,0
21,4,72,4,5,1,1,1,0,0,0,1,0,1,0,0,0,1,0
21,6,92,0,5,3,4,3,0,1,1,0,0,1,0,0,0,0,0
23,3,84,0,5,2,2,2,0,1,0,0,1,0,0,0,0,0,0
19,5,90,4,4,2,3,3,0,1,0,0,1,0,0,0,0,0,0
22,4,77,2,7,3,3,3,0,1,0,0,1,0,0,0,1,0,0
20,2,72,7,4,1,1,1,1,0,0,1,0,0,0,0,0,1,0
20,4,74,2,6,1,0,1,0,1,0,0,0,0,1,0,0,0,0
23,4,87,1,5,4,3,4,0,1,1,0,1,0,0,0,0,0,0
22,5,78,0,8,0,0,0,1,1,0,1,0,0,1,0,0,1,0
22,2,69,2,1,3,3,3,0,1,0,0,0,0,0,0,1,0,0
23,3,83,2,3,1,2,2,0,1,0,0,0,1,0,0,0,1,0
21,5,79,4,9,1,1,1,0,1,0,1,0,1,0,0,0,1,0
22,1,79,4,5,0,0,0,1,0,0,0,0,0,0,1,0,0,0
20,2,68,2,4,2,2,2,0,1,0,0,1,0,0,0,0,0,0
21,4,69,2,3,1,1,1,0,1,1,0,0,0,1,0,0,1,0
20,4,77,0,4,2,2,2,0,1,1,0,0,1,0,0,0,0,0
21,3,74,2,6,2,2,2,0,1,0,1,0,0,0,0,0,1,0
22,4,62,1,5,3,3,3,0,1,1,1,0,0,1,0,0,1,0
19,3,88,1,6,3,3,3,0,1,1,0,1,0,0,0,0,0,1
25,5,73,2,2,2,1,1,0,1,0,0,0,1,0,0,1,0,0
18,4,74,1,5,2,2,2,0,1,0,1,0,0,1,0,0,1,0
18,2,77,2,6,3,3,3,0,1,0,0,0,1,0,0,0,1,0
23,4,74,3,6,2,2,2,0,1,0,0,0,0,1,0,0,1,0
22,3,80,2,5,2,2,2,0,1,1,1,0,0,1,0,1,0,0
22,3,90,3,3,2,2,2,0,1,1,0,0,0,0,0,1,0,0
22,2,79,4,3,1,1,1,0,1,0,1,1,0,0,1,0,0,0
21,2,84,1,7,2,2,2,0,1,0,0,0,0,0,0,1,0,0
19,2,63,5,4,1,2,2,1,0,0,1,0,0,0,0,0,0,0
21,5,82,4,4,4,4,4,0,1,1,0,0,0,0,0,0,0,0
19,4,93,2,5,1,1,1,1,1,0,0,1,0,0,0,0,0,0
23,5,82,4,3,2,2,2,0,1,0,0,0,1,0,0,0,1,0
20,2,83,2,6,1,1,1,0,1,1,0,0,1,0,0,0,0,1
19,3,84,2,3,3,3,3,0,1,1,1,1,0,0,0,1,0,0
20,3,94,3,7,0,0,0,1,1,0,0,0,0,1,0,1,0,0
21,3,92,1,3,3,3,3,0,1,1,0,0,1,0,0,0,1,0
19,4,73,1,5,2,2,2,0,1,0,0,1,0,0,1,0,0,0
19,4,91,2,6,3,3,3,0,1,1,0,1,0,0,0,0,0,1
21,5,93,2,6,2,1,1,1,1,1,1,0,1,0,0,0,0,0
21,1,68,3,5,2,2,2,0,1,1,1,1,0,0,0,0,1,0
19,6,82,2,4,4,3,3,0,1,1,0,0,0,1,0,0,1,0
20,2,86,3,8,0,0,0,0,0,1,1,0,0,1,1,0,0,0
21,4,59,0,5,1,2,2,1,1,0,0,1,0,0,0,0,0,0
17,4,76,2,5,2,2,2,0,1,1,0,1,0,0,0,0,1,0
17,4,76,0,2,3,3,3,0,1,0,0,0,1,0,0,0,0,1
19,5,76,2,5,3,3,3,0,1,0,1,0,0,0,0,1,0,0
20,5,90,0,5,3,3,3,0,1,1,0,0,1,0,0,0,1,0
21,4,81,2,3,2,3,3,0,1,1,1,0,0,1,0,0,1,0
24,4,85,0,4,3,3,3,0,1,0,0,0,0,1,0,0,0,0
22,2,82,2,5,3,3,3,0,1,1,1,0,1,0,0,0,1,0
20,3,100,3,6,2,3,3,0,1,0,0,0,1,0,1,0,0,0
21,2,90,0,3,2,2,2,1,1,0,0,1,0,0,0,1,0,0
18,0,81,3,3,1,1,1,1,1,1,0,1,0,0,1,0,0,0
21,2,79,1,5,3,3,3,0,1,0,1,0,0,1,1,0,0,0
20,2,76,2,4,4,3,3,0,1,0,1,0,0,1,0,1,0,0
21,2,74,3,5,2,2,2,0,1,1,1,1,0,0,0,1,0,0
19,4,72,1,8,0,0,0,1,1,1,0,1,0,0,1,0,0,0
22,4,89,2,5,1,0,0,0,0,0,1,0,0,0,0,1,0,0
24,5,74,2,7,0,1,1,1,1,0,1,1,0,0,0,0,0,1
20,1,87,1,3,2,2,2,0,0,1,1,1,0,0,0,0,0,0
21,3,78,1,4,0,0,0,1,1,1,0,1,0,0,0,0,0,0
22,3,76,1,4,2,3,3,0,1,1,0,0,1,0,0,0,0,1
20,5,79,0,3,4,3,3,0,1,1,0,1,0,0,0,1,0,0
21,4,96,3,2,4,4,3,0,1,1,0,0,0,1,0,0,0,1
21,4,100,1,5,2,3,3,0,1,1,1,0,0,1,0,0,0,0
21,2,79,0,6,1,1,1,1,1,0,0,0,0,1,0,0,0,0
19,5,78,4,3,3,3,3,0,1,0,0,0,0,1,0,0,1,0
21,3,89,2,4,2,2,2,0,1,0,0,0,1,0,1,0,0,0
22,1,83,0,5,2,1,1,1,1,0,0,0,1,0,0,0,1,0
24,4,76,0,5,1,1,1,0,1,1,0,0,0,0,0,1,0,0
23,4,85,2,7,2,2,2,0,1,1,0,0,0,0,0,0,0,0
25,3,88,0,7,1,1,1,0,1,0,0,1,0,0,0,1,0,0
19,3,80,3,4,3,3,3,0,1,0,0,0,1,0,0,0,0,0
22,2,80,0,5,0,0,0,1,1,0,0,1,0,0,0,0,0,0
21,5,95,0,3,2,2,2,0,0,1,1,0,1,0,0,0,0,0
25,4,75,2,8,1,1,1,0,1,0,0,0,0,0,0,0,1,0
19,2,77,4,6,1,1,1,1,0,1,0,1,0,0,1,0,0,0
19,4,78,3,7,3,3,3,0,1,0,1,0,0,1,0,0,0,0
19,3,95,2,4,3,3,3,0,0,1,0,0,0,1,1,0,0,0
17,2,66,1,7,1,1,1,0,1,0,0,0,0,1,0,0,0,1
19,6,88,0,6,2,2,2,1,0,1,1,0,0,1,1,0,0,0
19,3,81,2,7,0,0,0,0,1,0,1,0,1,0,0,1,0,0
21,2,96,1,3,2,2,2,1,1,0,0,0,0,0,0,0,1,0
21,2,84,2,5,2,2,2,0,1,0,1,1,0,0,0,0,0,1
25,3,64,1,7,0,1,1,1,1,0,1,0,1,0,0,1,0,0
23,4,94,1,5,2,2,2,0,1,1,0,0,0,0,0,0,1,0
19,3,80,2,6,1,0,0,0,1,0,0,0,0,1,1,0,0,0
19,5,65,0,6,2,2,2,0,0,0,0,0,1,0,0,0,0,1
22,5,78,2,6,1,1,1,0,1,1,0,0,0,0,0,0,1,0
18,4,82,2,6,3,3,3,0,1,0,0,0,0,1,0,1,0,0
25,7,73,1,6,2,2,2,0,1,1,0,0,0,0,0,0,0,0
23,4,69,1,6,1,1,0,1,1,0,0,1,0,0,1,0,0,0
20,2,84,2,7,2,2,2,0,1,0,0,0,0,0,0,1,0,0
17,5,72,4,4,3,3,3,0,1,0,0,0,0,0,0,1,0,0
24,4,73,3,6,1,2,2,0,1,1,0,0,0,1,0,1,0,0
20,4,92,2,7,2,2,2,0,1,0,0,1,0,0,0,0,1,0
23,4,79,3,4,1,1,1,0,1,1,0,0,1,0,1,0,0,0
17,3,72,0,4,3,3,4,0,1,0,1,0,0,1,0,0,0,0
19,6,74,3,6,4,3,3,0,1,0,1,0,0,0,1,0,0,0
21,1,85,2,8,2,2,2,0,1,0,1,1,0,0,0,0,0,1
21,5,85,3,5,2,2,2,0,1,0,1,1,0,0,0,1,0,0
20,4,87,2,5,1,1,1,0,1,0,1,0,1,0,0,0,0,0
22,4,88,4,6,1,2,2,0,1,0,1,0,0,1,0,0,0,1
18,3,84,3,4,3,3,3,0,1,0,0,0,1,0,0,0,0,0
20,5,86,1,9,2,2,2,0,1,1,1,0,0,0,0,0,1,0
21,5,78,1,3,2,2,2,0,1,1,0,0,0,1,0,0,0,1
22,3,73,1,5,1,1,1,0,1,0,0,1,0,0,0,0,1,0
22,5,92,2,5,2,2,2,0,1,0,1,0,0,0,0,1,0,0
18,4,89,2,1,3,3,3,0,1,0,1,0,0,0,0,0,1,0
17,3,79,2,4,3,3,3,0,1,0,1,1,0,0,0,0,0,1
23,1,76,3,3,1,1,1,0,0,0,1,1,0,0,0,0,0,1
21,5,100,4,6,1,1,1,0,1,0,0,0,1,0,0,0,1,0
19,3,74,3,2,2,2,2,0,1,1,0,0,0,0,0,0,1,0
24,4,83,2,5,2,1,1,0,1,1,0,0,0,0,0,0,0,1
21,5,76,1,3,4,3,3,0,0,1,0,1,0,0,0,0,0,1
23,2,78,0,7,2,1,2,0,1,0,1,0,1,0,1,0,0,0
21,5,76,0,3,2,2,2,0,1,1,0,0,1,0,1,0,0,0
25,2,64,1,6,1,0,0,0,1,0,0,1,0,0,0,0,1,0
24,5,85,0,7,2,1,1,0,1,1,0,0,1,0,0,0,0,0
20,6,87,7,6,2,2,2,0,1,1,1,1,0,0,0,0,0,1
23,5,76,0,3,3,3,3,0,1,0,0,0,0,1,0,1,0,0
22,4,100,2,7,3,3,3,0,1,1,1,1,0,0,1,0,0,0
24,5,84,1,6,3,3,3,0,1,0,1,1,0,0,0,0,1,0
18,3,83,0,1,3,4,4,0,1,0,0,1,0,0,0,1,0,0
22,2,85,4,5,0,0,0,0,1,0,1,1,0,0,0,0,0,1
23,3,77,5,10,0,1,1,1,0,0,0,0,0,0,0,0,0,0
17,6,74,1,7,1,1,1,0,1,0,0,0,0,0,0,1,0,0
18,2,75,4,4,2,2,2,0,1,1,1,0,0,0,0,0,0,1
17,5,77,2,6,3,3,3,0,1,0,1,1,0,0,1,0,0,0
20,3,86,0,4,3,3,3,0,0,1,0,1,0,0,0,0,1,0
22,3,79,3,7,0,1,1,0,1,1,0,0,0,1,0,0,1,0
24,6,86,5,4,1,1,1,0,1,1,0,0,0,0,0,0,1,0
21,4,71,1,7,0,0,0,1,0,0,0,1,0,0,0,1,0,0
24,5,76,1,7,2,2,2,1,1,0,1,0,1,0,0,0,0,1
18,7,76,2,6,0,0,0,1,1,0,1,0,0,0,0,1,0,0
17,3,51,4,9,0,0,0,1,1,0,1,0,0,1,0,0,0,0
20,4,63,2,5,1,1,1,1,0,1,0,1,0,0,0,0,0,0
21,4,73,2,7,2,1,1,1,1,0,0,1,0,0,0,0,0,1
20,3,85,1,7,1,1,1,1,1,0,1,0,0,0,0,1,0,0
17,4,87,0,6,1,1,1,1,1,1,1,1,0,0,0,0,1,0
20,5,70,2,6,2,1,1,0,1,1,0,0,0,0,0,0,0,1
18,5,80,1,4,4,3,3,0,1,0,0,0,0,0,0,0,0,0
22,4,71,0,4,1,1,1,0,1,0,0,0,0,1,0,1,0,0
21,0,84,1,6,2,2,2,0,1,0,1,0,1,0,0,0,1,0
18,2,76,2,6,1,1,1,0,1,0,0,0,0,1,1,0,0,0
19,6,77,3,5,2,2,2,1,1,1,0,0,0,1,0,0,0,1
18,2,80,0,4,3,4,4,0,1,1,0,0,1,0,0,0,0,1
20,5,84,2,5,3,3,3,0,1,0,1,0,0,0,1,0,0,0
23,2,82,2,5,3,3,3,0,1,1,1,0,0,1,0,0,1,0
18,2,85,5,6,3,3,3,0,1,1,1,0,0,1,1,0,0,0
22,4,87,2,5,2,1,1,0,1,0,0,1,0,0,0,0,1,0
19,6,80,0,7,2,1,1,0,1,0,0,1,0,0,0,0,1,0
19,4,73,3,5,3,3,3,0,1,0,0,0,0,0,1,0,0,0
20,4,69,3,4,3,3,3,0,1,0,1,1,0,0,0,0,0,0
18,2,75,0,5,2,1,1,0,1,0,0,1,0,0,0,1,0,0
19,1,83,0,3,2,2,2,0,1,1,1,0,0,0,0,0,0,0
18,3,70,3,9,2,2,2,0,1,0,0,0,0,1,0,0,0,0
25,4,90,2,6,0,1,1,1,1,0,0,0,1,0,0,0,0,1
21,3,73,5,5,0,0,0,1,1,1,0,0,0,0,0,0,0,0
19,6,81,3,8,2,1,2,0,1,0,0,0,0,1,0,0,0,0
21,2,93,4,5,3,2,2,0,1,0,1,0,1,0,0,0,1,0
20,3,80,3,5,1,1,1,0,1,0,0,0,1,0,0,0,0,0
20,6,73,1,4,2,1,1,0,1,0,1,0,1,0,0,0,0,0
22,4,61,4,3,1,1,1,0,1,0,0,0,1,0,0,1,0,0
22,2,85,3,5,4,4,3,0,1,0,0,1,0,0,0,1,0,0
19,1,84,1,7,2,2,2,0,1,0,1,1,0,0,0,0,0,1
19,3,86,3,3,2,2,2,0,0,0,0,0,0,1,1,0,0,0
20,2,82,0,5,3,2,2,0,1,0,1,1,0,0,1,0,0,0
17,3,77,0,5,2,2,2,0,1,0,1,1,0,0,0,0,1,0
17,6,75,0,6,2,2,2,0,1,0,0,1,0,0,0,0,1,0
24,2,82,1,4,1,2,2,0,1,0,0,0,1,0,1,0,0,0
24,3,89,1,6,3,3,3,0,1,1,0,0,1,0,0,0,1,0
20,5,58,4,6,0,0,0,1,1,0,0,0,0,1,0,1,0,0
22,4,89,1,4,2,2,2,1,1,1,0,0,1,0,0,0,1,0
21,5,79,1,5,3,3,3,0,1,0,0,0,0,0,0,0,0,1
27,5,80,2,5,2,3,3,0,1,1,1,1,0,0,0,0,1,0
23,3,87,1,4,2,1,1,0,1,0,0,1,0,0,0,0,1,0
20,4,80,2,3,3,3,3,0,1,0,0,0,0,1,0,1,0,0
18,4,83,4,8,2,1,1,0,1,0,0,1,0,0,0,1,0,0
17,1,68,1,2,1,1,1,0,1,0,1,0,1,0,0,0,0,1
21,4,79,2,5,3,2,2,0,1,0,1,0,0,0,0,1,0,0
19,2,86,5,8,1,1,1,0,1,0,0,0,0,1,0,0,1,0
17,3,78,3,4,1,1,1,0,1,1,0,1,0,0,0,0,0,0
19,3,79,2,5,2,3,3,0,1,1,0,0,0,1,0,0,1,0
18,4,83,2,5,1,2,2,0,1,0,0,1,0,0,0,0,0,0
24,4,85,4,1,3,3,3,0,1,0,0,0,1,0,1,0,0,0
22,4,94,1,5,2,2,2,0,1,0,1,1,0,0,0,0,0,1
21,3,85,1,2,1,2,2,1,1,0,1,0,0,1,0,1,0,0
24,5,92,0,7,2,2,2,0,1,0,0,0,0,1,1,0,0,0
21,3,81,1,4,1,1,1,0,1,0,1,0,0,0,0,0,1,0
19,3,63,3,8,0,0,0,1,1,1,0,0,1,0,1,0,0,0
24,1,78,0,3,3,2,2,0,1,1,0,1,0,0,0,0,0,1
22,4,75,5,6,2,2,2,0,1,1,1,0,0,0,0,0,0,1
18,5,81,1,3,1,1,1,0,1,0,1,0,0,1,0,1,0,0
20,3,79,2,5,2,2,2,1,1,1,0,0,0,1,0,1,0,0
19,6,84,3,5,2,2,2,1,1,0,1,1,0,0,1,0,0,0
18,2,76,2,5,2,2,2,0,1,0,0,0,0,1,0,1,0,0
23,4,83,2,5,1,1,1,0,1,1,0,1,0,0,0,0,0,0
25,5,85,1,8,1,0,0,1,1,1,1,1,0,0,0,1,0,0
17,3,82,1,4,1,2,2,0,1,0,0,0,0,0,0,0,1,0
22,2,70,2,5,2,2,2,1,1,1,0,0,0,0,0,0,0,0
19,4,89,0,3,4,3,3,0,1,0,1,0,0,0,0,1,0,0
19,4,87,2,3,3,3,3,0,1,0,0,0,0,1,1,0,0,0
19,5,80,1,4,4,3,3,0,1,0,0,0,0,1,0,1,0,0
19,3,67,1,8,0,0,0,1,1,0,0,0,0,1,1,0,0,0
21,2,84,2,2,2,2,2,0,1,1,0,0,1,0,0,0,0,1
19,3,77,1,6,2,2,2,1,1,1,1,0,0,1,0,0,1,0
21,4,62,1,5,2,2,2,0,1,0,1,1,0,0,0,1,0,0
20,5,81,0,4,2,2,2,0,1,1,1,0,1,0,0,0,0,0
20,2,93,3,6,1,0,0,0,1,1,1,0,1,0,1,0,0,0
19,3,83,0,6,0,0,0,1,0,0,1,1,0,0,0,0,0,0
19,4,81,3,5,1,1,1,0,1,1,1,0,1,0,0,1,0,0
22,6,77,2,5,2,2,2,1,1,1,1,0,0,0,1,0,0,0
22,3,82,3,5,3,3,3,0,1,0,1,0,0,1,0,0,0,1
18,2,82,4,4,1,1,1,1,1,1,0,0,0,1,0,1,0,0
21,4,86,2,5,1,1,1,0,1,0,1,1,0,0,0,1,0,0
22,1,77,2,4,0,0,0,0,1,0,0,0,0,1,0,0,0,1
17,3,75,1,5,2,2,2,0,1,0,0,1,0,0,0,0,0,0
22,4,78,4,4,1,1,1,0,1,1,0,1,0,0,0,0,1,0
19,4,81,1,4,3,3,3,0,0,0,0,0,1,0,0,0,0,0
22,4,81,1,4,2,2,2,0,1,1,0,0,1,0,0,0,1,0
19,1,81,0,7,2,2,2,0,1,0,0,0,0,0,0,0,0,0
17,2,74,2,3,2,1,1,0,1,0,1,0,0,1,0,0,0,1
17,5,81,2,8,2,2,2,0,1,0,0,0,0,0,0,0,1,0
21,3,87,1,6,2,2,2,1,1,1,0,0,1,0,0,0,0,0
21,3,92,3,2,2,3,3,0,1,1,0,0,0,1,0,0,0,1
19,2,89,2,4,4,4,4,0,1,0,0,0,0,0,0,1,0,0
22,4,81,0,2,0,0,0,0,1,0,0,0,0,1,0,1,0,0
17,3,80,2,6,0,0,0,0,1,0,1,0,0,0,0,0,0,0
20,5,91,1,7,1,1,1,0,0,0,0,0,0,0,0,1,0,0
18,2,81,1,5,1,1,1,1,1,1,0,0,1,0,0,1,0,0
19,5,88,3,7,2,1,1,1,1,1,0,0,1,0,0,1,0,0
21,6,81,2,5,2,3,3,1,1,0,0,1,0,0,0,0,1,0
19,4,62,2,7,1,1,1,1,1,0,0,0,1,0,0,0,0,1
20,2,87,1,6,1,1,1,1,1,1,0,0,1,0,0,0,0,0
23,5,89,2,5,2,2,2,0,1,0,0,0,0,1,0,1,0,0
19,3,79,2,6,1,1,1,1,1,1,0,0,1,0,0,0,1,0
22,3,72,3,5,0,0,0,0,1,1,0,1,0,0,1,0,0,0
18,4,94,1,8,2,1,1,0,1,0,0,1,0,0,0,0,0,0
22,3,80,2,4,3,3,3,0,1,1,1,0,0,0,0,0,0,1
24,3,79,1,6,1,0,0,0,1,1,0,0,0,1,0,0,0,0
17,4,85,2,4,3,3,3,1,1,0,1,0,0,0,0,0,0,0
19,4,100,1,2,3,3,3,0,1,0,0,0,1,0,1,0,0,0
22,1,85,1,6,1,1,1,0,1,1,1,0,1,0,1,0,0,0
20,5,83,3,2,4,4,4,0,1,1,0,0,0,1,0,0,1,0
21,5,82,2,9,1,1,1,1,1,0,1,1,0,0,1,0,0,0
19,4,95,4,4,3,3,3,0,1,1,1,0,0,0,0,0,1,0
21,4,86,1,5,2,2,2,0,1,1,0,0,1,0,0,1,0,0
20,3,88,3,4,0,0,0,0,1,1,1,1,0,0,1,0,0,0
23,2,84,3,5,3,3,3,1,1,1,1,1,0,0,1,0,0,0
21,4,86,3,6,3,3,3,0,1,0,1,1,0,0,0,0,0,1
21,6,79,1,4,3,3,3,0,1,0,0,0,0,0,1,0,0,0
20,4,83,1,1,3,4,4,0,1,0,0,1,0,0,1,0,0,0
19,6,76,1,3,4,3,3,0,0,0,0,0,1,0,0,0,0,1
20,6,77,2,4,4,4,4,0,1,0,1,1,0,0,0,0,0,0
21,3,85,1,6,3,3,3,0,1,1,0,1,0,0,0,0,0,0
20,3,76,2,5,1,1,1,0,1,0,0,0,0,0,0,0,0,0
21,3,83,2,6,0,0,0,1,1,0,0,0,0,0,1,0,0,0
25,3,79,0,2,4,4,4,0,1,1,0,1,0,0,1,0,0,0
22,2,73,3,3,1,1,1,1,1,0,0,0,0,1,1,0,0,0
20,4,83,1,4,4,4,4,0,1,0,1,0,0,1,0,1,0,0
23,5,88,4,8,0,0,0,1,1,0,1,0,0,1,0,0,1,0
20,1,71,1,10,0,0,0,1,1,1,0,0,0,0,1,0,0,0
17,6,86,3,3,4,3,3,0,1,1,0,0,0,1,0,1,0,0
18,3,73,1,7,2,2,2,0,1,1,0,0,1,0,0,0,0,1
17,4,92,1,5,2,2,2,0,1,1,0,0,0,1,1,0,0,0
20,4,86,0,6,3,4,3,0,1,0,0,1,0,0,1,0,0,0
21,2,71,1,3,2,2,2,0,1,1,0,1,0,0,0,0,0,1
24,3,88,3,7,1,1,1,0,1,0,1,0,1,0,0,0,1,0
21,2,77,3,1,4,3,3,0,1,1,0,0,0,0,1,0,0,0
20,4,74,0,3,2,1,1,0,1,0,1,0,0,0,1,0,0,0
22,3,87,2,5,2,2,2,0,1,0,0,0,0,0,0,0,0,0
17,4,91,4,4,3,3,3,0,1,0,0,0,0,0,1,0,0,0
21,4,70,2,5,2,2,2,1,1,0,0,0,0,1,0,0,0,1
22,4,79,1,4,2,2,2,0,1,1,0,1,0,0,1,0,0,0
17,2,83,0,4,2,1,1,0,1,1,1,1,0,0,0,0,1,0
23,5,77,3,5,2,2,2,0,0,0,1,1,0,0,0,0,1,0
21,5,80,1,5,2,2,2,0,1,0,1,1,0,0,0,0,0,1
20,1,85,3,5,0,1,1,0,1,0,1,1,0,0,0,0,1,0
22,4,55,1,5,3,3,3,0,1,0,0,0,0,0,0,1,0,0
26,0,85,2,4,0,0,0,0,1,0,0,0,1,0,0,0,1,0
21,2,70,1,7,1,1,1,1,1,0,1,1,0,0,1,0,0,0
21,5,71,1,5,2,2,2,1,0,0,1,0,0,0,0,1,0,0
20,3,87,2,7,2,2,2,0,1,1,0,0,1,0,0,0,0,1
19,6,75,1,4,2,2,2,0,1,1,0,0,1,0,1,0,0,0
22,4,74,3,3,0,0,0,1,0,0,0,0,0,0,0,0,1,0
19,3,79,3,5,3,3,3,0,1,0,0,0,0,0,0,0,1,0
21,3,77,1,10,0,0,0,0,1,0,0,0,1,0,1,0,0,0
19,5,83,0,3,2,2,2,0,1,0,0,0,0,0,0,1,0,0
22,3,83,2,6,0,0,0,1,1,1,0,0,1,0,0,0,0,0
21,1,74,1,5,1,1,1,0,1,0,1,0,0,1,0,0,1,0
23,2,68,1,6,0,0,0,1,1,1,0,1,0,0,0,0,0,1
19,4,80,0,3,0,1,1,1,1,0,1,1,0,0,0,0,0,1
20,2,90,1,6,3,3,3,0,0,0,0,0,0,0,0,0,1,0
18,7,81,2,6,2,2,2,0,1,0,1,0,1,0,0,0,0,1
20,3,79,4,2,3,3,3,0,1,1,0,0,1,0,0,0,1,0
21,3,95,4,5,0,0,0,0,1,0,0,0,0,0,0,0,1,0
22,2,88,3,5,1,1,1,0,1,1,1,1,0,0,0,0,1,0
19,5,68,2,4,2,1,1,1,1,1,1,1,0,0,0,0,1,0
22,3,79,2,5,0,0,0,1,1,0,0,0,0,1,0,0,0,1
24,5,83,2,7,3,2,2,0,1,0,0,1,0,0,1,0,0,0
21,5,73,0,6,3,3,3,0,1,1,0,0,0,1,0,0,1,0
25,4,79,1,3,3,2,2,0,1,0,0,0,0,1,0,0,0,0
19,4,82,0,6,1,1,1,0,1,0,1,0,0,0,0,1,0,0
18,2,80,4,5,1,1,1,0,1,0,0,1,0,0,0,0,1,0
17,2,72,1,4,0,0,0,0,1,0,0,0,0,0,0,0,1,0
24,2,93,3,3,1,1,1,0,1,0,0,0,0,0,0,0,1,0
22,4,84,0,7,3,3,3,0,1,0,0,0,0,0,1,0,0,0
20,7,75,1,4,2,2,2,0,0,0,0,0,1,0,1,0,0,0
21,3,89,0,7,0,0,0,1,1,0,0,0,0,1,0,0,1,0
18,5,81,1,3,2,2,2,0,1,0,0,0,1,0,0,1,0,0
26,4,89,2,9,0,1,1,1,1,0,1,0,0,0,0,1,0,0
21,4,81,1,10,1,1,1,1,1,1,0,1,0,0,0,0,1,0
21,3,70,3,6,1,1,1,1,1,1,1,0,0,1,0,0,1,0
22,3,73,4,7,0,0,0,1,1,0,1,0,0,1,0,1,0,0
22,3,91,0,4,3,3,3,0,1,0,1,1,0,0,0,0,0,1
21,4,90,1,4,3,3,3,0,1,0,0,0,0,1,0,0,0,0
19,5,71,0,7,3,2,3,0,1,0,0,0,0,1,0,0,0,0
22,4,93,1,5,1,2,2,0,1,1,1,1,0,0,0,0,1,0
25,3,90,2,3,4,4,4,0,1,0,0,0,0,0,0,0,0,1
24,4,76,1,5,1,1,1,0,1,0,1,0,1,0,1,0,0,0
24,4,81,2,5,2,2,2,0,1,0,1,0,1,0,1,0,0,0
19,5,64,1,5,2,1,1,0,1,1,0,0,0,1,0,0,0,1
18,5,76,3,7,2,2,2,0,1,0,1,0,1,0,0,0,1,0
20,2,80,2,8,2,1,2,0,1,0,1,0,0,1,1,0,0,0
21,3,84,5,6,2,1,1,0,1,0,1,1,0,0,0,0,0,1
23,6,81,1,7,0,0,0,0,1,0,1,0,0,0,0,0,1,0
17,5,83,2,4,1,0,0,0,1,1,0,0,0,1,0,0,0,0
24,2,74,3,8,1,2,2,0,0,0,1,0,0,0,0,0,0,1
20,2,84,2,4,2,2,2,0,1,0,0,0,0,1,1,0,0,0
20,4,95,3,4,2,2,2,0,1,0,0,1,0,0,0,0,0,0
18,5,85,0,4,2,2,2,0,1,0,0,0,0,0,0,0,0,1
17,2,82,4,4,2,3,3,0,1,0,0,0,1,0,1,0,0,0
22,4,76,1,6,2,2,2,0,1,1,1,0,0,0,0,0,0,1
21,5,79,1,7,0,0,0,1,1,1,0,0,0,1,0,0,0,1
18,3,71,1,5,0,0,0,1,1,0,0,0,0,1,0,0,0,1
18,3,70,0,6,0,1,1,0,0,0,1,1,0,0,0,0,0,1
20,5,81,2,3,2,2,2,0,1,1,0,1,0,0,0,1,0,0
24,3,86,1,5,2,2,2,0,1,0,0,1,0,0,0,1,0,0
20,5,75,4,8,2,1,1,0,1,1,1,0,0,1,1,0,0,0
17,3,91,0,8,2,2,1,0,1,1,1,0,1,0,1,0,0,0
20,2,77,2,3,1,1,1,0,1,1,1,0,0,0,0,0,1,0
20,4,81,0,4,2,2,2,0,1,1,0,1,0,0,0,0,0,0
17,3,89,3,10,2,2,2,0,1,0,0,0,0,0,0,0,0,0
20,2,79,1,6,1,1,1,0,1,0,0,0,0,1,0,1,0,0
20,6,87,1,8,2,2,2,0,0,0,1,0,0,0,0,0,0,0
22,4,86,0,8,1,1,1,0,1,0,0,0,1,0,0,0,0,1
25,3,76,4,3,2,2,2,1,0,1,0,1,0,0,0,1,0,0
23,3,76,2,6,0,0,0,1,1,0,0,0,0,0,0,0,0,1
20,5,91,1,5,2,2,2,0,1,0,1,1,0,0,0,0,0,0
18,6,92,1,8,2,2,2,0,1,0,1,0,0,0,0,0,0,1
26,3,87,1,9,0,0,0,1,1,1,1,0,0,1,0,1,0,0
21,4,75,0,4,2,3,3,0,1,0,1,0,0,0,0,1,0,0
21,3,88,0,10,1,1,1,1,1,0,0,0,0,1,0,0,1,0
20,5,79,1,5,1,2,2,1,1,1,1,0,1,0,0,0,0,1
21,3,71,4,6,2,2,2,0,1,1,0,0,0,0,0,0,1,0
20,1,76,2,1,1,2,2,0,1,1,0,0,1,0,0,0,0,1
19,2,80,0,7,1,1,1,0,1,1,0,0,1,0,0,0,0,1
19,5,90,2,1,3,4,4,0,0,0,0,0,1,0,1,0,0,0
20,3,75,7,5,1,1,1,0,1,0,1,0,0,0,0,0,0,0
19,5,74,2,4,2,3,3,1,1,0,1,0,1,0,0,0,0,0
19,4,78,2,6,3,2,2,0,1,0,0,0,0,1,0,0,0,0
21,3,81,2,5,0,0,0,1,1,0,0,0,1,0,0,1,0,0
20,3,87,2,6,0,0,0,1,0,1,1,0,1,0,0,0,0,1
24,3,86,1,7,1,1,1,1,0,0,1,0,0,0,1,0,0,0
17,4,64,1,5,3,3,3,0,0,0,1,0,1,0,0,0,0,0
23,1,79,1,5,0,0,0,1,1,0,1,0,1,0,0,0,0,1
23,3,83,2,4,2,3,3,0,0,1,1,0,0,0,1,0,0,0
17,3,75,3,3,2,2,2,0,1,0,1,0,0,1,1,0,0,0
20,4,75,2,9,2,2,2,1,0,1,0,0,0,1,1,0,0,0
20,4,87,3,5,3,3,3,0,1,0,0,0,0,0,0,0,0,1
17,4,87,3,4,3,4,4,0,1,0,1,0,1,0,0,0,1,0
19,3,80,4,9,0,0,0,0,1,1,0,0,0,0,0,0,0,0
18,3,85,4,5,1,1,1,0,1,0,1,0,0,0,0,1,0,0
24,3,85,3,5,0,0,0,1,1,0,1,1,0,0,0,1,0,0
23,5,73,1,6,0,0,0,1,1,1,0,0,1,0,0,0,1,0
23,3,73,3,3,3,3,3,0,1,0,0,0,0,1,0,0,1,0
22,3,78,0,3,2,1,1,0,1,1,1,0,1,0,0,0,1,0
18,2,76,2,4,0,1,1,0,1,1,0,0,0,0,1,0,0,0
19,4,77,1,7,1,1,1,0,1,1,0,1,0,0,0,0,0,0
22,3,81,1,6,3,4,4,0,1,1,0,0,0,1,0,0,0,1
18,2,81,0,4,1,2,2,0,0,0,1,0,0,0,0,1,0,0
22,2,61,3,5,1,1,1,1,1,0,1,0,0,0,0,0,0,1
20,4,82,3,6,2,1,1,0,0,0,0,1,0,0,1,0,0,0
20,4,80,1,1,3,3,3,0,1,1,1,0,0,0,0,0,0,1
22,3,83,4,6,2,2,2,0,1,1,0,1,0,0,0,0,1,0
22,4,76,2,6,3,3,3,0,1,0,0,0,1,0,0,0,0,1
20,5,76,4,3,3,3,3,0,1,0,0,0,1,0,0,0,0,1
23,4,78,2,6,1,2,2,1,0,1,1,0,1,0,1,0,0,0
18,4,90,4,5,2,2,2,0,1,1,0,0,0,0,1,0,0,0
22,6,78,2,8,0,0,0,0,0,1,1,0,1,0,0,0,0,1
22,5,90,1,4,3,3,3,0,1,1,0,0,0,0,0,0,0,0
20,4,89,3,6,2,2,2,0,1,1,0,0,0,1,0,0,0,1
21,5,79,2,2,3,3,3,0,1,0,1,0,0,1,0,0,0,0
18,4,77,0,5,3,3,3,0,1,1,0,1,0,0,0,0,0,1
23,3,78,2,7,0,0,0,1,0,1,0,0,1,0,0,0,0,1
20,6,80,1,4,3,3,3,0,1,0,0,0,0,0,0,0,0,1
19,6,77,1,7,3,3,3,0,1,0,1,0,1,0,0,1,0,0
23,5,87,1,7,2,1,1,0,1,0,0,0,0,0,0,0,0,1
19,4,76,0,5,3,3,3,0,1,1,0,0,1,0,0,0,0,0
17,5,88,2,5,2,2,2,1,1,0,0,0,0,1,0,0,0,1
17,3,74,0,1,3,2,2,0,1,0,0,1,0,0,0,1,0,0
22,5,68,0,4,1,1,1,0,1,1,0,1,0,0,1,0,0,0
18,2,67,2,7,0,0,0,1,0,1,1,1,0,0,0,0,0,1
24,3,77,1,5,2,2,2,0,1,1,0,0,0,1,0,0,1,0
17,0,75,0,6,1,1,1,1,1,0,1,0,0,0,0,1,0,0
24,4,75,0,4,3,2,2,0,1,0,0,1,0,0,0,1,0,0
21,5,89,0,2,4,3,3,0,1,1,0,0,0,0,0,0,1,0
20,6,76,1,6,2,2,2,0,1,1,0,1,0,0,0,0,0,0
19,3,66,4,3,2,2,2,0,1,0,0,1,0,0,0,0,0,0
21,4,86,1,5,3,3,3,0,1,0,0,0,0,0,0,1,0,0
20,3,92,1,6,1,1,1,0,1,1,0,0,0,1,0,0,1,0
23,6,85,2,4,3,3,3,0,1,0,0,1,0,0,0,0,1,0
21,4,76,1,8,1,1,1,1,1,1,1,0,0,0,1,0,0,0
21,6,83,3,9,0,0,0,1,1,0,0,0,0,1,1,0,0,0
20,5,75,2,4,3,4,4,0,1,0,1,0,0,0,0,0,0,0
20,4,74,1,4,4,3,3,0,1,0,0,0,0,1,1,0,0,0
21,3,80,1,4,4,4,4,0,1,0,1,1,0,0,0,1,0,0
17,2,81,0,7,1,1,1,0,1,1,1,0,1,0,0,1,0,0
18,4,80,3,6,3,3,3,0,0,0,0,0,0,1,0,0,0,1
22,4,95,4,6,4,3,3,0,1,0,1,1,0,0,0,1,0,0
21,2,82,2,7,0,0,0,1,1,0,0,1,0,0,1,0,0,0
20,5,89,0,3,3,3,3,0,1,1,1,0,0,0,0,0,1,0
21,4,99,1,6,2,2,2,0,1,0,1,0,0,0,1,0,0,0
21,4,78,0,5,3,3,3,0,1,1,0,0,1,0,0,1,0,0
19,6,83,3,6,3,3,3,0,1,1,0,0,0,0,0,0,0,0
19,2,88,2,7,0,0,0,1,1,1,0,0,0,0,0,0,0,1
21,1,83,6,5,2,2,2,0,1,1,1,0,0,1,0,0,0,1
18,3,79,0,4,3,3,3,0,1,0,0,1,0,0,0,1,0,0
21,6,100,2,3,3,3,3,0,1,1,0,0,0,0,1,0,0,0
17,4,91,2,5,0,0,0,1,1,1,0,0,0,1,0,0,0,0
23,3,65,4,5,3,3,3,0,1,0,0,0,0,0,1,0,0,0
22,4,92,3,5,1,1,1,1,1,0,0,1,0,0,0,0,1,0
21,3,94,1,8,1,1,1,0,1,0,0,1,0,0,1,0,0,0
23,3,91,3,2,1,0,0,0,1,1,0,1,0,0,0,0,0,0
24,3,88,3,2,4,4,4,0,1,1,0,0,0,1,0,0,1,0
23,5,94,1,4,2,2,2,0,0,0,0,0,0,1,0,1,0,0
17,7,89,1,4,4,3,3,0,1,1,1,0,1,0,0,0,1,0
18,2,86,3,6,2,2,2,0,1,1,1,0,0,0,0,1,0,0
19,3,83,1,2,4,3,3,0,1,0,1,1,0,0,0,1,0,0
21,3,73,2,6,1,1,1,0,1,0,0,0,1,0,0,0,1,0
22,6,71,3,7,1,0,0,1,1,0,0,1,0,0,1,0,0,0
19,4,88,1,3,2,1,1,0,1,0,0,0,0,0,0,0,0,1
21,3,88,1,4,2,2,2,0,1,0,0,0,0,1,0,0,0,0
19,3,81,0,4,1,2,2,0,1,1,0,0,0,1,0,0,0,1
19,6,75,2,6,1,1,1,0,1,1,1,0,0,1,0,0,0,0
17,4,73,1,3,3,4,4,0,1,1,1,0,0,1,0,1,0,0
19,3,79,0,3,1,2,2,0,1,0,1,0,1,0,0,0,0,0
18,1,87,3,5,2,2,2,0,1,0,1,0,1,0,0,0,0,0
18,5,99,4,6,4,3,3,0,1,0,1,0,1,0,1,0,0,0
23,3,81,4,5,2,1,2,0,1,1,0,0,1,0,0,0,1,0
18,4,84,4,4,3,3,3,0,1,1,1,0,0,1,0,0,0,1
26,4,91,5,6,3,3,3,0,1,0,1,0,0,0,0,0,0,0
22,5,81,3,5,1,1,1,1,1,0,0,0,0,1,0,0,0,0
21,1,84,0,3,1,1,1,0,1,1,0,0,0,0,0,1,0,0
19,2,88,1,1,4,4,3,0,1,0,0,0,0,1,0,0,1,0
22,6,90,5,6,0,1,1,1,1,1,1,1,0,0,1,0,0,0
19,2,82,0,5,2,2,2,0,1,1,0,0,0,1,0,0,0,0
21,3,78,1,3,2,2,2,0,1,1,0,1,0,0,1,0,0,0
26,5,83,1,8,3,3,3,0,1,0,1,1,0,0,0,0,0,1
20,4,68,3,8,0,0,0,1,1,0,0,0,0,1,0,1,0,0
23,4,69,3,5,2,1,1,0,1,0,1,0,0,1,0,1,0,0
19,4,73,3,5,3,3,3,0,1,1,0,1,0,0,0,0,1,0
20,3,95,1,1,3,3,3,0,0,0,0,1,0,0,1,0,0,0
24,3,89,2,7,2,2,2,0,1,1,1,0,1,0,0,0,0,1
19,4,61,4,3,2,2,2,1,1,1,0,1,0,0,0,1,0,0
25,4,93,0,4,3,3,3,0,1,1,0,0,0,0,0,0,0,0
22,5,93,4,7,2,3,3,0,1,0,0,0,1,0,1,0,0,0
19,3,74,3,9,2,2,2,1,1,0,0,0,0,1,1,0,0,0
22,4,78,1,8,2,2,2,0,0,1,1,0,0,1,0,0,0,0
23,3,93,0,5,3,3,3,0,1,1,1,0,0,0,1,0,0,0
22,3,82,3,6,2,2,2,0,1,0,1,0,0,1,0,0,0,1
17,2,77,1,3,2,2,2,0,1,1,0,1,0,0,0,0,1,0
19,3,76,1,2,2,1,1,0,1,0,0,0,0,0,0,0,0,1
20,3,100,0,7,0,0,0,0,1,0,1,0,0,1,0,1,0,0
20,5,88,2,6,3,3,3,0,1,0,1,0,0,1,0,0,0,0
22,4,79,0,2,2,1,1,0,1,0,0,0,0,0,0,0,1,0
21,4,93,1,5,1,2,2,0,1,0,0,0,1,0,0,1,0,0
18,3,81,0,6,3,3,3,0,0,1,1,0,0,1,0,1,0,0
21,2,91,3,7,2,3,3,0,0,1,0,0,1,0,0,0,1,0
22,4,86,1,6,3,3,3,0,0,1,1,0,1,0,0,1,0,0
22,5,79,2,4,1,1,1,0,1,0,1,0,0,0,0,1,0,0
23,2,86,3,4,0,0,1,1,0,0,0,0,1,0,1,0,0,0
22,4,86,5,5,3,3,3,1,1,1,0,1,0,0,0,0,0,1
22,3,88,3,6,1,1,1,0,1,0,0,0,1,0,0,0,0,0
20,3,95,1,7,1,1,1,0,1,1,0,0,0,0,1,0,0,0
17,3,99,2,8,2,2,2,0,1,0,0,1,0,0,0,0,1,0
21,4,85,0,5,3,3,3,0,1,1,1,1,0,0,0,0,1,0
21,3,66,3,3,0,0,0,1,1,0,0,1,0,0,0,0,1,0
21,3,89,4,7,0,0,0,0,0,1,0,0,1,0,0,0,0,0
18,1,79,3,5,2,2,2,1,1,0,0,1,0,0,0,0,0,1
18,4,68,3,5,4,3,3,0,1,1,0,1,0,0,0,0,1,0
23,4,87,2,5,2,2,2,0,1,1,1,0,0,1,0,1,0,0
20,4,85,1,8,2,2,2,0,1,0,1,0,0,1,0,1,0,0
22,3,75,0,6,1,1,1,0,1,0,1,0,1,0,0,0,1,0
21,5,72,2,8,1,1,1,1,1,0,0,0,1,0,0,1,0,0
21,4,78,2,5,1,0,0,0,1,0,0,0,0,1,0,0,1,0
23,5,86,2,4,2,2,2,0,1,0,0,0,0,0,0,1,0,0
19,4,75,2,7,2,2,2,1,0,0,0,1,0,0,0,1,0,0
21,4,87,5,4,3,3,3,0,1,0,0,0,0,0,0,1,0,0
20,2,78,0,7,1,1,1,0,1,0,0,0,0,0,1,0,0,0
20,1,86,5,5,1,1,1,1,0,0,0,1,0,0,1,0,0,0
20,5,84,2,7,2,2,2,0,0,0,0,0,0,0,0,0,0,1
21,4,61,1,6,2,1,1,0,0,0,0,0,1,0,1,0,0,0
19,8,82,0,3,2,3,3,0,1,0,0,0,1,0,0,0,1,0
23,3,80,4,1,3,3,4,0,1,1,1,0,1,0,0,0,0,1
19,4,76,3,6,1,2,2,0,1,0,0,0,0,1,0,0,0,1
20,5,71,0,6,1,1,1,0,1,1,0,0,0,1,0,1,0,0
20,3,80,0,3,1,1,1,0,1,1,0,0,1,0,0,0,0,0
24,3,79,2,6,1,1,1,1,1,0,0,0,0,1,0,0,0,0
21,3,87,2,8,3,3,3,0,1,0,0,0,0,0,0,0,0,0
23,3,80,2,4,3,3,3,0,0,0,0,0,0,0,0,1,0,0
17,4,82,2,2,3,3,3,0,0,0,0,0,0,1,1,0,0,0
21,4,84,3,7,1,1,1,1,1,1,0,0,0,1,0,0,1,0
23,1,78,2,7,0,1,1,1,1,1,0,1,0,0,0,0,0,0
21,4,74,3,4,1,2,2,0,1,1,0,0,0,1,1,0,0,0
23,4,99,0,6,4,4,4,0,1,1,0,0,0,0,0,0,1,0
19,3,81,1,6,0,0,0,1,1,0,0,1,0,0,0,0,0,1
24,6,80,1,5,2,1,1,0,1,0,0,0,1,0,1,0,0,0
26,4,93,2,6,2,2,2,1,1,1,1,1,0,0,0,1,0,0
20,4,97,1,4,2,3,3,1,1,1,0,0,0,0,1,0,0,0
20,5,93,4,3,4,3,3,1,1,0,1,0,1,0,1,0,0,0
24,6,78,2,6,4,4,4,0,1,0,0,0,0,0,0,1,0,0
24,3,84,3,6,2,1,1,1,1,1,0,0,0,0,0,1,0,0
19,5,86,3,1,4,4,3,0,1,1,1,0,1,0,0,0,0,0
20,6,99,1,3,4,3,4,0,0,0,0,0,0,1,0,1,0,0
20,3,85,2,4,2,2,2,0,1,1,0,1,0,0,0,0,0,0
18,2,85,2,6,1,1,1,0,0,0,0,0,1,0,0,0,0,0
19,4,73,0,2,4,3,3,0,1,0,0,1,0,0,0,1,0,0
18,5,72,2,4,3,3,3,0,1,0,0,0,0,1,0,0,0,1
19,3,92,1,9,2,3,3,0,1,0,0,0,1,0,0,1,0,0
20,5,84,2,5,3,4,3,0,1,1,0,0,1,0,1,0,0,0
21,2,85,3,5,0,0,0,0,1,1,0,0,0,0,0,1,0,0
24,3,90,1,5,1,1,1,0,1,0,0,0,1,0,1,0,0,0
18,3,88,0,7,2,3,3,0,1,1,0,0,0,1,0,1,0,0
23,3,87,1,5,2,2,2,1,1,1,1,0,1,0,0,0,0,1
20,2,87,1,5,1,0,0,0,1,1,0,0,0,0,0,0,0,0
20,3,83,1,5,2,2,2,0,0,0,0,0,0,1,0,1,0,0
22,1,83,1,7,1,1,1,0,1,0,0,1,0,0,1,0,0,0
18,4,89,2,6,2,2,2,0,1,1,1,1,0,0,0,0,0,0
21,4,74,1,5,1,1,1,1,1,0,0,0,1,0,0,1,0,0
21,5,73,3,7,0,0,0,1,0,0,0,0,0,1,1,0,0,0
22,3,82,0,4,4,3,3,0,1,0,0,0,0,0,0,0,0,0
21,1,83,1,1,4,3,3,0,1,0,0,0,1,0,1,0,0,0
26,4,87,4,6,2,1,1,0,0,0,0,0,1,0,0,1,0,0
19,3,80,1,6,1,1,1,0,1,0,0,0,0,0,0,1,0,0
19,5,75,0,4,4,3,3,0,1,0,0,0,0,0,1,0,0,0
19,3,86,1,5,2,3,3,0,1,0,0,0,0,1,0,0,0,1
19,6,92,4,7,2,2,2,0,1,1,0,0,0,1,0,0,0,0
19,2,84,1,6,0,0,0,1,1,0,0,0,0,1,0,0,0,1
23,4,70,2,8,3,3,3,0,0,1,0,0,1,0,1,0,0,0
24,4,84,1,6,1,1,1,1,0,0,0,1,0,0,0,1,0,0
19,3,66,1,5,1,1,1,1,1,1,0,0,0,0,0,0,0,1
19,4,81,3,5,0,0,0,1,1,1,0,0,1,0,1,0,0,0
22,3,65,1,6,1,1,1,1,1,1,0,0,0,1,0,1,0,0
19,1,78,3,6,0,1,1,1,1,0,0,0,0,0,1,0,0,0
22,3,86,1,5,0,0,0,0,1,1,0,0,0,0,0,0,0,1
21,3,79,3,4,2,2,2,0,1,0,0,0,1,0,0,0,0,0
17,5,91,1,4,3,3,3,0,1,1,0,0,1,0,0,1,0,0
24,4,83,0,6,2,2,2,0,1,0,0,1,0,0,1,0,0,0
25,3,73,2,6,2,2,2,1,1,1,1,0,0,0,0,0,1,0
19,3,89,2,1,3,2,3,0,0,1,0,0,1,0,0,0,0,1
20,3,87,0,4,2,2,2,0,1,0,0,1,0,0,1,0,0,0
21,5,92,3,2,2,2,2,0,1,1,0,0,0,1,0,0,0,1
21,2,87,1,4,1,1,1,1,1,1,1,0,0,1,0,1,0,0
22,2,85,3,4,2,2,2,0,1,0,0,1,0,0,0,1,0,0
25,2,74,5,5,2,1,1,1,1,0,0,0,0,0,1,0,0,0
20,4,88,0,5,2,2,2,0,1,0,0,0,0,0,1,0,0,0
19,5,80,1,9,1,1,1,1,1,0,0,0,0,0,0,1,0,0
18,4,88,0,6,2,2,2,0,1,0,0,1,0,0,0,0,1,0
19,4,99,0,6,3,3,3,0,0,0,0,0,0,0,0,1,0,0
20,3,91,2,2,2,1,1,0,1,0,0,0,0,0,0,0,0,0
24,4,84,0,4,1,2,2,0,1,0,1,0,0,1,0,0,0,1
19,3,82,0,3,1,1,1,1,1,1,0,0,0,1,1,0,0,0
21,3,78,1,6,1,2,2,0,1,0,0,0,0,0,1,0,0,0
21,3,63,0,5,1,1,1,0,1,1,0,1,0,0,0,0,0,1
23,4,82,0,4,2,2,2,0,0,0,1,0,0,1,0,1,0,0
26,6,77,1,7,2,3,3,0,1,1,1,0,1,0,0,0,0,1
19,5,84,2,5,2,2,2,0,1,1,0,0,0,1,0,0,0,0
19,4,77,4,7,0,0,0,1,1,0,0,1,0,0,1,0,0,0
23,6,83,1,7,1,1,1,0,1,1,0,0,0,1,0,1,0,0
22,7,92,0,4,4,4,4,0,1,1,0,0,0,0,0,0,0,1
25,4,83,0,7,0,1,1,1,1,1,1,0,1,0,0,1,0,0
22,4,73,2,5,2,2,2,0,1,1,0,0,0,0,1,0,0,0
20,2,75,1,4,2,2,2,0,1,1,0,1,0,0,1,0,0,0
22,4,87,2,6,3,3,3,0,1,0,1,0,0,0,0,0,0,1
23,3,88,1,2,0,0,0,0,1,0,1,0,0,1,0,0,1,0
22,1,75,1,4,1,1,1,0,1,0,1,0,0,0,1,0,0,0
22,5,81,4,6,3,3,3,1,1,0,1,0,0,0,0,0,0,0
23,4,89,0,5,1,1,1,0,1,0,0,0,0,1,0,0,0,0
23,2,95,3,7,1,0,0,1,1,1,0,1,0,0,0,1,0,0
24,1,83,3,4,2,2,2,0,1,0,1,0,1,0,0,0,0,1
22,3,80,3,5,1,0,0,0,1,0,0,0,0,1,0,1,0,0
20,3,79,5,5,1,2,2,0,1,1,0,0,1,0,1,0,0,0
21,3,83,1,2,3,2,2,0,1,0,0,0,0,1,0,0,0,1
23,1,93,2,6,2,2,2,0,1,1,0,0,0,1,0,1,0,0
19,4,83,3,6,2,2,2,0,1,1,1,0,0,1,1,0,0,0
21,4,86,1,2,2,2,2,0,1,1,1,0,0,0,0,1,0,0
20,2,70,5,1,3,4,4,0,1,0,0,0,0,0,1,0,0,0
21,1,94,3,4,2,2,2,0,1,0,0,0,1,0,0,1,0,0
23,5,92,5,7,2,2,2,0,0,0,0,1,0,0,0,0,0,1
21,3,79,4,10,0,0,0,0,1,0,0,1,0,0,1,0,0,0
21,4,81,2,2,4,4,3,0,1,0,0,0,1,0,0,0,0,0
18,4,91,0,8,4,4,4,0,1,1,0,0,0,0,0,0,1,0
22,3,100,2,7,0,0,0,0,1,0,0,0,0,0,0,0,0,1
22,5,68,1,4,1,1,1,0,1,0,1,1,0,0,1,0,0,0
25,5,77,0,8,1,1,1,0,0,0,0,0,1,0,0,0,1,0
20,4,78,0,6,2,2,2,0,1,0,0,0,0,1,0,0,0,1
21,4,90,2,5,1,1,1,1,1,0,1,0,0,0,0,0,0,1
21,3,84,0,2,2,3,3,0,1,0,1,0,1,0,0,1,0,0
24,4,77,3,5,2,1,1,0,1,1,0,0,0,0,0,0,0,1
20,6,70,1,5,2,1,1,0,1,0,0,0,1,0,0,0,1,0
21,5,90,1,9,2,2,2,0,1,1,1,1,0,0,0,0,0,0
22,1,80,0,3,3,3,3,0,0,0,1,0,0,0,1,0,0,0
21,4,72,0,3,2,2,2,0,1,0,0,0,0,1,0,0,0,1
20,4,76,3,4,2,2,2,0,1,1,1,0,0,1,0,0,0,0
21,5,78,2,10,1,0,0,0,1,0,1,1,0,0,0,0,1,0
23,5,79,1,3,4,4,3,0,1,1,0,0,0,1,0,1,0,0
18,4,73,2,7,1,1,1,0,1,0,0,0,0,1,0,0,0,1
21,2,73,4,2,3,3,3,0,1,1,0,0,0,1,0,0,0,1
19,3,100,1,6,3,3,3,0,1,1,1,1,0,0,0,0,0,1
23,2,84,0,5,2,2,2,0,1,1,0,0,1,0,1,0,0,0
17,2,78,0,4,2,2,2,0,0,1,1,0,0,0,0,1,0,0
19,5,85,4,6,2,2,3,0,1,1,1,0,1,0,1,0,0,0
21,3,83,2,4,2,3,3,0,1,0,1,0,1,0,0,1,0,0
24,6,74,2,2,2,2,2,0,1,1,0,0,1,0,0,0,1,0
20,3,66,1,4,0,0,0,1,1,1,0,0,0,1,0,0,0,1
19,3,77,0,3,1,0,0,0,1,0,0,0,0,0,0,0,1,0
25,4,80,1,6,3,3,3,0,1,0,1,0,1,0,0,1,0,0
17,3,81,2,5,3,3,3,0,1,0,0,0,0,0,1,0,0,0
17,4,67,1,8,1,2,2,0,0,1,0,1,0,0,0,0,1,0
22,3,100,3,4,2,2,2,0,1,0,1,1,0,0,0,0,0,0
19,3,100,2,6,3,3,3,0,1,1,1,1,0,0,0,0,1,0
18,3,85,2,3,2,1,1,0,0,0,0,0,0,1,1,0,0,0
22,2,82,4,4,2,2,2,1,1,0,0,1,0,0,0,0,0,1
21,5,77,2,3,4,3,3,0,1,0,0,0,0,1,1,0,0,0
19,4,86,2,7,1,1,1,0,0,1,0,0,1,0,0,1,0,0
18,4,81,4,4,2,2,2,0,1,1,0,0,1,0,1,0,0,0
22,4,92,1,4,2,2,2,1,1,0,0,0,1,0,0,0,1,0
22,4,89,1,6,1,0,0,0,1,0,0,0,0,0,1,0,0,0
20,6,75,3,4,3,2,2,0,1,1,1,1,0,0,1,0,0,0
25,4,76,2,8,1,2,2,1,0,1,0,0,0,0,0,0,0,1
18,1,89,0,9,0,0,0,1,1,0,1,1,0,0,0,0,1,0
17,3,87,0,3,3,3,3,0,1,0,0,1,0,0,0,0,0,0
19,2,73,1,7,1,0,0,0,0,0,1,0,1,0,0,1,0,0
20,4,78,0,4,0,0,0,1,1,1,0,1,0,0,1,0,0,0
21,3,80,1,4,1,1,1,0,1,0,1,0,0,1,1,0,0,0
20,4,81,1,6,1,2,1,0,0,1,0,0,0,1,1,0,0,0
21,3,81,2,5,2,2,2,0,1,0,0,0,0,1,1,0,0,0
18,4,74,3,5,3,3,3,0,1,1,0,0,0,0,1,0,0,0
24,3,83,2,7,1,1,1,1,1,0,1,0,0,1,0,0,0,1
20,3,82,1,7,2,2,2,0,1,1,0,0,0,0,0,0,0,1
23,4,75,4,5,2,3,3,0,1,1,0,0,1,0,0,0,1,0
21,4,83,0,4,1,1,1,0,1,0,1,1,0,0,0,0,0,1
22,5,81,2,5,0,0,0,0,1,0,1,0,0,1,0,0,0,0
22,4,78,1,5,3,3,3,0,1,1,0,0,0,1,0,0,0,1
22,5,72,3,6,2,2,2,0,1,0,0,1,0,0,0,0,0,0
22,4,92,3,5,2,1,1,0,1,0,1,0,1,0,0,0,1,0
23,3,96,1,3,1,1,1,0,1,0,0,1,0,0,0,0,1,0
21,4,84,4,7,1,1,1,1,0,0,0,0,0,1,0,0,1,0
22,5,93,1,5,3,2,3,0,1,1,0,0,0,1,1,0,0,0
20,5,83,3,4,1,2,2,0,1,0,1,0,0,1,1,0,0,0
24,4,70,2,7,0,1,1,0,1,0,1,0,1,0,0,0,1,0
19,3,84,2,7,1,1,1,0,1,0,1,0,1,0,0,1,0,0
25,5,79,1,2,4,4,4,0,1,0,0,0,1,0,0,0,0,1
20,0,85,1,7,0,0,0,0,1,0,0,0,0,1,0,1,0,0
17,6,94,2,5,3,3,3,0,1,1,1,0,0,1,1,0,0,0
21,4,77,0,5,2,2,2,0,1,0,0,1,0,0,1,0,0,0
19,4,70,0,5,2,1,1,1,1,0,0,0,1,0,0,0,0,1
22,3,88,1,6,0,0,0,1,1,1,1,0,1,0,0,0,1,0
19,6,92,2,5,3,3,3,0,1,0,0,0,0,1,0,0,0,0
20,2,89,2,7,4,3,4,0,0,1,1,0,1,0,0,1,0,0
17,3,73,1,4,2,2,2,0,1,1,0,0,0,0,1,0,0,0
20,6,73,4,7,1,1,1,1,0,1,0,0,1,0,0,1,0,0
17,2,88,0,5,2,2,2,1,1,1,0,0,0,0,0,0,1,0
17,4,78,2,6,1,0,0,0,1,0,1,0,0,1,0,1,0,0
22,3,74,5,3,4,3,3,0,1,0,1,0,0,1,0,1,0,0
22,6,91,0,6,3,4,4,0,1,1,1,1,0,0,0,0,0,1
21,3,79,1,6,1,1,1,1,1,0,1,0,0,1,0,0,0,1
18,2,95,2,8,2,2,2,0,1,1,0,0,0,0,1,0,0,0
20,4,78,0,6,2,2,2,0,1,0,0,0,1,0,0,1,0,0
21,3,76,3,4,2,2,2,0,1,1,0,1,0,0,1,0,0,0
18,4,81,1,4,4,4,4,0,1,0,1,1,0,0,0,0,1,0
24,4,88,0,6,1,1,1,1,0,1,0,0,0,1,0,0,0,0
22,2,84,2,4,3,3,3,0,1,0,1,0,0,1,0,0,0,1
20,6,97,2,4,2,2,2,0,1,0,0,0,0,1,0,0,0,0
21,3,83,1,4,1,1,1,1,1,0,1,1,0,0,0,0,0,0
21,3,80,0,5,1,1,1,0,1,1,0,0,0,1,0,0,0,1
17,4,94,1,5,2,2,2,0,1,0,1,0,0,1,0,0,0,0
20,6,86,2,4,1,1,0,0,0,0,1,0,1,0,0,0,1,0
19,4,78,2,5,2,2,2,0,1,0,0,1,0,0,0,1,0,0
18,3,83,0,6,2,2,2,1,1,0,0,0,0,1,0,0,0,1
20,5,83,2,8,2,2,2,1,1,1,0,0,0,1,0,0,0,0
25,3,80,2,5,0,1,1,0,1,0,1,0,0,0,1,0,0,0
22,4,83,0,4,2,2,1,0,1,1,0,1,0,0,0,0,0,0
19,3,71,0,3,1,1,1,0,1,0,1,0,0,1,0,0,0,1
22,4,79,2,5,0,0,0,1,1,0,0,0,0,0,0,0,0,0
24,2,85,3,6,3,3,3,0,0,0,1,0,0,1,0,0,0,0
23,4,77,1,5,2,2,2,1,1,0,0,1,0,0,0,0,1,0
21,4,74,2,7,2,3,3,0,1,0,0,0,1,0,0,0,1,0
19,4,81,2,8,2,2,2,0,1,0,0,1,0,0,0,0,0,1
22,3,78,1,4,2,2,2,0,1,0,0,0,0,0,0,0,1,0
21,5,71,2,3,1,1,1,0,1,1,0,1,0,0,1,0,0,0
23,1,71,2,7,2,2,2,0,1,0,1,0,0,0,0,0,1,0
22,3,85,2,6,3,2,2,0,1,1,1,0,1,0,0,0,0,1
23,7,82,2,6,1,0,0,0,1,1,1,1,0,0,0,0,1,0
19,4,84,1,6,2,2,2,0,1,0,0,0,1,0,0,0,0,0
23,5,79,5,2,3,3,3,0,1,0,1,1,0,0,0,1,0,0
21,4,69,1,6,2,2,2,0,0,0,0,1,0,0,1,0,0,0
25,6,75,2,5,1,1,1,1,1,0,1,0,0,0,0,0,1,0
19,3,79,1,6,1,1,1,1,1,0,0,0,0,1,0,0,0,1
24,4,85,5,3,3,3,3,0,1,1,0,1,0,0,0,1,0,0
21,5,68,1,5,1,2,2,1,1,1,0,0,1,0,0,1,0,0
19,5,63,0,4,0,0,0,1,1,0,1,0,0,1,1,0,0,0
19,1,93,2,7,2,2,2,1,0,0,0,0,0,1,0,0,0,0
20,4,86,3,5,3,3,3,0,1,0,0,0,0,0,0,1,0,0
21,2,75,2,4,2,2,2,0,1,1,1,0,0,1,0,1,0,0
22,3,80,1,3,4,3,3,0,1,0,0,1,0,0,1,0,0,0
19,3,78,2,7,0,0,0,0,1,0,1,0,1,0,1,0,0,0
20,1,84,1,7,0,1,1,0,1,1,1,1,0,0,0,0,1,0
25,5,77,2,9,1,1,1,1,1,1,0,0,1,0,0,0,1,0
24,2,72,3,4,1,0,0,1,1,0,1,0,1,0,0,1,0,0
22,3,85,1,3,3,3,3,0,1,1,0,1,0,0,0,0,0,0
21,4,96,4,5,4,3,3,0,1,1,1,1,0,0,0,0,0,1
21,2,86,1,4,3,4,3,0,1,0,0,0,1,0,0,1,0,0
22,4,82,1,4,2,2,2,0,1,1,0,1,0,0,0,1,0,0
18,3,80,3,6,0,0,0,1,0,1,0,0,0,0,0,0,0,0
20,3,75,1,7,1,1,1,1,0,1,1,1,0,0,1,0,0,0
17,2,78,0,6,1,1,1,1,1,1,0,0,0,0,1,0,0,0
21,2,85,3,5,1,1,1,0,1,0,1,0,1,0,0,0,0,1
22,4,91,0,7,2,2,2,0,1,0,0,0,0,0,0,0,0,0
19,1,91,2,5,2,2,2,0,1,1,0,0,1,0,1,0,0,0
24,6,83,3,8,1,0,0,1,0,1,1,0,0,1,1,0,0,0
18,3,83,3,10,1,1,1,0,1,1,1,1,0,0,0,1,0,0
17,2,82,1,4,1,0,0,1,1,1,0,1,0,0,1,0,0,0
21,4,86,4,7,2,1,1,0,1,0,1,1,0,0,0,0,0,0
23,3,82,2,7,0,0,0,1,0,1,1,0,0,0,0,0,0,1
24,5,82,2,6,1,2,2,0,1,0,1,0,1,0,0,0,0,1
20,2,75,1,7,2,2,2,0,1,0,0,0,0,1,0,1,0,0
23,2,74,4,6,1,1,1,0,1,1,1,0,0,0,0,0,1,0
20,4,76,1,6,2,2,2,1,1,1,0,0,0,1,0,0,0,0
20,5,83,1,5,2,3,3,0,0,0,0,1,0,0,0,0,0,1
22,4,79,2,5,1,1,1,1,0,0,0,0,1,0,0,1,0,0
22,4,100,3,6,1,1,1,0,1,0,0,0,1,0,0,0,0,0
17,2,85,1,6,3,3,3,0,1,0,0,0,1,0,1,0,0,0
24,3,94,0,3,2,2,2,0,1,0,0,0,1,0,1,0,0,0
24,3,93,2,6,3,3,3,0,1,0,1,0,0,0,0,0,1,0
19,5,85,0,5,3,3,3,0,1,0,0,0,1,0,0,0,0,1
21,5,81,2,4,2,2,2,0,1,0,0,0,1,0,1,0,0,0
22,4,74,0,7,1,1,1,1,1,1,0,0,0,0,0,0,0,0
21,6,77,2,3,3,3,3,0,1,0,1,0,0,0,0,1,0,0
19,4,88,3,5,3,3,3,0,1,1,0,0,0,1,1,0,0,0
19,5,84,1,3,3,3,3,0,1,1,0,0,0,0,0,0,1,0
20,4,61,5,5,1,2,2,1,0,1,1,0,1,0,0,1,0,0
23,3,80,1,9,1,1,1,0,1,1,0,0,0,1,0,0,0,1
22,3,84,2,4,1,2,2,0,1,0,1,0,0,0,0,0,0,0
20,2,82,1,5,3,3,3,0,1,0,0,0,0,0,0,1,0,0
22,3,80,3,8,3,3,3,0,1,1,1,0,0,1,1,0,0,0
17,4,81,0,6,3,3,3,0,1,0,1,1,0,0,0,0,0,0
23,3,62,1,5,2,2,2,1,1,0,0,0,0,1,0,0,0,1
17,4,82,1,4,1,2,2,0,1,0,0,0,0,1,0,0,0,0
20,3,73,1,6,1,1,1,1,0,1,1,0,0,0,0,1,0,0
18,2,84,2,4,2,2,2,0,1,0,1,0,0,0,0,0,0,1
18,4,83,3,9,1,1,1,0,1,0,0,1,0,0,1,0,0,0
23,1,88,1,5,1,1,1,0,0,0,0,1,0,0,0,0,0,0
20,4,73,1,5,2,2,2,0,0,1,1,0,1,0,0,0,0,1
21,4,95,7,7,0,0,0,1,0,1,0,0,0,0,0,0,0,1
20,5,66,4,7,1,1,1,0,1,1,0,0,1,0,0,0,1,0
22,4,81,2,5,2,2,2,0,1,1,0,0,0,0,0,0,0,0
21,3,65,2,4,3,3,3,0,1,1,1,0,0,1,0,0,0,1
18,4,85,0,5,2,2,2,0,1,0,1,0,1,0,0,0,0,1
23,4,80,0,7,2,2,2,0,1,0,1,1,0,0,0,0,0,0
19,2,78,4,6,1,0,0,1,1,1,1,0,0,1,0,1,0,0
17,4,84,2,2,3,3,3,0,1,0,0,1,0,0,0,0,1,0
20,3,73,1,3,1,1,1,0,1,1,1,0,0,1,1,0,0,0
24,6,96,1,5,4,3,3,0,1,1,1,0,0,0,0,0,0,1
22,3,80,4,6,2,2,2,0,1,0,0,1,0,0,1,0,0,0
20,3,82,2,5,1,0,0,0,1,0,0,1,0,0,0,1,0,0
20,2,81,2,4,0,0,0,0,1,0,1,0,1,0,1,0,0,0
20,3,89,1,3,2,3,3,0,1,1,0,0,1,0,0,0,1,0
25,1,72,5,7,0,0,0,0,1,1,0,0,0,1,0,0,1,0
21,4,88,1,5,1,1,1,1,1,0,0,0,0,0,1,0,0,0
21,4,77,1,8,1,1,1,1,1,0,0,0,0,1,0,0,0,1
23,3,77,1,3,2,2,2,0,1,1,1,1,0,0,0,0,0,0
21,4,89,2,6,2,2,2,0,1,0,0,0,1,0,0,1,0,0
20,2,79,1,6,2,2,2,0,1,1,0,0,0,0,0,0,0,0
20,3,86,0,7,1,1,1,0,1,1,0,1,0,0,0,0,0,1
20,4,87,3,5,3,3,3,0,1,0,1,0,0,0,0,0,0,0
20,2,79,4,4,1,0,0,0,1,0,1,0,0,1,0,0,0,0
22,4,83,3,5,2,2,2,0,1,0,1,0,0,0,0,0,0,0
21,3,78,0,5,2,3,3,0,0,0,0,0,0,0,0,0,0,0
22,1,81,1,3,2,2,2,0,1,0,0,0,0,1,0,0,0,1
20,2,85,1,7,1,1,1,0,1,1,0,0,1,0,0,0,0,1
21,5,74,2,1,4,3,3,0,1,0,1,0,0,0,0,0,0,1
17,3,85,2,3,3,3,3,0,1,0,1,1,0,0,0,0,1,0
23,4,84,1,2,3,3,3,0,1,0,0,0,0,1,0,0,0,1
21,3,70,1,7,0,0,0,1,1,1,0,1,0,0,0,0,0,0
23,4,76,2,5,1,1,1,1,1,0,0,1,0,0,0,0,0,0
17,4,76,5,4,2,3,2,0,1,1,0,1,0,0,0,0,0,0
25,3,78,2,5,1,1,1,0,1,0,0,0,0,0,0,0,0,1
20,3,74,1,6,3,2,2,0,1,1,0,0,0,0,0,0,0,0
23,4,89,1,3,4,3,3,0,1,1,0,0,1,0,0,0,1,0
18,3,90,3,5,2,2,2,0,0,1,1,0,0,1,0,1,0,0
22,3,75,1,8,2,2,2,0,1,0,0,0,1,0,1,0,0,0
18,2,72,3,8,1,1,1,1,1,0,0,0,0,1,1,0,0,0
19,4,81,0,7,2,2,2,0,1,0,0,0,0,1,1,0,0,0
25,5,92,2,6,2,2,2,0,0,0,0,0,1,0,0,1,0,0
20,2,99,5,7,2,2,2,0,1,0,1,0,0,1,0,0,0,0
21,3,76,2,6,1,1,1,0,1,0,0,1,0,0,0,0,0,1
22,4,63,0,5,2,2,2,0,1,0,0,1,0,0,0,0,0,0
22,4,70,1,3,1,1,1,1,1,1,0,1,0,0,0,0,0,1
21,1,67,1,6,1,1,1,1,1,1,1,0,0,0,0,0,0,1
21,4,85,3,4,2,2,2,0,0,0,0,0,0,0,0,1,0,0
26,4,82,1,3,4,4,4,0,1,1,1,0,0,0,0,0,0,1
20,5,83,2,7,0,0,1,0,1,0,1,0,1,0,0,1,0,0
21,4,91,2,5,0,0,0,0,0,1,1,0,0,0,0,0,1,0
23,2,95,0,5,2,2,2,0,1,0,0,0,1,0,0,0,1,0
23,3,88,0,3,2,2,2,0,1,1,0,0,1,0,0,1,0,0
23,4,87,0,5,4,4,3,0,1,0,1,0,0,1,0,0,1,0
22,4,70,5,4,2,2,2,0,1,1,1,0,1,0,0,0,1,0
18,4,62,0,5,2,3,3,0,1,0,1,0,0,1,0,0,0,1
24,3,93,1,3,3,3,3,0,1,0,0,0,0,0,0,0,0,0
18,3,77,0,8,2,3,3,0,1,1,1,0,1,0,0,1,0,0
21,3,90,5,8,1,1,1,0,1,1,0,0,0,1,0,0,1,0
19,2,83,1,5,1,1,1,1,0,0,0,0,0,1,0,0,0,0
20,2,88,1,3,2,2,2,0,1,0,0,0,1,0,0,0,1,0
21,3,75,4,2,2,3,3,0,1,1,0,1,0,0,1,0,0,0
21,2,88,0,4,1,1,1,0,1,0,0,0,1,0,0,1,0,0
21,2,76,0,1,3,3,3,0,1,1,0,0,1,0,0,0,0,0
24,2,83,2,4,2,2,2,0,1,1,0,0,0,1,0,1,0,0
22,4,81,2,1,3,3,3,0,1,0,1,1,0,0,1,0,0,0
20,4,91,3,5,2,2,3,0,1,1,0,0,0,1,0,0,1,0
23,4,88,1,5,2,2,2,0,0,0,0,1,0,0,0,0,1,0
23,3,67,0,5,1,1,1,1,1,1,1,1,0,0,1,0,0,0
18,3,75,1,9,1,0,0,0,1,0,0,0,0,1,0,0,1,0
22,1,76,4,5,1,0,0,1,1,0,1,0,0,1,0,0,0,1
22,4,87,2,8,3,3,3,0,1,0,0,1,0,0,0,0,0,1
20,3,78,0,6,0,0,0,1,1,1,0,1,0,0,0,0,0,1
24,4,73,1,9,0,0,0,0,0,1,1,0,0,0,0,0,0,0
20,2,71,2,2,2,1,1,0,1,0,1,0,0,1,0,0,1,0
21,6,87,1,3,4,3,3,0,0,1,0,1,0,0,0,0,0,0
20,4,65,2,5,2,2,2,1,1,1,0,0,0,1,0,0,1,0
21,3,90,2,8,0,0,0,0,1,0,1,0,0,0,0,1,0,0
18,2,71,2,5,2,3,3,0,1,1,0,0,0,1,0,0,0,0
17,4,78,0,5,3,4,3,0,0,0,0,1,0,0,0,1,0,0
24,4,72,1,6,2,2,2,0,1,0,1,0,0,0,0,0,0,0
19,1,74,1,7,0,0,0,0,1,0,0,0,1,0,0,0,0,1
18,3,80,2,4,3,3,3,0,1,0,0,0,0,1,0,0,0,1
17,3,80,3,4,4,4,3,0,1,0,1,1,0,0,0,0,0,1
19,4,69,2,8,0,0,0,1,1,1,0,0,0,0,1,0,0,0
18,1,78,0,7,0,0,0,0,1,1,1,1,0,0,0,1,0,0
24,5,82,3,8,2,2,2,0,1,0,0,0,1,0,0,1,0,0
23,4,85,5,7,1,1,1,0,1,0,1,0,1,0,0,0,0,1
19,5,65,2,4,1,1,1,0,1,1,0,0,0,1,1,0,0,0
26,3,78,0,5,0,0,0,1,1,1,1,1,0,0,0,0,0,0
23,5,65,1,3,3,3,3,0,1,0,1,0,0,0,0,0,0,0
20,2,77,1,7,1,1,1,0,1,0,1,0,0,1,0,0,0,1
17,1,78,3,4,1,0,0,1,1,1,1,0,0,1,0,1,0,0
26,4,87,6,2,2,2,2,0,1,0,0,1,0,0,0,0,1,0
17,3,89,1,5,0,0,0,1,1,0,0,1,0,0,0,0,0,1
17,5,73,3,7,0,1,1,1,1,0,0,0,0,0,1,0,0,0
23,2,84,1,3,3,3,3,0,1,1,0,0,0,1,1,0,0,0
26,3,87,2,5,2,1,1,0,1,1,1,0,1,0,0,0,0,0
24,3,76,3,4,3,2,2,0,1,0,1,0,0,1,0,0,0,0
22,5,88,4,7,1,1,1,0,1,0,1,0,0,0,0,0,0,1
22,2,83,3,1,2,2,2,1,1,0,0,0,0,0,0,0,0,0
22,5,79,0,7,3,3,3,0,1,0,1,0,1,0,0,0,1,0
22,3,83,4,4,1,1,1,0,1,1,0,0,0,1,0,0,0,1
21,3,69,1,5,1,0,0,0,1,0,0,1,0,0,0,0,0,0
21,4,83,1,7,0,0,0,0,1,0,0,0,1,0,0,0,0,1
20,2,75,2,8,1,2,1,0,1,0,0,1,0,0,0,0,0,0
19,4,82,4,5,1,1,1,0,1,0,0,1,0,0,0,0,0,0
20,4,78,4,4,1,1,1,0,1,0,1,0,0,0,0,0,0,1
17,3,84,1,4,0,1,1,0,1,0,0,1,0,0,0,1,0,0
20,4,91,1,7,2,2,2,0,1,0,0,0,1,0,0,1,0,0
18,4,83,2,3,3,3,3,1,1,0,1,0,0,0,0,0,0,1
18,4,90,1,6,3,3,3,0,0,1,1,1,0,0,0,1,0,0
21,5,73,0,5,0,0,0,0,1,0,1,0,0,1,0,0,0,1
24,4,93,0,6,1,1,1,0,1,0,0,0,1,0,0,0,0,0
23,4,73,1,5,2,2,2,0,1,0,1,0,0,1,0,0,0,0
17,2,72,2,4,2,2,2,1,1,0,0,1,0,0,0,0,0,0
18,2,79,2,4,2,2,2,0,1,0,1,0,1,0,0,0,0,1
23,3,78,2,4,1,1,1,1,1,0,0,0,1,0,0,1,0,0
18,4,69,2,3,3,3,3,0,0,1,0,0,0,1,0,0,0,0
20,4,73,4,6,2,2,2,0,1,0,1,0,0,0,0,0,0,0
22,4,38,3,5,0,0,0,1,1,0,0,0,1,0,0,0,0,1
18,4,71,2,2,1,1,1,0,1,0,0,1,0,0,0,0,0,1
21,5,76,1,4,2,2,2,0,1,0,0,0,0,1,1,0,0,0
18,6,93,1,5,2,2,2,1,1,0,0,0,0,1,0,0,0,0
19,5,87,3,4,2,2,2,0,1,0,1,0,0,1,1,0,0,0
21,3,84,4,5,2,2,2,0,1,1,0,0,0,0,0,0,0,0
17,3,99,1,5,4,4,3,0,1,0,1,0,1,0,0,0,1,0
22,4,67,2,7,1,2,2,1,1,1,1,0,0,1,0,0,1,0
21,5,81,1,5,0,1,1,1,1,1,1,0,0,1,0,0,1,0
22,5,98,4,6,3,3,3,0,1,0,1,1,0,0,0,1,0,0
21,4,77,1,3,1,1,1,0,1,0,0,0,0,0,0,1,0,0
24,2,75,4,3,0,1,1,0,1,0,0,0,0,0,0,0,0,1
21,2,88,1,3,4,4,4,0,1,1,0,0,1,0,0,0,0,0
20,5,77,1,4,3,3,3,1,1,0,1,0,0,1,0,0,0,0
21,3,92,3,5,2,2,2,0,1,0,1,0,0,1,0,1,0,0
22,2,88,2,8,0,0,0,1,1,1,0,0,0,0,0,0,0,1
21,2,80,1,4,2,3,3,1,1,1,0,0,0,1,0,0,0,1
21,3,89,0,7,0,0,0,0,1,0,1,0,1,0,0,0,1,0
19,6,80,1,4,3,3,3,1,0,0,0,1,0,0,1,0,0,0
19,3,83,2,5,2,2,2,0,1,1,1,0,0,0,1,0,0,0
17,4,86,1,5,1,1,1,0,1,0,0,0,0,1,0,0,0,1
24,4,78,1,3,2,2,2,1,1,0,0,1,0,0,0,0,1,0
18,3,94,3,4,4,3,3,0,1,1,1,0,0,0,1,0,0,0
19,1,82,1,8,2,2,2,0,1,0,0,0,0,0,0,0,1,0
19,5,84,1,4,1,1,1,0,1,0,0,0,0,1,0,0,0,0
23,3,71,0,7,2,1,1,0,1,1,1,0,1,0,0,0,0,1
20,1,76,1,6,0,0,0,0,1,0,0,0,1,0,0,1,0,0
23,1,83,2,4,1,1,1,0,1,0,0,0,0,0,0,0,0,1
19,4,88,4,5,3,3,3,0,1,1,0,0,0,1,1,0,0,0
21,5,93,3,5,1,1,1,0,1,0,0,0,0,0,0,0,0,0
19,1,73,0,6,1,1,1,0,1,1,0,1,0,0,1,0,0,0
25,3,75,2,4,1,2,1,1,0,1,0,0,0,1,1,0,0,0
18,4,72,2,2,2,2,2,0,1,1,0,0,1,0,0,1,0,0
21,4,85,3,4,2,2,2,1,1,0,0,0,1,0,1,0,0,0
22,3,93,2,7,0,0,0,1,1,1,1,0,1,0,0,0,0,0
21,3,80,2,5,1,1,1,1,1,1,0,0,1,0,0,0,0,1
20,4,67,2,5,2,2,2,0,1,1,0,0,0,0,0,0,0,1
20,4,83,2,2,3,2,2,0,1,0,1,1,0,0,0,0,0,0
21,4,78,4,7,1,0,0,1,1,0,0,0,0,0,0,1,0,0
20,3,72,2,5,2,2,2,0,1,1,0,1,0,0,1,0,0,0
23,2,90,1,7,1,1,1,0,1,0,0,0,0,0,0,0,0,0
25,4,83,2,6,1,2,1,0,1,0,0,0,1,0,0,0,0,0
19,5,77,1,6,2,2,2,1,1,0,0,0,0,0,0,0,1,0
18,3,100,2,8,0,0,0,0,0,0,1,0,0,1,0,1,0,0
20,4,82,3,5,2,2,2,0,1,1,0,0,0,0,1,0,0,0
26,4,68,2,5,0,0,0,1,1,0,0,0,1,0,0,0,1,0
19,1,87,1,8,1,0,0,1,0,1,1,0,0,1,0,0,0,1
24,3,67,1,7,2,3,3,0,1,0,1,0,0,1,0,1,0,0
24,4,85,3,4,2,1,1,1,1,0,1,0,0,0,0,1,0,0
19,3,85,0,7,2,2,3,1,1,0,1,1,0,0,0,0,0,1
22,5,93,1,8,2,1,1,0,0,1,0,1,0,0,0,0,1,0
24,2,74,3,1,2,3,3,0,1,0,1,0,1,0,0,1,0,0
20,6,79,2,3,3,3,3,0,1,0,0,0,0,0,0,0,0,0
20,4,81,2,4,2,2,2,0,0,1,0,0,0,0,0,0,1,0
19,3,88,3,6,2,2,2,0,1,1,0,0,1,0,1,0,0,0
18,5,85,4,6,2,2,2,0,1,1,1,1,0,0,0,0,1,0
19,2,86,2,6,2,2,2,0,0,1,0,0,0,0,0,0,1,0
18,6,91,2,7,3,3,3,0,1,1,0,1,0,0,1,0,0,0
21,3,80,2,3,2,2,2,0,1,0,1,0,0,0,0,0,0,1
19,4,93,3,5,3,3,3,0,1,0,1,1,0,0,0,0,0,0
21,4,81,2,7,1,1,1,0,1,0,0,0,1,0,0,0,0,1
17,2,89,1,5,2,2,2,0,1,0,0,0,1,0,0,0,0,0
21,5,78,0,7,1,1,1,0,1,1,0,0,1,0,0,0,1,0
22,4,86,0,4,2,2,2,0,1,0,0,0,0,0,0,0,0,0
17,7,91,2,3,3,3,3,0,1,0,0,0,0,0,0,0,1,0
21,4,73,5,5,2,2,2,0,1,0,0,0,0,0,0,0,0,0
23,3,89,5,6,0,0,0,1,1,1,0,0,1,0,0,0,1,0
18,1,83,1,7,0,0,0,1,1,0,1,1,0,0,0,1,0,0
24,3,98,2,6,2,3,3,0,1,1,1,0,0,0,0,0,1,0
21,4,79,1,4,2,2,2,0,1,1,0,1,0,0,0,1,0,0
19,3,84,2,6,1,1,1,1,1,0,1,0,0,1,0,1,0,0
20,4,80,3,6,2,2,2,1,1,0,0,0,0,0,0,0,1,0
22,4,87,3,1,4,3,3,0,1,1,1,1,0,0,0,0,0,0
21,4,64,6,5,2,2,2,1,1,0,0,0,0,1,0,0,0,1
22,3,70,1,6,1,1,1,0,1,0,0,1,0,0,0,0,1,0
19,2,87,3,7,1,0,0,0,1,0,0,1,0,0,0,0,0,1
21,4,82,0,5,2,3,3,0,1,1,0,0,0,0,0,0,0,0
17,4,66,0,5,0,0,0,1,1,1,0,0,0,0,1,0,0,0
20,3,76,3,5,2,1,1,1,1,0,0,0,0,1,0,0,1,0
19,1,78,1,6,0,0,0,1,1,0,1,1,0,0,0,1,0,0
19,7,78,4,3,3,3,3,0,1,1,0,1,0,0,0,1,0,0
23,4,89,0,4,2,2,3,0,1,0,0,1,0,0,0,1,0,0
23,4,92,3,1,3,4,3,0,1,1,1,1,0,0,0,0,0,1
22,1,64,1,4,2,2,2,0,1,1,0,0,0,0,0,1,0,0
18,4,81,3,6,2,1,1,0,1,0,0,1,0,0,0,0,0,1
20,5,82,3,4,3,3,3,0,1,1,0,0,0,0,1,0,0,0
23,4,70,1,5,1,1,1,0,1,0,0,0,0,1,0,0,1,0
21,4,92,3,6,3,3,3,0,1,1,0,0,0,0,0,0,1,0
26,4,85,3,10,0,0,0,1,1,1,1,0,0,0,0,1,0,0
21,2,88,4,5,3,3,3,0,1,0,0,0,0,1,0,0,0,1
21,3,78,4,6,1,1,1,1,1,0,0,0,0,0,0,0,0,0
20,3,75,2,5,2,2,2,0,1,0,0,0,0,0,0,0,1,0
21,5,77,2,6,1,1,1,0,1,0,1,1,0,0,0,0,1,0
20,4,81,1,5,2,2,2,1,1,1,1,0,0,0,0,1,0,0
22,3,78,0,4,1,2,2,0,1,0,0,0,0,0,1,0,0,0
23,3,89,0,5,2,2,2,0,1,1,0,0,1,0,1,0,0,0
19,1,100,2,7,1,1,1,0,1,0,1,0,0,1,0,0,0,1
18,4,86,0,6,2,2,2,0,1,0,1,0,1,0,0,0,0,1
17,3,66,1,3,1,1,1,1,1,1,0,1,0,0,1,0,0,0
22,4,83,0,4,2,2,2,0,1,0,0,0,1,0,0,0,0,1
18,7,72,1,3,2,2,2,0,1,0,0,0,0,1,0,0,1,0
17,3,78,2,7,1,1,1,0,1,0,1,0,1,0,0,0,1,0
21,4,81,1,4,1,1,1,0,1,1,0,0,1,0,0,0,0,0
26,3,79,3,7,3,3,3,0,1,0,0,1,0,0,0,1,0,0
21,3,73,1,7,2,2,2,0,0,0,0,1,0,0,0,0,0,1
22,2,86,2,5,2,1,1,1,1,0,1,0,1,0,0,0,1,0
21,2,66,0,6,1,1,1,1,0,0,0,0,1,0,0,1,0,0
20,1,85,2,4,2,2,2,0,1,1,1,0,0,0,0,0,0,0
23,2,74,1,7,0,0,0,1,1,1,0,0,0,1,0,1,0,0
20,4,84,1,3,1,1,1,0,1,0,0,1,0,0,0,0,0,1
21,3,71,0,4,1,1,1,1,1,1,0,0,1,0,0,0,0,1
21,3,83,0,4,2,2,2,1,1,0,0,0,1,0,0,1,0,0
19,3,93,3,7,2,2,2,0,1,1,0,1,0,0,0,0,0,1
23,4,77,3,8,0,0,0,0,1,0,0,1,0,0,0,0,1,0
20,4,77,2,4,3,3,3,0,1,1,0,0,1,0,0,0,0,0
19,4,85,5,5,1,1,1,0,1,1,0,0,0,0,1,0,0,0
22,3,83,2,3,1,1,1,0,1,0,0,0,1,0,1,0,0,0
19,4,70,2,5,0,0,0,1,1,0,0,0,0,0,1,0,0,0
21,1,90,0,7,0,0,0,0,0,0,0,0,1,0,0,0,0,1
21,3,88,1,2,4,4,4,0,1,1,1,0,0,0,1,0,0,0
23,2,92,3,5,3,3,3,0,1,1,0,0,0,0,0,0,0,0
22,4,86,5,6,2,2,2,0,1,0,1,1,0,0,0,0,0,1
20,3,97,0,5,4,4,4,0,1,0,0,0,0,1,1,0,0,0
22,2,67,2,5,2,1,1,0,1,0,0,0,0,0,1,0,0,0
24,4,94,1,7,3,3,3,0,1,1,1,0,0,1,0,0,0,0
22,5,78,3,4,3,3,3,0,0,0,1,1,0,0,0,1,0,0
21,4,77,2,4,4,3,3,0,1,1,0,1,0,0,0,0,0,0
18,4,61,1,5,2,2,2,0,1,0,0,0,0,1,0,0,0,1
18,4,86,0,6,1,1,1,1,1,1,0,1,0,0,1,0,0,0
20,4,88,0,5,2,2,2,0,1,1,1,0,0,0,0,0,0,1
19,3,78,1,4,2,2,2,0,1,0,1,1,0,0,1,0,0,0
20,3,84,1,3,1,2,2,0,1,1,0,0,0,1,0,1,0,0
21,2,100,0,5,3,3,3,0,1,0,0,0,0,0,0,0,1,0
22,4,76,0,5,0,0,0,1,1,0,0,0,0,0,0,0,1,0
20,1,78,2,3,2,2,2,0,1,0,0,0,1,0,0,0,0,0
22,2,93,0,2,3,3,3,0,0,1,0,0,1,0,0,0,0,1
21,6,69,1,2,3,3,3,0,1,1,0,0,1,0,0,0,0,1
17,3,84,0,2,4,4,3,0,1,0,0,1,0,0,0,0,0,1
18,4,62,4,3,2,3,3,0,1,1,0,0,0,1,0,0,0,1
20,2,71,3,5,0,0,0,1,1,1,1,0,0,1,0,0,0,1
18,4,72,2,5,3,3,3,0,0,0,0,0,0,0,0,1,0,0
22,5,75,1,5,0,0,0,1,1,0,0,0,0,1,0,0,0,1
24,5,72,4,6,3,3,3,0,0,0,1,0,0,1,0,1,0,0
23,2,83,3,6,1,1,1,0,1,0,0,1,0,0,0,0,0,0
20,5,93,1,6,1,1,1,0,1,0,0,1,0,0,1,0,0,0
24,4,98,3,5,2,2,2,0,1,1,0,0,1,0,1,0,0,0
21,0,73,4,3,1,2,2,1,1,0,1,1,0,0,0,0,1,0
20,2,87,2,3,1,2,2,0,1,0,1,0,0,1,0,1,0,0
19,1,91,1,4,1,1,1,0,0,0,1,1,0,0,0,0,0,1
20,4,83,2,7,1,1,1,0,1,0,0,1,0,0,0,1,0,0
20,3,87,2,9,3,3,3,0,1,0,0,0,1,0,0,1,0,0
21,3,85,0,6,0,0,0,1,1,0,0,0,1,0,1,0,0,0
21,3,85,2,6,1,1,1,0,1,1,0,0,0,1,0,1,0,0
21,6,76,2,7,2,2,2,0,1,0,1,0,0,1,0,0,0,1
22,3,66,3,8,2,2,2,0,1,0,0,0,1,0,0,1,0,0
23,4,79,3,3,1,1,1,0,1,1,0,1,0,0,0,0,0,1
23,4,75,1,10,0,0,0,1,1,1,1,0,1,0,0,0,1,0
17,2,79,1,8,0,0,0,1,1,1,0,0,1,0,0,1,0,0
17,4,89,0,3,4,3,3,0,1,1,1,0,0,1,0,0,0,1
23,4,78,4,5,4,3,3,0,1,0,0,1,0,0,0,1,0,0
18,5,83,3,10,1,1,1,1,1,1,0,0,1,0,1,0,0,0
20,3,72,3,7,2,2,2,0,1,0,0,0,0,0,1,0,0,0
18,5,78,0,4,3,3,3,0,1,0,1,0,0,1,1,0,0,0
17,4,75,2,5,3,3,3,1,1,1,1,0,0,0,0,0,1,0
22,4,83,2,6,3,3,3,0,1,1,0,1,0,0,0,0,0,1
22,5,78,3,7,0,0,0,1,1,1,1,1,0,0,0,0,0,1
19,6,89,0,8,1,0,1,1,1,1,0,0,1,0,1,0,0,0
17,5,75,1,5,2,2,2,0,1,1,0,0,0,0,0,1,0,0
19,3,99,1,6,2,2,2,0,1,0,0,0,1,0,0,0,0,0
21,3,70,2,4,2,2,2,0,1,0,0,0,1,0,0,1,0,0
17,4,84,3,3,3,3,3,0,1,0,0,1,0,0,0,0,1,0
21,4,69,1,3,2,2,2,0,1,0,1,0,0,1,0,1,0,0
21,5,90,5,5,2,2,2,0,1,0,0,0,1,0,1,0,0,0
22,2,82,0,6,3,3,3,0,1,0,0,0,0,1,0,0,0,0
21,5,83,0,2,3,3,3,0,1,0,0,0,0,0,1,0,0,0
18,2,74,2,9,2,3,3,0,1,1,0,0,1,0,0,0,1,0
23,3,90,4,4,4,3,3,0,1,0,0,0,0,1,1,0,0,0
20,4,87,2,4,3,3,3,0,1,0,0,0,0,1,0,0,1,0
20,3,77,3,5,0,0,0,1,1,1,1,0,0,0,0,0,0,0
18,4,81,1,1,4,4,4,0,1,1,0,1,0,0,1,0,0,0
20,5,74,0,6,0,1,1,0,1,1,0,0,0,1,0,0,1,0
19,3,74,3,3,2,3,3,0,0,1,0,0,1,0,0,1,0,0
20,2,77,1,2,0,0,0,0,0,1,1,0,0,0,1,0,0,0
24,2,79,0,5,0,0,0,0,1,1,0,0,0,0,0,0,0,0
18,3,82,4,5,2,2,2,1,1,0,0,0,1,0,0,0,1,0
17,4,81,2,5,2,2,2,0,1,0,0,0,0,1,0,0,0,1
24,3,75,1,5,2,2,2,0,1,0,1,0,0,1,0,0,0,0
20,6,88,2,5,2,1,1,0,1,1,1,0,0,0,1,0,0,0
19,2,90,2,5,2,1,1,0,1,1,0,0,1,0,0,0,0,1
23,1,89,1,1,4,3,3,0,1,1,1,1,0,0,0,0,1,0
19,4,87,1,5,3,3,3,0,1,0,1,0,1,0,0,1,0,0
25,3,62,0,5,0,0,0,0,1,1,0,0,0,0,1,0,0,0
22,3,74,1,5,3,3,3,0,1,0,0,0,1,0,0,0,1,0
19,4,70,1,4,1,1,1,0,0,1,0,0,0,0,0,1,0,0
25,2,67,4,6,1,1,1,0,0,1,0,0,1,0,0,1,0,0
19,4,91,2,3,2,2,2,1,1,1,1,0,1,0,0,0,0,1
22,4,95,3,6,1,1,1,0,1,0,0,1,0,0,0,0,0,0
21,3,82,2,6,0,1,1,1,1,1,1,1,0,0,0,0,0,0
23,4,85,1,8,1,0,0,0,1,1,0,0,0,0,0,1,0,0
24,6,79,0,4,4,4,4,0,0,1,1,0,0,0,0,0,0,0
21,3,91,3,7,0,0,0,0,1,0,0,1,0,0,0,0,0,0
19,3,84,0,5,1,0,0,0,1,0,0,1,0,0,0,0,0,0
22,4,77,0,5,2,2,2,0,1,0,0,0,0,0,0,0,1,0
19,3,86,0,4,1,1,1,0,1,0,1,1,0,0,1,0,0,0
25,4,80,1,6,3,3,3,0,1,1,0,0,1,0,0,0,1,0
21,5,83,0,4,2,3,3,0,0,0,0,0,1,0,1,0,0,0
20,5,87,1,5,1,1,1,0,1,0,0,0,0,1,0,0,0,1
21,3,100,3,6,2,2,2,0,1,0,0,0,0,0,0,1,0,0
18,2,96,0,5,3,3,3,0,0,0,0,0,0,0,1,0,0,0
18,3,83,4,6,2,2,2,0,1,0,0,0,0,0,0,1,0,0
23,4,74,1,8,2,2,2,0,1,1,1,0,0,0,0,0,0,1
19,3,64,3,6,1,1,1,1,1,1,0,0,1,0,0,0,1,0
18,4,92,1,4,2,2,2,0,0,0,1,0,0,0,0,0,0,1
22,6,91,0,4,3,3,3,0,1,1,0,1,0,0,0,0,0,1
23,3,77,3,5,1,2,2,0,0,0,0,0,1,0,0,0,0,1
22,2,81,0,9,0,0,0,1,1,0,0,0,0,1,1,0,0,0
23,5,83,1,3,1,1,1,0,1,0,1,1,0,0,0,0,0,1
19,2,86,1,5,2,2,2,0,1,0,0,0,0,0,1,0,0,0
17,4,95,5,8,1,2,2,0,1,0,0,0,1,0,1,0,0,0
24,3,71,2,6,0,0,0,0,1,1,0,1,0,0,0,1,0,0
20,4,87,1,5,3,3,3,0,0,0,1,0,0,1,1,0,0,0
20,3,83,1,2,4,3,3,0,1,1,0,0,0,1,0,1,0,0
23,3,77,0,8,1,1,1,0,1,1,1,0,1,0,0,0,0,0
22,4,88,1,4,3,3,3,0,1,0,1,1,0,0,0,0,1,0
22,4,81,2,3,3,2,2,0,1,0,1,0,1,0,1,0,0,0
25,4,81,2,6,2,2,2,0,1,0,0,0,0,0,1,0,0,0
19,2,84,1,8,1,1,1,0,0,0,0,0,0,1,0,0,0,1
23,3,78,3,6,2,2,2,0,1,1,0,0,0,1,1,0,0,0
21,4,87,2,4,2,2,2,1,1,0,0,0,1,0,0,0,0,0
21,2,78,3,5,0,0,0,0,1,1,0,1,0,0,0,1,0,0
24,3,95,2,5,2,2,2,0,1,0,0,0,1,0,0,0,0,0
22,4,83,1,4,2,2,2,0,1,0,0,0,0,1,0,0,0,1
22,4,76,0,5,2,2,2,0,1,1,0,0,0,0,1,0,0,0
23,3,84,3,4,2,2,2,0,1,0,0,0,0,0,0,0,0,1
20,3,89,1,3,2,2,2,0,1,0,1,0,0,1,1,0,0,0
19,4,69,1,6,4,3,3,0,0,0,1,0,0,0,0,0,0,0
18,3,92,2,4,2,2,2,0,1,0,1,1,0,0,1,0,0,0
17,2,84,0,5,3,4,4,0,1,0,1,0,0,1,0,0,1,0
25,4,81,0,4,2,2,2,0,1,1,0,0,1,0,0,0,1,0
18,3,76,1,4,1,1,1,0,1,0,0,1,0,0,0,0,0,1
20,4,84,1,4,2,2,2,1,1,0,0,0,1,0,0,0,1,0
20,3,74,4,4,2,2,2,0,1,0,1,1,0,0,1,0,0,0
21,4,66,0,4,1,1,1,0,0,1,0,1,0,0,0,0,1,0
22,1,76,1,5,1,2,2,1,0,1,1,1,0,0,0,0,0,0
22,4,79,0,8,0,0,0,0,1,1,1,1,0,0,0,0,0,0
19,3,86,0,6,3,3,3,0,1,1,0,0,0,0,0,0,0,0
20,3,80,0,4,2,2,2,0,1,1,0,1,0,0,0,0,0,0
21,3,72,2,4,2,2,2,0,0,0,0,0,0,1,0,0,0,1
20,3,76,1,2,1,2,1,0,1,0,1,0,1,0,0,0,1,0
24,4,82,0,4,2,2,2,0,1,0,0,0,0,1,0,1,0,0
22,4,87,3,3,3,3,3,0,1,0,0,0,0,0,0,0,0,1
22,4,88,2,5,0,0,0,0,1,1,0,0,1,0,0,1,0,0
22,2,71,3,8,0,0,0,1,1,0,0,0,0,0,0,0,0,1
23,5,82,3,4,4,3,3,0,1,0,1,0,1,0,0,1,0,0
21,3,88,2,2,1,2,2,0,1,0,0,0,1,0,0,0,0,0
18,4,75,1,5,1,1,1,1,1,1,0,1,0,0,0,0,1,0
21,3,96,0,4,3,2,2,0,1,0,0,0,0,0,1,0,0,0
19,2,78,2,7,1,2,2,1,1,1,0,1,0,0,1,0,0,0
19,7,90,3,2,2,3,3,0,1,1,1,0,0,0,0,0,0,1
22,4,87,0,3,4,4,4,0,1,0,1,0,0,1,0,1,0,0
23,1,76,1,6,1,1,1,0,1,0,1,0,0,0,0,0,1,0
21,3,82,0,2,4,3,3,0,1,0,0,0,0,0,1,0,0,0
21,3,92,2,6,1,0,0,0,0,1,1,0,0,0,0,0,1,0
24,3,77,1,4,1,1,1,1,1,0,1,0,1,0,1,0,0,0
21,1,83,2,7,1,1,1,1,1,0,0,1,0,0,0,0,1,0
26,4,70,1,5,1,0,0,0,1,1,0,1,0,0,1,0,0,0
22,2,84,2,5,0,0,0,1,1,0,0,0,0,1,0,1,0,0
17,5,78,1,6,2,1,1,0,0,1,0,1,0,0,1,0,0,0
22,3,86,0,5,2,2,2,0,1,0,0,0,0,1,0,0,0,0
21,4,75,2,3,3,3,3,0,1,1,0,0,0,1,1,0,0,0
23,5,84,7,4,0,0,0,1,1,0,0,0,0,0,0,0,0,0
22,4,79,1,2,3,3,3,0,1,1,1,1,0,0,0,1,0,0
20,4,60,2,3,2,2,2,0,1,1,0,0,0,1,0,0,0,1
18,5,82,1,1,3,2,3,0,1,1,0,0,1,0,0,0,0,1
20,3,92,1,9,0,0,0,0,1,0,0,0,1,0,0,0,1,0
19,4,73,2,5,2,3,3,0,1,0,1,0,0,0,1,0,0,0
19,3,76,1,6,1,2,2,1,1,1,1,1,0,0,1,0,0,0
22,4,92,0,4,2,3,3,0,0,1,0,0,1,0,0,0,0,0
24,2,86,0,6,1,1,1,0,1,0,1,0,1,0,0,0,0,0
21,2,79,3,6,3,3,3,0,0,0,0,0,0,0,0,0,1,0
18,3,84,0,7,1,1,1,0,1,0,0,0,1,0,0,1,0,0
22,5,77,2,5,1,1,1,0,1,0,0,0,1,0,0,0,0,1
23,3,100,0,7,2,1,1,0,1,0,0,1,0,0,0,0,0,0
19,6,89,4,4,3,4,4,0,1,1,0,0,0,0,0,1,0,0
20,4,95,3,5,2,2,2,0,1,0,1,0,0,0,0,0,0,1
21,3,82,4,5,3,2,2,0,1,0,0,0,1,0,0,0,0,1
19,5,71,3,3,4,4,3,1,1,1,1,0,0,1,1,0,0,0
22,5,86,1,2,4,4,3,0,1,0,0,0,1,0,0,0,0,1
20,2,92,0,5,2,2,2,0,1,0,1,0,0,0,0,1,0,0
21,3,92,2,5,0,0,0,1,1,0,0,1,0,0,0,0,0,1
19,4,68,3,5,1,2,2,0,1,0,0,0,1,0,0,0,0,0
20,4,83,1,7,2,2,2,0,1,1,1,0,0,0,0,1,0,0
22,4,69,2,8,1,0,0,1,1,1,0,0,0,0,0,0,0,1
20,3,77,3,6,2,2,2,1,0,1,0,0,1,0,0,0,1,0
24,3,86,2,6,2,2,2,0,1,0,0,1,0,0,0,0,1,0
20,3,92,3,5,4,4,4,0,1,0,0,0,1,0,0,1,0,0
21,3,83,3,5,1,2,2,0,1,1,0,1,0,0,0,0,0,0
23,2,72,0,6,2,1,1,1,1,1,0,1,0,0,0,0,0,1
17,4,86,2,5,2,2,2,0,1,1,1,0,0,0,0,0,0,0
17,4,75,1,6,3,3,3,0,0,1,1,0,0,1,1,0,0,0
17,6,79,1,5,2,1,1,0,1,1,1,0,0,0,0,1,0,0
23,3,82,2,4,2,2,2,0,1,1,0,1,0,0,1,0,0,0
19,4,76,0,6,2,2,2,0,1,0,0,0,0,1,0,1,0,0
26,3,87,4,5,3,3,3,0,1,0,1,1,0,0,0,1,0,0
19,3,88,4,8,2,2,2,1,1,1,1,0,1,0,0,0,0,1
21,3,90,1,4,3,3,3,0,1,0,0,1,0,0,0,0,0,0
24,4,93,1,5,1,1,1,0,1,0,1,0,0,1,0,0,0,0
25,5,80,3,8,2,2,2,0,1,1,1,0,1,0,0,0,0,0
25,3,72,0,3,2,2,2,1,1,0,0,0,0,0,1,0,0,0
23,4,73,2,7,1,1,1,1,1,1,1,0,0,1,0,0,1,0
23,4,95,1,5,2,2,2,0,1,1,0,0,0,0,0,0,0,0
22,2,94,1,6,0,0,0,1,1,1,0,0,1,0,0,0,0,1
22,3,92,1,8,1,1,1,0,1,0,0,0,0,0,0,1,0,0
19,6,77,3,4,2,2,2,1,1,0,1,0,0,1,0,0,1,0
19,2,95,0,4,2,2,2,0,1,0,0,1,0,0,0,0,0,0
21,2,80,2,6,0,0,0,0,1,0,0,0,1,0,0,0,1,0
20,2,84,1,4,2,3,3,0,1,1,0,0,1,0,0,0,1,0
20,6,88,2,1,4,4,4,0,1,0,0,0,0,0,0,0,0,1
22,5,92,1,7,4,4,4,0,1,0,0,0,1,0,0,1,0,0
23,4,86,1,6,2,2,2,0,1,0,1,0,1,0,0,0,1,0
21,5,93,3,5,1,2,1,0,1,0,0,1,0,0,1,0,0,0
24,4,82,2,5,1,1,1,0,1,0,1,0,0,1,0,0,0,0
18,3,80,1,9,0,0,0,0,1,0,1,0,0,0,0,1,0,0
20,3,79,2,7,0,0,0,1,1,0,0,1,0,0,0,0,0,1
19,4,57,3,5,2,2,2,0,1,1,1,0,0,1,0,0,1,0
17,4,44,1,5,1,1,1,1,1,1,0,0,0,0,0,1,0,0
20,2,90,0,7,1,1,1,0,1,1,0,1,0,0,0,0,1,0
20,4,80,0,7,2,2,2,0,1,1,0,0,0,0,0,0,0,1
24,3,87,4,2,1,2,2,1,1,1,1,1,0,0,1,0,0,0
22,5,86,3,4,3,3,3,0,1,1,1,1,0,0,0,0,0,1
18,2,83,3,3,2,2,2,0,1,1,0,0,0,1,1,0,0,0
25,4,89,1,6,3,4,4,0,1,0,0,0,0,1,0,1,0,0
23,4,90,3,3,3,3,3,0,1,0,0,0,0,1,1,0,0,0
22,4,74,1,8,1,1,1,1,1,1,0,0,0,1,0,0,1,0
20,4,94,2,7,2,1,2,0,1,1,0,0,1,0,0,1,0,0
18,3,88,0,5,3,3,3,0,1,1,1,1,0,0,1,0,0,0
20,4,75,2,3,1,2,2,0,1,0,0,0,0,1,0,0,0,1
23,4,76,1,4,1,1,1,0,1,0,0,1,0,0,0,0,0,1
25,4,72,0,6,0,1,1,0,1,0,1,0,0,1,0,0,1,0
24,5,87,1,7,3,3,3,0,1,0,0,0,0,1,0,0,0,0
19,2,80,1,5,0,0,0,1,1,0,0,0,1,0,0,1,0,0
18,4,62,1,1,3,3,3,0,1,1,0,0,1,0,0,0,0,1
21,4,77,1,6,0,0,0,1,1,0,0,0,0,0,0,0,0,0
17,4,79,1,1,2,3,3,0,0,0,0,0,0,0,1,0,0,0
21,4,82,2,1,2,3,3,0,1,1,0,1,0,0,0,0,0,1
20,4,69,1,7,2,2,2,1,1,0,0,0,0,1,0,0,1,0
20,3,82,2,3,1,1,1,0,1,1,0,1,0,0,0,0,1,0
17,3,94,2,6,0,0,0,1,1,1,0,0,0,1,0,1,0,0
22,4,83,2,5,2,2,2,0,1,0,0,0,1,0,0,0,0,1
19,5,86,0,4,2,2,2,0,1,0,0,0,0,1,0,1,0,0
18,3,94,3,5,2,2,2,0,1,0,1,0,0,1,0,0,0,0
17,2,81,0,4,1,1,1,0,1,0,1,0,0,0,0,1,0,0
20,5,81,2,5,2,2,2,0,1,0,0,0,0,0,1,0,0,0
24,2,84,0,4,1,2,2,0,1,0,1,0,0,0,0,0,1,0
24,4,74,1,4,2,2,2,1,1,0,0,0,0,1,0,0,0,1
20,2,76,2,4,3,3,3,0,1,0,1,0,0,1,0,0,0,0
19,3,65,0,3,1,1,1,0,0,0,0,1,0,0,1,0,0,0
22,3,100,3,7,1,0,0,0,1,0,0,0,0,0,0,0,1,0
18,3,88,1,4,2,2,2,0,1,1,0,0,0,1,0,0,0,0
21,4,74,3,3,2,2,2,0,1,1,1,0,0,1,0,0,0,1
22,4,90,1,4,2,2,1,0,1,1,0,1,0,0,0,0,1,0
23,3,75,2,4,2,2,2,0,1,1,0,0,1,0,0,0,0,1
20,3,82,1,4,3,3,3,0,1,1,0,0,0,1,0,0,0,0
20,5,82,2,6,4,3,3,0,1,1,0,0,1,0,1,0,0,0
19,3,78,2,4,1,1,1,1,0,1,0,0,0,1,0,0,0,0
19,4,75,1,4,1,1,1,0,0,0,0,1,0,0,0,0,0,0
20,2,91,2,6,0,0,0,0,1,1,1,0,1,0,0,0,1,0
21,6,82,2,6,2,2,2,0,1,0,0,1,0,0,0,0,0,1
23,4,95,2,4,4,4,4,0,1,1,0,0,0,1,1,0,0,0
19,1,73,1,7,0,0,0,1,1,0,0,0,1,0,0,0,0,1
24,4,78,1,5,0,0,0,1,1,0,1,0,1,0,0,0,0,0
20,3,81,1,7,0,0,0,1,1,1,0,1,0,0,1,0,0,0
21,6,90,1,6,4,4,3,0,1,0,1,1,0,0,0,0,0,0
19,7,75,2,5,3,3,3,0,1,0,0,0,0,0,1,0,0,0
17,4,86,1,5,2,2,2,0,1,1,0,1,0,0,1,0,0,0
22,5,84,0,3,3,3,3,0,0,1,0,1,0,0,0,1,0,0
22,5,93,3,5,2,3,3,0,1,0,0,0,0,1,0,0,1,0
20,2,86,2,5,1,2,2,1,1,0,0,1,0,0,0,0,0,1
21,3,67,3,5,0,0,0,0,1,1,0,0,0,1,0,0,1,0
22,3,73,3,5,2,2,2,0,0,0,1,0,1,0,0,0,0,0
17,5,74,1,8,2,2,2,0,1,0,1,0,1,0,1,0,0,0
19,6,78,2,8,1,1,2,0,1,0,0,0,0,1,1,0,0,0
22,6,92,0,3,4,4,4,0,1,0,0,0,0,0,1,0,0,0
18,4,79,2,6,1,1,1,1,1,0,0,0,1,0,0,0,0,1
21,4,82,3,5,2,2,2,0,1,1,0,1,0,0,0,0,0,0
18,3,80,2,6,1,1,1,0,1,0,0,0,1,0,0,1,0,0
22,4,86,0,8,1,2,2,0,1,0,0,1,0,0,0,0,0,1
20,4,76,2,5,2,1,1,1,1,1,0,0,1,0,1,0,0,0
17,5,80,0,6,2,2,2,1,1,1,0,1,0,0,0,1,0,0
23,4,80,3,5,3,3,3,0,1,1,1,0,1,0,0,0,1,0
19,4,81,2,5,1,1,1,0,0,1,0,1,0,0,0,0,0,0
19,6,77,2,10,1,1,1,1,1,1,1,0,1,0,1,0,0,0
21,4,71,4,4,0,0,0,1,1,0,0,0,0,0,0,0,1,0
23,4,89,1,7,1,1,1,1,1,0,0,1,0,0,1,0,0,0
18,5,81,1,5,1,2,2,0,0,1,0,0,1,0,0,0,0,1
21,3,91,1,3,0,0,0,1,1,0,0,0,0,0,0,0,0,1
21,3,85,1,8,0,0,0,0,1,0,0,0,1,0,0,0,0,1
22,3,86,1,2,3,2,2,0,0,1,0,0,1,0,0,0,0,0
21,2,91,1,1,4,3,3,0,1,1,1,1,0,0,0,0,0,0
20,4,100,2,6,3,2,2,0,1,1,1,1,0,0,0,1,0,0
19,1,92,2,5,1,1,1,1,1,0,1,1,0,0,0,0,0,1
21,3,89,2,6,3,3,3,0,1,1,0,0,1,0,0,1,0,0
18,1,84,1,5,1,2,2,1,1,1,0,1,0,0,1,0,0,0
17,3,92,6,6,1,1,1,1,1,1,1,0,0,1,0,1,0,0
22,3,76,4,5,1,1,1,0,1,0,0,0,0,0,0,0,0,1
23,4,86,3,5,0,0,0,0,1,0,1,0,0,0,0,0,0,0
17,4,92,3,7,2,3,3,0,1,0,0,1,0,0,1,0,0,0
18,2,89,3,8,3,3,3,0,1,0,0,0,0,0,0,1,0,0
22,3,81,3,7,2,2,2,0,1,1,0,1,0,0,0,1,0,0
25,5,85,0,5,2,1,1,0,1,0,0,0,0,0,0,0,0,0
21,2,79,2,6,1,1,1,0,1,1,0,0,1,0,0,0,0,0
19,6,75,1,6,1,1,1,1,1,1,1,0,0,1,0,0,0,0
20,4,93,3,6,2,2,2,0,1,0,1,0,0,0,0,0,0,0
24,2,78,0,3,2,2,2,0,0,0,0,1,0,0,0,0,0,0
19,2,78,5,6,0,0,0,1,1,1,0,0,0,1,0,0,1,0
19,5,78,0,6,2,2,2,0,1,1,0,0,0,0,0,0,1,0
19,4,76,1,8,1,0,0,1,1,1,0,0,1,0,0,0,0,0
18,4,76,3,7,1,1,1,0,1,0,0,0,1,0,0,0,0,1
21,4,68,2,5,1,1,1,0,1,1,0,0,0,0,0,1,0,0
24,3,69,1,5,2,2,2,0,1,0,0,0,0,0,0,0,1,0
21,2,80,3,3,3,3,3,0,1,0,0,1,0,0,0,0,1,0
20,4,85,2,8,1,1,1,1,0,1,1,0,0,1,1,0,0,0
20,6,68,0,3,4,3,3,0,1,0,1,0,0,0,0,0,1,0
17,3,83,0,2,4,3,3,0,1,1,0,1,0,0,0,1,0,0
22,4,92,2,7,3,3,3,0,1,0,1,0,0,0,0,0,0,0
20,5,78,3,5,1,1,1,0,1,0,0,0,0,0,1,0,0,0
20,3,74,1,6,1,2,2,1,1,0,0,0,1,0,0,0,0,1
28,4,81,3,5,2,2,2,0,1,1,0,0,0,1,0,0,0,0
21,5,86,2,3,4,4,4,0,1,0,1,0,0,1,1,0,0,0
19,4,77,4,5,3,3,3,0,1,1,0,0,1,0,0,0,1,0
20,2,89,0,4,2,2,2,0,1,0,0,0,0,0,0,0,0,1
23,3,85,4,4,2,3,3,0,1,1,0,1,0,0,0,0,0,1
21,5,95,2,8,3,3,3,0,1,0,0,0,1,0,1,0,0,0
17,2,68,0,6,1,1,1,1,1,0,0,0,0,0,0,0,0,1
23,4,70,0,1,4,3,3,0,1,0,0,0,0,1,0,1,0,0
19,3,78,2,5,2,2,2,0,1,1,0,1,0,0,0,1,0,0
25,3,71,2,7,0,0,0,0,1,0,1,1,0,0,0,1,0,0
23,4,94,1,3,3,3,3,1,1,1,0,0,1,0,1,0,0,0
20,1,83,2,3,4,3,3,0,1,1,0,0,0,0,0,0,1,0
23,5,79,1,7,1,0,0,0,0,0,0,0,0,0,0,0,0,1
21,2,94,2,4,1,1,1,0,1,0,1,1,0,0,0,0,0,0
22,4,84,1,1,3,3,3,0,1,1,0,0,0,1,0,0,0,1
22,4,80,2,7,1,1,1,1,1,0,1,0,0,0,0,0,0,1
19,4,75,1,5,1,1,1,0,1,0,0,0,0,0,0,0,0,0
19,3,86,2,6,2,2,2,0,1,1,0,0,1,0,0,0,0,1
23,2,86,5,5,0,0,0,1,1,0,0,1,0,0,1,0,0,0
20,1,87,1,7,0,0,0,0,1,0,0,0,0,1,1,0,0,0
20,5,88,1,3,3,3,3,0,1,0,1,0,1,0,0,0,0,1
18,3,93,1,6,4,4,4,0,1,0,1,0,1,0,0,0,0,1
21,3,75,2,7,3,2,2,0,1,1,0,0,1,0,0,1,0,0
25,2,99,0,3,2,3,3,0,1,0,0,0,0,1,0,0,0,1
18,3,96,0,4,3,3,3,0,1,0,0,1,0,0,0,0,0,1
21,6,95,3,8,2,2,2,0,0,0,1,0,0,0,0,1,0,0
24,4,80,4,7,3,3,3,0,1,0,0,0,0,0,0,0,0,1
20,2,76,2,4,2,3,3,0,1,1,1,1,0,0,0,1,0,0
22,5,82,3,3,4,3,3,0,1,1,1,0,1,0,0,0,0,1
18,0,84,1,6,0,0,0,0,1,1,0,1,0,0,0,1,0,0
21,3,88,1,6,4,3,3,0,1,0,0,0,0,1,1,0,0,0
20,3,80,3,5,2,2,2,0,1,0,1,0,0,0,0,0,0,0
23,3,89,1,9,1,1,1,0,1,0,1,0,0,1,0,0,0,0
23,2,79,2,6,0,0,0,0,0,1,0,0,0,0,0,1,0,0
26,3,82,2,4,1,2,1,1,1,0,1,0,0,1,1,0,0,0
22,4,87,3,5,1,1,1,0,0,1,1,0,0,0,0,0,0,1
21,2,83,1,5,2,2,2,0,1,1,0,0,0,0,1,0,0,0
21,3,76,0,4,3,3,3,0,0,1,1,0,1,0,0,1,0,0
20,1,74,2,7,0,0,0,1,1,0,0,1,0,0,1,0,0,0
21,6,90,1,8,2,2,2,0,0,0,0,0,1,0,0,0,0,1
20,0,86,0,5,2,2,2,0,1,1,1,1,0,0,0,0,0,0
21,3,93,5,3,3,3,3,0,1,0,0,0,1,0,0,0,0,0
23,3,91,2,5,2,2,2,0,1,0,1,1,0,0,1,0,0,0
18,3,79,3,3,4,3,3,0,1,1,1,0,0,1,1,0,0,0
23,3,90,3,5,2,2,2,0,1,0,0,0,0,1,0,0,1,0
23,4,84,2,6,2,2,2,0,1,0,0,0,0,1,0,0,0,0
20,2,81,2,1,2,2,2,0,1,0,0,0,0,1,1,0,0,0
17,1,100,3,6,1,1,1,1,0,0,1,0,1,0,0,1,0,0
19,3,100,3,4,1,2,2,0,1,0,0,1,0,0,1,0,0,0
23,0,87,4,4,1,1,2,0,0,0,0,0,1,0,1,0,0,0
20,2,75,1,3,1,1,0,1,0,1,0,0,0,1,0,0,1,0
18,3,78,0,3,1,1,1,0,1,0,0,0,0,0,0,1,0,0
19,4,77,0,8,0,1,1,1,1,0,0,0,0,0,0,0,1,0
22,5,88,3,7,1,1,1,1,1,0,0,0,1,0,0,1,0,0
22,4,85,3,7,0,0,0,1,1,1,0,0,0,1,0,0,0,0
20,4,79,3,4,3,3,3,0,1,1,0,0,0,0,0,0,0,0
20,3,98,1,8,1,1,1,0,1,1,0,0,0,0,0,0,0,1
20,3,78,1,5,3,3,3,0,1,0,0,0,0,0,0,1,0,0
19,3,96,1,4,4,4,4,0,1,0,0,0,0,0,1,0,0,0
24,3,91,0,3,2,2,2,1,1,1,0,0,0,0,0,0,0,0
20,3,87,3,3,1,1,1,1,1,1,0,0,1,0,0,0,0,0
23,4,75,0,4,2,2,2,0,1,0,1,0,0,0,0,0,0,0
24,4,94,2,3,4,3,3,0,1,0,1,0,0,0,1,0,0,0
23,5,97,1,7,2,2,2,0,1,0,1,0,1,0,0,1,0,0
20,4,83,4,10,2,1,1,1,1,1,0,0,1,0,0,0,0,1
21,4,92,0,5,2,3,3,0,1,0,0,0,0,0,1,0,0,0
20,5,82,0,5,2,2,2,0,1,0,1,1,0,0,0,0,0,1
19,4,94,3,2,4,4,4,0,1,1,1,0,1,0,0,1,0,0
21,3,74,4,3,3,4,3,0,1,1,0,1,0,0,0,0,0,0
18,2,89,3,2,3,3,3,0,0,1,0,1,0,0,0,1,0,0
23,3,61,5,7,1,1,1,1,0,1,1,1,0,0,0,1,0,0
20,2,72,1,9,0,0,0,1,1,0,0,0,1,0,0,1,0,0
21,4,73,2,3,2,2,2,0,1,1,0,0,0,0,1,0,0,0
21,4,82,4,5,4,4,4,0,1,0,0,0,0,1,0,0,0,0
20,3,74,1,5,2,2,2,0,1,0,0,0,0,0,1,0,0,0
22,3,75,4,6,1,1,1,0,1,1,1,0,0,0,0,0,0,1
20,4,80,0,5,0,1,1,0,1,0,0,1,0,0,0,0,0,1
22,3,81,3,9,2,1,1,0,1,1,0,0,0,1,0,0,1,0
18,8,72,1,4,3,3,3,0,0,1,0,1,0,0,0,0,0,0
21,5,71,1,7,1,2,2,0,1,0,1,0,1,0,0,0,0,0
25,5,75,2,4,4,3,3,0,1,1,0,0,0,0,0,0,0,1
18,4,90,2,2,3,3,3,0,1,1,0,0,0,1,1,0,0,0
19,5,100,1,8,4,3,3,0,1,0,0,0,0,0,0,1,0,0
22,3,93,2,8,2,1,1,0,0,0,0,0,0,0,1,0,0,0
21,2,79,3,6,1,1,1,0,0,0,1,0,0,0,0,0,0,0
21,5,85,1,4,4,3,4,0,1,0,1,0,1,0,0,1,0,0
22,2,82,1,3,3,3,3,0,1,1,1,1,0,0,0,1,0,0
22,4,80,2,6,1,2,2,0,1,0,0,0,0,0,0,0,1,0
23,6,82,2,1,3,4,4,0,1,0,0,0,0,0,0,0,0,1
21,5,84,1,7,1,1,1,0,0,1,1,0,0,1,1,0,0,0
20,3,68,1,4,2,2,2,0,1,0,0,1,0,0,0,0,1,0
22,5,77,2,4,2,2,2,1,1,1,0,0,1,0,1,0,0,0
25,4,81,3,3,2,2,2,0,1,1,0,1,0,0,1,0,0,0
20,3,100,3,2,2,2,2,0,1,0,0,0,0,1,0,0,0,0
18,4,87,1,5,1,1,1,0,1,0,0,1,0,0,0,0,0,0
23,2,90,2,5,1,1,1,0,1,0,1,0,0,1,1,0,0,0
20,2,81,1,5,2,2,2,0,1,0,1,1,0,0,0,0,0,1
17,3,93,3,7,1,1,1,0,1,0,1,0,0,1,1,0,0,0
22,3,84,1,5,2,3,3,0,1,1,0,0,0,0,0,0,0,1
19,2,88,3,6,2,3,3,0,0,1,0,1,0,0,0,1,0,0
20,4,83,0,2,3,3,3,0,1,0,0,0,1,0,0,0,0,0
21,3,86,4,4,0,1,1,1,1,0,1,0,0,1,0,0,0,1
21,2,78,1,8,1,0,0,1,1,1,1,1,0,0,1,0,0,0
22,3,96,1,7,2,2,2,0,0,0,1,1,0,0,0,1,0,0
20,2,78,2,6,2,2,2,0,1,1,0,0,0,0,0,0,1,0
22,5,74,1,4,2,2,2,0,1,0,0,1,0,0,0,0,0,1
20,6,83,1,3,3,3,3,0,1,0,1,0,0,0,0,0,1,0
22,4,97,4,4,4,3,3,0,1,0,1,0,0,0,0,0,1,0
22,3,76,1,6,2,2,2,0,1,1,0,0,0,0,0,0,0,1
18,4,80,4,1,4,4,3,0,1,1,1,1,0,0,0,0,0,0
23,3,84,2,8,0,0,0,1,0,1,0,0,0,1,0,0,1,0
19,4,71,1,7,2,1,1,0,1,0,0,0,0,1,0,0,0,0
22,4,71,0,7,0,0,0,0,1,0,0,0,1,0,0,1,0,0
21,5,91,2,6,3,3,3,0,1,0,0,0,0,1,1,0,0,0
25,3,82,2,5,1,1,1,1,1,0,1,0,0,1,0,0,1,0
20,4,73,3,6,0,0,0,0,1,1,1,0,1,0,0,0,0,1
20,4,64,0,5,1,1,1,0,1,0,0,0,1,0,0,1,0,0
21,4,77,0,9,1,1,1,1,1,0,0,1,0,0,0,1,0,0
20,4,82,2,5,3,3,3,0,0,1,0,0,0,0,0,0,1,0
22,2,83,1,4,2,2,2,0,1,1,0,0,0,0,0,1,0,0
17,4,64,1,5,2,3,3,0,1,0,0,0,0,0,1,0,0,0
18,3,92,2,4,2,2,2,0,1,0,1,1,0,0,1,0,0,0
18,2,82,0,7,2,3,3,0,1,0,0,1,0,0,0,1,0,0
23,3,76,2,4,2,2,2,1,1,0,1,0,1,0,0,0,0,0
24,4,89,4,5,2,2,2,0,1,1,1,0,0,1,0,0,0,0
20,3,73,1,7,2,2,2,1,0,0,0,0,1,0,0,0,1,0
20,3,79,1,7,1,0,0,0,1,0,1,0,0,1,1,0,0,0
21,1,72,3,3,2,2,2,0,1,1,1,0,1,0,0,0,1,0
23,5,88,0,7,2,1,1,0,1,1,0,0,1,0,0,0,0,1
19,2,91,2,3,1,1,1,0,1,0,1,0,0,0,0,1,0,0
21,4,85,0,2,4,3,3,0,0,1,1,0,0,1,0,0,0,0
23,3,80,1,4,2,3,3,1,1,0,1,0,1,0,0,0,1,0
22,4,71,5,6,1,1,1,1,1,1,0,1,0,0,0,0,0,1
21,4,78,1,5,2,2,2,0,0,0,0,0,0,0,1,0,0,0
23,3,83,1,6,2,1,1,0,1,0,0,0,0,0,0,1,0,0
17,4,77,2,4,3,3,3,0,1,1,0,0,0,0,0,1,0,0
22,4,78,3,1,2,2,2,1,1,1,0,0,0,0,1,0,0,0
19,2,73,5,5,1,1,1,1,1,1,1,0,0,0,0,0,0,1
17,5,76,4,2,1,2,2,0,1,1,0,0,0,0,0,0,1,0
22,5,70,3,5,1,1,1,0,1,0,0,0,0,0,0,0,0,0
24,2,84,1,3,2,2,2,0,0,1,1,0,0,1,0,0,1,0
20,1,82,5,6,1,1,1,1,1,0,0,0,0,1,0,0,0,0
23,5,82,3,7,3,2,2,0,1,0,1,1,0,0,0,0,0,1
24,2,79,3,2,4,3,3,0,1,1,1,0,0,1,0,0,0,0
23,5,77,1,1,4,4,3,0,1,0,1,0,1,0,1,0,0,0
24,4,64,2,5,2,3,3,0,1,0,0,0,0,0,1,0,0,0
22,3,78,2,7,1,1,1,0,1,1,0,0,0,1,0,0,1,0
21,3,83,3,5,3,3,3,0,1,0,1,0,1,0,1,0,0,0
17,2,96,2,4,4,3,3,0,1,1,0,0,0,0,0,0,0,0
20,4,80,1,3,1,1,1,0,1,1,1,0,0,1,0,1,0,0
19,4,77,3,6,1,1,1,0,0,1,0,0,0,0,0,0,1,0
25,4,80,2,8,0,0,0,1,1,1,1,0,0,1,0,0,0,0
20,4,78,1,2,4,4,4,0,1,0,0,0,0,1,0,0,0,0
21,5,78,2,6,1,0,0,1,1,0,0,0,0,1,0,0,0,0
22,3,77,3,10,2,3,3,0,1,1,1,1,0,0,0,0,1,0
21,7,87,2,4,3,4,3,0,1,0,0,0,0,1,1,0,0,0
24,4,87,1,5,1,1,1,0,1,0,0,1,0,0,0,0,0,1
19,4,89,3,5,2,2,2,0,1,1,1,1,0,0,0,0,0,0
21,4,90,2,4,3,3,3,0,1,0,0,0,0,1,1,0,0,0
19,4,79,2,7,1,1,1,1,1,1,0,0,1,0,0,0,1,0
18,4,69,2,5,1,0,0,0,1,0,0,0,1,0,0,0,0,0
19,5,97,2,2,2,2,2,0,1,1,0,0,1,0,0,0,0,0
20,0,63,3,3,2,2,2,0,1,0,0,0,0,0,0,0,0,0
20,3,79,1,7,0,0,0,0,1,0,0,0,0,0,1,0,0,0
19,1,70,4,6,2,2,2,1,0,0,1,0,0,1,1,0,0,0
17,5,85,1,6,2,2,2,0,1,1,0,0,0,0,1,0,0,0
20,2,74,1,6,1,1,1,0,1,0,0,0,1,0,0,0,0,1
17,2,91,1,5,3,3,3,0,1,1,0,0,0,0,0,0,0,0
22,3,83,2,6,3,3,3,0,1,0,0,0,0,0,0,0,0,0
21,2,94,2,4,1,2,2,0,1,0,1,0,0,1,0,1,0,0
17,3,82,3,5,2,2,2,0,0,0,1,0,1,0,1,0,0,0
20,1,91,1,5,1,0,1,0,1,1,0,1,0,0,0,1,0,0
19,5,73,0,4,2,2,2,0,1,0,0,0,0,1,0,0,0,1
21,4,89,1,6,2,2,2,0,0,1,0,1,0,0,0,0,0,1
23,3,80,2,6,2,3,3,0,0,1,1,0,0,0,0,0,1,0
17,4,83,1,2,3,3,3,0,1,0,1,0,0,1,0,0,0,1
21,4,89,1,5,2,2,2,0,1,0,1,0,0,1,1,0,0,0
20,2,85,1,5,2,2,2,0,1,0,0,0,0,1,0,0,1,0
22,4,75,0,8,2,3,3,0,0,1,0,1,0,0,0,0,0,1
21,4,78,2,5,0,1,0,0,1,0,0,0,0,1,0,0,0,1
19,5,73,1,5,3,3,3,0,0,0,0,1,0,0,0,0,0,1
20,3,87,2,5,3,3,3,0,1,1,1,1,0,0,0,0,0,1
19,2,79,3,7,0,0,0,1,1,0,1,0,1,0,0,0,1,0
23,5,78,0,3,4,4,3,0,1,0,1,0,1,0,0,0,0,1
21,3,83,4,4,3,3,3,0,1,1,0,1,0,0,0,0,0,0
25,3,80,0,4,0,0,0,0,0,0,0,0,1,0,0,1,0,0
20,4,91,2,5,3,4,4,0,1,0,0,1,0,0,0,0,1,0
19,2,88,0,2,3,3,3,0,1,1,0,0,1,0,0,0,0,1
17,3,87,0,8,1,1,1,0,1,1,0,0,1,0,0,0,0,1
17,3,78,2,6,0,0,0,1,1,0,0,0,1,0,0,0,0,1
17,3,87,2,6,3,3,3,0,1,1,0,1,0,0,0,1,0,0
21,5,86,0,9,2,3,3,0,1,0,1,0,0,1,1,0,0,0
22,2,72,3,4,1,1,1,0,1,1,0,0,1,0,0,1,0,0
17,2,80,1,7,2,2,3,0,1,0,0,0,1,0,0,1,0,0
23,5,80,0,6,2,2,2,0,1,0,0,0,0,0,0,0,0,0
19,2,94,3,8,2,2,2,0,1,0,1,0,0,1,0,0,0,0
21,4,78,3,6,3,3,3,0,1,1,0,0,1,0,0,0,0,0
24,4,85,3,4,3,4,4,0,0,0,0,0,0,0,1,0,0,0
23,4,92,0,6,3,3,3,0,1,0,1,0,0,0,0,0,1,0
20,2,74,3,4,2,2,2,0,1,0,0,1,0,0,0,1,0,0
19,3,84,2,4,2,2,2,0,1,1,1,0,0,0,0,0,0,0
17,1,98,1,5,2,2,2,0,1,0,0,0,0,1,0,1,0,0
19,5,69,2,5,2,2,2,0,1,1,1,0,0,0,0,0,0,1
20,5,77,6,3,3,3,3,1,1,0,0,0,1,0,0,0,1,0
18,5,84,2,1,4,4,4,0,1,0,1,1,0,0,0,1,0,0
20,3,84,2,6,2,1,1,0,1,0,0,0,1,0,0,0,0,0
21,3,83,1,6,3,3,3,0,1,1,1,1,0,0,1,0,0,0
20,3,86,3,6,2,2,2,0,1,1,1,0,1,0,0,0,0,0
19,2,92,3,8,1,0,0,1,1,0,0,1,0,0,0,0,0,1
21,4,82,1,2,2,1,2,0,1,1,1,0,1,0,0,0,0,1
22,2,81,3,8,2,2,2,0,1,1,0,0,1,0,0,1,0,0
18,1,86,3,10,0,0,0,0,1,1,1,0,0,1,0,0,0,0
24,5,97,1,8,1,2,2,0,1,0,0,0,1,0,0,0,0,1
20,3,86,1,4,1,2,2,0,1,1,0,1,0,0,0,1,0,0
21,4,90,4,6,3,3,3,0,1,0,0,0,1,0,0,0,0,1
22,3,69,1,4,2,2,2,0,1,0,0,0,1,0,1,0,0,0
21,5,80,1,4,2,2,2,0,0,0,0,0,0,0,0,0,0,1
23,2,72,3,8,0,1,1,0,1,1,0,1,0,0,0,0,0,0
21,4,82,1,6,3,4,4,0,1,0,1,1,0,0,0,1,0,0
19,3,93,4,6,3,2,2,0,1,1,0,0,1,0,0,0,0,0
21,4,71,4,3,3,3,3,0,1,1,0,1,0,0,0,1,0,0
18,3,95,1,2,3,3,3,0,1,1,1,1,0,0,0,0,0,0
21,3,82,3,7,0,0,0,1,1,1,0,1,0,0,0,0,0,1
20,5,89,1,6,2,2,2,0,1,0,1,0,1,0,0,1,0,0
20,3,90,1,5,2,2,2,0,1,0,0,0,1,0,1,0,0,0
20,3,98,0,8,2,2,2,0,1,1,0,0,1,0,0,0,0,1
17,3,86,3,6,2,2,2,1,1,0,0,0,1,0,0,0,0,0
19,2,75,1,4,0,0,0,1,0,0,0,0,0,0,0,0,0,0
21,3,90,0,2,4,3,3,0,1,0,1,0,0,1,0,0,1,0
21,3,60,0,6,1,1,1,0,1,1,0,0,0,1,0,0,1,0
18,4,74,1,4,3,3,3,0,1,1,1,0,1,0,0,0,1,0
23,3,77,3,5,0,0,0,1,1,1,1,0,0,0,0,0,1,0
19,1,65,3,5,2,2,2,0,1,1,0,0,1,0,0,1,0,0
23,4,95,3,8,1,1,1,1,1,0,0,0,0,1,0,0,1,0
21,3,92,3,7,0,0,0,0,1,0,0,1,0,0,0,0,0,1
19,2,85,2,5,1,1,1,0,1,1,1,0,0,0,0,0,1,0
24,4,89,2,5,3,4,4,1,1,0,0,0,0,1,1,0,0,0
18,4,84,2,6,2,2,2,0,1,1,1,1,0,0,0,0,0,1
23,4,88,1,7,2,2,2,1,0,1,0,1,0,0,0,0,0,0
23,4,92,1,5,2,3,3,0,1,1,1,0,0,0,0,1,0,0
19,4,70,1,4,3,3,3,0,0,0,0,1,0,0,0,0,1,0
24,4,89,2,3,3,3,3,0,1,0,0,0,0,1,0,1,0,0
20,6,91,4,5,4,3,3,0,1,0,0,0,0,0,1,0,0,0
21,5,77,2,3,3,4,4,0,1,0,1,1,0,0,0,0,0,0
21,4,80,1,6,0,0,0,1,1,0,1,0,1,0,1,0,0,0
20,1,75,2,6,2,3,3,1,1,1,0,1,0,0,0,0,0,0
22,6,84,1,7,3,3,3,0,1,1,0,1,0,0,0,0,0,1
22,4,70,1,5,2,2,2,0,1,0,0,1,0,0,0,0,0,1
17,4,83,2,7,0,0,0,0,1,0,0,0,1,0,0,0,1,0
23,4,75,1,8,2,1,1,1,1,0,1,1,0,0,0,0,1,0
17,3,93,2,5,2,2,2,0,1,0,1,0,0,0,0,0,0,1
23,3,77,3,9,1,1,1,1,0,1,1,0,0,0,1,0,0,0
23,3,86,0,8,0,0,0,1,1,0,0,1,0,0,0,1,0,0
18,0,88,3,4,0,0,0,1,1,1,0,0,0,0,0,0,0,0
20,2,68,0,10,0,0,0,1,1,1,0,0,0,0,0,0,0,0
18,3,84,4,5,0,0,0,1,0,1,0,0,0,0,0,1,0,0
20,4,92,1,8,2,2,2,0,1,0,1,0,1,0,1,0,0,0
20,4,81,2,6,2,2,2,0,0,0,0,0,0,1,0,0,0,0
22,3,89,0,6,1,1,1,0,1,0,0,1,0,0,0,0,0,1
23,4,76,2,7,2,1,1,0,1,0,0,1,0,0,0,0,0,1
24,3,90,2,5,0,0,0,1,1,0,1,0,0,1,0,1,0,0
19,3,72,4,5,2,2,2,0,1,1,1,0,0,1,0,0,1,0
20,4,81,1,5,2,2,2,0,1,0,0,0,0,0,0,0,0,0
17,4,91,4,3,4,4,3,0,1,0,0,0,1,0,0,0,1,0
19,3,91,1,7,2,2,2,0,1,0,0,0,1,0,0,0,0,0
23,4,71,2,4,2,2,2,0,1,0,0,0,1,0,0,0,0,0
24,4,80,2,5,2,2,2,0,1,0,1,0,1,0,0,0,1,0
18,4,77,0,5,4,4,3,0,1,1,1,1,0,0,0,0,0,1
19,3,91,0,6,2,2,2,0,1,0,1,1,0,0,0,1,0,0
20,3,81,1,5,2,2,2,0,1,1,1,0,1,0,0,1,0,0
21,4,83,4,5,1,1,1,0,1,0,1,1,0,0,0,1,0,0
19,3,85,2,6,3,2,2,0,1,0,1,1,0,0,0,0,0,0
21,2,72,2,6,1,0,0,0,1,1,1,0,0,1,0,0,0,0
20,4,84,2,3,2,2,2,0,1,0,1,1,0,0,1,0,0,0
21,5,73,2,5,1,0,0,0,1,0,1,1,0,0,0,0,0,0
22,5,78,3,7,2,2,2,0,1,1,0,0,1,0,1,0,0,0
21,5,78,2,9,3,3,3,0,1,0,0,1,0,0,0,0,0,0
20,4,85,0,2,2,2,2,0,1,0,1,0,0,0,0,0,1,0
20,4,75,1,7,1,1,1,1,1,0,1,1,0,0,0,1,0,0
20,5,78,1,5,2,2,2,0,1,0,0,0,0,1,1,0,0,0
20,3,84,1,4,2,2,2,0,1,0,0,1,0,0,0,1,0,0
20,5,93,2,4,4,4,4,0,1,0,1,0,0,0,0,1,0,0
24,4,85,1,3,3,3,3,0,1,0,1,0,0,1,0,1,0,0
22,4,91,1,3,1,2,2,0,1,1,0,0,0,1,0,0,0,0
20,1,65,5,6,0,0,0,1,1,1,1,1,0,0,0,0,0,1
22,3,93,3,8,2,1,1,1,1,1,0,1,0,0,0,0,0,0
20,3,75,4,6,0,0,0,0,1,0,0,1,0,0,0,1,0,0
23,5,77,0,5,4,4,4,0,1,1,0,0,0,1,0,0,0,1
21,2,97,2,4,2,2,2,0,1,1,0,0,0,0,0,1,0,0
20,2,83,2,3,3,3,3,0,1,0,1,0,1,0,0,0,0,0
22,2,76,1,5,0,0,0,0,1,0,0,1,0,0,0,0,1,0
17,3,77,2,3,2,2,2,0,1,0,1,0,0,1,0,0,0,1
18,4,70,5,7,0,0,0,1,1,1,0,0,1,0,0,0,0,1
18,6,82,1,4,3,3,3,1,1,1,1,1,0,0,0,1,0,0
21,3,79,2,4,2,2,2,0,1,1,1,1,0,0,0,0,0,0
24,3,87,0,9,2,2,2,0,1,0,0,1,0,0,0,1,0,0
25,6,95,1,7,2,3,3,0,1,0,0,0,0,0,0,0,1,0
22,6,72,2,3,3,3,3,0,1,0,1,0,0,0,0,0,1,0
22,1,86,1,3,3,3,3,0,0,1,0,0,0,1,0,0,1,0
17,3,69,1,5,0,0,0,1,1,0,0,1,0,0,0,0,0,0
19,4,85,5,5,0,1,1,1,1,1,0,0,0,1,0,0,1,0
19,4,72,1,4,0,1,1,1,0,1,0,0,1,0,1,0,0,0
19,6,71,3,7,1,2,2,0,0,0,0,0,0,0,0,0,0,0
20,3,100,2,5,0,0,0,1,1,1,0,0,0,0,0,0,0,0
20,2,99,2,5,1,1,1,0,1,0,0,1,0,0,0,1,0,0
17,2,76,0,4,3,4,4,0,1,1,0,0,1,0,0,0,0,1
22,5,97,0,3,3,3,3,0,1,1,0,0,1,0,0,0,0,0
18,3,81,0,4,2,2,2,0,0,0,1,0,0,1,0,1,0,0
21,6,71,0,3,4,4,4,0,1,1,0,0,0,0,1,0,0,0
25,4,87,2,3,2,2,2,0,1,1,1,1,0,0,1,0,0,0
19,3,89,1,7,0,0,0,0,1,0,0,0,0,0,0,0,0,0
17,5,88,3,7,1,1,1,0,1,1,0,0,0,0,0,0,0,0
20,5,68,0,4,2,2,2,0,0,0,0,0,0,1,0,0,0,1
23,5,72,1,7,1,0,0,0,1,0,0,0,1,0,1,0,0,0
25,2,89,1,6,2,3,3,0,1,0,1,0,0,0,0,0,0,0
18,4,72,3,3,3,3,3,0,1,1,0,1,0,0,0,0,0,0
22,2,90,1,2,2,2,2,0,1,0,0,0,0,1,0,0,0,0
20,3,79,2,6,0,0,0,1,1,0,0,1,0,0,0,0,0,0
20,3,68,2,6,0,0,0,0,1,1,0,0,0,0,0,0,0,1
26,4,71,2,3,2,2,2,0,1,1,0,0,0,0,0,0,0,0
17,4,85,1,4,3,3,3,0,1,0,0,0,0,0,0,0,0,0
21,3,86,1,7,3,3,3,0,0,0,1,1,0,0,0,0,0,0
22,5,94,1,8,0,1,1,1,1,0,1,0,0,1,0,0,1,0
23,5,82,1,5,1,2,2,0,1,1,1,0,0,1,1,0,0,0
21,4,80,3,5,2,1,1,0,1,0,0,0,1,0,0,0,1,0
21,6,96,1,4,2,2,2,0,1,1,1,1,0,0,0,1,0,0
20,3,75,0,8,3,2,2,0,1,0,0,0,0,0,0,0,0,0
21,1,79,2,6,0,0,0,1,0,1,0,0,1,0,0,1,0,0
20,2,85,2,4,1,1,1,1,0,0,1,0,0,0,0,1,0,0
22,3,74,3,6,0,0,0,1,1,1,0,0,0,0,0,0,1,0
20,5,85,2,4,2,2,2,0,1,0,0,1,0,0,0,0,0,1
21,2,82,0,3,2,3,3,0,1,0,0,1,0,0,1,0,0,0
20,3,91,1,4,1,0,0,1,1,1,1,0,0,1,0,1,0,0
23,7,78,2,4,3,3,3,0,1,1,1,0,1,0,1,0,0,0
20,4,76,2,3,3,2,2,0,1,0,0,0,1,0,0,0,0,0
17,6,97,2,3,3,3,3,0,1,1,1,0,1,0,0,0,0,0
23,2,88,1,4,3,3,3,0,1,0,0,0,0,0,0,0,0,0
19,1,90,3,4,4,3,3,0,1,1,1,0,1,0,1,0,0,0
19,1,88,4,3,4,4,3,0,1,0,0,0,0,1,0,1,0,0
19,5,76,4,6,0,0,0,1,1,1,0,1,0,0,0,0,0,1
24,3,74,2,2,4,3,3,0,1,0,0,0,0,0,1,0,0,0
17,3,74,2,4,1,1,1,0,1,1,1,0,0,1,0,0,0,1
27,6,77,4,6,2,2,2,0,0,0,0,0,1,0,1,0,0,0
23,5,91,1,7,1,2,2,0,1,1,1,1,0,0,0,0,0,1
21,4,81,2,4,1,1,1,0,0,0,1,0,1,0,0,0,0,1
20,5,89,0,7,1,1,1,0,1,1,1,1,0,0,0,0,1,0
21,3,88,1,4,1,2,2,1,0,1,0,0,0,0,0,0,1,0
22,4,94,2,9,2,2,2,0,1,0,0,0,0,1,0,0,1,0
22,4,73,0,5,3,3,3,0,1,1,0,1,0,0,0,0,0,0
22,3,83,2,3,3,2,2,0,1,0,0,0,0,0,1,0,0,0
21,3,71,2,5,0,0,0,1,1,0,0,0,0,1,1,0,0,0
20,3,97,2,3,2,2,2,0,1,0,1,0,0,0,0,0,0,1
20,5,90,1,4,4,4,4,0,1,1,0,0,0,1,1,0,0,0
20,5,85,2,6,2,2,2,1,1,0,0,1,0,0,0,1,0,0
23,7,83,5,5,3,3,3,0,1,1,0,0,0,0,0,1,0,0
22,6,67,1,5,2,2,2,0,1,0,0,0,0,1,0,0,1,0
17,5,85,3,5,4,3,3,0,1,1,0,0,1,0,0,0,1,0
22,2,77,2,1,2,2,2,0,1,1,0,0,1,0,0,1,0,0
21,5,68,0,5,2,3,3,0,1,1,0,0,0,1,0,0,0,1
21,6,78,1,4,4,3,3,0,1,0,0,0,0,0,0,0,1,0
20,4,83,1,4,0,0,0,1,1,0,0,0,0,0,0,0,0,1
23,1,85,1,2,2,2,2,0,1,1,0,0,1,0,0,1,0,0
23,4,72,2,6,2,2,2,0,1,0,1,0,0,1,1,0,0,0
19,5,71,2,6,2,2,2,0,1,1,1,1,0,0,0,0,0,1
21,4,79,2,3,1,1,1,1,1,0,0,0,0,1,0,0,1,0
18,3,86,3,5,1,1,1,1,0,0,1,0,0,1,0,0,0,0
18,3,75,3,8,1,0,0,1,1,0,0,0,0,0,0,1,0,0
19,5,78,3,5,1,1,1,1,0,1,0,0,1,0,0,0,0,0
22,4,83,2,1,4,4,4,0,1,0,0,0,0,0,0,1,0,0
23,5,75,0,4,3,3,3,0,1,0,1,1,0,0,1,0,0,0
22,5,65,2,5,2,2,2,1,1,1,1,0,0,1,0,0,1,0
22,3,84,2,9,1,1,1,1,1,1,1,0,0,1,0,0,0,0
22,5,68,2,3,4,4,3,0,1,0,1,1,0,0,0,0,0,1
19,5,84,0,5,2,3,3,0,1,0,0,0,0,0,0,1,0,0
22,4,80,3,3,2,2,2,1,1,0,1,0,0,1,0,0,0,0
22,4,80,1,7,1,1,1,1,1,1,0,0,1,0,0,0,1,0
22,2,73,1,4,0,0,0,1,1,1,0,0,0,0,0,0,1,0
23,3,79,5,1,3,4,3,0,1,0,1,1,0,0,0,1,0,0
22,3,75,1,4,2,2,2,0,1,0,1,0,0,1,1,0,0,0
21,2,100,1,5,2,2,2,0,1,0,0,0,0,0,0,0,0,1
23,4,75,1,6,3,3,3,0,1,0,0,0,1,0,0,0,0,1
20,6,90,3,5,1,1,1,0,0,0,0,1,0,0,0,0,1,0
19,4,77,4,6,2,3,2,0,1,1,0,0,1,0,0,1,0,0
20,5,83,2,5,2,3,3,0,1,1,0,0,0,0,0,0,1,0
19,4,82,4,5,2,2,2,0,1,0,1,0,0,1,0,0,0,0
19,6,80,2,5,3,2,2,0,1,1,1,0,0,1,0,0,0,0
20,3,80,4,4,3,3,3,0,1,0,0,0,1,0,0,0,0,0
19,3,84,0,6,2,2,2,0,1,0,0,0,0,1,0,1,0,0
20,5,93,2,7,3,3,3,1,1,0,0,0,1,0,0,0,0,0
17,1,73,3,5,1,1,1,1,1,1,0,0,1,0,0,1,0,0
21,4,67,2,4,4,3,3,0,1,0,1,0,0,1,0,0,0,0
21,1,75,1,3,1,1,1,0,1,0,1,0,0,1,0,0,0,0
19,2,83,1,6,2,2,2,0,1,0,1,0,0,0,0,1,0,0
22,4,79,1,3,4,3,3,0,1,1,1,0,0,0,0,1,0,0
23,2,94,1,5,4,3,3,0,1,0,0,0,0,1,0,1,0,0
17,3,93,1,5,0,0,0,0,1,0,1,1,0,0,0,1,0,0
19,2,78,0,7,1,1,1,1,1,1,0,0,0,0,0,1,0,0
19,4,94,4,8,2,2,2,0,1,1,0,1,0,0,0,1,0,0
18,5,85,0,1,4,3,3,0,1,0,0,0,0,1,0,0,0,1
22,4,76,3,5,2,3,3,0,1,1,1,0,1,0,1,0,0,0
20,6,81,1,1,3,3,3,0,1,1,0,0,0,0,0,0,0,0
20,3,80,3,7,2,2,2,0,1,1,0,0,0,1,0,0,1,0
17,2,76,0,5,2,2,2,1,1,0,1,0,0,1,0,1,0,0
22,4,76,3,5,2,2,2,0,1,1,0,1,0,0,1,0,0,0
18,3,85,1,6,3,2,2,0,1,1,1,0,0,1,0,1,0,0
21,4,63,2,5,3,2,2,0,1,1,0,1,0,0,0,0,1,0
21,7,79,1,3,3,4,4,0,1,0,1,0,1,0,0,0,0,0
24,2,80,1,5,1,1,1,0,1,0,0,0,0,0,0,0,1,0
18,3,80,1,6,0,0,0,1,1,0,0,0,0,1,0,0,0,0
17,4,89,3,5,3,3,3,0,0,0,0,1,0,0,0,0,1,0
21,4,75,1,5,2,2,2,1,0,0,0,0,0,1,0,0,0,1
25,3,83,3,4,1,1,1,0,1,0,0,0,0,0,0,0,0,1
23,3,69,2,7,1,1,1,0,1,0,1,0,1,0,1,0,0,0
21,2,77,2,5,2,2,2,0,1,1,0,0,0,1,0,1,0,0
19,4,71,1,5,1,2,2,0,1,0,1,0,1,0,0,0,0,1
22,2,94,2,6,3,2,2,0,1,1,0,0,0,1,0,1,0,0
18,5,83,2,4,3,3,3,0,1,0,0,0,1,0,1,0,0,0
22,4,78,1,4,1,1,1,0,1,0,1,0,0,1,0,0,0,0
22,3,68,0,6,1,1,1,1,1,0,1,1,0,0,0,0,1,0
23,4,71,1,6,0,0,0,1,1,0,0,0,0,1,0,0,0,0
27,4,88,0,7,3,2,2,0,1,0,1,0,0,1,0,0,0,0
21,3,84,2,5,2,2,2,0,1,0,1,1,0,0,0,1,0,0
19,1,70,0,5,2,1,1,0,1,0,0,1,0,0,0,0,0,0
20,3,70,0,4,2,3,3,0,1,1,1,1,0,0,0,0,0,1
17,4,96,2,6,3,3,3,0,0,1,1,0,1,0,0,0,0,1
19,5,92,0,3,2,2,2,0,1,1,0,0,1,0,0,0,0,0
20,4,84,2,5,3,3,3,0,1,1,1,0,1,0,0,0,0,1
19,3,82,3,7,2,2,2,0,1,0,0,0,0,1,0,0,1,0
21,4,80,0,5,3,2,2,0,1,0,0,0,0,1,0,0,0,1
19,4,71,1,6,1,1,1,1,1,1,0,1,0,0,0,1,0,0
23,4,88,3,5,1,1,1,0,1,1,1,0,0,1,0,0,0,0
21,1,80,1,2,1,1,1,1,1,0,0,0,0,1,1,0,0,0
21,3,87,1,4,2,2,2,0,0,0,1,1,0,0,0,0,0,1
20,5,78,3,5,2,2,2,0,1,0,0,1,0,0,0,0,0,1
21,4,84,2,4,3,2,2,0,1,0,1,1,0,0,0,0,0,1
22,5,78,0,6,1,1,1,0,1,0,0,0,1,0,0,0,1,0
19,3,82,2,2,4,3,3,0,1,1,1,0,0,0,1,0,0,0
19,3,88,2,2,4,4,4,0,0,1,0,0,0,0,0,0,0,1
20,0,77,3,6,0,0,0,1,1,0,1,1,0,0,0,0,0,1
18,1,98,0,4,0,0,0,0,0,1,0,0,0,0,0,0,1,0
19,4,77,2,6,0,0,0,1,1,1,1,0,1,0,0,0,1,0
20,4,83,4,4,2,2,2,0,0,1,0,0,1,0,0,0,0,1
22,1,93,0,6,3,3,3,0,1,0,0,0,0,1,0,0,0,1
21,4,93,2,7,1,1,1,0,1,1,1,1,0,0,0,0,0,1
21,5,85,1,8,2,2,2,0,1,0,1,0,0,1,0,0,0,1
22,4,84,2,4,2,2,2,0,1,0,1,0,1,0,1,0,0,0
20,3,82,1,4,2,2,2,0,1,0,0,1,0,0,0,0,0,0
21,0,92,2,5,2,2,2,0,0,1,1,0,1,0,0,0,0,0
20,4,89,2,8,1,1,1,0,1,0,0,0,0,0,0,1,0,0
21,2,90,4,3,2,3,3,0,1,0,1,0,0,1,0,0,1,0
19,4,95,0,3,4,3,3,0,0,1,0,0,0,0,0,0,0,0
17,4,85,3,7,1,1,1,0,1,1,0,0,0,0,0,0,0,1
20,4,78,3,5,4,4,4,0,1,0,0,0,0,1,0,0,0,1
24,4,84,0,6,1,1,1,0,1,0,0,0,0,0,1,0,0,0
23,3,82,2,4,2,2,2,0,0,1,0,1,0,0,0,0,1,0
23,4,80,1,6,3,2,3,0,1,0,1,0,0,1,0,0,0,0
23,2,78,2,4,1,1,1,1,1,0,0,0,1,0,1,0,0,0
21,5,86,1,3,4,4,3,0,1,1,0,0,0,1,1,0,0,0
21,3,87,3,5,2,2,2,0,1,1,0,0,0,0,0,0,1,0
19,6,76,0,3,3,3,3,0,1,0,0,0,1,0,0,0,0,1
20,3,84,0,6,3,3,3,0,1,1,1,0,0,0,0,0,0,1
22,4,95,1,5,2,2,2,1,1,0,0,1,0,0,0,0,1,0
23,4,76,0,3,4,4,4,0,1,0,0,0,0,0,1,0,0,0
20,1,93,2,6,1,1,1,1,1,1,1,1,0,0,0,0,0,1
20,4,75,3,6,2,2,2,0,1,1,0,0,0,1,0,0,1,0
21,3,84,0,1,4,3,3,0,1,1,1,0,1,0,0,0,0,1
22,3,67,1,5,2,2,2,0,1,1,0,0,0,0,1,0,0,0
17,4,87,1,5,1,1,1,0,1,0,0,0,0,1,0,0,0,1
17,2,80,0,5,1,1,1,0,1,0,0,1,0,0,0,0,0,0
19,3,68,1,2,2,2,2,0,1,0,0,0,1,0,0,1,0,0
18,5,78,3,6,3,3,3,0,1,0,1,1,0,0,0,0,1,0
19,2,96,0,6,3,3,3,0,1,0,0,0,0,0,0,0,0,0
20,4,86,4,3,2,2,2,0,1,0,0,1,0,0,0,0,1,0
20,3,82,2,3,3,3,3,0,1,0,0,0,0,0,0,0,0,1
24,5,86,4,3,1,1,1,0,1,0,1,0,0,1,0,1,0,0
21,4,90,2,5,2,2,2,1,0,1,0,0,0,1,1,0,0,0
21,3,94,0,3,3,3,3,0,1,0,1,0,0,1,1,0,0,0
22,4,79,1,3,3,3,3,0,1,0,1,1,0,0,0,0,1,0
18,3,86,4,9,2,2,2,0,1,0,0,1,0,0,0,0,0,1
23,6,85,4,5,2,2,2,0,1,0,0,1,0,0,1,0,0,0
20,4,82,3,4,1,1,1,0,0,1,0,1,0,0,0,1,0,0
22,3,80,2,4,3,3,3,0,1,1,0,0,1,0,0,1,0,0
18,3,94,3,4,1,1,1,1,1,1,0,0,0,0,0,0,0,0
17,3,84,0,8,2,2,2,0,1,1,1,1,0,0,1,0,0,0
22,3,72,4,7,1,2,2,1,0,0,1,0,0,1,0,0,0,1
21,4,58,4,9,0,0,0,1,0,0,0,0,0,1,0,1,0,0
19,3,89,0,6,3,3,3,0,1,1,1,0,0,0,1,0,0,0
19,2,78,1,3,2,2,2,0,1,1,0,0,1,0,0,0,0,0
23,5,80,3,6,2,1,1,0,1,0,1,0,0,1,0,0,0,0
18,5,85,2,6,2,2,2,0,1,1,1,1,0,0,1,0,0,0
24,2,100,1,6,2,1,1,0,1,0,0,0,0,0,0,0,1,0
19,3,92,2,4,2,2,2,0,1,1,0,1,0,0,1,0,0,0
22,5,80,0,8,1,1,0,0,1,0,1,1,0,0,0,1,0,0
20,4,87,1,3,4,3,3,0,0,1,1,1,0,0,1,0,0,0
22,6,77,1,6,3,3,3,0,1,0,0,1,0,0,1,0,0,0
19,4,88,2,5,1,1,1,0,1,0,0,0,0,0,0,1,0,0
20,4,75,5,4,2,2,2,1,1,0,0,0,1,0,0,0,0,0
21,3,83,3,5,1,2,2,0,1,1,1,0,0,1,0,0,0,1
18,2,83,0,7,1,1,1,0,1,0,0,0,0,0,0,1,0,0
22,2,73,4,6,0,0,0,1,1,0,1,0,1,0,0,0,0,0
19,3,77,0,6,3,3,3,0,1,0,1,1,0,0,1,0,0,0
20,5,64,3,1,3,4,4,0,1,0,1,0,0,1,0,0,0,1
18,2,79,4,7,0,0,0,1,1,0,1,0,0,1,0,0,0,0
17,3,90,2,4,4,4,4,0,1,0,0,0,1,0,0,0,0,1
20,1,98,0,6,0,0,0,0,1,1,0,0,0,0,1,0,0,0
26,5,93,2,7,2,3,3,0,1,0,0,0,1,0,1,0,0,0
22,2,78,4,5,2,1,1,0,1,0,0,1,0,0,1,0,0,0
21,6,81,0,1,2,2,2,0,1,0,1,0,0,0,0,1,0,0
20,4,81,0,8,0,0,0,0,1,0,1,0,1,0,1,0,0,0
21,4,80,1,5,2,2,2,1,0,1,1,0,1,0,0,1,0,0
22,1,89,3,7,1,1,1,0,1,0,0,0,1,0,0,0,1,0
18,0,77,0,4,2,2,2,0,1,0,0,0,0,1,0,1,0,0
23,3,93,1,7,3,2,2,0,1,1,0,0,1,0,0,0,0,1
22,4,83,6,5,0,0,0,1,1,0,0,0,0,1,0,0,1,0
22,4,72,0,5,2,2,2,0,1,1,1,1,0,0,0,0,1,0
22,6,81,5,7,2,3,3,1,1,0,1,0,0,0,1,0,0,0
21,3,85,5,6,0,0,1,1,1,0,0,0,1,0,0,0,0,1
22,3,89,2,1,3,3,3,0,1,0,0,1,0,0,0,0,0,0
22,3,88,2,5,3,3,3,0,1,0,1,0,0,1,0,0,1,0
20,4,79,3,7,1,1,1,0,1,1,1,0,0,0,0,0,0,1
19,2,77,1,3,2,2,2,0,1,0,0,1,0,0,0,0,0,0
21,1,95,2,7,2,2,2,0,1,0,1,1,0,0,0,0,0,0
24,4,82,2,2,0,1,1,1,1,0,0,0,0,1,0,0,0,0
18,2,72,1,5,1,1,1,1,1,0,0,0,0,0,0,1,0,0
17,5,77,1,6,3,2,2,0,1,0,0,0,0,0,1,0,0,0
21,1,66,2,5,1,0,0,0,1,0,0,0,0,0,0,0,1,0
21,2,69,3,7,0,0,0,0,1,0,0,0,1,0,0,0,1,0
21,2,77,5,3,1,1,1,0,1,1,1,0,1,0,0,0,1,0
21,3,75,2,7,1,1,1,0,1,0,0,0,1,0,1,0,0,0
20,2,76,1,5,0,0,0,0,1,0,1,1,0,0,0,0,0,0
24,5,88,2,4,3,3,3,0,1,0,0,0,0,0,0,0,0,1
17,7,89,0,6,3,2,2,0,1,1,0,0,0,1,1,0,0,0
19,4,72,2,5,1,1,1,1,1,0,0,1,0,0,1,0,0,0
20,3,97,1,8,0,0,0,1,1,0,0,0,0,0,0,1,0,0
17,3,82,3,6,2,3,3,0,1,1,0,1,0,0,0,0,0,0
20,2,82,3,6,0,0,0,0,1,0,0,0,1,0,0,0,0,0
24,4,75,1,4,1,1,1,0,1,0,1,0,0,1,0,0,1,0
21,2,79,2,5,3,3,3,0,1,0,1,0,0,1,1,0,0,0
21,4,98,2,4,2,2,2,0,1,1,0,1,0,0,0,0,0,0
18,4,73,2,5,1,1,1,1,1,0,1,1,0,0,1,0,0,0
19,4,84,2,7,1,0,0,0,0,0,0,1,0,0,0,0,0,0
20,3,77,4,5,4,3,3,0,1,1,0,0,0,1,0,0,0,0
20,4,67,2,2,2,2,2,0,1,1,0,0,1,0,0,0,0,1
23,4,69,3,6,2,2,2,0,0,1,0,0,0,1,0,0,1,0
22,3,86,2,6,2,2,2,0,1,0,0,1,0,0,0,0,1,0
18,4,68,1,8,0,0,0,1,1,1,0,0,1,0,0,0,0,0
21,5,72,3,7,0,0,0,1,0,1,0,0,1,0,0,0,1,0
22,1,88,3,5,2,1,1,0,1,0,0,0,1,0,0,0,0,0
23,1,87,0,6,0,0,0,1,1,0,0,1,0,0,0,0,0,1
24,5,82,2,6,2,2,2,1,1,1,0,0,0,1,1,0,0,0
18,4,57,4,5,2,2,2,0,1,1,1,0,1,0,0,0,1,0
19,5,72,3,1,4,3,3,0,1,0,0,0,0,0,0,0,0,0
18,3,71,5,4,2,2,2,0,1,1,1,0,0,0,1,0,0,0
20,6,80,2,6,2,2,2,0,1,1,1,0,0,1,0,0,0,0
22,7,87,2,7,3,4,4,0,1,1,0,0,0,0,0,0,1,0
23,5,78,1,4,2,2,2,0,1,0,1,0,0,0,1,0,0,0
20,4,89,2,4,3,3,3,0,1,0,0,0,0,1,0,0,0,0
20,4,94,0,5,2,2,2,0,1,0,0,1,0,0,0,0,0,1
21,4,85,2,5,4,4,4,0,1,0,0,0,0,0,0,0,1,0
19,4,72,1,7,2,2,2,0,1,0,0,1,0,0,0,0,0,1
25,4,82,3,4,0,1,1,1,1,0,1,1,0,0,0,1,0,0
17,6,92,4,7,2,2,2,0,1,0,0,0,0,0,0,0,1,0
21,3,77,1,8,3,2,2,1,1,0,1,0,1,0,0,0,0,1
25,3,76,2,4,2,2,2,0,0,0,0,0,0,0,1,0,0,0
21,4,91,1,4,3,3,3,0,1,1,0,1,0,0,1,0,0,0
20,4,70,1,5,2,2,2,1,0,1,1,0,0,1,0,0,0,0
20,4,83,1,4,2,1,1,0,1,0,0,0,0,1,1,0,0,0
20,2,77,3,5,0,0,0,1,1,1,1,1,0,0,0,0,0,0
24,4,78,4,2,3,3,3,0,1,1,1,1,0,0,0,0,0,1
17,3,95,1,7,3,2,3,0,0,0,1,1,0,0,0,0,0,1
24,3,78,0,8,2,2,2,0,1,1,1,1,0,0,0,1,0,0
17,5,83,2,4,3,2,2,0,1,1,0,0,0,1,1,0,0,0
20,5,90,3,2,4,4,3,0,0,1,1,1,0,0,0,0,1,0
20,2,71,2,7,1,1,1,0,1,0,0,0,0,1,0,0,1,0
22,4,88,0,5,4,3,3,0,1,1,0,1,0,0,0,1,0,0
17,2,78,1,4,2,2,2,0,1,0,0,0,0,1,0,1,0,0
22,3,71,3,5,2,2,2,0,1,1,0,1,0,0,1,0,0,0
25,3,78,1,3,1,2,1,1,1,1,0,0,1,0,0,0,1,0
18,4,82,2,6,2,2,2,0,1,0,0,1,0,0,0,0,1,0
21,1,83,1,3,2,1,1,0,1,0,1,1,0,0,0,0,1,0
19,6,76,1,3,3,3,3,0,1,0,0,0,0,0,0,0,0,0
21,1,80,4,3,2,2,2,0,1,1,1,0,1,0,1,0,0,0
21,6,70,1,5,1,1,1,0,1,1,0,0,0,0,0,1,0,0
19,3,76,1,2,2,2,2,0,1,0,0,1,0,0,0,0,1,0
22,4,71,3,9,1,1,1,1,1,1,0,0,0,1,0,0,0,1
25,1,81,1,4,2,3,3,0,1,0,1,0,0,0,0,0,0,1
20,4,75,0,1,3,3,3,0,0,0,1,1,0,0,0,0,0,0
22,3,98,1,3,4,3,3,0,1,0,0,0,1,0,0,1,0,0
18,5,85,4,6,3,2,2,0,1,0,0,0,0,0,0,0,0,0
18,2,69,2,7,1,1,1,0,1,0,0,0,0,0,0,0,0,0
22,5,76,2,5,2,2,2,0,1,1,0,1,0,0,0,1,0,0
24,1,87,1,5,2,2,2,0,1,0,0,0,1,0,0,0,1,0
21,4,84,1,2,3,3,3,0,1,0,0,1,0,0,1,0,0,0
20,2,69,2,8,1,1,1,0,1,1,1,0,0,0,0,0,1,0
21,6,75,1,6,1,1,1,1,1,1,0,0,1,0,0,0,0,0
18,5,87,2,6,2,2,2,0,1,1,0,0,1,0,0,1,0,0
22,6,85,2,5,1,1,1,1,0,0,0,0,1,0,1,0,0,0
22,3,86,2,6,2,2,2,0,1,1,0,0,1,0,0,0,1,0
20,4,79,2,5,2,2,1,0,1,0,1,1,0,0,0,0,0,0
20,3,75,0,7,0,0,0,1,1,0,0,0,1,0,0,0,1,0
21,4,71,4,5,1,1,1,1,1,0,0,1,0,0,0,1,0,0
20,3,89,0,5,1,1,1,0,1,0,0,1,0,0,0,1,0,0
20,3,97,2,5,1,1,1,0,1,1,1,0,1,0,1,0,0,0
25,5,84,0,1,3,3,3,0,1,1,0,0,1,0,0,0,0,1
20,5,89,0,2,2,2,2,0,1,0,1,0,0,0,0,0,0,0
20,2,75,0,6,3,3,3,0,0,0,0,0,0,0,0,0,0,1
19,4,81,1,7,4,3,3,0,1,1,0,1,0,0,1,0,0,0
22,2,81,2,7,0,0,0,1,1,0,0,1,0,0,0,1,0,0
20,5,85,1,3,4,4,4,0,1,0,0,0,0,0,0,0,0,0
19,2,82,2,9,0,1,1,0,1,1,0,0,0,0,0,0,1,0
23,5,100,0,7,2,3,3,1,1,0,1,0,1,0,0,0,0,1
24,4,88,2,4,4,4,3,0,0,0,0,0,1,0,0,0,1,0
19,3,92,3,5,2,2,2,0,0,1,1,1,0,0,0,0,1,0
17,3,84,2,2,2,2,2,0,1,1,0,0,1,0,0,1,0,0
23,3,65,0,4,1,1,1,0,1,1,0,0,1,0,0,0,0,1
19,4,85,1,6,0,0,0,0,0,0,0,0,0,0,0,0,1,0
22,5,90,1,5,2,2,2,0,1,0,0,0,0,0,0,1,0,0
17,4,93,1,5,4,3,3,0,1,0,0,0,1,0,0,0,1,0
23,4,81,2,5,2,2,2,0,1,0,1,0,0,0,0,0,0,1
18,4,70,0,5,1,1,1,0,1,1,0,0,0,0,0,0,0,1
22,4,79,2,3,2,2,2,0,0,0,1,0,0,0,0,1,0,0
21,3,70,2,8,0,0,0,1,1,0,0,0,0,1,0,0,0,0
18,4,92,4,6,2,2,2,0,1,0,0,1,0,0,1,0,0,0
20,5,85,3,5,4,3,3,0,1,0,1,1,0,0,0,0,0,1
22,5,77,1,5,1,1,1,1,0,0,0,1,0,0,0,0,0,0
21,4,87,0,3,2,2,2,0,1,1,0,0,0,0,0,0,0,1
22,3,93,1,7,0,0,0,1,1,0,0,0,0,1,0,0,1,0
25,4,88,2,5,0,1,1,1,1,1,0,1,0,0,0,0,1,0
17,4,98,1,5,3,4,4,0,1,0,0,0,0,1,0,0,1,0
24,5,74,1,6,1,1,1,0,1,0,0,0,1,0,0,0,1,0
21,4,89,3,3,2,1,1,0,1,0,0,0,0,1,0,1,0,0
19,5,70,1,9,2,2,2,1,1,1,1,1,0,0,0,0,0,0
18,5,97,2,8,2,3,3,0,1,0,1,0,1,0,0,0,1,0
20,3,87,2,5,0,0,0,0,1,0,1,0,1,0,0,0,0,1
23,4,64,2,5,1,2,2,0,1,1,1,0,0,0,0,0,1,0
20,6,72,2,6,1,1,1,1,1,0,0,0,0,1,0,0,1,0
24,4,77,0,7,2,2,2,0,1,1,1,0,0,1,0,0,1,0
17,4,79,1,8,1,1,1,1,1,1,0,0,1,0,0,1,0,0
21,3,83,2,6,2,2,2,0,1,0,0,0,0,1,1,0,0,0
18,4,81,3,5,3,3,3,0,1,1,0,1,0,0,0,1,0,0
21,4,76,4,5,2,3,3,0,1,0,0,0,0,0,0,0,0,1
23,4,91,3,2,4,4,4,0,1,0,0,0,1,0,0,0,1,0
20,4,68,2,4,1,1,1,1,1,1,0,0,1,0,1,0,0,0
17,4,86,4,6,3,3,3,0,1,0,0,0,0,1,0,0,0,0
21,3,83,3,1,4,3,3,0,1,1,1,0,1,0,0,0,0,0
22,4,81,0,5,1,1,1,1,1,1,0,1,0,0,0,0,1,0
21,5,87,3,4,3,2,2,0,1,0,0,0,1,0,0,0,0,1
23,4,76,1,8,0,0,0,1,1,0,0,0,0,0,0,0,1,0
18,2,75,5,5,1,1,1,0,1,0,1,0,0,0,0,0,0,0
22,3,79,0,5,2,2,2,0,1,1,0,1,0,0,0,0,0,0
23,3,77,2,5,0,1,1,0,1,0,1,0,0,1,0,1,0,0
17,6,80,1,5,0,0,0,0,1,0,0,0,1,0,0,0,0,0
21,3,87,2,6,3,4,4,0,0,1,0,1,0,0,1,0,0,0
19,5,82,1,4,2,2,2,1,1,1,0,0,0,0,0,0,0,1
20,4,82,2,5,3,3,3,0,1,0,0,0,1,0,0,0,0,0
21,3,83,2,6,2,2,2,0,1,0,1,0,0,0,0,0,0,0
19,2,79,1,5,1,2,2,1,1,1,0,0,0,1,0,1,0,0
19,3,89,3,6,0,0,0,1,0,1,0,0,0,0,0,0,0,0
21,4,86,2,4,2,2,2,0,0,0,0,0,0,1,0,1,0,0
18,2,82,5,6,2,2,2,0,1,0,0,0,1,0,0,1,0,0
18,4,72,1,7,2,4,3,0,1,1,1,0,0,1,0,1,0,0
22,2,92,2,6,1,1,1,0,1,0,0,0,1,0,0,0,1,0
18,2,87,3,2,3,3,3,0,1,0,0,0,1,0,0,0,0,1
22,2,86,3,6,1,1,1,1,1,1,0,0,1,0,0,0,0,1
22,3,95,1,3,3,3,3,0,1,0,0,0,0,1,0,0,1,0
17,4,87,1,3,1,1,1,0,1,1,0,0,0,1,0,0,1,0
19,6,81,1,6,2,2,2,0,1,0,0,0,0,0,1,0,0,0
23,3,77,2,3,2,2,2,0,1,1,0,0,0,0,1,0,0,0
18,4,77,0,3,1,1,1,0,1,1,0,0,1,0,0,1,0,0
20,3,84,2,5,1,1,1,0,0,0,0,0,0,1,0,0,1,0
22,1,89,1,4,1,2,2,0,0,0,0,0,1,0,0,0,0,1
22,4,89,3,2,4,4,3,0,1,1,0,1,0,0,0,0,1,0
20,3,71,5,6,1,1,1,1,0,1,0,1,0,0,0,0,1,0
19,1,89,6,7,0,0,0,0,1,0,0,0,0,1,0,0,1,0
24,6,79,1,7,3,3,3,0,1,1,1,0,0,0,0,0,0,1
24,4,77,2,3,1,1,1,0,1,0,0,0,0,1,0,0,0,1
23,1,84,0,6,0,0,0,1,1,1,1,0,0,1,0,0,0,0
21,4,88,3,4,1,1,1,1,1,0,0,1,0,0,0,0,1,0
19,7,72,0,3,2,2,2,1,1,1,1,0,0,0,1,0,0,0
19,4,83,5,4,3,3,3,0,1,1,0,0,0,1,0,0,0,1
22,4,69,3,1,3,4,3,0,1,0,0,0,0,1,0,0,0,1
21,3,88,1,3,3,3,3,0,1,1,0,0,0,1,0,0,0,0
24,3,73,1,2,4,4,4,0,1,0,0,0,0,0,0,0,1,0
22,6,83,1,5,2,1,1,0,1,1,0,0,1,0,0,0,0,1
17,4,79,2,6,4,3,3,0,1,1,0,0,0,1,1,0,0,0
23,5,77,2,2,3,3,3,0,1,0,0,0,1,0,0,0,0,1
18,3,66,1,7,3,3,3,0,1,1,1,1,0,0,0,1,0,0
20,4,70,1,4,1,1,1,0,1,1,0,0,1,0,1,0,0,0
21,3,81,3,3,2,2,2,0,0,1,1,0,0,0,0,0,0,1
25,4,59,0,5,2,2,2,0,1,1,0,0,1,0,0,0,1,0
27,3,79,1,4,3,3,3,0,1,1,1,0,0,0,0,1,0,0
22,6,75,4,5,3,3,3,1,0,1,0,0,0,1,0,1,0,0
20,3,79,4,7,2,2,2,1,1,1,1,0,1,0,0,0,0,0
22,4,72,1,5,3,3,3,0,1,0,1,0,0,0,0,0,1,0
23,1,78,3,4,3,3,3,0,1,1,0,0,0,1,0,0,0,1
20,5,79,2,6,1,0,0,0,1,0,1,0,0,0,0,0,0,0
24,2,82,4,5,1,1,1,0,1,0,1,1,0,0,0,0,0,0
21,3,67,2,2,3,3,3,0,1,1,0,0,0,0,0,0,1,0
22,2,82,1,4,2,2,2,0,1,1,0,0,1,0,0,0,0,1
22,2,73,3,4,2,2,1,0,1,1,1,0,1,0,1,0,0,0
21,5,71,1,5,2,3,3,0,1,0,1,0,0,0,1,0,0,0
22,2,91,1,4,3,2,2,0,1,0,0,1,0,0,0,0,1,0
19,2,87,1,4,1,1,1,0,1,0,0,0,0,1,0,0,1,0
19,2,86,0,8,0,0,0,1,1,0,0,0,1,0,1,0,0,0
18,5,80,2,5,1,2,2,0,1,1,1,0,0,1,0,0,0,1
22,3,77,0,6,0,0,0,0,1,0,0,0,0,1,0,1,0,0
22,3,93,4,5,3,3,3,0,1,1,0,0,0,1,0,0,0,1
22,5,83,1,7,3,3,3,0,1,0,0,0,0,0,0,0,0,0
24,4,74,2,5,3,3,3,0,1,1,1,0,0,1,1,0,0,0
21,4,74,2,7,3,2,2,0,1,1,0,0,0,1,0,0,0,0
22,5,84,3,1,4,3,3,0,1,0,0,0,0,0,1,0,0,0
18,2,79,2,5,1,1,1,1,0,0,1,0,0,0,0,0,1,0
20,3,90,1,6,1,1,1,1,1,0,0,1,0,0,0,1,0,0
22,5,82,0,6,1,2,2,0,1,0,0,0,0,1,0,0,0,1
22,6,72,2,3,2,2,2,0,1,0,1,0,1,0,0,1,0,0
20,6,96,2,4,3,2,2,0,1,0,0,0,1,0,0,0,0,1
20,2,73,2,3,2,2,2,0,1,0,0,1,0,0,0,1,0,0
17,4,72,0,6,3,3,3,0,1,1,0,1,0,0,0,0,0,0
20,4,81,2,7,0,0,0,1,1,0,0,1,0,0,0,0,0,0
23,3,85,1,2,3,3,3,0,1,0,1,0,1,0,0,0,0,0
22,4,74,2,5,1,1,1,0,1,0,0,1,0,0,0,1,0,0
22,6,87,4,3,3,2,2,0,1,0,0,0,1,0,1,0,0,0
21,2,78,1,8,0,0,0,1,1,1,0,0,0,1,1,0,0,0
21,2,100,1,6,1,2,2,1,1,0,1,0,0,0,1,0,0,0
19,4,84,1,4,1,1,1,0,1,1,0,0,0,0,0,0,0,0
22,4,58,2,5,1,1,1,0,1,1,1,0,0,1,1,0,0,0
21,4,76,3,7,0,1,1,1,1,0,0,0,0,1,0,0,0,1
22,4,85,2,5,4,4,4,0,1,0,0,0,0,1,0,0,1,0
19,3,75,1,2,2,1,1,0,1,1,0,0,1,0,0,0,0,1
17,4,66,2,5,0,0,0,1,1,0,0,0,0,0,0,0,1,0
23,4,97,1,7,2,3,3,0,1,0,1,0,1,0,0,0,0,0
19,3,87,1,4,3,3,3,0,1,0,1,0,0,0,1,0,0,0
19,5,86,3,6,2,2,2,0,1,1,0,0,1,0,1,0,0,0
22,4,97,1,4,2,2,2,0,1,1,1,0,0,1,0,1,0,0
20,2,75,0,4,2,3,2,0,1,0,1,1,0,0,1,0,0,0
23,5,81,0,5,3,3,3,0,1,0,0,1,0,0,1,0,0,0
22,3,79,1,6,3,3,3,0,1,1,0,0,1,0,0,0,0,1
22,6,77,2,6,1,1,1,1,1,0,0,0,1,0,0,0,0,1
18,3,80,2,7,0,0,0,0,1,0,1,0,0,1,0,0,1,0
23,2,78,1,6,0,0,0,1,1,0,1,1,0,0,0,1,0,0
21,3,76,3,8,1,1,1,1,1,0,0,0,0,1,1,0,0,0
20,3,79,1,8,3,2,2,0,1,0,0,1,0,0,0,0,0,0
21,3,76,1,6,1,1,1,0,1,1,0,0,0,0,1,0,0,0
17,3,84,2,4,2,2,2,0,1,1,0,0,0,0,0,1,0,0
21,3,74,4,5,0,1,1,0,0,0,1,1,0,0,1,0,0,0
18,4,90,4,5,3,3,3,0,1,1,0,0,0,1,0,0,1,0
18,3,87,3,5,0,0,0,1,1,0,1,0,0,1,0,0,1,0
17,6,85,1,4,2,3,3,0,0,1,1,0,0,0,0,0,1,0
23,5,78,3,4,1,1,1,1,1,0,0,0,1,0,0,0,0,1
19,3,82,2,5,3,3,3,0,1,1,1,0,0,0,0,0,0,1
24,4,81,2,1,4,3,3,0,1,0,1,0,0,0,0,0,0,0
19,3,82,1,5,2,2,2,0,1,0,0,0,1,0,0,0,0,0
17,5,71,1,5,2,2,2,0,1,1,0,1,0,0,0,0,1,0
18,5,82,2,2,2,2,2,0,1,1,1,0,1,0,0,0,1,0
23,4,84,2,7,1,1,1,1,1,0,1,0,1,0,0,0,0,0
20,3,93,2,6,2,3,3,0,1,0,0,0,0,1,1,0,0,0
19,4,73,1,7,2,2,2,0,1,0,0,1,0,0,0,0,0,0
21,3,72,3,6,0,0,0,1,1,0,0,0,0,0,0,0,0,0
22,2,89,0,6,1,0,0,0,1,1,0,0,0,1,0,0,0,0
23,4,69,0,8,1,1,1,1,1,0,0,0,1,0,0,0,0,0
24,1,93,2,7,1,1,1,0,1,0,0,0,1,0,0,0,0,1
20,3,91,1,9,2,2,2,0,1,1,1,0,0,0,0,0,1,0
18,4,86,1,5,3,3,3,0,1,0,0,1,0,0,0,0,1,0
20,6,69,1,4,4,4,3,0,1,0,0,0,0,1,0,0,0,0
21,3,80,6,3,2,2,2,0,1,0,0,0,1,0,0,0,1,0
18,2,81,1,3,2,2,2,0,0,1,1,0,0,1,0,0,0,0
18,5,84,4,6,1,1,1,1,1,1,0,0,0,1,0,1,0,0
21,4,86,2,10,0,0,0,1,1,0,1,1,0,0,0,1,0,0
20,4,76,1,8,3,2,2,0,1,1,1,0,1,0,1,0,0,0
21,2,90,1,5,1,1,1,0,1,0,0,0,1,0,0,0,0,0
19,5,86,1,6,1,0,0,1,1,1,0,0,0,1,1,0,0,0
20,1,86,4,4,1,0,0,1,1,0,0,0,0,1,1,0,0,0
19,4,80,1,4,1,1,1,0,1,1,1,0,1,0,0,0,0,1
23,5,85,1,3,2,2,2,0,1,0,0,1,0,0,0,0,0,0
23,4,64,1,3,3,3,3,1,1,1,0,0,1,0,0,0,1,0
17,3,85,2,6,1,2,2,0,1,1,1,0,0,1,0,1,0,0
19,2,95,2,8,3,2,3,0,1,0,0,1,0,0,0,0,1,0
17,3,88,0,7,1,1,1,0,1,0,1,0,1,0,0,0,1,0
19,6,87,2,8,1,0,0,0,1,0,0,1,0,0,0,0,0,0
20,3,88,0,6,3,4,4,0,1,1,0,0,0,0,0,0,0,0
17,4,91,1,5,2,3,3,0,0,1,1,1,0,0,1,0,0,0
19,2,80,2,4,2,2,2,0,1,0,1,0,1,0,0,0,0,1
18,3,89,1,6,2,2,2,0,1,0,0,0,1,0,0,0,1,0
21,1,85,2,2,2,3,3,0,1,1,0,0,0,0,0,0,1,0
21,3,82,0,4,1,1,1,0,1,1,1,0,0,0,1,0,0,0
19,3,92,4,4,3,3,3,0,1,1,0,0,0,1,0,1,0,0
21,5,76,2,7,3,3,3,0,1,1,1,1,0,0,1,0,0,0
19,2,76,1,3,3,2,2,1,0,1,1,0,0,1,0,0,0,0
20,3,63,1,7,0,0,0,1,1,0,1,0,1,0,0,0,0,0
24,5,74,0,6,0,0,0,0,1,0,1,1,0,0,0,1,0,0
23,3,78,1,6,2,3,3,0,1,1,0,0,1,0,0,0,0,1
18,3,81,1,4,4,4,4,0,1,0,0,0,0,0,1,0,0,0
22,3,85,0,2,4,4,4,0,0,0,1,0,0,0,0,0,0,1
22,2,89,1,6,2,2,2,0,1,0,1,0,0,1,1,0,0,0
18,3,71,1,7,1,1,0,0,1,0,0,0,1,0,1,0,0,0
22,4,82,3,6,1,1,1,1,1,0,0,0,1,0,1,0,0,0
24,2,74,2,5,1,1,1,0,1,0,1,1,0,0,0,0,0,0
18,2,71,1,3,3,3,3,0,1,0,1,0,1,0,0,0,0,1
19,5,84,0,4,3,3,3,0,1,1,0,0,1,0,0,0,0,0
23,4,82,3,6,3,3,3,0,1,1,1,0,0,1,0,0,1,0
21,4,85,0,4,2,2,2,0,1,0,0,0,0,0,0,0,0,1
22,3,86,2,3,2,2,2,0,1,0,0,0,1,0,0,0,1,0
21,4,78,4,2,3,3,3,0,0,1,0,0,0,1,0,0,1,0
21,0,90,1,6,1,1,2,0,1,0,0,0,0,1,1,0,0,0
18,2,74,2,6,2,2,2,0,1,1,0,1,0,0,0,0,1,0
23,4,73,3,7,1,1,1,1,1,1,0,0,1,0,0,1,0,0
23,3,85,1,1,3,3,3,0,1,0,0,1,0,0,0,0,0,1
20,3,83,2,7,2,2,2,0,1,0,0,0,1,0,0,0,0,0
20,4,75,1,7,1,0,0,0,0,0,1,1,0,0,0,0,0,0
17,3,75,2,7,2,2,2,0,1,1,0,0,1,0,0,0,0,0
22,3,85,3,5,4,4,4,0,1,0,0,0,0,1,0,0,0,0
22,3,84,1,5,2,2,2,0,0,0,1,0,1,0,1,0,0,0
20,4,73,0,5,2,2,2,1,1,1,0,0,0,0,0,0,1,0
23,1,76,0,3,1,2,2,0,1,1,0,1,0,0,0,0,1,0
20,4,74,1,3,2,2,2,0,1,1,0,0,1,0,0,0,1,0
22,3,65,2,5,1,1,1,1,1,0,0,0,1,0,0,0,0,0
18,4,92,2,5,3,3,4,0,1,0,1,0,0,1,1,0,0,0
20,3,83,2,6,1,1,1,0,1,0,0,0,1,0,0,0,1,0
20,3,91,0,4,1,1,1,0,1,0,0,0,0,0,0,0,1,0
21,5,79,1,2,3,3,3,0,1,0,0,0,1,0,0,0,0,0
20,4,74,1,2,3,3,3,0,1,0,0,0,0,0,0,0,0,1
20,5,75,2,4,1,1,1,0,1,1,0,0,0,1,0,1,0,0
22,2,75,1,6,0,0,0,1,1,1,1,0,0,0,0,0,1,0
20,4,77,0,4,3,3,3,0,1,1,1,0,1,0,0,0,0,0
17,3,69,1,6,1,1,1,1,0,0,0,1,0,0,0,0,1,0
24,1,78,3,2,0,0,0,0,1,1,0,1,0,0,0,0,1,0
24,5,77,2,5,2,2,2,0,1,1,0,0,0,1,0,0,0,1
18,5,89,0,5,4,3,3,0,1,1,1,0,0,0,0,0,0,0
22,5,86,0,7,2,2,2,0,1,0,0,0,0,0,0,0,1,0
19,2,78,1,5,1,1,1,0,1,0,0,0,0,1,0,0,0,0
21,4,85,2,6,3,3,2,0,1,0,0,0,1,0,0,1,0,0
21,3,73,2,9,0,0,0,1,0,0,0,0,0,0,0,0,0,0
20,5,71,2,5,4,3,3,0,1,0,1,0,1,0,0,1,0,0
19,2,81,2,8,0,0,0,1,1,0,1,0,0,0,0,0,0,0
19,3,82,3,5,1,0,0,1,1,1,1,0,0,0,0,0,0,0
19,4,80,1,4,0,0,0,0,1,1,0,0,0,0,0,0,1,0
19,4,92,2,5,3,3,3,0,1,1,1,1,0,0,0,0,1,0
20,4,87,1,4,0,0,0,1,1,0,0,0,0,0,0,1,0,0
19,3,90,1,4,1,0,0,0,1,1,1,1,0,0,1,0,0,0
22,3,77,3,4,1,2,2,1,1,0,0,0,1,0,0,0,0,1
24,3,84,2,5,1,2,2,0,1,1,0,0,0,0,0,0,0,0
19,4,73,2,6,1,1,1,0,1,1,0,0,0,0,0,0,0,1
21,2,76,1,2,2,2,2,0,1,0,1,1,0,0,0,1,0,0
22,4,84,1,5,1,0,0,0,1,1,1,0,0,0,0,0,0,1
22,3,74,2,5,2,2,2,0,1,0,0,0,1,0,0,0,0,0
21,1,75,1,8,1,1,1,1,1,1,1,0,0,1,1,0,0,0
22,1,85,1,4,0,0,0,0,0,1,0,0,1,0,0,0,0,1
22,2,75,1,7,0,0,0,1,1,0,0,1,0,0,0,1,0,0
18,3,89,1,4,3,2,3,0,1,0,0,0,0,1,0,0,0,0
22,4,80,1,4,3,3,3,0,1,1,0,0,0,1,0,1,0,0
23,3,80,0,6,2,3,2,1,1,0,0,0,1,0,0,0,0,0
19,1,84,1,6,0,0,0,0,1,0,0,1,0,0,1,0,0,0
21,5,80,2,5,2,2,2,0,1,1,0,1,0,0,0,0,0,1
22,4,84,2,5,2,1,1,0,1,1,0,0,0,0,0,0,0,0
20,3,74,2,5,1,1,1,1,0,0,0,0,0,0,0,0,1,0
23,4,60,2,6,2,2,2,1,1,0,1,0,1,0,1,0,0,0
26,2,70,2,5,1,1,1,0,1,1,1,0,0,1,0,0,0,1
19,5,78,1,5,3,3,3,0,1,1,1,1,0,0,0,0,1,0
18,4,85,3,7,2,3,3,0,1,1,1,1,0,0,0,0,0,1
21,3,99,1,5,2,2,2,0,0,1,0,0,1,0,1,0,0,0
22,3,77,3,6,2,2,2,0,1,1,1,0,0,1,0,1,0,0
20,4,76,2,10,0,0,0,1,1,0,1,0,0,0,0,0,0,0
24,4,84,5,1,3,3,3,0,1,0,1,1,0,0,0,0,1,0
18,1,83,2,3,1,1,1,0,0,0,0,0,0,0,0,0,0,0
22,2,84,3,3,1,1,1,0,1,1,0,0,0,0,0,1,0,0
19,3,80,1,4,1,0,0,1,1,1,0,0,0,0,0,1,0,0
24,3,66,2,8,1,1,1,1,1,1,0,0,1,0,0,0,0,1
25,3,83,1,1,4,3,3,0,1,0,0,0,0,0,0,0,0,0
19,5,81,4,6,3,3,3,0,1,1,0,0,0,1,0,1,0,0
19,3,69,3,2,2,2,2,1,1,1,1,0,0,0,0,1,0,0
22,2,86,4,5,0,0,0,0,1,1,0,0,0,1,0,0,0,1
20,3,87,3,6,1,1,1,1,0,0,0,0,0,0,0,0,0,1
20,5,86,2,7,2,2,2,1,1,0,0,0,0,1,0,0,0,1
21,4,78,2,5,2,3,3,0,1,1,0,0,0,0,0,0,1,0
17,3,83,2,5,2,2,2,0,1,0,0,0,0,1,0,1,0,0
21,3,74,2,1,2,2,2,0,0,0,0,0,1,0,0,0,0,1
19,1,70,2,9,0,0,0,1,1,1,0,0,1,0,0,0,1,0
19,3,81,4,6,3,3,3,0,1,1,0,1,0,0,0,0,0,1
24,4,70,3,6,3,3,3,0,0,0,0,0,0,1,0,0,1,0
18,4,80,1,7,3,3,3,0,0,1,1,0,0,0,0,0,0,0
22,3,81,3,5,3,2,2,0,1,0,0,0,0,0,0,1,0,0
20,3,75,2,6,1,1,1,0,0,1,0,0,0,0,0,0,0,1
20,5,97,2,6,3,2,2,0,1,0,1,1,0,0,1,0,0,0
22,4,77,2,5,3,2,2,0,1,1,0,0,0,1,1,0,0,0
21,2,83,0,6,0,0,0,0,1,0,0,1,0,0,0,0,1,0
22,3,80,4,9,2,2,2,0,1,0,0,0,0,1,0,1,0,0
23,3,89,3,8,2,2,2,0,1,0,0,0,0,0,0,0,0,1
20,3,79,1,8,2,2,2,0,1,1,1,0,0,1,0,0,0,1
19,3,71,2,8,0,0,0,1,1,1,0,1,0,0,0,0,0,0
18,4,85,1,3,3,3,3,0,1,0,0,0,1,0,0,0,0,0
19,3,70,1,4,1,1,1,1,1,0,0,0,1,0,0,0,0,1
27,5,75,1,3,1,1,1,1,1,1,0,0,0,1,0,0,0,1
23,4,77,0,10,0,0,0,1,0,0,1,0,0,0,0,0,0,1
18,3,78,1,5,0,0,0,1,1,0,1,0,1,0,1,0,0,0
18,3,79,3,3,1,1,1,0,1,1,1,0,1,0,1,0,0,0
22,3,78,5,3,2,2,2,0,1,0,1,0,1,0,0,0,0,0
22,2,83,0,5,1,1,1,1,0,0,0,0,1,0,0,0,0,0
22,3,76,1,3,3,2,2,0,1,0,0,0,0,1,0,1,0,0
20,4,85,3,8,1,1,1,1,0,1,0,0,0,1,0,0,0,0
20,5,75,0,6,2,1,1,0,1,0,0,1,0,0,0,0,1,0
21,4,71,2,6,1,1,1,0,1,0,1,0,0,0,0,0,1,0
21,8,72,1,3,3,3,3,0,1,0,0,1,0,0,0,0,0,0
17,4,78,3,3,3,3,3,0,1,1,1,1,0,0,0,0,1,0
20,1,89,4,6,1,1,1,0,1,0,0,0,1,0,0,0,0,1
19,4,81,0,5,2,2,2,0,1,0,0,0,0,1,0,0,1,0
21,5,78,1,3,2,2,2,0,1,0,1,0,0,0,0,0,1,0
27,3,81,3,5,2,2,2,0,1,1,0,0,1,0,0,0,1,0
21,4,72,1,5,1,1,1,0,1,0,0,1,0,0,0,0,0,0
20,1,68,3,6,2,2,2,1,1,0,0,0,0,1,1,0,0,0
23,3,74,0,9,1,1,1,1,1,0,0,0,1,0,0,1,0,0
22,2,73,4,1,2,2,2,0,1,1,1,1,0,0,0,0,0,1
21,3,100,1,6,3,4,4,0,1,0,0,0,0,0,0,0,1,0
22,3,97,1,4,3,3,3,0,1,1,0,0,0,0,0,0,0,1
25,5,97,2,6,1,2,2,0,1,1,0,1,0,0,0,0,1,0
18,5,72,0,5,1,0,0,0,1,1,1,1,0,0,0,0,0,1
22,3,96,2,6,4,3,3,0,1,0,0,1,0,0,0,0,0,0
19,3,76,3,3,4,4,3,0,1,0,1,0,1,0,1,0,0,0
22,5,95,2,7,2,2,2,0,1,1,0,0,1,0,1,0,0,0
19,4,85,1,5,1,2,2,0,1,0,0,0,1,0,0,0,0,1
20,4,74,1,8,2,2,2,0,1,0,0,0,0,0,0,0,0,1
20,5,95,2,8,3,3,3,0,1,0,0,0,0,1,1,0,0,0
23,3,94,2,5,3,3,3,0,1,0,1,0,0,0,1,0,0,0
23,5,73,0,7,3,3,3,0,0,0,1,0,0,1,0,0,0,0
18,3,84,4,7,3,3,3,0,1,1,1,0,1,0,0,1,0,0
21,1,66,0,7,0,0,0,1,0,0,0,0,0,0,1,0,0,0
19,2,78,1,7,2,2,2,0,1,1,0,0,0,1,0,0,0,0
18,2,78,4,3,2,2,2,0,1,0,1,0,0,0,1,0,0,0
20,5,78,3,6,1,1,1,0,1,0,1,0,1,0,0,0,1,0
20,3,94,1,3,3,3,3,0,0,1,0,0,0,1,0,1,0,0
26,3,71,2,4,2,3,2,0,1,0,1,0,1,0,0,0,1,0
22,4,65,3,5,3,3,3,0,1,1,1,0,0,0,1,0,0,0
18,2,88,1,6,3,2,2,0,1,1,1,0,0,1,0,0,1,0
19,3,71,2,5,1,1,1,1,1,1,1,0,1,0,1,0,0,0
23,4,74,2,5,2,1,1,0,1,0,1,1,0,0,0,1,0,0
25,3,90,3,7,2,2,2,0,0,1,0,0,0,1,0,0,1,0
17,4,92,3,7,3,3,3,0,1,0,0,1,0,0,1,0,0,0
17,4,78,0,6,1,1,1,1,1,0,0,1,0,0,0,0,1,0
25,2,88,1,6,0,0,0,0,1,0,0,1,0,0,0,0,0,0
21,1,94,3,6,0,0,0,1,0,0,0,0,0,1,0,1,0,0
19,4,78,2,9,0,0,0,1,1,0,1,0,1,0,0,0,0,0
22,1,88,1,5,2,3,3,0,1,1,1,0,1,0,1,0,0,0
17,4,78,5,4,2,3,3,0,1,1,1,0,0,0,0,0,0,0
21,4,71,2,5,1,1,1,0,1,0,0,0,0,0,0,0,0,1
21,5,82,1,3,2,3,3,0,1,0,1,0,1,0,0,1,0,0
23,3,80,1,4,0,0,0,0,0,1,0,0,0,0,0,0,0,0
18,6,74,1,6,0,0,0,0,1,0,0,0,0,0,0,1,0,0
21,2,79,0,4,1,0,0,1,1,0,0,1,0,0,0,0,1,0
19,5,80,3,5,1,0,0,0,1,0,0,0,1,0,1,0,0,0
21,3,84,0,5,3,3,3,0,1,0,0,0,1,0,1,0,0,0
19,4,90,2,4,3,3,3,0,1,0,0,1,0,0,1,0,0,0
20,4,90,1,3,2,2,2,0,1,0,1,0,1,0,0,0,0,0
18,5,81,6,7,3,3,3,1,1,0,0,0,0,0,0,1,0,0
22,2,77,2,8,2,2,2,1,1,0,1,1,0,0,0,0,0,0
22,6,92,0,7,4,3,3,0,1,0,0,0,1,0,0,0,0,0
20,1,81,3,7,0,0,0,1,1,1,0,1,0,0,0,1,0,0
21,3,77,2,4,2,2,2,0,1,0,1,0,1,0,0,0,1,0
17,4,83,0,5,3,3,3,0,1,0,0,1,0,0,0,0,0,0
20,5,67,1,4,3,4,3,0,1,1,0,0,1,0,0,1,0,0
20,2,78,0,5,2,2,2,1,1,1,0,1,0,0,0,0,1,0
26,1,77,2,5,0,0,0,0,1,0,1,1,0,0,1,0,0,0
18,5,75,1,3,2,2,2,0,1,0,0,0,0,1,0,1,0,0
24,4,85,1,5,3,3,3,0,1,1,1,0,1,0,1,0,0,0
23,1,90,1,4,1,1,1,1,1,0,1,1,0,0,0,1,0,0
21,3,95,1,6,2,1,1,0,1,0,0,0,0,1,1,0,0,0
24,3,78,2,5,2,2,2,1,1,0,1,0,0,0,0,0,0,0
21,5,79,2,6,2,2,2,0,0,0,0,1,0,0,0,0,0,0
21,3,76,1,6,2,2,2,1,1,1,1,0,0,1,0,0,0,1
20,3,86,2,3,1,1,1,0,1,0,0,0,0,0,0,1,0,0
23,3,67,2,4,2,3,3,0,1,0,0,1,0,0,0,0,0,0
23,6,78,2,4,0,0,0,0,1,0,0,0,1,0,0,0,1,0
19,5,84,1,7,0,0,0,1,1,1,0,0,1,0,1,0,0,0
18,4,77,1,8,0,0,0,0,1,1,1,1,0,0,0,0,0,0
20,4,78,0,5,1,1,1,1,1,0,1,0,1,0,1,0,0,0
19,4,89,0,6,3,3,3,0,1,0,0,0,0,1,0,0,0,0
20,2,81,1,2,4,4,4,0,0,0,0,0,0,0,0,0,0,0
23,5,91,4,6,1,1,1,1,1,0,0,0,1,0,1,0,0,0
20,3,95,3,5,2,2,2,0,1,0,0,0,0,1,0,1,0,0
20,4,71,3,5,0,1,1,0,1,0,0,0,0,1,0,0,0,0
21,3,79,4,5,1,1,1,1,1,0,0,0,0,0,0,0,0,1
22,4,94,1,4,4,4,3,0,1,0,0,1,0,0,0,0,0,1
17,5,61,3,3,2,1,1,0,1,0,1,0,0,1,0,0,0,1
19,5,69,3,5,2,2,2,0,1,0,0,0,1,0,1,0,0,0
21,2,88,2,4,3,4,4,0,1,0,0,0,1,0,0,0,1,0
23,5,100,0,7,3,3,3,0,1,1,1,0,1,0,0,0,1,0
19,0,87,2,6,0,0,0,0,1,0,0,0,0,0,0,1,0,0
17,4,83,0,5,1,1,1,0,1,0,1,0,1,0,1,0,0,0
22,3,78,0,6,3,3,3,0,1,0,0,0,0,0,1,0,0,0
19,2,86,3,8,1,1,1,0,1,1,1,0,1,0,0,0,0,1
18,2,91,1,3,3,2,2,0,1,1,0,0,1,0,0,0,1,0
19,5,88,3,4,2,2,2,0,1,0,0,1,0,0,1,0,0,0
20,4,82,0,9,1,1,1,0,1,0,0,0,0,1,0,0,1,0
19,4,90,1,4,4,4,3,0,1,1,0,1,0,0,0,1,0,0
17,5,84,3,6,1,1,1,0,1,0,0,0,0,1,0,0,0,1
23,3,86,3,7,1,1,1,1,1,1,0,0,0,0,0,0,1,0
23,4,89,1,5,0,0,0,1,1,0,1,0,0,0,0,0,1,0
22,3,74,1,6,1,1,1,0,1,1,0,0,1,0,1,0,0,0
18,0,81,2,5,2,2,2,0,1,0,0,0,1,0,0,0,1,0
20,6,82,1,8,2,2,2,0,1,0,0,0,0,1,1,0,0,0
21,0,72,4,4,0,0,0,1,1,1,0,0,1,0,1,0,0,0
22,3,73,3,3,1,1,1,1,1,0,1,0,0,0,0,0,0,1
22,4,77,2,5,2,2,2,0,1,1,1,0,0,1,0,0,0,0
19,0,90,0,6,1,0,0,1,0,0,0,0,0,1,0,1,0,0
21,3,80,1,5,0,1,1,0,1,0,0,0,0,1,0,0,1,0
22,3,83,3,5,3,3,3,0,1,0,1,0,0,0,1,0,0,0
24,5,84,2,4,3,3,3,0,1,1,0,0,1,0,0,1,0,0
22,4,87,2,4,2,2,2,0,1,1,0,0,0,1,0,1,0,0
22,2,86,2,4,3,2,2,0,1,0,0,1,0,0,0,0,0,1
21,3,82,1,6,0,0,0,1,1,1,0,0,1,0,0,0,1,0
24,2,80,0,5,3,3,3,0,0,0,0,0,1,0,0,0,0,0
21,1,90,5,2,3,3,3,0,1,0,0,0,1,0,1,0,0,0
19,3,78,0,4,1,1,1,0,1,1,0,0,0,1,0,0,0,0
24,5,92,2,5,2,2,2,0,0,1,0,1,0,0,0,0,0,1
22,4,77,2,5,2,2,2,0,1,0,0,0,0,1,0,0,0,1
20,4,79,1,6,2,2,2,0,1,0,1,0,0,1,0,0,1,0
19,2,87,1,8,2,2,2,0,1,1,0,0,0,0,0,1,0,0
21,1,100,3,3,1,1,1,0,1,1,0,0,0,0,0,0,0,0
22,4,66,0,6,1,1,1,0,1,1,0,0,0,0,0,0,0,0
21,5,88,3,6,3,3,3,0,1,1,0,0,0,0,0,0,0,1
21,4,85,2,6,2,1,1,0,1,0,0,0,0,1,1,0,0,0
24,4,78,1,5,0,0,0,1,1,0,1,1,0,0,0,0,1,0
23,3,84,0,4,2,3,3,0,1,0,1,1,0,0,0,0,1,0
21,4,72,2,5,1,1,1,1,1,0,0,1,0,0,0,1,0,0
23,3,75,1,2,3,3,3,0,1,0,1,0,0,1,0,1,0,0
18,4,85,2,3,4,4,4,0,1,0,0,1,0,0,0,0,1,0
21,3,73,1,3,2,2,2,0,1,0,0,0,0,0,0,1,0,0
25,4,83,1,6,2,1,1,1,1,0,0,0,0,0,0,0,0,0
20,5,76,2,6,2,2,2,0,1,1,1,0,0,0,0,0,1,0
19,3,78,2,3,3,3,3,0,1,0,1,0,1,0,0,0,0,0
19,4,90,1,3,2,2,2,0,1,0,0,0,1,0,0,0,0,1
18,3,72,1,2,2,1,1,0,1,0,0,0,0,1,1,0,0,0
19,6,81,0,7,0,0,0,1,1,0,0,0,0,0,1,0,0,0
20,5,85,1,7,2,2,2,0,1,1,0,0,0,0,1,0,0,0
17,4,84,4,6,2,2,2,0,1,1,0,0,0,0,1,0,0,0
21,3,77,1,8,1,2,2,0,0,0,0,0,0,1,0,0,1,0
23,4,84,3,8,1,1,1,0,1,0,1,0,0,1,0,1,0,0
19,2,73,1,3,1,1,1,0,1,0,0,0,1,0,1,0,0,0
24,4,78,2,4,2,2,2,1,0,1,1,0,0,1,0,0,1,0
22,1,94,0,6,2,2,2,0,1,1,1,0,0,0,0,0,0,0
23,2,87,2,1,3,3,3,0,1,0,0,0,0,0,1,0,0,0
19,4,82,3,5,1,1,1,0,1,0,1,0,1,0,0,0,0,1
22,5,85,3,7,1,1,1,1,0,0,0,0,1,0,0,0,0,0
18,4,75,1,4,2,2,2,0,1,0,0,0,0,1,0,1,0,0
23,3,84,2,6,4,3,3,0,1,0,0,0,0,0,0,0,0,0
21,2,78,1,1,4,3,3,0,1,0,0,1,0,0,1,0,0,0
22,3,77,1,6,1,1,1,0,1,1,0,0,0,1,0,0,0,1
18,1,81,2,4,3,3,3,0,1,1,0,0,0,0,0,0,1,0
19,3,77,1,5,2,2,2,0,1,0,0,1,0,0,0,0,0,0
22,6,83,1,3,3,3,3,0,1,1,0,0,0,1,0,0,0,0
18,4,85,1,8,0,0,0,0,1,0,1,0,0,0,0,0,0,1
22,4,79,3,5,3,3,3,0,1,0,1,0,0,0,0,1,0,0
18,1,59,4,5,1,1,1,0,1,1,0,0,1,0,0,0,0,1
22,5,75,1,9,2,2,2,0,1,1,0,0,0,0,0,1,0,0
18,5,73,3,3,1,0,0,1,1,1,0,1,0,0,0,0,0,0
22,4,85,1,5,2,2,2,1,1,0,0,0,1,0,0,0,0,0
22,4,76,2,4,1,1,1,0,1,1,1,0,0,0,0,1,0,0
19,3,78,1,4,0,0,0,1,1,0,0,0,1,0,0,1,0,0
22,3,88,0,6,2,2,2,0,1,0,0,0,1,0,0,0,1,0
21,7,75,1,5,2,3,3,0,0,1,0,1,0,0,0,0,0,1
19,4,83,1,5,3,3,3,0,1,1,0,0,1,0,1,0,0,0
18,6,77,0,8,1,1,1,1,1,1,1,1,0,0,0,1,0,0
17,6,78,3,5,1,1,1,0,1,1,0,0,0,1,1,0,0,0
21,4,72,1,2,3,3,3,0,1,0,1,0,1,0,0,0,0,1
17,3,77,1,5,3,2,2,0,1,0,0,0,1,0,1,0,0,0
21,4,71,2,5,2,2,2,0,1,1,0,1,0,0,0,0,0,1
20,4,74,1,3,2,2,2,0,1,0,1,0,1,0,0,1,0,0
22,4,76,2,8,1,2,2,1,1,0,0,0,0,1,1,0,0,0
20,3,99,3,6,3,3,3,0,0,0,0,1,0,0,0,0,1,0
20,3,84,3,3,2,1,1,1,1,0,1,1,0,0,1,0,0,0
22,4,84,0,4,2,2,2,0,1,0,0,0,0,0,0,0,0,0
21,4,77,0,4,2,1,1,0,1,1,0,0,0,0,0,0,1,0
21,3,90,2,4,3,2,2,0,1,1,1,1,0,0,0,1,0,0
22,5,91,0,3,2,2,2,0,1,0,0,0,0,0,0,1,0,0
17,3,77,2,4,1,1,1,1,1,1,1,0,1,0,0,0,1,0
22,4,90,0,5,3,2,2,0,1,0,0,0,1,0,0,0,0,0
22,2,92,4,7,0,0,0,0,1,0,0,0,1,0,0,0,0,0
18,3,65,1,6,1,0,0,0,1,1,1,0,0,1,0,0,0,1
20,3,88,2,6,0,0,0,1,1,0,0,0,1,0,0,0,0,1
20,0,75,2,6,1,1,1,1,1,0,0,0,0,1,0,1,0,0
20,4,92,1,4,4,3,3,0,1,0,1,0,1,0,1,0,0,0
21,5,75,1,7,3,3,3,0,1,1,1,0,0,0,0,0,0,0
24,6,86,4,4,3,3,3,0,1,1,0,0,0,0,1,0,0,0
23,2,67,3,4,0,0,0,1,1,0,1,0,1,0,0,0,0,0
18,3,90,0,6,2,2,2,0,1,0,1,0,0,0,0,0,1,0
22,4,82,1,10,0,0,0,1,1,0,0,0,0,0,0,0,0,0
23,3,92,1,4,2,2,2,1,1,0,0,1,0,0,1,0,0,0
21,3,76,1,2,1,1,1,0,1,1,0,1,0,0,0,0,1,0
23,2,83,0,6,1,2,2,0,1,0,0,1,0,0,0,0,0,1
25,4,94,3,6,2,2,2,0,1,0,0,1,0,0,0,0,0,0
23,5,81,2,4,3,4,4,0,1,0,1,1,0,0,0,0,0,1
21,4,85,0,4,4,3,3,0,1,1,1,0,0,1,0,0,1,0
23,3,87,1,3,4,3,3,0,1,0,0,1,0,0,0,0,1,0
21,4,69,0,6,3,3,3,1,0,0,0,0,0,0,1,0,0,0
21,4,77,1,9,0,0,0,1,1,0,1,0,0,1,0,0,0,1
20,4,91,2,8,2,2,2,0,1,1,0,0,0,1,0,0,0,0
24,2,65,2,6,0,0,0,0,1,1,0,0,0,0,1,0,0,0
19,4,90,3,4,1,1,1,0,1,0,1,0,0,0,0,0,0,0
24,3,77,2,6,0,0,0,1,1,0,0,1,0,0,1,0,0,0
22,3,98,1,4,3,3,3,0,1,0,1,0,1,0,1,0,0,0
17,2,85,2,4,1,1,1,0,1,1,0,0,0,0,1,0,0,0
21,3,75,4,5,0,0,0,1,0,0,0,0,1,0,0,0,0,0
17,3,89,1,7,3,3,3,0,1,0,1,0,1,0,0,0,0,0
22,3,93,2,5,3,3,3,0,1,1,0,0,1,0,1,0,0,0
22,2,86,1,5,2,2,2,0,1,1,0,0,1,0,0,0,0,1
19,5,78,2,5,3,3,3,0,1,0,1,0,0,1,0,0,1,0
21,3,93,2,6,3,3,3,0,1,1,0,0,0,1,0,0,0,1
25,3,74,1,7,1,2,2,0,0,1,0,0,0,1,0,0,0,0
19,1,90,2,3,3,2,2,0,1,0,0,0,0,0,0,0,0,0
18,6,62,1,5,3,2,2,0,0,1,0,1,0,0,0,1,0,0
24,1,82,5,7,2,2,2,0,1,1,1,0,0,0,0,1,0,0
25,4,77,2,4,4,4,4,0,1,0,1,0,1,0,0,0,0,1
21,4,71,4,8,1,1,1,0,1,0,0,1,0,0,0,0,0,0
23,3,92,1,6,4,3,3,0,1,1,0,0,0,0,0,1,0,0
24,4,64,2,8,0,0,0,1,1,1,0,0,0,0,0,0,0,0
19,4,93,2,4,1,1,1,0,1,0,1,1,0,0,1,0,0,0
19,5,69,2,6,1,2,2,0,1,1,0,0,1,0,0,0,1,0
23,4,90,1,6,2,1,1,1,1,0,0,1,0,0,0,0,1,0
24,3,75,1,7,1,0,0,1,1,0,0,1,0,0,0,0,0,1
22,3,66,2,6,0,0,0,1,1,0,0,0,1,0,0,0,0,1
19,6,78,3,7,2,2,2,0,1,1,0,0,1,0,0,0,1,0
25,5,86,1,4,1,1,1,0,1,1,1,0,0,1,0,0,1,0
19,3,74,2,5,2,2,1,0,1,1,0,1,0,0,0,0,1,0
20,4,84,0,2,2,2,2,0,1,1,1,0,0,1,0,0,0,1
21,4,87,0,5,2,2,2,0,1,1,0,0,0,1,1,0,0,0
24,3,93,3,4,3,2,2,0,0,1,1,0,0,1,0,0,0,0
22,6,82,0,6,1,1,1,0,0,0,0,0,1,0,0,0,1,0
21,3,91,0,7,2,2,2,0,1,0,1,0,0,1,0,0,0,1
22,3,88,1,6,1,1,1,1,1,0,0,1,0,0,0,0,0,1
21,5,81,1,6,1,1,1,0,1,1,0,0,1,0,0,1,0,0
22,2,91,1,5,2,2,2,0,0,0,0,0,1,0,0,0,0,1
17,3,89,1,5,1,1,1,0,1,1,1,0,0,1,0,0,0,1
20,5,80,0,3,3,3,3,0,0,1,1,0,1,0,0,1,0,0
21,3,87,4,2,2,2,2,1,0,1,0,1,0,0,1,0,0,0
18,2,84,1,2,3,3,3,0,1,0,0,0,0,0,0,0,1,0
21,4,86,6,4,0,1,1,1,1,1,1,0,0,0,0,0,1,0
20,4,97,2,7,2,2,2,0,1,1,0,1,0,0,0,0,0,0
24,4,60,0,5,3,3,3,0,1,1,1,0,0,1,0,0,1,0
24,5,84,0,4,2,1,1,1,1,0,0,0,1,0,0,0,0,0
20,4,82,2,4,4,4,4,0,1,1,0,1,0,0,0,0,0,1
20,4,73,2,5,1,1,1,1,1,1,0,0,0,1,0,0,1,0
20,5,78,1,5,3,3,3,0,1,0,0,0,0,1,1,0,0,0
20,4,77,1,5,2,2,2,0,1,1,1,0,0,1,0,0,0,1
21,2,81,1,6,2,1,1,0,1,0,0,1,0,0,0,0,0,0
19,6,85,1,8,2,2,2,0,1,1,0,0,0,1,0,1,0,0
18,5,78,2,5,3,3,3,0,1,0,0,0,1,0,0,0,0,0
22,2,60,1,2,1,0,0,0,1,0,0,0,0,1,0,0,1,0
22,3,74,4,5,0,0,0,1,1,0,1,0,1,0,0,0,0,0
19,2,93,1,8,2,2,2,0,1,1,0,0,0,1,0,0,1,0
23,2,94,1,6,4,3,3,0,1,0,0,0,0,0,1,0,0,0
19,5,78,0,5,2,2,2,0,1,0,0,1,0,0,0,0,1,0
21,4,96,2,6,1,1,1,0,1,0,0,0,0,0,0,1,0,0
22,3,79,1,2,0,1,1,0,1,0,1,1,0,0,0,1,0,0
20,4,69,3,1,3,3,3,0,1,0,1,0,0,0,1,0,0,0
22,5,79,5,7,0,0,0,1,1,0,0,0,0,1,0,0,0,1
19,5,87,3,7,3,2,2,0,1,1,0,0,0,0,0,0,1,0
20,4,77,2,4,3,3,3,0,1,0,1,1,0,0,0,1,0,0
20,4,86,1,5,3,3,3,0,1,0,0,0,0,1,0,0,1,0
19,2,84,4,6,4,3,3,0,1,0,1,1,0,0,0,0,1,0
20,4,79,0,8,4,3,3,0,1,0,0,0,1,0,0,0,0,1
17,3,88,2,5,2,3,3,1,1,0,0,1,0,0,0,0,0,1
19,0,91,2,6,2,2,2,1,1,0,0,1,0,0,0,0,0,1
20,4,83,5,9,1,1,1,1,1,0,0,0,0,0,0,0,1,0
20,1,86,1,5,1,2,2,1,0,1,0,1,0,0,0,1,0,0
20,4,70,0,5,0,0,0,0,0,0,0,0,0,1,1,0,0,0
20,3,93,1,3,3,3,3,0,1,0,0,0,0,0,0,0,1,0
22,3,77,2,3,3,3,3,0,1,0,0,0,1,0,0,0,0,1
22,3,75,0,7,0,0,0,1,1,1,0,0,0,1,0,1,0,0
19,3,89,1,7,1,1,1,0,0,1,0,0,0,1,0,1,0,0
18,3,78,1,7,1,1,1,0,1,1,0,0,0,0,1,0,0,0
18,5,76,3,3,3,3,3,0,0,1,0,0,0,1,0,1,0,0
19,2,79,1,5,1,2,2,0,1,1,1,0,0,0,0,1,0,0
20,4,72,2,6,2,2,2,0,1,1,0,0,0,1,0,0,0,0
19,6,76,3,1,1,1,1,1,1,1,0,0,0,1,0,1,0,0
18,3,90,2,6,3,3,3,0,1,0,1,0,0,0,0,1,0,0
20,3,91,2,8,2,2,2,0,1,0,0,1,0,0,0,0,0,0
21,5,82,3,7,1,1,1,1,1,1,0,0,0,1,0,0,0,1
22,6,76,2,1,4,4,3,0,1,0,0,0,0,1,0,0,0,1
19,6,85,2,6,1,1,1,0,1,0,0,1,0,0,0,0,0,0
20,3,66,1,5,2,2,2,0,1,0,1,0,0,0,0,0,1,0
19,4,91,2,6,3,3,3,1,1,1,0,1,0,0,1,0,0,0
20,3,81,0,5,1,1,1,0,1,1,0,1,0,0,0,0,0,1
19,5,73,1,4,2,2,2,0,1,1,1,0,1,0,0,0,0,1
22,3,93,2,1,3,3,3,0,1,1,0,0,0,0,0,1,0,0
17,6,82,2,6,3,3,3,0,1,0,1,0,0,1,0,0,1,0
20,1,78,1,6,1,1,1,1,1,1,0,1,0,0,0,0,0,0
21,4,98,0,4,2,2,2,0,0,0,1,0,1,0,1,0,0,0
21,4,77,2,7,1,1,1,1,1,1,0,0,1,0,0,0,0,1
26,0,88,1,2,2,2,2,0,1,0,1,1,0,0,0,0,1,0
21,4,87,1,5,2,2,2,0,1,1,0,1,0,0,0,1,0,0
18,5,75,3,5,1,2,2,0,1,0,0,0,1,0,1,0,0,0
20,4,80,2,4,3,3,3,0,1,0,1,0,0,1,0,0,1,0
17,5,80,1,7,3,3,3,0,1,0,1,0,0,1,0,0,0,1
20,6,67,1,4,2,2,2,1,1,1,1,0,0,1,0,1,0,0
19,3,66,3,7,0,0,0,1,1,1,0,0,1,0,1,0,0,0
23,6,64,1,4,0,0,0,1,1,1,0,0,0,0,0,0,0,0
19,7,78,0,5,3,3,3,0,1,0,0,0,0,1,0,1,0,0
20,5,74,2,1,1,1,1,1,1,1,1,0,0,0,0,0,0,0
19,4,74,3,5,3,3,3,0,1,0,0,0,0,0,0,1,0,0
24,3,78,1,5,4,3,3,0,1,1,0,1,0,0,0,0,0,1
20,4,82,0,7,1,1,1,0,1,1,0,1,0,0,0,0,0,1
25,4,79,1,2,3,3,3,0,1,0,0,0,0,1,0,0,1,0
22,4,76,3,5,2,1,1,0,1,0,0,1,0,0,0,0,0,1
22,2,97,0,8,2,2,2,0,1,1,0,1,0,0,0,1,0,0
21,4,80,1,8,1,1,1,1,1,0,0,1,0,0,0,1,0,0
21,4,90,1,4,3,3,3,0,1,0,1,1,0,0,0,1,0,0
17,5,72,2,4,3,3,3,0,1,1,0,0,0,0,0,0,0,1
20,4,92,1,2,4,4,4,0,1,1,0,0,1,0,0,0,0,1
22,3,77,0,1,2,2,2,0,1,0,1,0,1,0,1,0,0,0
20,2,100,1,4,2,2,2,0,1,0,0,0,1,0,0,1,0,0
17,3,71,5,4,2,3,3,0,0,1,0,0,0,0,1,0,0,0
20,2,73,1,9,0,0,0,1,1,0,1,0,0,1,0,1,0,0
24,4,80,1,6,2,2,2,0,1,0,1,0,1,0,0,0,0,1
23,3,79,3,5,1,1,1,1,1,0,1,1,0,0,0,0,1,0
20,5,72,2,6,2,2,2,1,1,1,0,1,0,0,0,1,0,0
23,4,93,5,7,2,2,2,0,1,0,0,0,0,0,0,1,0,0
20,5,93,1,7,2,2,2,0,1,1,0,0,0,1,0,0,0,0
17,3,79,3,6,0,0,0,1,1,1,0,0,0,1,0,0,0,1
19,4,90,1,5,3,3,3,0,1,1,0,1,0,0,1,0,0,0
24,5,93,1,5,3,3,3,0,1,1,1,0,1,0,0,1,0,0
20,4,81,4,5,4,3,3,0,1,1,0,1,0,0,0,1,0,0
20,4,76,1,4,2,2,2,0,1,0,0,1,0,0,0,0,0,0
20,3,92,2,7,2,2,2,0,1,0,0,0,0,1,1,0,0,0
25,5,91,2,5,3,4,3,0,1,1,0,0,1,0,0,0,1,0
24,3,72,0,3,2,2,2,0,1,1,0,1,0,0,0,0,0,0
25,6,93,1,5,2,2,2,1,1,0,1,1,0,0,1,0,0,0
20,4,73,2,6,1,1,1,0,1,0,1,0,0,0,0,1,0,0
21,5,85,3,2,4,4,4,0,1,0,0,1,0,0,0,1,0,0
17,3,75,2,5,3,3,3,0,1,0,0,0,0,1,0,0,0,1
24,3,83,1,4,1,1,1,0,1,0,1,0,0,0,0,0,0,0
18,3,82,4,9,1,0,0,0,1,1,0,1,0,0,0,0,0,0
21,1,99,2,5,1,2,2,1,1,1,0,0,0,0,0,0,1,0
18,0,69,1,8,1,1,1,0,1,1,0,0,0,1,1,0,0,0
19,3,75,3,5,0,0,0,1,1,0,0,0,1,0,0,0,0,1
19,1,78,5,6,2,2,2,0,1,0,0,0,0,0,0,0,0,0
19,4,84,1,5,1,1,1,1,1,0,0,0,0,1,0,0,1,0
19,3,79,1,5,1,2,2,0,1,0,0,0,0,1,1,0,0,0
19,0,64,3,5,0,0,0,1,0,1,0,0,0,1,0,0,1,0
22,3,87,4,4,0,0,0,1,1,0,1,0,0,0,1,0,0,0
18,3,92,1,5,3,3,3,0,1,1,0,0,1,0,1,0,0,0
21,5,85,2,2,3,3,3,0,1,0,0,0,0,1,1,0,0,0
23,3,78,2,5,1,1,1,0,0,1,1,0,0,0,0,0,1,0
19,4,83,1,5,2,2,2,0,1,1,0,0,0,1,0,0,0,1
19,1,72,1,5,0,0,0,1,1,0,0,0,1,0,0,1,0,0
20,3,90,2,6,3,2,2,0,1,0,0,0,1,0,0,0,0,1
23,2,86,0,8,1,1,1,1,1,0,1,0,1,0,0,1,0,0
21,3,77,1,6,1,1,1,0,1,1,0,0,1,0,0,0,1,0
19,4,82,1,5,1,1,1,1,0,0,0,0,0,1,0,0,0,0
22,4,90,1,4,3,3,2,0,1,0,1,0,1,0,0,1,0,0
18,4,91,1,6,1,0,0,0,0,0,1,1,0,0,0,0,0,0
22,3,81,4,5,1,1,1,1,1,0,1,0,0,0,0,1,0,0
21,4,99,2,4,3,3,3,0,1,0,1,1,0,0,0,1,0,0
20,2,92,2,5,1,1,1,0,1,0,1,0,1,0,1,0,0,0
19,4,86,3,2,2,2,2,0,1,1,0,0,0,1,0,1,0,0
19,4,78,0,5,1,1,1,0,1,0,1,0,1,0,0,1,0,0
22,4,79,1,4,2,2,2,1,1,0,0,0,1,0,0,1,0,0
23,2,83,0,4,3,2,2,0,1,1,0,1,0,0,0,0,0,1
19,2,81,2,9,0,0,0,1,1,1,0,1,0,0,1,0,0,0
22,4,95,3,4,2,2,2,0,1,0,1,0,1,0,0,0,0,1
17,3,74,3,6,0,0,0,1,0,1,0,1,0,0,0,0,0,1
19,4,86,2,7,1,1,1,0,1,1,1,1,0,0,0,0,1,0
20,3,66,4,7,2,3,3,0,1,0,1,0,0,0,1,0,0,0
19,7,85,2,6,3,3,3,0,0,1,0,1,0,0,0,0,0,0
18,4,74,0,5,4,4,3,0,1,1,0,0,0,1,1,0,0,0
19,5,93,2,4,2,2,2,0,1,0,0,1,0,0,1,0,0,0
21,7,77,2,3,4,3,3,0,1,0,0,1,0,0,1,0,0,0
20,5,76,1,4,2,2,2,0,1,1,0,0,0,0,1,0,0,0
17,3,90,2,4,3,3,3,0,1,0,1,0,0,0,1,0,0,0
17,3,91,4,3,1,1,1,1,1,0,1,0,0,1,0,0,0,0
19,0,80,1,6,1,1,1,0,1,1,0,1,0,0,0,0,1,0
22,0,66,2,4,1,1,1,0,1,1,0,0,0,1,0,0,0,1
17,4,73,4,5,2,2,2,0,1,0,0,1,0,0,0,0,1,0
19,3,81,1,2,2,2,2,0,1,1,0,0,0,0,0,0,0,1
19,2,70,3,5,3,2,2,0,1,0,0,0,0,1,1,0,0,0
24,4,87,1,5,2,2,2,0,1,1,0,0,1,0,0,1,0,0
20,3,75,1,4,1,1,1,1,1,0,1,0,0,0,0,0,0,1
21,2,81,2,6,1,0,1,0,1,0,0,0,1,0,0,0,0,1
21,5,90,2,5,0,0,0,0,1,0,0,0,0,1,0,0,0,1
17,2,84,2,6,1,1,1,1,1,1,0,0,0,0,0,0,0,1
22,4,97,1,6,3,2,2,0,1,0,0,0,0,1,0,0,0,0
21,4,93,2,6,2,2,2,0,1,1,0,1,0,0,1,0,0,0
22,4,58,1,5,0,0,0,0,1,0,1,1,0,0,0,0,0,0
29,3,86,3,5,1,1,1,0,1,0,0,1,0,0,0,0,0,1
17,2,83,4,3,3,3,2,0,1,1,1,0,0,1,0,1,0,0
24,3,91,0,4,3,3,3,0,1,0,1,0,1,0,0,0,1,0
20,3,86,2,4,3,3,3,0,0,1,0,0,1,0,0,1,0,0
21,5,78,2,3,2,2,2,0,1,1,0,0,0,1,0,0,0,0
20,5,85,1,1,4,4,4,0,0,0,0,0,0,0,0,0,1,0
20,3,79,1,5,1,1,1,0,1,1,1,0,1,0,0,0,1,0
19,3,76,3,5,3,3,3,0,1,0,0,1,0,0,0,0,1,0
21,4,81,0,8,2,2,2,1,0,1,0,0,1,0,0,0,0,0
17,5,84,2,8,1,1,1,1,1,0,0,1,0,0,0,1,0,0
22,4,92,1,6,3,2,2,0,1,0,0,0,0,0,0,0,0,0
20,4,78,4,6,1,0,0,1,1,1,0,0,1,0,0,0,1,0
18,4,66,2,4,1,2,2,0,1,1,0,0,0,1,0,0,0,0
20,4,80,2,5,1,1,1,1,1,1,0,1,0,0,0,0,1,0
23,4,84,1,5,3,3,3,0,1,0,0,1,0,0,0,0,0,1
19,4,83,0,5,0,0,0,0,1,0,0,1,0,0,0,0,0,0
21,1,80,2,4,2,2,2,0,0,1,0,0,0,1,0,1,0,0
19,2,89,1,6,1,2,2,0,1,1,1,0,0,0,1,0,0,0
22,3,84,2,3,3,3,3,0,1,0,0,0,1,0,1,0,0,0
22,4,86,0,10,1,0,0,1,1,0,0,0,0,1,0,0,0,1
25,3,67,1,8,1,1,1,1,1,0,0,0,1,0,0,0,0,0
20,4,80,3,7,3,3,3,0,1,0,1,0,1,0,0,1,0,0
22,4,80,4,3,4,3,3,0,1,0,0,1,0,0,0,1,0,0
21,4,95,0,2,4,4,4,0,1,0,0,0,0,0,0,0,0,1
23,3,81,4,6,1,2,2,1,1,0,0,0,1,0,0,0,0,0
19,3,76,1,5,3,3,3,0,1,0,1,0,1,0,0,0,0,0
22,1,76,2,8,1,1,1,1,1,0,0,0,0,0,0,1,0,0
20,4,89,5,5,3,2,2,0,1,1,0,0,0,1,0,1,0,0
20,0,77,1,5,2,2,2,0,1,1,0,0,0,0,0,0,1,0
21,4,75,3,8,3,3,3,0,1,0,0,0,0,1,0,1,0,0
21,5,89,3,5,2,2,2,1,1,1,1,0,1,0,0,0,0,0
20,4,85,1,5,3,3,3,0,1,0,0,0,0,1,0,0,1,0
21,4,65,1,5,1,2,2,0,1,0,0,0,1,0,1,0,0,0
24,3,71,3,4,1,1,1,1,0,0,0,0,1,0,0,1,0,0
23,3,86,4,7,2,2,2,0,1,1,1,1,0,0,0,0,0,1
22,3,88,2,6,1,1,1,0,1,1,1,0,1,0,0,0,0,1
20,4,74,2,3,1,0,0,0,1,1,0,1,0,0,0,0,0,1
19,3,84,4,9,1,1,1,0,1,0,0,0,0,0,0,1,0,0
23,2,81,2,4,3,3,3,0,1,1,1,0,1,0,0,0,0,0
22,4,74,2,2,3,3,3,0,1,0,1,1,0,0,0,1,0,0
24,3,78,2,4,2,2,2,1,1,1,1,1,0,0,1,0,0,0
19,3,81,1,3,2,2,2,0,1,0,0,1,0,0,1,0,0,0
20,4,71,2,5,1,2,2,0,1,1,0,1,0,0,1,0,0,0
17,6,86,1,8,1,1,1,0,1,0,1,0,1,0,0,1,0,0
20,4,76,1,5,2,2,2,0,1,1,0,0,1,0,0,1,0,0
23,5,76,3,8,1,1,1,1,1,1,1,1,0,0,1,0,0,0
20,4,86,2,7,2,2,2,0,1,0,1,0,0,0,0,0,0,0
22,5,78,2,1,1,2,2,0,1,0,0,1,0,0,0,0,1,0
20,4,80,0,7,2,2,2,0,1,1,0,0,1,0,0,1,0,0
21,3,81,3,4,1,1,1,0,1,1,0,1,0,0,1,0,0,0
18,4,75,3,6,1,1,1,1,1,0,1,0,0,0,0,0,1,0
21,4,77,2,5,3,3,3,0,0,0,1,0,0,0,0,1,0,0
17,3,81,3,10,0,1,1,0,1,1,0,0,0,0,0,0,0,1
20,5,81,3,6,4,4,4,0,1,1,0,0,0,1,0,0,1,0
17,2,86,2,6,1,0,0,0,1,1,0,0,0,1,0,0,0,1
23,4,86,0,7,0,0,0,0,1,1,0,0,1,0,1,0,0,0
22,3,91,1,2,3,3,3,0,1,1,1,0,0,0,0,0,1,0
22,1,69,1,7,1,1,1,1,1,1,0,0,1,0,0,0,1,0
24,4,89,0,5,2,1,1,0,1,0,0,0,0,0,1,0,0,0
18,3,79,1,4,2,2,2,1,1,0,0,0,0,1,0,0,0,0
24,3,87,1,7,0,1,1,1,1,1,1,0,0,1,1,0,0,0
23,2,84,0,2,3,3,3,0,1,0,0,0,1,0,0,0,0,0
20,6,77,3,7,2,2,2,0,1,1,0,0,1,0,0,0,1,0
23,0,94,0,5,4,3,3,0,1,1,1,0,1,0,0,1,0,0
18,1,88,1,5,2,3,2,0,0,1,0,1,0,0,0,0,0,0
19,4,85,1,1,3,3,3,0,0,1,0,0,1,0,0,0,1,0
19,4,99,4,7,2,3,3,1,1,0,0,0,0,1,0,0,0,1
19,2,74,1,5,0,0,0,1,1,1,1,0,0,1,0,0,0,0
18,3,82,2,4,1,1,1,0,1,0,0,0,0,1,0,0,1,0
23,4,86,1,3,4,3,3,0,1,0,1,0,1,0,0,0,1,0
20,3,73,1,6,2,2,2,0,1,0,1,0,0,0,0,0,1,0
21,5,76,1,6,3,3,3,0,1,0,1,0,0,1,0,0,0,1
19,3,90,1,5,2,2,2,0,1,1,1,0,0,0,0,1,0,0
17,3,78,3,3,3,3,3,0,1,1,0,0,0,1,0,0,0,1
21,2,89,1,6,0,0,0,1,0,1,0,0,0,1,0,0,0,0
17,3,77,1,5,2,2,2,0,1,0,1,0,0,0,0,0,1,0
20,3,98,3,7,3,2,2,0,1,0,0,0,0,1,0,0,1,0
18,5,63,0,3,4,4,3,0,1,0,0,0,1,0,0,0,0,1
25,5,90,1,4,2,2,2,0,1,1,0,1,0,0,0,0,1,0
23,3,84,3,9,3,3,3,0,0,0,1,1,0,0,0,1,0,0
21,3,69,4,5,1,1,1,1,1,1,0,0,0,1,1,0,0,0
23,3,80,3,6,0,0,0,0,1,1,0,0,0,0,0,1,0,0
19,3,66,2,7,2,2,2,0,1,0,1,0,0,1,0,0,1,0
22,2,84,4,8,0,0,0,1,1,1,1,0,1,0,0,1,0,0
21,4,77,5,3,1,1,1,1,1,0,1,0,1,0,0,0,1,0
21,3,66,2,9,0,0,0,1,1,1,0,0,0,1,1,0,0,0
23,5,83,2,5,3,3,3,0,1,1,1,0,1,0,0,0,1,0
22,3,83,1,6,1,2,1,1,1,1,0,0,0,1,0,0,0,1
21,7,98,5,5,3,3,3,0,1,0,1,0,0,0,0,1,0,0
17,6,88,1,8,1,1,2,0,1,0,0,0,0,1,1,0,0,0
18,3,62,3,7,0,0,0,1,1,1,0,0,0,1,0,0,0,0
20,3,77,1,5,1,1,1,0,1,1,0,0,0,1,0,0,1,0
21,1,90,0,3,1,1,1,0,1,1,1,0,0,0,1,0,0,0
18,3,69,1,5,4,4,3,1,1,1,1,0,0,1,0,1,0,0
26,4,75,3,3,3,3,3,0,1,0,1,0,0,0,0,0,1,0
24,4,82,2,7,0,1,1,1,0,1,0,1,0,0,0,0,1,0
22,2,77,4,4,2,2,2,0,1,0,1,1,0,0,0,1,0,0
21,3,94,1,5,4,4,4,0,0,1,0,0,1,0,1,0,0,0
20,4,83,1,7,2,1,1,0,1,1,1,1,0,0,0,1,0,0
18,3,82,1,7,1,1,1,0,1,0,0,0,0,0,0,1,0,0
21,5,74,0,6,2,2,2,1,1,0,0,1,0,0,0,0,1,0
21,3,73,2,4,3,3,3,0,1,0,1,0,1,0,0,0,1,0
18,1,82,1,6,2,2,2,0,1,0,1,0,0,0,0,0,0,1
21,1,81,2,4,1,1,1,0,1,1,1,1,0,0,0,1,0,0
20,3,72,2,6,1,1,1,1,1,1,0,1,0,0,1,0,0,0
17,2,83,1,3,1,1,1,0,1,0,1,0,0,0,0,0,0,1
19,1,82,0,7,1,1,1,0,1,1,0,1,0,0,1,0,0,0
20,3,79,1,5,1,0,0,0,0,0,0,0,1,0,1,0,0,0
25,5,91,1,5,4,4,4,0,1,0,0,0,0,1,0,1,0,0
22,3,81,2,6,1,1,1,0,0,0,0,0,1,0,0,0,0,0
18,4,80,1,5,2,3,3,0,1,0,0,1,0,0,0,1,0,0
22,4,76,2,5,2,2,2,0,1,0,1,0,1,0,0,0,0,1
17,4,80,2,5,0,0,0,1,0,1,0,1,0,0,0,1,0,0
23,2,78,2,7,0,0,0,1,1,0,1,0,0,0,0,1,0,0
20,3,72,1,6,2,2,2,0,1,1,1,0,1,0,0,0,1,0
20,3,82,1,6,4,3,3,0,1,0,0,0,1,0,0,0,0,0
23,4,89,0,4,2,2,2,0,1,0,0,0,0,1,1,0,0,0
18,4,78,1,7,2,2,2,0,1,0,0,0,0,1,1,0,0,0
17,3,71,2,3,3,3,3,0,1,0,0,0,0,1,0,0,1,0
19,4,90,1,8,1,1,1,1,0,0,0,0,0,1,0,0,0,0
23,4,90,1,5,1,1,1,0,1,1,0,1,0,0,0,0,1,0
17,1,86,1,7,0,0,0,1,1,0,0,0,0,0,0,1,0,0
17,1,82,3,6,1,1,1,1,1,1,1,1,0,0,0,1,0,0
20,5,85,2,5,3,3,3,0,0,0,0,1,0,0,0,1,0,0
22,5,69,1,7,0,0,0,0,1,0,0,0,1,0,0,0,0,1
23,4,77,1,3,2,3,3,1,0,0,0,1,0,0,1,0,0,0
20,5,87,0,4,4,4,4,0,1,0,0,1,0,0,0,0,1,0
20,6,84,0,5,3,3,3,0,1,0,1,0,0,1,0,0,0,1
23,3,89,1,3,2,1,1,0,1,1,0,0,0,1,0,0,0,0
17,3,94,1,6,2,3,3,0,1,0,0,0,0,0,1,0,0,0
20,4,72,2,7,1,2,2,0,1,1,1,1,0,0,0,0,1,0
21,5,85,2,2,1,1,1,0,1,0,0,1,0,0,0,0,1,0
22,3,79,2,4,2,3,3,0,1,1,0,0,0,0,0,0,1,0
19,5,78,0,5,2,2,2,0,1,0,0,0,1,0,0,0,0,0
21,3,100,4,6,2,2,2,1,1,1,1,0,0,1,1,0,0,0
17,4,69,0,7,2,2,2,0,1,1,0,0,1,0,0,0,1,0
19,3,80,6,5,2,2,2,0,1,0,1,0,0,1,0,0,0,0
22,4,65,0,5,4,4,4,0,1,0,0,0,0,0,1,0,0,0
18,2,82,2,5,0,0,0,1,1,0,0,0,0,1,1,0,0,0
21,5,66,1,4,3,3,3,1,1,0,0,0,0,0,0,0,0,0
22,1,74,3,5,1,2,2,0,1,1,1,1,0,0,1,0,0,0
20,2,82,3,3,2,2,3,0,1,1,0,0,1,0,1,0,0,0
21,5,70,4,5,2,2,2,0,1,1,0,0,0,0,0,0,0,0
18,6,89,2,5,4,3,3,0,1,1,0,1,0,0,0,0,0,1
20,4,71,3,5,2,2,2,0,1,1,1,0,0,1,0,0,1,0
22,5,69,3,10,0,0,0,1,0,0,0,0,1,0,0,0,0,1
21,5,80,1,7,1,1,1,0,1,1,0,0,0,1,0,1,0,0
19,4,85,2,5,4,4,4,0,1,1,1,0,0,1,0,1,0,0
21,3,71,3,6,3,2,3,0,1,0,1,0,1,0,0,1,0,0
22,5,69,0,6,1,1,1,1,1,1,0,0,0,1,1,0,0,0
17,3,74,0,6,1,1,1,1,1,1,1,0,0,0,0,0,1,0
23,4,100,1,8,1,1,1,0,1,1,0,0,0,0,0,0,0,1
20,1,90,3,7,2,2,2,0,0,0,0,0,1,0,0,0,0,1
21,3,77,2,1,1,1,1,0,1,1,0,1,0,0,0,0,0,0
23,3,71,0,7,0,0,0,1,1,0,0,1,0,0,1,0,0,0
18,4,75,3,4,3,3,3,0,1,0,1,0,0,0,1,0,0,0
19,3,94,2,4,3,3,3,0,1,1,0,0,0,1,0,1,0,0
20,3,98,1,7,2,2,2,0,1,1,0,0,1,0,1,0,0,0
19,3,75,1,2,3,4,3,0,1,0,0,0,1,0,0,0,0,0
24,2,84,3,8,2,3,3,0,1,0,0,0,0,1,0,0,0,0
19,1,79,2,7,3,3,3,0,1,1,1,0,0,1,0,0,0,0
19,3,92,2,6,2,2,2,0,1,1,0,0,0,0,0,0,1,0
21,3,73,0,7,0,0,0,0,1,1,0,1,0,0,1,0,0,0
18,4,89,3,7,0,0,0,1,1,1,1,1,0,0,0,0,1,0
20,3,71,1,5,0,1,1,0,1,0,1,0,0,1,0,0,0,1
21,4,89,1,6,2,2,2,0,1,0,0,0,0,1,0,0,0,1
20,3,75,1,3,3,2,2,0,0,1,0,0,0,1,0,0,1,0
20,3,79,1,7,2,1,1,0,0,0,1,0,0,0,0,0,1,0
19,1,76,1,6,3,3,3,0,1,1,0,1,0,0,0,0,0,0
17,3,97,0,8,2,2,2,0,1,0,1,0,1,0,0,0,0,0
21,0,90,4,5,2,2,2,0,0,0,0,0,0,1,0,1,0,0
24,2,78,0,6,2,2,2,1,1,1,1,0,1,0,0,0,1,0
21,2,75,1,3,3,3,3,0,1,1,1,0,0,0,0,0,0,1
21,4,92,0,5,3,3,3,0,1,1,0,0,0,1,0,0,1,0
22,4,54,3,6,0,0,0,1,0,0,0,0,1,0,0,1,0,0
18,4,85,4,5,2,3,3,0,1,0,0,0,0,0,0,1,0,0
24,2,74,3,8,0,0,0,1,1,1,0,0,0,1,1,0,0,0
21,5,100,1,6,1,1,1,0,0,0,1,0,0,0,1,0,0,0
24,3,100,1,5,3,3,3,0,0,0,0,0,1,0,0,0,1,0
19,6,82,7,6,1,1,1,1,1,1,0,1,0,0,1,0,0,0
25,3,79,0,4,2,1,1,0,0,0,1,0,0,1,1,0,0,0
22,6,82,3,7,1,1,1,1,0,0,0,0,1,0,0,1,0,0
22,7,77,2,4,4,4,3,0,1,1,0,0,1,0,0,0,0,1
21,4,75,0,4,3,3,3,0,1,0,1,1,0,0,0,0,0,0
20,4,83,0,5,2,2,2,0,1,0,0,0,1,0,0,1,0,0
23,3,87,1,5,0,0,0,0,1,1,0,1,0,0,1,0,0,0
21,5,83,2,6,3,3,3,0,0,0,0,0,1,0,0,0,0,1
17,3,84,1,8,1,1,1,0,1,1,0,0,0,0,0,1,0,0
18,4,76,2,5,0,1,1,1,1,0,0,1,0,0,0,1,0,0
20,4,74,2,5,4,4,4,0,0,1,0,1,0,0,0,0,1,0
21,3,74,0,1,1,2,2,0,0,0,0,0,0,0,0,0,1,0
20,2,88,2,5,3,3,3,0,1,0,0,0,0,1,0,0,0,1
23,2,82,3,5,1,0,0,1,0,1,0,0,1,0,0,0,0,0
17,5,83,1,5,1,1,1,0,1,1,1,0,0,1,0,0,0,1
21,4,84,2,8,2,2,2,0,1,0,1,0,0,0,1,0,0,0
17,5,81,0,6,1,1,1,0,1,0,0,0,1,0,0,0,0,0
22,3,82,2,4,2,2,2,0,1,1,0,0,0,0,0,0,0,0
20,3,92,0,3,2,1,1,0,1,0,0,0,1,0,1,0,0,0
21,3,88,2,3,4,3,3,0,1,0,0,0,0,1,0,0,1,0
19,1,80,2,4,0,0,0,1,1,1,1,1,0,0,0,1,0,0
23,4,78,0,5,1,2,2,0,0,0,0,0,0,0,0,0,1,0
23,3,90,1,1,3,2,2,0,1,0,0,1,0,0,0,0,0,1
22,3,84,1,5,1,1,1,1,1,0,1,0,0,0,0,1,0,0
20,3,79,2,6,1,1,1,1,1,1,0,1,0,0,0,0,1,0
22,5,71,2,3,3,3,3,0,1,1,0,0,0,1,0,0,1,0
19,4,95,0,5,3,4,3,0,1,1,0,1,0,0,0,0,0,1
22,5,73,1,3,3,3,3,0,1,0,0,1,0,0,0,0,0,1
24,4,84,2,1,2,2,2,0,0,1,0,0,0,1,0,1,0,0
23,4,96,4,4,3,3,3,0,0,1,0,0,0,0,0,0,0,1
19,4,79,4,3,3,3,3,0,1,0,1,0,0,0,0,1,0,0
21,3,81,3,6,2,2,2,0,1,1,0,0,0,0,0,0,1,0
18,3,88,1,6,2,3,3,0,1,1,1,0,0,1,0,0,0,0
22,3,72,3,3,1,1,1,0,1,0,0,1,0,0,0,0,0,1
22,4,68,3,7,2,2,2,0,1,1,0,1,0,0,0,0,0,1
17,1,79,1,6,2,3,2,1,1,0,1,0,1,0,0,0,1,0
18,3,82,2,5,1,1,2,1,1,1,0,0,1,0,0,0,1,0
20,4,82,0,6,2,2,3,0,1,0,0,1,0,0,0,1,0,0
20,3,93,5,3,1,1,1,1,1,1,0,0,1,0,0,1,0,0
18,4,74,0,1,3,2,2,0,1,0,0,0,1,0,0,1,0,0
21,4,80,3,5,0,0,0,1,1,1,0,1,0,0,0,0,1,0
21,4,94,3,3,3,3,3,0,1,1,1,0,0,0,0,1,0,0
20,1,79,1,5,4,4,3,0,1,1,1,0,0,1,0,0,0,1
19,5,97,3,6,2,3,3,0,1,0,0,1,0,0,0,0,1,0
23,7,80,3,2,3,3,3,1,1,1,0,0,0,1,0,0,1,0
24,5,76,2,5,2,2,2,0,1,0,1,0,0,1,0,1,0,0
19,3,81,4,7,0,1,1,1,1,0,0,0,1,0,1,0,0,0
19,2,84,1,1,4,3,3,0,1,0,1,0,1,0,0,0,0,1
22,4,63,1,5,1,1,1,1,0,1,1,1,0,0,0,0,0,1
20,4,85,0,8,0,0,0,1,1,0,0,0,1,0,0,1,0,0
20,5,80,1,5,1,1,1,0,1,0,0,0,0,0,0,0,0,1
22,2,92,2,6,3,3,3,0,1,1,1,0,1,0,1,0,0,0
17,4,86,3,3,3,3,3,0,1,1,0,0,0,0,0,1,0,0
23,4,82,1,7,1,2,2,0,1,1,0,0,0,0,0,0,0,1
21,5,79,1,6,1,2,2,0,1,0,0,0,1,0,0,0,0,1
20,5,88,2,5,3,4,4,0,1,1,0,0,0,1,0,0,1,0
20,4,82,2,5,3,3,3,0,1,0,0,0,1,0,0,0,0,0
20,6,78,2,6,2,2,2,0,1,0,0,0,1,0,0,0,1,0
17,3,76,1,5,2,2,2,0,1,1,0,1,0,0,0,1,0,0
24,5,87,2,3,3,3,3,0,1,0,1,0,0,1,1,0,0,0
21,4,78,0,5,2,2,2,0,1,1,1,0,0,1,1,0,0,0
22,4,79,3,5,2,2,2,0,1,1,0,0,1,0,0,0,0,1
23,7,86,3,3,4,3,3,0,1,1,1,0,0,1,0,0,1,0
18,1,90,2,5,2,2,2,0,1,1,0,0,0,0,0,1,0,0
22,2,86,1,5,0,0,0,0,1,0,1,1,0,0,0,0,0,0
20,5,88,3,4,3,3,3,0,1,1,1,1,0,0,0,1,0,0
22,5,87,2,6,2,2,2,0,1,0,0,0,0,1,0,0,0,0
17,4,82,2,6,0,0,0,1,1,0,0,0,0,1,0,1,0,0
20,5,85,1,4,3,3,3,0,1,1,0,0,0,1,0,0,0,0
19,2,96,1,5,0,0,0,0,0,0,1,0,1,0,0,0,1,0
22,6,80,3,7,2,2,2,0,0,0,0,0,0,0,0,0,1,0
22,4,58,2,5,1,2,1,0,0,0,0,0,1,0,0,0,1,0
19,6,61,3,2,2,2,2,1,0,1,1,0,1,0,1,0,0,0
19,1,97,2,3,3,3,3,0,1,1,0,1,0,0,0,1,0,0
20,5,97,2,6,4,3,3,0,1,0,1,0,1,0,0,0,1,0
19,4,74,3,4,2,2,2,0,1,1,0,0,0,0,1,0,0,0
22,7,92,2,3,3,3,3,0,0,1,0,0,0,0,0,0,0,1
20,4,90,3,7,2,2,2,0,1,0,0,0,1,0,0,0,0,1
17,2,87,0,3,2,2,2,0,1,1,0,0,1,0,0,0,1,0
20,4,86,2,5,2,2,2,0,1,0,1,0,0,1,0,1,0,0
18,4,61,3,5,3,2,3,1,1,0,1,0,1,0,0,1,0,0
17,5,83,2,6,3,3,3,0,0,0,0,0,0,1,0,0,1,0
18,3,84,2,6,2,2,2,0,1,0,1,0,0,1,1,0,0,0
21,3,82,1,4,1,1,1,0,1,1,0,0,0,1,1,0,0,0
23,4,81,1,6,2,1,1,1,1,0,0,0,0,0,0,1,0,0
21,3,92,1,5,1,1,1,1,0,0,1,0,0,0,0,0,1,0
19,4,90,2,5,4,4,3,0,1,1,0,0,1,0,0,1,0,0
22,3,89,0,8,0,0,0,1,1,1,1,0,0,1,0,0,1,0
20,4,89,0,3,2,1,1,0,1,0,0,1,0,0,0,0,0,1
19,4,83,1,6,1,2,2,1,1,1,0,1,0,0,0,0,0,1
18,4,91,2,5,4,4,4,0,1,0,0,0,0,0,0,0,0,1
17,2,72,4,7,1,2,2,1,1,1,0,1,0,0,0,0,0,0
20,1,82,3,8,0,0,0,1,1,1,0,0,0,0,0,0,1,0
21,5,87,4,8,0,0,0,0,1,1,0,0,0,1,1,0,0,0
20,2,86,2,7,1,0,0,1,1,0,0,0,1,0,1,0,0,0
20,6,85,1,4,2,2,2,0,1,0,0,0,1,0,0,0,1,0
18,3,89,4,4,1,1,1,0,0,0,0,0,0,0,0,0,0,1
22,5,93,1,6,4,4,3,0,1,1,0,0,0,1,0,0,0,0
18,4,73,2,3,3,3,3,1,1,1,0,0,0,0,1,0,0,0
22,6,84,0,5,2,2,2,0,1,1,1,0,0,0,1,0,0,0
18,4,76,2,4,2,2,2,0,1,1,1,0,0,0,0,1,0,0
19,4,90,1,3,4,4,4,0,1,0,1,0,0,1,0,0,0,1
17,2,87,2,5,1,1,1,1,1,0,0,1,0,0,0,0,0,1
19,4,74,1,6,0,0,0,1,1,1,0,0,0,0,0,0,0,1
23,5,81,1,6,2,1,1,0,1,0,0,1,0,0,0,0,0,1
22,4,70,2,5,2,2,2,0,1,1,0,1,0,0,0,0,0,1
23,5,89,2,4,2,2,2,0,0,0,1,1,0,0,0,0,1,0
22,4,77,2,4,1,1,1,0,1,1,1,0,0,0,0,0,0,0
18,5,73,2,7,1,1,1,1,1,1,0,0,0,0,0,1,0,0
20,4,79,2,4,2,2,2,0,1,0,0,0,1,0,1,0,0,0
19,5,86,1,4,3,3,3,0,1,1,0,0,1,0,1,0,0,0
23,4,84,1,6,2,1,1,0,1,1,0,0,1,0,0,0,1,0
18,6,78,2,3,0,0,0,0,1,1,0,0,0,1,1,0,0,0
23,3,81,0,5,2,2,2,0,0,1,0,0,0,1,0,0,0,0
23,3,79,2,4,1,1,1,0,1,0,1,1,0,0,0,0,0,1
25,3,74,0,4,0,0,0,1,1,0,1,1,0,0,0,1,0,0
20,3,67,4,5,1,1,1,1,1,1,0,0,0,1,0,0,1,0
22,3,81,0,6,1,0,1,1,1,1,1,0,0,1,0,0,0,0
26,6,86,3,5,3,3,3,0,1,0,0,0,0,0,0,0,0,1
19,6,81,0,6,3,3,3,0,1,1,0,0,0,1,0,0,0,0
17,3,98,1,6,1,1,1,1,1,0,1,0,0,1,0,1,0,0
17,5,77,4,6,2,2,2,0,1,0,0,0,1,0,0,0,0,0
22,3,81,2,5,2,3,3,0,1,1,0,0,0,1,0,0,1,0
17,4,85,1,6,2,2,2,1,1,1,1,0,0,1,0,0,1,0
20,6,85,2,5,1,1,1,0,1,0,0,0,0,0,1,0,0,0
22,3,80,3,6,1,1,1,1,1,1,0,0,0,1,0,1,0,0
21,2,81,3,7,0,0,0,1,1,1,0,0,0,1,0,1,0,0
21,4,81,0,6,1,1,1,0,0,0,0,0,1,0,0,0,0,1
21,2,87,1,3,2,2,2,0,1,1,1,0,1,0,0,0,0,0
23,4,76,1,4,2,2,2,1,1,0,0,1,0,0,1,0,0,0
18,4,62,0,6,2,2,2,0,1,1,0,0,0,0,1,0,0,0
19,4,79,2,1,3,3,3,0,1,0,1,0,1,0,0,0,1,0
19,4,95,3,6,3,3,3,0,1,0,0,1,0,0,0,0,0,1
22,4,88,3,6,0,0,0,1,1,0,0,0,0,0,0,0,0,0
23,5,69,2,10,1,1,1,1,1,0,0,1,0,0,1,0,0,0
22,6,87,1,6,1,1,1,0,1,0,0,0,1,0,0,1,0,0
23,5,83,0,5,3,2,2,0,1,0,1,0,0,1,0,0,0,1
18,5,79,1,7,1,1,1,1,0,1,1,1,0,0,0,0,1,0
24,2,73,1,4,1,1,1,0,1,0,0,0,0,1,1,0,0,0
24,4,75,2,5,3,3,3,0,1,1,0,0,1,0,1,0,0,0
22,4,77,1,5,2,3,3,0,1,0,0,1,0,0,0,0,0,0
24,7,96,2,6,2,2,2,0,1,1,0,1,0,0,0,0,0,0
17,1,87,4,3,2,2,2,0,1,0,1,0,0,1,0,0,0,1
19,5,76,5,7,1,1,1,1,1,1,1,1,0,0,0,1,0,0
19,4,77,0,4,3,3,3,0,0,0,1,1,0,0,0,0,0,0
22,4,81,1,9,1,1,1,1,1,1,1,0,0,0,0,1,0,0
18,2,78,1,2,0,0,0,0,1,0,0,0,0,0,0,0,1,0
22,4,82,0,4,0,0,0,0,1,0,1,0,0,0,1,0,0,0
24,6,80,0,1,3,2,2,0,1,0,0,0,1,0,0,1,0,0
22,2,82,2,10,0,0,0,0,1,0,0,0,0,1,0,0,0,1
21,4,66,5,3,3,3,3,0,1,0,0,1,0,0,0,1,0,0
18,3,88,2,6,1,1,1,0,1,0,0,0,0,0,1,0,0,0
19,6,77,1,6,2,2,2,1,1,0,0,0,0,0,1,0,0,0
23,5,89,1,3,3,2,2,0,1,1,0,0,0,1,0,0,0,1
22,4,99,4,6,1,1,1,0,1,0,0,0,0,1,0,0,1,0
20,3,70,0,3,2,1,1,0,1,1,0,1,0,0,0,0,1,0
20,3,82,2,4,3,3,3,0,1,1,0,1,0,0,0,1,0,0
17,4,78,4,5,3,3,3,0,1,0,0,1,0,0,0,0,0,1
18,2,85,2,6,2,1,1,0,1,1,1,0,1,0,0,0,0,1
25,3,65,4,2,4,4,4,0,0,1,0,0,0,0,0,0,1,0
18,1,79,0,6,4,3,3,0,0,1,0,1,0,0,0,0,1,0
21,4,75,1,5,2,2,2,1,1,1,1,0,0,0,1,0,0,0
23,3,95,2,8,2,2,2,1,1,1,0,1,0,0,0,0,0,1
18,3,96,0,5,3,3,3,0,1,1,0,1,0,0,0,0,0,1
21,4,79,1,5,2,2,2,0,1,1,0,1,0,0,0,0,1,0
23,4,72,1,6,1,0,0,1,1,0,1,0,1,0,0,0,0,1
21,6,75,0,5,3,3,3,0,0,1,1,0,0,1,0,0,0,1
27,3,82,3,7,0,0,0,0,0,0,1,0,1,0,0,0,1,0
17,5,70,2,6,1,2,2,0,1,0,1,0,0,0,0,0,1,0
23,4,86,0,7,2,1,1,0,1,1,0,0,0,1,0,0,1,0
20,3,80,1,3,4,3,3,0,1,1,1,0,0,1,0,0,1,0
22,6,84,4,6,0,0,0,1,1,1,0,0,0,0,1,0,0,0
22,1,85,0,6,2,2,2,0,1,0,0,0,0,0,0,0,1,0
19,4,93,3,3,2,2,2,0,1,0,1,1,0,0,0,0,0,1
21,3,87,4,5,2,3,3,0,1,0,1,1,0,0,0,0,1,0
17,4,84,1,2,2,3,3,0,1,0,0,0,1,0,0,0,0,0
22,2,84,1,2,0,1,1,0,1,0,0,0,1,0,0,0,0,1
21,5,66,1,5,1,1,2,1,1,0,1,1,0,0,0,0,0,1
22,1,83,3,8,2,3,2,0,1,0,1,0,0,1,1,0,0,0
23,4,86,0,8,2,2,2,1,1,0,0,0,1,0,0,0,0,0
21,3,81,2,5,3,3,3,0,1,0,1,1,0,0,1,0,0,0
21,4,95,1,3,3,4,4,0,1,1,0,0,1,0,0,1,0,0
19,3,70,2,7,1,1,1,1,1,0,1,0,1,0,0,1,0,0
19,2,76,1,1,2,2,2,0,1,0,0,0,1,0,0,0,0,1
23,6,76,3,4,1,0,0,0,1,1,0,0,0,0,1,0,0,0
24,6,82,0,4,3,3,3,0,0,0,1,1,0,0,1,0,0,0
20,2,76,1,5,2,2,2,0,1,0,1,1,0,0,0,0,1,0
21,4,72,0,8,2,2,2,0,0,1,0,0,0,1,1,0,0,0
19,5,79,0,1,4,4,4,0,1,0,0,0,0,0,0,1,0,0
23,3,90,8,6,2,2,2,0,1,1,1,0,0,1,0,0,0,0
22,3,88,0,6,1,1,1,0,1,0,0,0,0,1,0,0,0,1
25,4,76,0,5,1,1,1,1,1,1,1,0,0,1,0,1,0,0
19,4,79,1,6,2,2,2,0,1,1,1,1,0,0,0,0,1,0
20,3,75,2,6,3,3,3,0,1,0,0,0,1,0,0,0,0,1
21,4,71,2,5,1,1,1,1,1,1,0,1,0,0,0,0,0,0
22,3,85,1,1,3,3,3,0,1,0,1,0,1,0,0,0,1,0
20,3,71,3,3,1,1,1,1,1,1,0,0,0,0,0,0,1,0
19,3,87,2,8,1,1,1,1,1,0,1,0,0,0,0,0,1,0
22,3,96,2,3,2,2,2,0,1,1,1,0,0,0,0,0,0,1
22,4,85,1,5,2,1,1,0,1,1,1,0,0,1,1,0,0,0
19,2,87,2,4,0,0,0,0,1,0,0,0,0,0,0,0,1,0
24,1,86,2,6,0,0,0,1,1,1,1,0,1,0,0,1,0,0
23,3,78,3,5,2,1,1,1,1,0,0,0,1,0,0,1,0,0
21,4,85,1,6,1,1,1,1,0,0,0,0,0,0,1,0,0,0
21,2,84,1,6,1,1,1,0,1,1,1,0,0,0,0,0,0,0
22,6,77,3,4,4,4,4,0,1,0,0,0,0,1,0,1,0,0
19,3,61,2,1,2,1,1,1,1,1,1,1,0,0,0,0,0,0
21,3,73,2,3,0,0,0,1,1,1,1,0,0,0,0,1,0,0
17,3,74,2,3,4,4,4,0,0,1,1,0,0,0,0,1,0,0
22,5,86,6,3,4,3,3,0,1,0,0,1,0,0,0,0,0,1
17,6,70,2,6,3,4,4,0,1,0,1,0,1,0,0,0,0,0
24,2,97,5,9,1,1,1,0,1,1,0,1,0,0,0,1,0,0
20,5,95,3,1,2,2,2,0,1,1,1,0,0,0,0,1,0,0
20,4,90,1,2,2,2,2,0,1,0,0,0,1,0,0,0,1,0
19,3,77,1,5,1,2,2,0,0,1,0,0,1,0,0,0,0,1
20,4,65,2,5,0,0,0,0,1,0,1,0,0,1,0,0,1,0
24,2,88,4,6,0,0,0,1,1,0,0,0,0,0,0,0,0,1
17,3,76,0,5,1,2,2,1,1,0,1,0,0,1,0,0,1,0
23,2,88,0,7,0,0,0,1,1,0,1,0,1,0,0,0,0,1
21,3,86,1,6,2,1,1,0,1,1,0,0,0,1,0,0,0,1
18,4,78,2,7,3,3,3,0,1,0,1,0,0,1,0,1,0,0
18,5,72,1,7,3,2,2,0,1,0,0,0,0,1,0,1,0,0
24,4,83,0,3,3,2,2,0,1,0,1,0,0,0,0,0,0,0
18,2,69,3,6,1,1,1,0,1,1,0,1,0,0,1,0,0,0
18,4,84,1,6,2,2,2,0,1,0,1,0,0,1,0,0,1,0
23,1,85,1,4,1,1,1,0,0,0,0,1,0,0,0,1,0,0
21,5,76,1,4,3,3,3,0,1,1,0,0,0,0,1,0,0,0
18,2,70,1,4,1,1,1,0,1,1,1,0,0,0,0,0,1,0
21,6,95,2,3,4,4,3,0,1,0,0,0,0,1,0,0,1,0
18,5,77,2,3,1,1,1,0,0,1,1,0,0,0,0,0,1,0
23,4,80,3,9,2,2,2,1,1,1,0,0,0,1,0,0,0,0
23,4,75,2,5,0,0,0,1,1,1,0,0,0,1,0,0,0,0
22,3,77,2,5,0,0,0,0,1,1,0,0,0,1,0,0,0,0
21,3,75,0,2,3,2,2,0,0,1,0,0,0,0,0,1,0,0
24,3,98,3,6,2,3,3,0,1,0,1,0,0,1,0,0,1,0
21,3,76,2,4,1,1,1,0,1,0,1,0,0,0,1,0,0,0
18,4,91,0,5,2,2,2,0,1,0,1,0,1,0,1,0,0,0
22,5,83,2,9,0,0,0,0,1,1,1,0,1,0,0,0,0,0
25,4,83,3,5,1,0,1,1,1,0,1,0,0,1,0,0,0,0
18,5,77,1,1,4,4,3,0,1,1,0,1,0,0,0,0,0,0
20,2,80,2,6,2,2,2,0,1,1,0,0,0,1,1,0,0,0
21,4,96,5,5,2,2,2,0,1,1,1,1,0,0,0,0,0,0
20,4,88,2,6,2,2,2,0,1,0,1,0,1,0,0,1,0,0
18,2,71,2,4,3,3,3,0,1,0,1,0,1,0,0,0,0,1
23,3,74,2,5,3,4,3,0,0,0,1,1,0,0,0,0,0,1
26,5,85,1,3,2,1,1,0,1,0,0,0,0,1,0,0,0,1
21,0,87,0,7,3,3,3,0,1,0,0,0,0,1,1,0,0,0
19,3,88,3,7,2,2,2,1,0,1,1,0,0,1,0,0,0,1
17,3,81,2,8,1,1,1,0,1,0,0,1,0,0,1,0,0,0
21,4,75,1,4,1,1,1,0,1,0,0,0,1,0,0,1,0,0
23,5,75,0,6,3,3,3,0,1,1,0,0,1,0,0,0,0,1
22,4,63,0,9,0,0,0,0,1,1,1,0,0,1,0,0,1,0
21,5,95,0,4,3,3,3,0,1,1,1,1,0,0,0,0,0,1
19,5,61,1,3,3,3,3,0,0,0,0,0,0,0,1,0,0,0
18,3,80,1,6,0,0,0,1,1,0,0,0,0,0,0,0,1,0
22,0,67,0,7,1,1,1,1,1,0,0,0,0,0,0,0,1,0
23,4,77,1,4,2,2,2,0,1,0,1,0,0,1,0,0,0,1
17,2,86,0,9,2,3,2,0,1,0,1,0,1,0,0,0,1,0
24,4,63,2,3,2,2,2,0,1,0,0,0,0,0,1,0,0,0
22,2,84,3,6,2,2,2,0,1,0,0,0,0,0,0,1,0,0
24,3,89,1,4,3,3,3,0,1,0,1,0,1,0,0,0,0,1
18,4,78,2,4,3,3,3,0,1,1,0,0,0,1,0,1,0,0
18,3,100,1,7,2,2,2,0,1,0,0,1,0,0,0,0,0,1
20,4,49,3,5,3,3,3,0,1,0,0,1,0,0,0,0,0,1
22,2,68,2,2,3,2,2,0,1,1,0,0,1,0,0,0,0,0
25,5,79,1,4,1,2,2,1,1,0,0,1,0,0,0,0,0,0
22,3,79,1,6,2,1,1,0,1,1,1,0,0,0,0,0,1,0
20,3,82,2,6,2,3,3,0,0,0,0,0,1,0,1,0,0,0
18,3,89,0,6,1,2,2,0,1,1,0,0,0,0,0,1,0,0
23,2,72,0,4,1,1,1,0,1,0,0,0,1,0,0,1,0,0
18,3,71,2,3,3,3,3,0,1,1,1,0,0,0,1,0,0,0
24,5,76,2,4,3,2,2,0,1,1,0,0,1,0,0,1,0,0
20,2,90,0,4,2,3,3,0,1,1,0,0,0,0,0,0,0,1
24,1,88,0,5,3,3,3,0,1,1,0,0,0,0,0,0,0,1
22,5,81,1,3,4,4,4,0,0,0,1,1,0,0,1,0,0,0
20,4,77,3,7,1,1,1,0,0,1,0,0,0,0,0,0,0,0
19,4,65,3,5,2,3,3,1,1,0,1,0,1,0,0,1,0,0
20,4,84,1,3,4,4,4,0,1,0,1,0,1,0,0,0,1,0
21,1,82,1,5,2,2,2,1,1,1,0,0,0,0,0,0,1,0
21,3,70,5,3,1,1,1,1,1,1,1,0,0,1,0,0,1,0
19,4,70,2,5,3,3,3,0,1,1,1,0,1,0,0,0,0,0
20,3,79,2,4,2,2,2,0,1,0,0,1,0,0,0,0,0,0
21,3,87,6,9,2,3,3,0,1,0,0,1,0,0,0,0,1,0
17,5,73,3,2,4,4,4,0,1,0,0,1,0,0,0,1,0,0
22,4,85,1,3,2,1,1,0,1,0,0,0,0,0,0,0,0,1
18,4,67,0,5,3,3,3,0,1,0,0,0,0,1,0,1,0,0
18,3,82,6,5,1,1,1,0,1,0,0,0,0,0,0,0,1,0
17,0,75,1,5,1,1,1,0,1,1,1,0,1,0,0,0,0,0
17,3,65,3,7,1,1,1,0,0,0,0,0,0,1,1,0,0,0
18,3,77,1,6,0,0,0,0,1,1,0,0,1,0,0,0,0,1
19,3,71,1,3,1,1,1,0,1,1,0,1,0,0,0,0,0,0
25,3,79,4,7,1,1,1,1,1,0,1,1,0,0,0,0,1,0
19,4,85,2,6,1,1,1,0,1,1,0,0,0,1,0,1,0,0
21,5,85,0,8,2,2,2,0,1,0,0,1,0,0,1,0,0,0
21,2,66,5,5,1,1,1,1,1,0,1,0,1,0,0,0,1,0
21,3,86,2,7,0,1,0,1,1,1,0,0,1,0,0,0,1,0
20,6,85,2,1,4,4,4,0,1,1,0,1,0,0,0,0,1,0
18,1,78,1,4,2,3,3,0,1,1,0,0,1,0,1,0,0,0
24,3,71,2,3,4,4,4,0,1,0,1,1,0,0,0,0,0,1
25,1,78,0,6,0,0,0,1,1,0,0,0,1,0,1,0,0,0
17,3,94,1,4,2,2,2,0,1,0,0,0,0,1,0,0,0,0
18,4,86,0,7,1,1,1,0,1,1,1,1,0,0,1,0,0,0
20,1,89,3,6,2,2,2,1,0,1,1,0,0,0,0,0,1,0
18,4,74,5,4,1,0,0,1,1,1,0,0,0,1,0,0,0,1
22,3,77,2,5,1,1,1,1,1,0,0,0,0,0,0,0,0,0
19,5,71,5,5,1,1,1,0,1,1,0,0,0,1,0,0,0,1
25,4,76,2,5,2,3,3,0,1,0,0,0,1,0,1,0,0,0
23,3,92,7,6,2,2,2,0,1,0,0,0,0,0,0,1,0,0
21,3,78,0,4,1,1,1,0,1,1,0,1,0,0,0,0,0,0
23,6,76,7,2,1,0,0,1,1,0,1,0,0,1,0,1,0,0
23,3,83,2,6,3,3,3,0,1,0,0,0,0,1,0,1,0,0
19,2,77,0,7,1,1,1,0,1,1,1,0,0,1,0,1,0,0
19,2,82,0,2,4,4,4,0,1,0,0,0,0,0,0,1,0,0
21,3,77,5,5,2,2,2,0,1,0,1,0,0,1,1,0,0,0
22,5,83,1,3,2,3,3,1,0,1,0,0,0,0,0,1,0,0
21,3,79,4,7,2,2,2,0,1,1,0,0,0,0,0,0,1,0
17,2,73,4,7,2,2,2,1,1,1,0,1,0,0,0,0,1,0
19,4,90,1,4,3,3,3,0,1,0,1,0,0,1,0,1,0,0
20,4,96,4,3,2,2,2,0,1,1,0,0,0,1,0,0,1,0
20,4,86,3,5,2,2,2,1,1,1,1,0,0,0,1,0,0,0
25,1,70,4,3,3,3,3,0,1,1,0,1,0,0,0,0,0,1
18,4,80,2,7,1,1,1,0,1,1,0,0,0,0,0,0,0,0
22,4,84,2,5,3,3,3,0,1,1,0,0,0,1,0,0,0,0
24,3,68,2,8,0,0,0,1,1,0,0,0,0,0,1,0,0,0
26,5,77,1,8,0,0,0,1,1,1,1,0,0,0,0,0,0,0
20,4,55,0,5,2,2,2,0,0,0,0,0,0,0,0,0,0,1
22,4,73,0,5,1,2,2,1,1,0,1,1,0,0,0,0,1,0
22,4,84,3,3,4,4,4,0,1,0,1,0,0,0,1,0,0,0
21,1,81,3,2,3,4,4,0,1,0,0,0,0,1,0,0,0,0
20,3,73,1,6,1,1,1,1,1,0,0,0,0,0,0,0,0,0
22,3,81,1,6,2,2,2,1,1,0,0,0,0,1,0,0,1,0
17,4,79,3,6,3,3,3,0,1,1,0,0,1,0,0,1,0,0
22,7,89,6,3,4,3,3,0,1,1,0,0,0,1,1,0,0,0
21,3,65,5,4,3,3,3,1,1,1,1,1,0,0,1,0,0,0
20,5,76,2,5,1,1,1,0,1,1,0,0,1,0,0,1,0,0
25,5,94,1,4,2,2,2,0,1,0,1,1,0,0,1,0,0,0
19,4,72,4,5,1,1,1,0,1,1,1,0,1,0,1,0,0,0
20,5,73,2,3,3,3,4,0,1,1,0,1,0,0,0,1,0,0
25,4,77,2,5,2,2,2,0,0,0,0,0,0,1,0,0,0,0
19,4,92,1,5,1,1,1,1,1,0,0,1,0,0,0,1,0,0
19,6,85,1,4,4,4,3,0,1,0,1,1,0,0,0,0,0,0
20,4,73,2,5,2,2,2,0,1,1,0,0,1,0,1,0,0,0
22,3,81,3,5,2,2,2,0,1,0,0,0,0,1,0,0,0,1
21,4,79,0,6,0,0,0,1,0,1,1,0,0,0,0,0,0,1
18,2,85,0,3,3,3,3,0,1,0,1,0,0,1,0,0,1,0
19,5,81,3,4,2,2,2,0,1,0,1,0,0,0,0,1,0,0
19,3,83,3,5,2,2,2,1,1,0,0,0,0,1,0,0,0,0
20,0,79,1,5,0,0,0,1,1,0,1,0,0,0,1,0,0,0
21,3,92,1,3,2,2,2,0,1,1,0,1,0,0,1,0,0,0
21,3,81,2,4,1,0,0,0,1,0,0,0,0,0,1,0,0,0
17,4,77,0,6,2,3,3,0,1,0,0,0,0,1,1,0,0,0
23,2,90,1,4,3,3,3,0,1,0,0,0,0,1,0,0,0,1
21,4,86,2,6,1,2,2,1,1,0,0,1,0,0,1,0,0,0
24,3,74,1,5,1,2,2,0,1,0,1,0,0,0,0,0,0,1
22,3,50,0,4,0,0,0,1,0,0,0,1,0,0,0,1,0,0
23,5,86,2,7,4,4,4,0,1,1,0,1,0,0,0,0,1,0
22,5,78,4,5,3,2,2,0,1,0,1,1,0,0,0,1,0,0
24,5,82,3,5,2,2,2,0,1,0,1,0,1,0,1,0,0,0
22,3,91,1,4,3,3,3,0,0,0,0,0,0,1,0,1,0,0
20,4,74,2,8,2,2,1,1,1,0,1,0,0,1,0,0,0,1
26,4,73,0,5,0,0,0,1,1,1,0,1,0,0,0,0,1,0
23,5,70,5,7,1,2,2,1,1,0,0,0,0,0,0,0,0,1
22,3,99,5,7,3,3,3,0,1,0,0,0,1,0,0,1,0,0
18,2,91,1,3,1,1,1,0,1,0,0,0,0,1,0,1,0,0
18,5,87,5,4,2,2,2,0,1,0,1,0,0,1,0,0,0,0
21,5,66,2,4,2,2,2,0,1,1,0,0,0,0,0,0,0,1
21,4,70,1,7,1,1,1,0,1,1,1,0,1,0,1,0,0,0
19,2,87,1,9,2,1,1,0,1,0,0,1,0,0,0,0,0,0
21,6,85,1,6,0,0,0,0,1,0,0,0,1,0,1,0,0,0
24,4,79,3,8,1,1,1,0,1,0,0,1,0,0,0,0,1,0
22,3,71,0,6,1,1,1,0,1,1,0,0,0,0,0,0,0,1
18,5,90,0,6,3,3,3,1,0,0,0,1,0,0,1,0,0,0
20,6,96,2,4,3,3,4,0,1,0,1,1,0,0,0,0,0,1
19,1,85,4,6,0,0,0,1,1,0,1,0,0,1,0,0,0,0
20,4,76,0,7,4,4,4,1,1,0,1,0,0,0,0,0,1,0
20,5,94,0,7,2,2,2,0,1,1,0,0,1,0,0,0,1,0
19,3,83,4,5,2,2,2,0,1,0,0,0,0,0,0,0,0,0
18,4,95,1,5,3,3,3,0,1,0,0,1,0,0,0,0,0,1
20,3,79,4,5,0,1,1,1,1,0,0,0,1,0,0,1,0,0
19,6,98,2,4,3,3,3,0,1,0,0,0,1,0,0,1,0,0
17,2,78,0,7,0,0,0,0,1,1,0,0,1,0,1,0,0,0
25,3,76,2,2,2,1,1,0,1,0,0,0,0,0,1,0,0,0
23,6,88,4,2,4,3,3,0,1,0,0,0,0,0,0,0,0,0
20,3,81,2,4,1,1,1,0,1,1,0,0,1,0,1,0,0,0
21,2,85,1,3,2,2,2,0,1,1,0,0,0,1,1,0,0,0
18,3,73,2,7,0,0,0,1,1,1,1,0,1,0,0,1,0,0
24,5,74,2,4,1,1,1,0,1,0,0,0,0,1,0,1,0,0
25,3,78,2,7,3,3,3,0,1,0,0,0,1,0,0,0,0,1
21,3,84,0,7,1,1,1,0,1,0,0,1,0,0,0,1,0,0
23,4,75,1,5,1,1,1,1,1,1,0,0,1,0,0,1,0,0
21,7,90,2,6,3,3,3,0,1,0,0,1,0,0,0,0,0,0
18,4,66,2,5,2,1,1,0,0,1,0,0,0,0,0,0,0,1
20,6,95,3,7,2,2,2,0,1,0,0,0,1,0,0,0,0,1
21,4,73,2,1,3,3,3,0,0,0,1,1,0,0,0,0,0,1
20,2,84,2,4,3,3,3,0,1,0,0,0,0,1,0,1,0,0
20,6,85,2,6,1,1,1,0,1,1,0,0,0,1,0,0,0,1
20,3,84,1,5,3,3,3,0,1,0,1,0,0,0,0,0,1,0
20,1,81,1,3,2,2,2,0,1,0,0,1,0,0,0,0,0,0
21,4,88,2,2,3,3,3,0,1,1,1,0,0,1,0,0,1,0
18,4,72,3,5,2,1,1,1,1,0,0,0,0,0,1,0,0,0
19,6,84,3,4,3,3,3,0,0,0,1,0,0,0,1,0,0,0
18,4,74,1,5,1,2,2,0,1,0,0,0,0,0,0,0,0,1
23,3,77,3,5,3,3,3,0,1,0,0,0,0,1,0,0,1,0
17,5,84,1,5,1,0,0,0,1,1,1,0,1,0,0,0,1,0
23,4,89,1,3,2,2,2,0,1,1,0,0,0,1,0,0,1,0
24,4,71,2,5,2,3,3,0,1,1,0,1,0,0,0,1,0,0
20,0,95,2,4,2,2,2,0,1,1,0,1,0,0,0,0,1,0
17,2,90,0,8,2,2,2,1,1,1,0,0,0,0,1,0,0,0
20,4,82,0,5,2,2,2,0,1,0,0,1,0,0,1,0,0,0
20,2,73,2,10,0,0,0,0,1,0,0,0,1,0,1,0,0,0
18,3,94,2,3,3,3,3,0,1,0,1,0,0,0,0,0,0,0
19,5,85,0,5,3,3,3,0,1,0,0,0,1,0,1,0,0,0
24,4,85,2,5,2,1,1,0,1,0,0,0,0,0,0,0,0,0
22,5,76,4,4,1,1,1,0,1,1,1,0,0,1,0,1,0,0
19,4,83,0,4,2,1,1,1,1,0,0,0,0,0,0,0,0,0
17,3,77,1,4,1,1,1,0,1,1,0,1,0,0,1,0,0,0
20,5,91,1,3,2,2,2,0,1,1,0,0,1,0,0,0,0,0
20,4,91,1,8,2,2,2,0,1,0,1,0,1,0,0,0,1,0
22,2,80,3,5,3,3,3,0,1,0,1,0,1,0,0,0,0,1
19,6,77,2,7,1,0,0,0,1,1,1,1,0,0,1,0,0,0
22,4,88,4,7,1,1,1,0,0,1,0,0,0,0,0,1,0,0
25,5,87,1,8,2,2,2,0,0,1,0,0,1,0,0,0,1,0
22,4,72,1,3,2,2,2,0,1,0,0,0,0,1,1,0,0,0
20,5,79,1,7,2,2,2,0,1,0,0,0,0,0,0,1,0,0
20,4,99,1,5,3,3,3,0,1,0,1,1,0,0,0,1,0,0
20,3,81,3,9,1,1,1,0,1,0,1,0,0,1,0,0,0,1
23,3,83,1,6,1,1,1,0,1,0,0,0,0,1,0,0,0,1
19,4,86,0,5,4,3,3,0,1,1,1,1,0,0,0,1,0,0
21,4,77,3,7,1,1,1,1,1,0,1,1,0,0,0,0,0,1
21,3,88,1,7,1,1,1,0,1,1,0,1,0,0,0,1,0,0
19,3,85,3,3,4,3,3,0,1,1,0,0,0,1,0,0,1,0
18,3,91,1,6,2,1,1,0,1,0,1,0,0,0,0,0,0,1
21,2,68,3,8,0,0,0,1,0,0,0,0,0,1,0,1,0,0
20,4,84,3,6,3,3,3,0,1,0,0,0,1,0,0,0,0,1
22,3,83,2,3,4,4,4,0,1,0,1,1,0,0,1,0,0,0
19,4,70,4,7,0,0,0,0,0,0,0,1,0,0,0,0,0,0
23,3,79,0,6,0,0,0,0,1,1,1,0,0,1,1,0,0,0
19,4,85,4,5,2,2,2,0,1,0,0,0,0,0,1,0,0,0
24,4,82,1,4,2,3,3,0,1,0,0,0,1,0,0,0,0,1
17,4,81,1,6,3,3,3,0,1,0,0,0,0,1,0,1,0,0
22,2,81,2,3,2,2,2,0,1,0,0,0,1,0,0,0,1,0
22,3,78,2,5,3,3,3,0,1,0,1,0,0,0,0,0,0,0
19,4,98,2,7,0,1,1,1,1,0,0,0,0,0,0,1,0,0
21,2,84,2,8,0,0,0,0,1,1,0,1,0,0,0,0,1,0
23,2,84,4,4,1,2,2,1,1,1,0,0,1,0,0,1,0,0
17,3,71,1,2,4,3,3,0,1,1,0,0,1,0,1,0,0,0
22,4,79,2,4,3,3,3,0,1,0,1,0,1,0,0,0,0,0
17,2,77,3,7,2,2,2,0,0,0,0,1,0,0,0,0,0,1
18,5,81,4,4,2,2,2,0,0,0,0,0,1,0,1,0,0,0
24,3,79,1,7,2,1,1,0,1,1,0,0,0,0,0,0,0,0
19,3,77,1,4,2,2,2,0,1,0,1,0,0,0,0,0,0,0
18,4,80,1,4,1,1,1,0,1,0,0,0,0,1,0,1,0,0
20,4,73,2,5,2,1,1,0,0,0,0,0,0,1,0,0,0,1
25,5,86,3,7,1,1,1,1,1,0,0,0,0,1,0,0,0,0
17,2,88,1,2,3,3,3,0,1,1,1,0,0,0,0,0,0,0
18,5,86,1,6,2,2,2,0,1,0,1,0,1,0,1,0,0,0
24,4,88,1,6,2,1,1,0,1,0,0,0,0,1,0,0,0,0
25,1,88,3,3,3,2,2,0,1,1,0,0,1,0,0,0,1,0
20,3,71,2,6,0,0,0,0,1,0,0,0,0,1,0,1,0,0
18,2,93,2,5,1,2,2,0,1,1,0,0,0,1,0,1,0,0
25,6,89,4,3,2,3,3,0,1,1,0,0,1,0,1,0,0,0
24,4,66,1,5,1,0,0,0,1,0,1,0,1,0,0,1,0,0
22,1,75,0,3,1,1,1,0,1,0,0,0,0,0,0,1,0,0
19,5,72,0,4,4,4,4,0,1,1,1,0,0,0,0,1,0,0
20,4,85,0,7,2,2,2,0,1,0,0,0,0,0,0,0,1,0
20,4,77,1,4,2,2,2,0,0,0,1,1,0,0,0,1,0,0
21,4,82,2,7,1,1,1,0,1,0,1,0,0,1,0,1,0,0
24,4,95,0,5,1,1,1,0,1,1,1,0,1,0,0,0,1,0
22,6,93,1,3,3,3,3,0,1,0,0,0,1,0,1,0,0,0
18,3,74,1,6,2,2,2,0,1,0,0,0,0,0,1,0,0,0
24,5,85,4,6,2,2,2,0,1,0,1,1,0,0,0,0,1,0
21,4,96,1,3,1,2,2,0,1,0,0,0,0,1,0,0,1,0
22,3,74,3,7,0,0,0,0,0,1,1,0,0,0,0,0,0,1
24,1,89,3,8,0,0,0,0,1,1,0,1,0,0,0,0,0,1
18,3,80,0,6,2,1,1,1,1,0,1,1,0,0,0,0,1,0
20,5,74,1,5,2,2,2,0,1,0,0,0,0,1,0,0,0,1
19,4,94,4,9,1,1,1,1,1,0,0,0,1,0,1,0,0,0
17,4,78,5,6,1,1,1,0,1,0,1,0,1,0,0,1,0,0
21,4,80,2,5,2,1,1,0,1,0,0,0,0,1,0,0,0,1
26,4,79,2,8,0,0,0,0,1,0,0,0,0,0,0,1,0,0
17,3,90,2,8,1,1,1,0,0,0,0,0,0,1,1,0,0,0
20,2,89,2,2,3,3,3,0,1,1,0,0,0,0,1,0,0,0
22,3,76,1,4,0,0,0,0,1,1,0,0,0,1,0,1,0,0
21,4,82,4,6,0,0,0,1,0,1,0,0,1,0,0,1,0,0
20,3,85,2,7,0,1,1,0,1,1,0,0,0,0,0,0,0,0
18,4,89,2,3,2,2,2,0,1,1,0,0,0,1,0,0,0,0
21,4,77,2,7,2,2,2,0,1,0,0,0,0,1,0,0,1,0
19,3,93,0,4,1,1,1,1,0,1,0,0,0,0,0,0,0,1
17,1,88,2,6,2,3,3,0,1,1,0,0,1,0,0,0,0,1
23,2,74,3,4,2,2,2,0,1,0,1,0,0,0,0,1,0,0
23,3,85,2,1,4,3,3,0,1,0,0,0,1,0,0,0,1,0
21,1,85,0,2,4,3,3,0,0,0,1,0,0,1,0,0,0,1
21,5,76,1,3,3,3,3,0,1,1,1,1,0,0,0,1,0,0
23,5,85,1,4,3,3,3,0,1,0,0,0,1,0,1,0,0,0
21,5,82,1,5,2,2,3,0,1,0,1,0,1,0,1,0,0,0
23,4,69,3,4,1,1,1,1,1,0,0,0,1,0,0,0,1,0
20,4,41,3,5,1,1,1,0,1,0,0,1,0,0,0,1,0,0
23,4,98,3,4,4,3,3,0,1,0,1,0,0,0,1,0,0,0
21,5,81,3,5,3,3,3,0,1,0,1,0,0,1,0,1,0,0
21,2,82,0,7,2,2,2,0,1,1,0,0,1,0,0,0,1,0
18,7,73,4,5,2,2,2,1,1,1,0,1,0,0,1,0,0,0
21,5,77,0,6,1,1,1,1,1,0,0,1,0,0,0,0,0,0
19,2,99,2,6,2,2,2,0,1,0,0,0,1,0,0,0,0,0
19,2,100,0,5,4,4,4,0,1,1,1,1,0,0,0,0,0,0
19,3,67,0,2,2,2,2,0,1,0,0,0,0,1,1,0,0,0
18,3,82,3,6,0,0,0,1,1,0,0,0,0,0,0,0,0,1
25,3,96,2,4,2,2,2,0,1,0,0,0,0,0,1,0,0,0
23,0,83,5,7,0,1,1,1,1,0,1,1,0,0,0,0,1,0
25,2,87,1,8,3,3,3,0,1,0,1,0,1,0,0,0,0,0
18,3,80,1,5,3,2,2,0,0,0,1,0,0,1,0,0,1,0
21,4,86,1,5,3,4,4,0,1,1,0,0,0,0,0,0,0,1
18,5,93,1,6,3,4,4,0,1,1,0,0,0,1,0,1,0,0
19,3,86,0,4,2,2,2,0,1,1,1,0,0,0,0,0,1,0
19,4,72,2,5,2,2,2,0,1,0,1,0,1,0,0,1,0,0
23,4,77,1,2,3,4,4,0,1,0,0,0,0,1,1,0,0,0
20,2,88,0,7,1,1,1,0,1,0,0,1,0,0,0,0,0,1
23,4,81,0,8,2,2,2,0,1,0,0,1,0,0,0,0,0,0
22,4,77,3,5,1,1,1,1,1,0,0,0,0,0,0,0,0,0
26,7,73,1,4,2,3,3,1,1,1,1,0,1,0,0,0,0,0
17,5,74,5,6,2,2,2,0,1,1,1,0,1,0,0,0,1,0
23,1,76,3,3,2,1,1,0,1,1,0,0,0,1,0,0,1,0
23,4,85,1,5,3,3,3,0,0,0,0,0,1,0,1,0,0,0
18,2,77,1,4,3,3,3,0,1,1,1,1,0,0,0,0,0,0
23,5,83,1,4,2,2,2,0,1,0,0,0,1,0,1,0,0,0
21,3,83,2,5,1,1,1,1,1,1,1,0,0,1,0,0,0,1
20,4,88,2,6,2,2,2,0,1,1,0,0,1,0,0,1,0,0
19,5,75,2,5,3,3,3,0,0,1,0,1,0,0,1,0,0,0
19,4,94,3,7,1,1,1,0,0,0,0,0,0,0,0,0,0,0
25,5,67,3,6,1,1,1,0,1,1,0,0,0,1,0,0,1,0
21,3,79,1,4,0,0,0,0,1,0,0,0,1,0,1,0,0,0
22,2,78,4,5,2,2,2,0,1,0,1,0,1,0,0,1,0,0
19,4,75,0,5,3,3,3,0,1,0,0,0,0,1,0,0,0,1
19,4,64,1,4,2,2,2,1,1,0,0,0,0,1,1,0,0,0
23,3,91,0,6,0,0,0,0,1,0,1,1,0,0,1,0,0,0
18,6,88,4,1,2,2,2,0,1,0,0,0,0,1,1,0,0,0
20,4,86,1,5,2,2,2,0,1,1,0,1,0,0,0,1,0,0
21,3,76,1,6,2,2,2,0,1,0,0,0,0,0,0,0,0,1
21,3,78,1,6,1,1,1,1,1,0,0,0,0,0,0,0,0,1
20,3,79,1,7,2,2,2,0,1,1,1,0,1,0,0,0,0,0
21,4,80,2,5,3,3,3,1,1,0,0,1,0,0,1,0,0,0
22,3,88,2,7,1,1,1,1,0,1,0,0,0,1,0,0,0,0
22,4,78,2,6,1,1,1,1,1,1,0,0,1,0,0,1,0,0
18,5,75,3,6,2,2,2,0,1,1,1,0,1,0,0,0,0,1
20,4,83,1,3,1,1,1,0,0,0,0,0,1,0,0,1,0,0
23,3,82,1,7,2,2,2,0,1,1,0,0,1,0,0,1,0,0
23,3,86,3,5,3,3,3,0,1,1,0,0,0,0,1,0,0,0
18,5,93,0,5,2,2,2,0,1,0,1,1,0,0,0,0,1,0
21,4,78,5,3,2,2,2,0,0,1,1,1,0,0,0,1,0,0
17,4,89,0,1,3,3,3,0,1,0,0,0,0,1,0,0,0,1
21,3,83,2,8,1,1,1,0,1,0,0,0,0,0,1,0,0,0
25,2,90,2,6,0,0,0,1,1,0,0,0,1,0,1,0,0,0
18,5,91,1,3,3,2,2,0,1,0,0,0,0,1,1,0,0,0
19,5,75,3,3,3,2,2,0,1,0,0,0,0,1,0,0,0,0
22,2,97,0,5,3,3,3,0,1,0,1,1,0,0,0,1,0,0
17,5,83,4,7,1,1,1,1,1,1,1,0,0,1,0,0,0,1
19,5,72,0,6,2,2,2,0,1,0,0,1,0,0,1,0,0,0
22,3,72,2,6,2,2,2,0,1,1,1,0,1,0,0,1,0,0
19,3,93,2,3,3,3,3,0,1,1,0,0,0,1,0,1,0,0
20,6,92,3,5,1,1,1,1,1,0,0,0,0,1,1,0,0,0
22,5,90,2,5,3,3,3,0,1,1,0,1,0,0,0,0,1,0
21,3,77,0,5,0,0,0,1,1,0,0,1,0,0,0,0,0,0
21,3,79,2,6,2,2,2,0,1,0,1,0,1,0,1,0,0,0
20,3,69,1,8,1,1,1,1,1,0,1,0,0,0,0,0,1,0
21,4,79,1,5,2,2,2,0,1,1,1,0,1,0,0,0,0,1
20,4,83,2,4,3,3,3,0,1,0,0,0,0,1,0,0,1,0
22,2,94,1,2,2,2,2,0,1,1,0,0,0,1,0,0,0,0
19,3,79,1,5,2,2,2,0,1,1,1,0,1,0,0,1,0,0
20,1,79,3,4,0,0,0,0,1,1,1,0,1,0,1,0,0,0
18,4,84,2,6,3,3,3,0,1,1,0,1,0,0,0,0,0,0
20,4,88,1,6,1,1,1,0,1,0,0,1,0,0,0,0,1,0
19,3,94,1,8,2,2,2,0,1,0,0,0,1,0,0,0,0,0
18,3,76,4,5,2,2,2,0,1,0,0,0,0,0,0,0,0,0
21,3,80,3,6,3,2,2,0,1,0,0,0,0,0,0,1,0,0
21,4,83,1,4,2,2,2,1,1,0,1,0,0,0,0,1,0,0
22,2,79,2,2,2,2,2,0,1,0,0,0,0,0,0,0,1,0
20,3,77,2,7,2,2,2,0,1,0,0,1,0,0,0,1,0,0
21,2,79,1,7,1,0,0,1,1,1,0,1,0,0,0,0,1,0
22,0,72,2,4,1,1,1,0,1,0,1,0,1,0,0,1,0,0
22,6,77,0,2,4,4,4,0,1,1,0,0,0,1,0,0,0,0
19,4,72,1,7,1,1,1,1,1,0,0,0,1,0,0,0,1,0
21,2,82,3,7,1,1,1,0,1,1,0,0,1,0,0,0,1,0
21,4,78,3,5,3,4,4,0,1,0,0,0,0,0,0,0,1,0
21,2,77,0,7,2,2,2,0,1,1,0,0,1,0,0,0,1,0
17,4,82,0,5,2,3,3,0,1,0,0,1,0,0,1,0,0,0
21,7,62,1,5,1,1,1,0,1,0,0,0,1,0,0,0,1,0
25,5,79,2,2,3,3,3,0,1,1,0,0,0,0,0,0,0,1
20,1,83,1,7,0,0,0,1,1,1,0,0,0,1,0,0,1,0
19,2,89,2,2,4,4,4,0,1,1,0,0,0,0,0,1,0,0
21,4,86,0,5,0,1,1,1,1,0,0,0,1,0,0,0,0,0
21,3,92,0,8,1,0,0,0,1,0,1,0,1,0,0,1,0,0
23,3,70,2,1,1,1,1,0,1,0,1,0,1,0,0,0,0,1
18,5,90,4,8,1,1,1,0,1,0,0,1,0,0,1,0,0,0
22,2,84,3,5,2,3,3,0,1,0,0,1,0,0,0,1,0,0
22,4,77,1,6,1,1,1,0,1,0,1,0,0,0,0,0,0,0
20,0,82,2,3,3,3,3,0,1,1,1,0,0,0,0,0,0,0
21,2,100,0,4,1,1,1,0,1,0,0,0,1,0,0,0,0,0
23,2,83,2,3,0,0,0,1,1,1,0,0,0,0,0,0,0,1
22,1,82,0,4,1,1,1,0,1,0,0,0,0,1,0,0,1,0
18,4,88,2,7,2,2,2,0,1,0,1,0,0,0,1,0,0,0
22,3,80,2,7,3,3,3,0,1,0,1,0,0,1,0,0,0,1
20,4,75,2,7,3,3,3,0,1,1,1,1,0,0,0,0,0,1
21,2,93,2,4,4,4,4,0,1,1,0,0,0,0,0,0,0,1
21,5,70,2,4,2,2,2,1,1,1,0,0,1,0,0,0,0,0
20,2,82,1,2,4,4,3,0,1,0,0,1,0,0,0,1,0,0
23,5,81,3,6,1,1,1,1,0,0,0,0,0,1,1,0,0,0
20,5,75,1,9,2,2,2,0,1,1,0,0,1,0,1,0,0,0
18,4,71,1,8,1,1,1,0,0,0,1,0,0,1,0,0,0,0
20,4,81,0,5,0,1,1,1,1,1,0,0,0,0,1,0,0,0
21,2,84,5,6,2,2,2,0,1,0,0,0,0,1,0,1,0,0
23,1,90,5,5,0,0,0,1,1,0,0,0,0,0,0,0,1,0
22,4,75,1,7,0,0,0,1,0,0,0,1,0,0,1,0,0,0
19,4,75,4,8,2,2,2,0,1,0,0,0,0,0,0,0,0,0
26,3,94,4,4,3,3,3,0,1,1,0,1,0,0,0,0,0,0
21,2,78,2,4,4,4,4,0,1,1,0,0,1,0,0,0,0,1
23,2,79,3,5,1,1,1,0,1,0,0,0,0,0,1,0,0,0
20,2,91,2,5,2,2,2,0,1,1,0,0,0,1,0,0,1,0
22,5,68,0,6,2,2,2,0,0,0,1,0,1,0,0,1,0,0
22,3,72,3,5,0,0,0,1,1,1,1,1,0,0,0,0,0,0
23,2,93,6,4,1,2,2,0,1,1,0,0,0,1,1,0,0,0
23,4,77,4,4,0,1,1,0,0,0,1,0,0,1,0,0,0,0
22,3,77,0,3,2,2,2,0,1,1,0,0,0,0,0,0,0,0
20,3,78,1,5,2,2,2,1,1,1,0,0,0,1,0,1,0,0
19,5,79,2,7,3,2,2,0,1,0,0,1,0,0,0,0,0,0
21,2,78,0,6,0,0,0,1,1,1,0,0,0,0,1,0,0,0
23,2,83,1,6,2,2,2,0,1,0,1,0,0,0,0,0,0,0
20,1,92,1,3,1,2,2,1,1,1,1,0,0,0,1,0,0,0
23,3,75,2,3,3,3,3,0,0,1,1,1,0,0,1,0,0,0
24,3,77,4,5,0,0,0,1,1,1,1,0,1,0,0,0,0,0
19,6,82,1,7,3,3,3,0,1,1,1,0,0,1,0,0,0,0
19,3,94,2,7,1,1,1,0,1,1,0,0,0,0,0,0,0,0
20,4,79,1,4,2,2,2,1,1,0,1,0,1,0,0,0,0,0
21,2,74,4,9,0,0,0,0,1,0,1,0,1,0,1,0,0,0
19,5,65,1,1,1,1,2,0,1,0,0,0,1,0,1,0,0,0
24,5,75,4,5,3,3,3,0,1,1,1,1,0,0,0,0,1,0
21,3,75,3,5,2,2,2,0,1,1,0,1,0,0,0,1,0,0
21,3,72,1,5,2,2,2,0,1,0,0,0,0,1,1,0,0,0
17,3,82,3,6,1,1,1,1,1,0,0,0,1,0,1,0,0,0
18,4,79,0,5,3,3,3,0,1,1,1,1,0,0,0,0,0,0
21,5,93,3,2,3,3,3,0,1,1,1,1,0,0,1,0,0,0
17,3,83,2,5,1,1,1,0,1,1,0,1,0,0,0,0,0,0
23,5,90,1,5,3,3,3,0,1,1,1,0,1,0,0,0,1,0
20,4,80,2,7,2,2,2,0,1,0,0,1,0,0,0,0,0,0
28,6,75,3,8,1,1,1,1,1,1,0,0,0,0,0,0,0,1
26,4,87,4,4,3,3,3,0,1,1,0,0,0,0,1,0,0,0
20,2,73,1,8,1,1,1,1,1,0,0,1,0,0,0,1,0,0
20,4,91,2,4,2,3,3,0,1,1,1,0,0,0,0,0,0,1
23,4,76,0,4,0,1,1,0,1,0,0,0,0,1,1,0,0,0
24,3,87,0,4,1,2,2,0,1,0,0,1,0,0,0,0,0,0
17,4,85,1,2,1,1,1,0,1,1,0,0,1,0,0,0,0,0
17,4,59,2,5,3,3,3,0,1,0,1,0,0,0,0,0,0,0
19,3,91,3,7,2,2,2,0,1,0,0,0,0,1,0,0,0,1
22,3,97,2,6,2,2,2,0,1,1,0,1,0,0,0,0,1,0
22,4,76,3,5,1,1,1,0,1,0,0,0,0,0,0,0,0,0
23,3,76,1,6,2,2,2,0,1,0,0,0,0,1,0,0,0,0
18,4,82,2,7,4,4,3,0,1,0,1,0,1,0,0,0,1,0
17,4,88,2,3,3,2,2,0,1,0,0,0,0,0,1,0,0,0
22,4,91,0,7,2,2,2,0,1,1,0,1,0,0,0,0,1,0
19,3,79,3,5,1,1,1,0,1,0,0,1,0,0,0,0,0,1
17,5,83,1,4,2,1,1,0,1,0,0,0,1,0,0,0,0,0
21,5,79,0,6,2,2,2,0,1,1,0,1,0,0,0,0,1,0
22,6,78,0,5,2,2,2,0,1,0,0,0,0,1,0,0,0,0
20,2,77,1,4,4,3,3,0,1,1,1,1,0,0,0,0,0,0
20,4,71,1,3,0,0,0,1,1,0,0,0,0,0,0,0,0,1
20,1,88,4,4,1,1,1,0,1,0,0,0,0,1,1,0,0,0
20,2,82,2,4,2,2,2,0,1,0,1,0,0,0,0,0,0,1
18,4,94,2,7,3,3,3,0,1,1,0,0,1,0,0,0,0,0
19,3,88,2,5,2,1,1,0,1,1,1,0,0,1,0,0,0,1
22,2,78,0,4,3,3,3,0,1,1,1,1,0,0,0,0,0,0
21,5,72,3,7,2,2,2,0,1,0,0,0,0,0,0,1,0,0
21,4,96,1,7,2,2,2,0,1,1,0,0,1,0,0,0,1,0
18,0,68,2,4,1,1,1,0,0,0,0,0,0,1,0,0,0,0
20,5,79,1,3,3,3,3,0,0,1,0,0,0,1,0,0,0,1
17,4,79,1,6,1,1,1,1,1,1,0,0,0,0,1,0,0,0
21,3,76,2,5,3,3,3,0,1,1,1,1,0,0,1,0,0,0
24,2,75,2,4,0,0,0,0,0,0,0,0,0,1,0,0,0,0
17,4,72,5,7,0,0,0,1,1,0,1,0,0,1,1,0,0,0
19,3,76,1,5,0,0,0,1,1,1,0,0,1,0,0,0,1,0
21,3,81,0,9,2,3,3,1,1,1,0,0,1,0,0,0,0,0
23,4,84,3,5,2,3,3,0,1,0,0,0,0,0,0,0,1,0
20,4,77,1,5,2,2,2,0,1,1,0,0,1,0,0,0,0,0
19,4,77,1,9,0,0,0,1,1,0,0,0,0,1,0,0,1,0
17,5,73,5,6,3,3,3,0,1,0,0,0,0,1,0,0,0,0
21,1,83,2,4,3,3,3,0,1,1,1,0,0,0,0,0,0,0
25,3,82,0,3,2,3,3,1,0,0,1,0,1,0,1,0,0,0
21,5,85,0,4,2,2,2,0,1,0,0,1,0,0,0,0,1,0
21,6,77,1,5,3,3,3,0,1,0,0,1,0,0,0,0,0,0
21,5,74,0,7,2,1,1,1,1,0,0,0,0,1,0,0,0,1
21,4,81,1,2,3,3,3,0,1,0,1,0,1,0,1,0,0,0
19,5,86,2,5,2,2,2,0,1,1,0,0,1,0,0,0,0,0
22,5,74,0,7,0,0,0,0,1,1,1,0,1,0,0,0,0,0
21,3,77,1,6,2,2,2,0,1,1,0,0,0,0,0,0,1,0
21,4,72,1,7,0,1,1,1,0,0,1,1,0,0,1,0,0,0
18,2,72,2,2,2,1,1,0,1,1,0,0,0,1,1,0,0,0
23,4,77,1,5,2,2,2,0,1,1,1,1,0,0,0,0,0,1
22,3,75,2,5,2,2,2,0,1,0,0,0,1,0,0,0,1,0
19,4,88,0,6,2,2,2,0,1,0,0,0,0,1,0,1,0,0
23,3,82,2,4,1,1,1,0,1,1,1,0,1,0,0,0,1,0
19,4,92,1,6,3,3,3,0,1,1,1,1,0,0,0,0,1,0
19,2,92,1,6,1,1,1,0,1,0,0,0,0,0,0,1,0,0
19,3,82,2,5,2,2,2,0,1,0,0,1,0,0,0,0,0,1
17,5,66,5,6,1,1,1,0,1,0,0,0,1,0,0,0,0,0
22,1,85,2,6,2,1,1,0,1,1,1,1,0,0,1,0,0,0
17,4,91,2,4,3,3,3,1,1,0,0,0,1,0,0,0,0,1
18,5,87,3,5,2,2,2,0,1,0,0,1,0,0,0,0,1,0
17,5,84,2,3,3,3,3,0,1,1,1,0,1,0,0,0,0,1
20,4,80,0,2,2,2,2,0,0,1,1,1,0,0,0,0,0,1
20,4,72,2,6,0,0,0,1,1,0,0,0,1,0,1,0,0,0
20,3,87,0,2,4,3,3,0,1,0,0,0,0,0,0,0,0,1
18,4,80,1,5,1,1,1,1,1,1,1,0,0,0,0,0,0,1
18,5,84,1,6,4,4,3,1,1,1,0,0,1,0,1,0,0,0
22,4,77,2,5,1,1,1,1,1,0,1,0,0,0,0,0,0,0
19,5,98,0,9,0,0,0,1,1,0,1,1,0,0,0,0,1,0
21,2,83,1,6,0,0,0,1,1,0,0,0,0,1,1,0,0,0
19,4,64,1,5,2,3,3,1,0,0,0,0,1,0,1,0,0,0
21,5,72,1,6,0,0,0,0,1,1,0,0,0,0,0,0,1,0
23,7,70,2,3,4,3,3,0,1,0,0,0,0,1,0,0,0,1
22,4,87,0,5,0,1,1,1,1,1,0,0,0,1,0,0,0,0
20,5,77,2,4,3,3,3,0,1,1,1,0,0,1,0,1,0,0
21,0,78,0,7,1,2,2,0,0,1,1,0,1,0,0,1,0,0
20,4,77,1,6,1,1,2,0,0,1,1,0,1,0,0,0,0,1
21,3,73,2,6,1,1,1,0,1,0,0,0,0,1,0,0,0,0
20,6,79,2,4,1,0,0,1,1,0,0,0,0,1,0,0,1,0
20,5,82,5,3,4,3,3,0,1,1,1,1,0,0,0,0,0,1
21,4,73,0,3,3,3,3,0,1,0,0,0,0,0,0,1,0,0
18,3,84,1,2,2,2,2,1,1,0,0,0,0,0,0,0,0,1
18,5,72,1,4,1,1,1,1,0,0,0,0,1,0,0,0,1,0
17,5,78,1,4,2,2,2,0,1,0,0,0,1,0,0,0,0,1
17,2,84,1,7,2,2,2,0,1,1,1,0,1,0,0,0,0,1
18,5,81,2,3,3,3,3,0,0,0,0,1,0,0,0,0,1,0
21,5,68,0,9,1,1,1,1,1,1,1,0,0,0,1,0,0,0
19,4,59,2,3,0,1,1,0,1,1,0,0,0,1,0,0,1,0
22,5,86,1,3,3,3,3,0,1,1,0,0,0,1,0,0,0,0
21,4,87,1,2,4,3,3,0,1,1,0,0,1,0,0,0,0,1
17,2,85,6,5,2,1,1,1,1,0,1,1,0,0,1,0,0,0
22,4,80,3,4,2,2,2,1,0,0,0,0,1,0,0,0,1,0
22,3,80,5,5,1,1,1,0,1,0,0,0,0,0,0,1,0,0
18,2,81,1,6,1,1,1,1,0,0,0,0,0,1,0,0,0,0
21,2,86,2,7,0,0,0,0,1,1,0,0,0,0,0,0,0,1
19,1,80,3,3,2,2,2,0,1,1,1,0,0,0,1,0,0,0
21,1,85,1,5,0,1,1,1,1,0,1,0,0,0,0,0,0,0
18,3,92,1,7,1,1,1,1,1,0,0,0,0,0,0,0,0,1
17,5,74,0,3,4,4,3,0,1,0,0,0,1,0,0,0,0,0
20,2,80,2,10,0,0,0,1,0,1,1,0,0,0,0,0,0,0
20,4,75,1,5,0,0,0,1,1,0,0,0,0,0,0,0,1,0
20,6,78,3,5,1,2,2,0,1,0,0,0,0,0,0,0,1,0
18,2,81,1,3,2,2,2,0,1,1,0,0,1,0,0,0,1,0
20,4,75,2,3,2,2,2,1,1,0,1,0,0,1,0,0,0,1
21,4,69,1,5,3,3,3,0,1,1,0,0,0,1,0,0,1,0
20,3,71,1,6,3,3,3,0,0,0,0,0,0,0,0,0,0,0
21,3,85,1,2,3,2,2,0,1,0,0,0,0,1,0,0,0,0
19,2,76,1,3,1,1,1,0,1,0,0,0,0,0,0,0,0,1
23,3,80,1,5,1,2,2,1,1,0,1,1,0,0,0,0,0,1
18,4,82,0,3,3,3,3,0,1,0,0,0,0,1,0,1,0,0
22,2,89,2,5,3,3,3,1,1,1,0,0,1,0,0,0,1,0
23,5,79,0,6,2,1,1,0,1,1,0,0,0,1,0,1,0,0
22,1,84,0,5,1,1,1,0,1,1,0,0,1,0,0,0,0,1
20,4,72,2,4,2,2,2,1,1,0,0,1,0,0,0,0,0,1
19,2,80,4,5,3,2,2,0,0,0,1,0,0,1,0,0,1,0
23,4,74,0,6,1,1,1,1,1,0,1,0,0,0,0,1,0,0
17,2,80,0,3,2,2,2,0,1,0,0,0,0,0,1,0,0,0
18,4,83,1,5,1,2,2,0,1,0,0,0,0,1,0,0,1,0
20,5,80,2,6,2,2,2,0,0,0,1,0,1,0,1,0,0,0
23,5,78,0,6,4,3,3,0,0,0,1,0,0,1,0,0,1,0
21,4,84,3,5,1,1,1,1,0,0,0,1,0,0,0,0,0,0
18,5,78,2,5,3,3,3,0,1,1,0,0,0,0,0,0,0,0
20,4,78,1,5,1,1,1,0,1,1,1,1,0,0,1,0,0,0
19,3,73,1,5,3,3,3,0,1,1,0,0,0,0,0,0,0,1
19,4,86,1,6,2,2,2,0,1,0,0,0,0,0,0,1,0,0
23,1,81,3,5,2,2,2,0,0,0,0,0,1,0,0,0,1,0
18,3,78,0,6,2,2,2,0,1,1,0,0,0,0,0,0,0,0
24,4,73,5,6,1,1,1,0,1,0,0,0,0,1,0,0,1,0
22,3,100,1,3,4,4,4,0,1,0,0,0,0,0,0,0,0,0
23,3,57,4,4,3,4,4,0,1,0,1,0,0,0,0,0,0,0
20,6,75,1,5,3,3,3,0,0,0,1,0,0,1,0,0,0,1
20,2,78,2,5,1,1,1,0,1,0,1,0,0,1,0,0,0,1
17,5,89,1,6,3,3,3,0,1,0,1,0,1,0,0,1,0,0
19,3,79,6,5,0,0,0,0,1,1,0,1,0,0,0,0,1,0
22,4,83,2,5,3,3,3,0,1,1,0,0,0,0,0,0,0,0
23,4,78,1,4,3,4,3,0,1,0,1,0,1,0,0,0,0,0
18,5,96,2,7,0,0,0,1,1,1,0,1,0,0,1,0,0,0
20,4,85,5,6,1,1,1,1,1,0,0,0,0,0,0,1,0,0
20,4,76,0,5,2,2,2,0,0,0,0,0,1,0,1,0,0,0
17,3,87,3,4,2,2,2,0,1,0,0,1,0,0,0,0,1,0
22,4,65,2,5,2,2,2,0,1,0,0,0,0,0,0,0,0,1
19,5,96,1,5,3,3,3,0,0,0,1,0,1,0,0,1,0,0
20,1,92,4,2,1,1,1,0,1,1,0,1,0,0,0,0,0,0
20,3,84,3,3,1,1,1,0,1,0,0,0,0,1,1,0,0,0
19,3,80,2,7,0,0,0,0,1,0,1,0,1,0,0,0,0,0
21,4,76,3,6,0,0,0,0,1,1,1,0,0,1,0,0,1,0
20,5,89,3,4,3,2,2,0,0,1,1,0,1,0,0,0,0,1
20,4,93,2,4,4,3,3,0,1,0,1,1,0,0,0,0,1,0
19,3,79,1,3,4,3,3,0,1,0,0,1,0,0,0,0,1,0
21,5,85,0,4,2,2,2,0,1,1,0,1,0,0,1,0,0,0
24,4,86,1,7,2,2,2,1,1,0,1,0,0,1,1,0,0,0
21,4,89,2,5,2,2,2,0,1,0,0,1,0,0,0,1,0,0
23,6,75,2,7,1,2,2,0,0,0,1,0,0,1,0,0,0,1
17,5,85,2,8,3,2,2,0,0,0,0,0,0,0,0,0,0,1
21,7,100,2,4,3,3,3,0,1,0,1,0,0,1,0,0,0,1
18,4,82,2,5,2,2,2,0,1,0,1,1,0,0,0,0,0,1
17,5,85,1,6,4,4,3,0,1,0,1,0,0,1,0,0,0,1
19,5,85,2,4,2,2,2,0,1,0,0,0,1,0,0,0,0,0
23,3,86,3,5,2,2,2,0,1,0,1,0,0,1,0,0,1,0
23,3,72,2,5,3,3,3,0,1,0,0,0,1,0,1,0,0,0
21,4,98,1,8,2,3,2,1,1,0,1,0,0,1,0,0,0,1
17,3,82,1,6,1,1,1,0,1,0,0,0,1,0,0,0,0,1
20,3,86,4,4,2,2,2,0,1,1,0,0,0,0,1,0,0,0
21,8,82,2,6,2,3,3,0,1,0,1,0,0,1,0,1,0,0
21,4,89,2,7,1,1,1,0,0,0,0,0,1,0,0,0,0,0
17,4,78,1,7,2,2,2,0,1,0,0,0,0,0,0,0,1,0
19,4,71,3,3,4,4,4,0,1,0,1,0,0,0,0,1,0,0
20,4,81,4,7,1,0,0,0,1,1,1,0,1,0,0,0,1,0
22,2,85,1,9,0,0,0,0,1,0,0,0,1,0,0,0,0,0
17,5,79,3,7,0,0,0,0,1,1,1,0,1,0,0,0,0,0
20,3,76,0,8,0,0,0,1,1,1,1,0,1,0,0,1,0,0
21,1,84,3,4,0,0,0,1,1,1,0,0,1,0,0,0,0,0
22,4,74,0,8,1,1,1,1,1,1,0,0,0,0,1,0,0,0
22,4,89,0,4,4,4,3,0,1,1,1,0,1,0,0,0,0,0
22,5,79,2,5,3,3,3,0,1,0,0,0,0,1,0,0,0,1
19,2,86,3,4,1,0,0,1,1,0,0,0,0,1,0,0,1,0
17,3,72,1,4,2,2,2,0,1,1,1,0,0,1,0,0,0,0
20,3,92,2,5,2,2,2,0,1,0,0,1,0,0,0,1,0,0
23,2,85,0,3,2,2,2,0,1,0,1,0,0,1,1,0,0,0
24,4,86,3,4,4,4,4,0,1,1,0,0,0,0,1,0,0,0
22,3,71,1,3,1,2,2,0,1,1,1,0,1,0,0,0,0,0
21,4,76,1,5,0,0,0,0,1,1,1,1,0,0,0,1,0,0
21,2,83,1,8,2,1,1,1,1,0,0,1,0,0,0,0,0,0
19,3,73,1,10,1,1,1,1,1,0,0,0,0,0,0,0,0,1
20,4,77,2,5,0,0,0,0,1,0,0,1,0,0,0,1,0,0
24,4,88,1,5,2,2,2,0,1,0,0,1,0,0,0,0,0,1
18,4,77,1,6,2,2,2,0,0,0,0,0,0,0,0,0,0,0
24,3,85,0,3,1,1,1,0,1,1,0,0,0,0,0,0,1,0
20,3,75,3,3,3,3,3,0,1,0,0,0,1,0,1,0,0,0
23,6,86,4,2,3,3,3,0,1,1,0,1,0,0,0,0,0,0
17,4,73,0,7,3,3,3,0,1,0,0,0,1,0,0,0,0,0
22,2,86,0,3,1,0,0,1,1,0,0,0,0,0,0,0,0,1
19,1,99,2,7,1,1,1,1,1,0,0,0,0,1,0,0,0,0
17,5,77,0,4,1,1,1,1,0,0,0,0,0,0,0,0,0,1
21,2,76,3,5,2,3,3,0,1,0,0,0,1,0,0,0,0,0
23,4,91,0,5,3,3,3,0,1,1,0,1,0,0,1,0,0,0
19,2,82,1,5,2,2,2,0,1,1,1,0,0,0,1,0,0,0
17,4,72,3,4,2,1,1,0,1,0,1,1,0,0,0,1,0,0
20,4,84,2,7,1,1,1,0,1,0,0,1,0,0,0,1,0,0
20,5,83,4,5,3,3,3,0,1,0,0,1,0,0,0,0,0,0
22,3,76,2,6,3,3,3,0,1,0,0,0,0,1,1,0,0,0
23,3,76,1,5,2,2,2,0,1,0,0,1,0,0,0,0,0,1
20,2,88,1,3,2,2,2,0,1,0,0,1,0,0,0,0,0,0
25,3,74,4,7,2,2,2,1,1,1,1,0,0,0,0,0,1,0
21,4,71,1,4,2,3,3,0,1,0,0,0,1,0,0,1,0,0
20,4,75,3,7,1,1,1,1,1,0,1,0,0,1,0,1,0,0
17,3,88,0,6,0,0,0,1,0,0,0,1,0,0,0,1,0,0
20,2,79,0,2,4,4,4,0,1,0,0,1,0,0,0,0,0,1
20,2,77,1,5,0,0,0,1,1,0,0,0,0,1,0,1,0,0
23,5,81,3,6,1,2,2,0,1,0,0,0,0,0,1,0,0,0
22,4,85,3,5,2,3,3,0,1,0,1,0,0,0,0,1,0,0
18,7,94,1,5,2,2,2,0,1,0,1,0,0,1,0,0,0,1
21,4,84,0,5,1,0,1,0,1,0,0,0,1,0,0,0,0,0
22,4,97,2,4,3,2,2,0,1,0,0,0,0,1,0,0,1,0
24,2,87,2,6,4,4,4,0,1,1,0,0,0,1,0,0,0,0
23,5,79,2,5,3,3,3,0,1,0,1,0,0,0,0,0,0,0
22,1,89,1,5,3,3,3,0,1,1,0,1,0,0,0,1,0,0
21,4,87,2,3,4,4,3,1,1,0,0,0,0,1,0,0,0,0
21,4,91,2,6,1,1,1,0,1,0,1,1,0,0,0,0,1,0
23,5,87,2,1,3,3,3,0,1,1,0,0,1,0,0,1,0,0
18,3,82,2,6,2,2,2,0,1,0,1,0,0,1,1,0,0,0
20,4,78,1,5,0,0,0,0,1,1,0,0,0,0,0,0,0,0
19,1,83,0,4,2,1,1,0,1,1,0,0,0,0,0,1,0,0
21,1,70,2,3,2,1,1,0,1,1,0,0,0,0,0,0,0,1
23,4,80,2,6,0,0,0,0,1,0,1,0,1,0,0,0,0,1
19,5,72,1,5,2,2,2,0,1,1,0,0,0,1,0,0,0,0
17,4,85,5,5,2,3,2,0,1,1,1,0,0,1,0,0,1,0
20,3,88,2,2,3,3,3,0,1,1,0,0,1,0,1,0,0,0
23,4,84,2,6,3,3,3,0,1,1,1,1,0,0,1,0,0,0
22,4,80,2,7,0,0,0,1,1,1,1,0,1,0,0,1,0,0
21,4,79,2,5,3,3,3,0,1,0,0,0,0,1,1,0,0,0
20,2,91,4,3,1,1,1,0,1,0,0,0,0,0,0,0,0,1
18,4,89,3,6,3,3,3,0,1,0,0,1,0,0,1,0,0,0
22,2,73,4,5,0,0,0,0,1,1,1,1,0,0,0,0,0,0
19,5,84,1,7,1,1,1,1,1,0,0,0,0,1,0,0,1,0
25,2,84,2,5,2,2,2,0,1,1,0,0,0,1,0,0,0,1
22,3,80,1,1,3,3,3,0,1,1,1,1,0,0,1,0,0,0
19,4,71,2,1,3,3,3,0,1,1,0,0,0,1,1,0,0,0
19,2,65,6,4,0,0,0,0,1,1,0,1,0,0,0,1,0,0
20,2,83,1,6,3,3,3,0,1,0,0,1,0,0,0,0,0,0
20,6,68,3,4,3,3,3,0,1,0,0,0,0,1,0,0,0,1
23,5,77,6,6,0,0,0,1,1,0,0,1,0,0,0,1,0,0
21,4,87,0,4,3,3,3,0,0,0,0,0,0,0,1,0,0,0
19,4,85,2,9,0,0,0,1,1,0,0,0,0,1,0,0,0,0
25,1,77,1,5,3,3,3,0,1,0,1,0,0,1,0,1,0,0
21,4,89,3,6,2,2,2,0,1,0,0,0,0,0,0,0,1,0
22,6,86,2,3,3,3,3,0,1,0,0,1,0,0,1,0,0,0
19,3,78,1,4,2,2,2,0,1,0,1,0,0,1,0,0,0,0
21,6,94,1,6,2,2,2,0,1,1,0,0,0,1,0,0,1,0
21,3,85,5,5,2,3,3,0,1,0,0,0,0,1,0,0,0,0
17,4,75,5,1,2,3,3,0,1,0,0,0,0,1,0,0,0,0
25,2,65,2,6,0,0,0,1,1,0,0,0,0,1,0,0,0,1
23,4,83,4,6,2,2,2,0,1,0,0,0,0,1,0,0,0,0
20,4,78,2,6,1,0,0,0,1,0,0,0,0,0,0,1,0,0
18,3,82,1,7,2,2,2,1,1,0,1,1,0,0,1,0,0,0
21,2,80,2,5,0,0,0,0,1,0,0,1,0,0,0,0,0,0
21,4,49,4,5,0,0,0,1,1,1,1,0,0,1,0,0,1,0
21,3,79,0,5,2,2,2,1,1,1,0,0,0,0,0,0,0,0
21,5,73,2,1,1,1,1,0,1,1,1,0,0,0,0,0,0,1
22,4,77,1,5,1,1,1,1,0,0,1,0,0,1,0,0,0,1
24,3,77,4,7,2,2,2,0,1,1,0,0,1,0,0,0,0,1
22,5,82,5,3,2,3,3,0,1,0,0,0,0,1,0,0,1,0
18,3,84,1,5,0,0,0,1,1,0,0,1,0,0,0,0,0,1
24,5,85,1,7,2,3,3,0,1,0,0,0,0,1,0,0,0,0
24,4,62,2,4,1,1,1,0,1,1,0,0,0,1,0,0,0,1
27,1,93,1,5,2,3,3,0,1,1,0,0,1,0,1,0,0,0
18,4,68,2,6,2,2,2,1,1,1,0,0,0,0,1,0,0,0
21,3,81,1,3,1,1,1,0,1,0,1,0,1,0,1,0,0,0
17,4,75,4,5,2,2,2,0,1,1,0,0,1,0,0,0,0,0
22,4,84,1,3,1,1,1,0,0,0,0,0,0,1,0,0,0,1
19,4,67,1,5,1,1,1,0,0,1,0,0,0,0,0,0,0,0
25,4,94,1,5,1,1,1,0,1,0,1,0,0,0,0,0,1,0
19,7,79,1,7,3,3,3,0,1,0,0,0,1,0,1,0,0,0
17,4,86,4,6,2,2,2,0,1,0,0,1,0,0,0,1,0,0
20,1,75,2,4,1,2,2,0,1,1,1,1,0,0,0,1,0,0
17,4,95,2,5,0,1,1,1,1,0,1,0,0,0,1,0,0,0
22,4,71,1,6,1,1,1,1,0,1,1,0,1,0,0,0,0,0
17,3,61,4,2,2,2,2,0,1,1,0,0,1,0,0,1,0,0
21,5,92,4,7,1,2,2,0,1,1,0,0,1,0,0,0,0,0
17,4,72,0,5,1,1,1,0,1,1,1,0,0,1,0,0,0,1
20,4,81,1,5,2,2,2,0,1,0,0,0,0,0,0,0,1,0
24,2,94,2,7,1,1,1,1,1,0,0,0,1,0,0,0,0,0
21,4,63,3,5,3,3,3,0,1,0,0,0,0,1,0,1,0,0
19,4,84,2,7,1,0,0,1,1,1,0,0,0,1,0,0,0,0
20,2,88,4,7,1,1,1,1,0,0,0,1,0,0,0,0,0,0
21,2,82,1,5,2,2,2,0,0,1,0,0,0,1,0,0,0,1
22,4,77,1,5,2,3,3,1,1,1,0,1,0,0,0,0,0,1
18,4,87,1,6,1,0,0,0,1,1,1,1,0,0,0,1,0,0
22,3,74,3,6,2,1,1,0,1,0,1,1,0,0,0,1,0,0
17,3,87,3,7,3,3,3,0,1,0,0,1,0,0,0,0,1,0
19,4,81,0,3,2,2,2,0,1,1,1,0,0,0,0,0,0,0
19,4,81,2,4,0,0,0,1,1,0,0,0,1,0,1,0,0,0
22,2,84,2,3,1,0,1,0,1,1,0,1,0,0,0,1,0,0
21,3,89,1,8,2,1,1,0,1,0,1,1,0,0,0,1,0,0
17,1,74,0,2,1,1,1,1,1,1,0,0,0,0,0,0,0,1
18,3,92,3,7,1,1,1,0,1,0,0,1,0,0,0,0,0,0
21,5,92,1,6,3,3,3,0,0,0,1,1,0,0,0,0,1,0
20,2,76,2,3,1,0,0,0,0,0,1,0,0,0,1,0,0,0
19,3,96,1,3,2,2,2,1,1,1,0,0,1,0,0,1,0,0
19,3,80,2,5,2,2,2,1,1,0,0,1,0,0,0,0,0,1
22,2,86,3,5,1,1,1,0,1,0,0,0,1,0,0,0,1,0
19,3,78,3,6,1,1,1,0,1,0,0,0,0,0,0,0,1,0
20,2,88,1,1,4,4,3,0,1,1,0,0,0,1,0,0,0,0
25,2,78,6,5,3,3,3,1,1,1,1,0,0,0,1,0,0,0
17,4,83,1,3,1,1,1,0,1,1,0,0,0,0,0,0,1,0
17,4,61,1,7,1,1,1,0,1,1,1,0,0,0,0,0,0,1
22,3,78,3,6,3,3,3,1,1,1,0,0,0,0,0,0,0,0
19,5,77,1,4,4,3,3,0,1,1,0,0,0,0,0,0,0,1
20,4,66,1,8,1,1,1,0,1,0,0,0,1,0,0,0,0,1
19,6,88,0,4,4,3,3,0,1,0,0,0,0,1,0,0,0,1
20,3,78,1,5,3,3,3,1,1,0,0,0,0,1,1,0,0,0
24,2,67,2,6,1,1,1,1,1,0,0,0,0,1,0,0,1,0
22,3,86,0,7,1,1,1,0,1,0,1,0,1,0,0,0,0,1
22,6,90,2,5,2,2,2,0,1,0,0,0,1,0,0,1,0,0
17,2,80,3,8,1,1,1,0,1,0,0,0,0,1,0,1,0,0
18,5,69,0,4,3,3,3,0,1,0,0,0,0,0,0,1,0,0
17,2,66,2,3,2,1,1,0,1,0,1,0,0,0,0,0,0,1
19,3,72,3,8,1,1,1,1,1,0,0,0,0,0,0,0,0,1
23,3,75,3,4,3,4,4,0,1,1,1,0,0,0,0,0,0,0
22,2,95,1,6,2,1,1,0,1,0,0,0,0,0,0,1,0,0
20,5,80,2,6,0,0,0,1,1,1,0,0,0,1,1,0,0,0
21,5,71,2,9,3,3,3,0,1,0,0,0,1,0,1,0,0,0
19,5,77,0,5,4,4,4,0,1,0,0,0,1,0,0,1,0,0
21,4,90,2,6,2,1,1,0,1,0,1,1,0,0,0,0,1,0
22,2,86,1,4,3,2,2,0,1,0,0,0,1,0,1,0,0,0
17,4,82,2,4,3,3,3,0,1,0,0,0,1,0,1,0,0,0
21,4,80,1,4,3,2,2,0,1,0,0,0,0,1,0,0,1,0
23,3,82,2,7,2,2,2,0,1,0,1,0,0,0,0,0,1,0
20,5,83,3,7,1,2,2,0,1,0,1,1,0,0,1,0,0,0
22,3,80,3,6,0,0,0,1,1,0,1,0,1,0,0,0,1,0
27,3,82,1,4,3,3,3,0,1,0,0,0,0,1,0,0,1,0
20,5,79,0,4,2,3,3,0,1,0,0,0,1,0,0,0,0,0
21,4,60,2,5,4,4,3,0,1,1,0,0,0,1,0,0,1,0
19,5,79,4,6,2,2,1,0,1,1,0,1,0,0,1,0,0,0
21,4,84,5,2,3,4,4,0,1,0,0,1,0,0,0,0,0,0
22,2,76,2,4,1,1,1,0,1,0,1,1,0,0,1,0,0,0
21,0,85,0,3,4,4,4,0,1,0,0,0,0,0,0,0,0,1
18,1,88,1,6,2,2,2,0,1,0,0,0,0,1,0,0,1,0
21,3,84,0,3,3,4,3,0,1,1,0,0,0,1,0,0,1,0
24,5,77,4,9,0,0,0,1,1,0,0,0,0,1,1,0,0,0
22,5,82,2,7,0,0,0,1,1,1,0,0,1,0,0,0,0,1
23,4,83,3,5,3,2,2,0,1,0,0,0,0,1,1,0,0,0
20,5,83,1,6,0,0,0,1,1,0,0,0,0,1,0,0,0,0
22,2,93,1,6,0,0,0,1,1,0,0,1,0,0,1,0,0,0
21,5,72,2,3,1,1,1,0,1,0,1,0,0,1,0,1,0,0
18,3,83,1,7,2,2,2,0,1,1,0,1,0,0,1,0,0,0
21,4,78,0,5,2,2,2,0,1,0,0,0,1,0,0,0,0,0
18,4,72,4,4,1,1,1,0,1,1,0,0,0,1,1,0,0,0
19,4,71,3,6,1,1,1,0,1,0,0,1,0,0,0,0,1,0
21,2,89,2,3,4,3,3,0,1,1,1,1,0,0,0,0,1,0
21,3,70,4,6,2,2,2,0,1,0,0,0,0,1,0,0,0,0
18,5,84,0,6,4,3,3,0,1,1,0,0,0,0,1,0,0,0
23,4,83,2,4,2,3,3,0,1,0,0,1,0,0,0,0,1,0
22,2,75,1,7,1,1,1,1,1,0,0,0,1,0,0,0,0,1
19,4,73,2,5,3,2,2,0,1,0,1,0,0,1,1,0,0,0
17,2,72,4,4,1,1,1,1,1,1,0,1,0,0,0,0,1,0
20,2,77,3,6,2,2,2,1,1,0,0,0,1,0,0,0,0,0
20,3,73,2,3,2,2,2,0,0,0,0,0,0,0,0,0,0,1
21,3,88,5,6,1,1,1,1,1,1,0,0,1,0,0,0,0,0
20,2,91,2,2,3,3,3,0,1,1,1,1,0,0,0,0,0,0
17,5,84,2,5,1,1,1,0,1,1,0,1,0,0,0,1,0,0
20,3,100,1,6,0,0,0,0,1,0,0,1,0,0,0,1,0,0
20,3,85,2,6,2,2,2,1,1,0,0,0,1,0,0,0,1,0
22,4,87,0,8,3,3,3,0,1,0,0,1,0,0,1,0,0,0
19,4,75,2,5,4,3,3,0,1,0,0,0,0,1,0,0,1,0
24,4,76,3,6,1,1,1,0,1,0,1,0,0,1,0,0,0,0
17,3,85,3,1,2,2,2,0,1,0,0,0,0,1,0,0,0,1
23,2,74,1,4,3,4,4,0,1,0,1,0,1,0,0,1,0,0
20,2,71,0,5,0,1,1,1,1,1,0,0,1,0,0,1,0,0
22,2,90,2,8,0,0,0,0,1,1,0,0,0,1,0,1,0,0
21,3,75,2,5,0,0,0,0,0,1,0,1,0,0,1,0,0,0
23,5,83,1,7,2,2,2,0,1,0,1,1,0,0,0,0,1,0
20,3,95,1,3,3,3,3,0,1,0,0,1,0,0,0,0,0,0
18,3,67,5,4,2,1,1,0,1,1,0,0,0,1,0,0,0,1
24,4,87,1,4,2,3,3,0,1,1,1,0,0,1,1,0,0,0
20,6,81,2,3,4,3,3,0,0,0,0,0,0,0,1,0,0,0
21,3,81,2,3,2,2,2,0,0,0,0,0,1,0,1,0,0,0
23,4,82,4,4,2,1,1,0,1,1,0,0,0,1,0,1,0,0
18,3,82,4,9,0,0,0,1,1,1,1,0,0,1,1,0,0,0
22,4,86,2,5,2,3,3,0,0,1,0,0,0,1,0,0,1,0
19,4,73,1,3,3,2,2,0,0,0,1,0,1,0,0,1,0,0
20,5,86,1,4,3,3,3,0,1,1,0,1,0,0,0,0,0,1
21,3,73,1,7,0,0,0,1,1,0,0,0,1,0,0,1,0,0
17,5,98,4,4,3,3,3,0,1,0,0,0,0,0,0,0,1,0
19,4,81,2,8,2,2,1,0,1,1,0,0,0,1,0,1,0,0
24,2,83,2,7,1,1,1,0,0,1,1,0,0,0,1,0,0,0
22,3,96,1,5,3,3,3,0,1,1,0,0,0,1,0,0,0,0
20,7,75,2,4,3,4,4,0,1,0,1,0,0,0,0,0,0,1
21,3,81,1,3,2,2,2,0,1,0,1,0,1,0,0,1,0,0
20,3,70,3,5,0,0,0,1,1,1,0,0,1,0,0,1,0,0
24,3,74,0,6,2,1,1,1,1,1,0,1,0,0,0,0,0,0
20,3,70,0,7,0,0,0,1,1,0,1,1,0,0,0,0,1,0
21,2,88,1,6,1,1,1,0,1,0,0,0,0,0,0,0,0,0
23,1,86,5,4,0,0,0,1,1,1,0,0,1,0,0,1,0,0
19,2,78,4,8,2,2,2,1,1,1,1,0,0,0,0,0,1,0
24,4,77,0,5,0,0,0,1,1,0,0,0,0,0,0,1,0,0
17,4,89,1,4,2,2,2,0,1,1,0,0,1,0,0,1,0,0
24,3,82,2,5,0,0,0,1,1,1,0,0,0,0,1,0,0,0
20,4,75,4,6,1,1,1,1,1,0,1,0,0,1,1,0,0,0
20,2,90,1,6,2,2,2,0,1,1,0,1,0,0,0,0,1,0
17,1,80,1,3,4,4,4,0,1,0,1,0,1,0,0,0,0,1
20,4,87,1,5,3,3,3,0,1,0,0,0,1,0,1,0,0,0
18,4,82,3,4,2,2,2,1,0,1,0,0,0,1,1,0,0,0
19,5,98,1,5,4,3,3,0,1,0,1,0,0,1,0,0,0,0
20,5,80,0,3,3,3,3,0,1,0,1,0,0,1,0,1,0,0
23,5,65,0,3,3,3,3,0,1,1,1,1,0,0,0,0,0,1
21,4,80,2,9,2,2,2,1,1,1,0,0,0,1,0,0,0,1
21,3,84,1,4,2,2,2,0,1,0,0,0,1,0,0,0,0,1
18,4,85,2,7,1,1,1,0,1,0,0,0,1,0,0,0,0,0
19,3,88,0,5,0,0,0,0,1,0,0,0,0,1,0,0,1,0
25,3,77,2,3,4,3,3,0,0,1,0,0,1,0,1,0,0,0
19,4,94,1,3,2,2,2,0,1,0,0,0,0,0,1,0,0,0
24,5,89,0,4,4,4,3,0,1,0,0,0,0,1,0,0,0,0
20,4,83,1,5,3,3,3,0,1,0,0,0,1,0,0,0,0,0
21,3,76,2,5,1,1,1,1,1,0,1,0,0,1,0,1,0,0
23,4,97,1,5,4,4,3,0,1,1,1,0,0,1,0,1,0,0
23,4,87,1,6,1,1,1,0,1,0,1,0,0,1,1,0,0,0
20,5,78,2,6,2,2,1,1,1,1,1,0,1,0,0,1,0,0
20,6,93,0,7,1,1,1,0,1,0,0,0,0,0,1,0,0,0
20,4,83,2,4,3,2,2,0,1,0,1,0,1,0,1,0,0,0
21,3,94,0,3,1,1,1,0,1,0,0,0,0,1,0,0,0,0
23,4,75,0,3,2,2,2,0,1,0,1,1,0,0,0,0,0,0
21,5,80,4,2,3,3,2,0,0,0,0,1,0,0,1,0,0,0
22,4,93,3,5,3,4,4,0,1,0,0,0,0,0,0,1,0,0
24,3,76,3,1,0,0,0,1,1,0,0,0,0,1,0,0,0,1
21,4,80,0,6,2,1,1,1,0,1,1,0,0,1,1,0,0,0
21,4,60,1,6,0,1,1,1,0,1,1,0,0,0,0,0,0,1
17,3,85,0,3,0,0,0,0,1,0,0,1,0,0,0,0,1,0
17,3,91,1,3,4,4,4,0,1,0,1,0,0,1,0,1,0,0
21,2,74,2,8,1,2,1,0,1,0,0,0,0,1,0,0,0,1
20,3,85,0,7,2,2,2,0,1,1,0,0,0,0,0,0,0,0
19,5,77,1,5,1,2,2,0,1,0,1,0,0,1,0,0,0,0
21,5,69,2,4,1,1,1,1,1,1,0,0,1,0,1,0,0,0
20,3,79,2,5,2,2,2,1,1,0,1,0,1,0,0,0,0,0
23,6,77,3,2,4,4,3,0,1,1,1,0,1,0,1,0,0,0
21,3,83,3,6,1,1,1,1,1,0,1,1,0,0,0,0,0,0
19,3,79,2,3,2,2,2,0,1,0,0,1,0,0,0,1,0,0
23,1,92,2,1,3,3,3,0,1,0,0,0,1,0,1,0,0,0
20,4,77,1,4,3,3,3,0,1,1,0,1,0,0,1,0,0,0
22,2,81,2,3,3,3,3,0,1,0,0,1,0,0,0,1,0,0
19,5,83,2,8,2,2,2,1,1,1,1,0,0,0,0,1,0,0
19,2,81,1,8,1,1,1,1,1,0,1,1,0,0,0,0,0,0
21,5,77,0,3,4,4,3,0,1,0,0,0,0,1,1,0,0,0
21,4,82,3,5,2,1,1,0,1,0,0,0,1,0,0,1,0,0
22,2,86,1,4,2,3,3,0,1,0,1,1,0,0,0,1,0,0
20,1,89,1,8,2,2,2,1,1,1,0,0,0,1,1,0,0,0
17,4,65,1,2,1,1,1,1,1,0,0,0,0,1,0,0,0,1
20,2,86,3,6,1,1,1,0,1,1,0,0,0,1,1,0,0,0
22,1,76,2,7,0,1,1,1,1,0,0,0,0,1,0,0,1,0
20,6,91,2,4,3,4,3,0,1,1,0,0,0,1,1,0,0,0
20,5,89,4,5,3,3,2,0,1,1,1,0,1,0,0,1,0,0
23,2,89,0,7,2,2,2,1,1,0,1,0,0,1,0,0,1,0
19,1,77,4,3,1,1,1,0,1,1,1,1,0,0,1,0,0,0
17,5,70,0,6,2,2,2,0,1,1,1,0,1,0,0,0,0,1
20,2,92,0,2,1,1,1,0,1,1,0,1,0,0,1,0,0,0
19,4,91,1,2,3,3,3,0,1,0,0,1,0,0,1,0,0,0
18,4,66,0,7,1,0,1,1,1,1,0,1,0,0,1,0,0,0
20,3,93,2,3,3,4,4,0,1,0,1,1,0,0,0,1,0,0
22,2,84,2,5,1,1,1,1,0,0,0,0,1,0,0,0,1,0
21,1,83,0,3,2,2,2,0,1,0,1,0,1,0,0,1,0,0
21,4,75,0,6,2,2,2,0,1,1,1,0,1,0,1,0,0,0
25,7,90,2,2,4,4,4,0,1,0,0,0,0,0,1,0,0,0
20,2,78,3,7,2,3,3,0,1,0,0,0,0,0,0,1,0,0
21,2,78,1,7,2,2,2,1,0,0,0,0,0,1,0,1,0,0
19,5,64,2,4,1,1,1,1,1,0,0,1,0,0,0,0,1,0
19,0,76,0,2,1,1,1,0,1,1,0,1,0,0,0,1,0,0
19,2,74,0,5,1,1,1,0,1,0,0,0,0,1,0,1,0,0
19,4,65,2,4,1,1,1,0,0,1,1,1,0,0,0,1,0,0
21,2,94,1,4,2,2,2,0,1,1,0,0,0,0,0,0,0,0
26,4,81,1,7,3,2,2,0,1,1,0,1,0,0,0,1,0,0
19,4,70,0,7,1,2,2,0,1,0,0,0,0,1,0,0,0,0
20,4,74,2,6,0,1,1,0,1,0,1,0,1,0,0,0,0,0
20,3,77,0,8,2,1,1,1,1,0,0,0,1,0,0,1,0,0
21,4,77,3,5,3,3,3,0,1,0,0,0,0,1,0,0,0,0
21,4,88,1,5,3,2,2,0,1,0,0,0,0,1,0,1,0,0
23,4,79,2,4,2,1,1,1,1,1,0,0,0,0,1,0,0,0
17,5,82,5,7,1,0,0,0,1,0,0,0,1,0,1,0,0,0
17,4,79,2,5,1,1,1,0,1,0,0,1,0,0,0,0,1,0
19,3,91,0,6,2,2,2,0,1,0,1,0,0,1,0,1,0,0
23,4,93,3,4,1,1,1,0,1,1,0,0,1,0,0,1,0,0
17,4,80,0,4,3,3,3,0,0,1,0,0,0,0,0,0,0,1
17,3,74,4,6,3,4,4,0,1,0,1,1,0,0,0,0,0,1
22,4,81,1,5,1,1,1,0,1,0,0,0,0,0,0,1,0,0
21,3,57,0,6,1,1,1,1,1,0,0,0,1,0,0,1,0,0
18,4,84,3,3,3,3,2,1,1,1,0,0,0,1,1,0,0,0
18,4,71,2,5,2,2,2,0,1,0,0,1,0,0,0,0,1,0
18,5,80,0,3,3,3,3,0,1,1,0,1,0,0,0,0,0,1
21,2,85,2,8,2,2,2,0,1,0,1,1,0,0,1,0,0,0
19,2,77,3,5,3,3,3,0,1,0,0,1,0,0,0,0,0,0
22,6,78,2,4,2,2,2,1,1,0,0,0,1,0,0,0,1,0
17,6,84,2,7,2,2,2,1,0,0,0,1,0,0,1,0,0,0
19,4,77,1,5,1,1,1,1,1,0,1,0,1,0,1,0,0,0
18,3,89,2,6,3,3,3,0,1,0,0,0,0,0,0,0,0,0
20,3,88,0,5,3,3,3,0,1,1,1,1,0,0,0,1,0,0
19,2,86,3,6,2,3,3,0,1,0,0,0,0,0,0,0,0,0
22,4,77,1,5,1,2,2,1,1,1,0,0,1,0,0,0,1,0
17,3,86,1,7,2,2,2,0,1,0,0,0,0,0,0,0,0,1
21,3,76,3,7,0,1,1,1,1,0,1,1,0,0,0,0,0,0
22,2,81,1,2,2,2,2,0,1,1,1,1,0,0,0,0,0,1
25,4,45,1,5,1,1,1,0,1,0,1,1,0,0,0,0,0,0
19,4,91,1,5,2,2,2,0,0,0,0,0,0,0,1,0,0,0
21,4,95,1,6,3,3,3,0,1,0,0,0,1,0,0,0,1,0
17,1,83,0,9,0,0,0,1,1,1,0,0,0,1,0,0,1,0
17,2,69,2,3,1,1,1,1,1,0,0,0,0,1,0,0,0,1
22,2,80,5,6,2,2,2,1,1,1,1,0,1,0,1,0,0,0
21,5,82,0,6,2,2,2,0,1,1,0,1,0,0,1,0,0,0
23,3,82,2,4,2,2,2,0,1,1,1,0,0,1,0,1,0,0
18,2,100,1,3,3,3,3,0,1,1,0,1,0,0,0,0,0,1
22,4,80,3,9,1,1,1,1,1,0,0,0,0,1,0,1,0,0
25,3,77,3,7,0,0,0,0,1,0,1,0,1,0,1,0,0,0
21,4,83,1,6,2,2,2,0,1,0,1,0,0,1,0,0,1,0
21,2,80,1,5,2,2,2,1,1,0,0,1,0,0,0,0,0,0
21,3,76,0,5,1,2,2,0,1,0,1,1,0,0,1,0,0,0
17,5,67,2,6,3,3,2,0,1,1,0,0,0,1,0,0,0,0
24,5,87,4,8,1,1,1,0,1,0,0,0,1,0,0,0,0,0
19,2,75,1,4,1,1,1,0,1,0,0,0,0,0,0,1,0,0
22,3,73,2,5,0,0,0,1,1,1,1,1,0,0,1,0,0,0
17,5,75,1,4,1,1,1,0,1,0,1,0,1,0,0,0,1,0
18,4,70,2,3,1,1,1,0,1,0,0,1,0,0,0,0,0,0
24,4,87,1,4,2,2,2,0,1,1,1,0,1,0,0,1,0,0
20,5,86,5,5,3,3,3,0,1,1,0,0,1,0,0,0,0,0
24,4,83,0,5,2,2,2,0,1,0,0,1,0,0,0,1,0,0
20,3,87,2,5,2,2,2,0,1,0,0,0,0,1,0,1,0,0
17,5,85,3,6,2,2,2,0,1,1,0,0,0,0,1,0,0,0
23,2,86,1,7,2,2,2,0,1,0,0,0,0,1,0,0,0,1
19,3,96,3,10,2,2,2,0,1,0,1,0,1,0,0,0,1,0
22,3,89,2,6,2,2,2,0,1,1,0,0,1,0,1,0,0,0
21,2,83,1,4,3,3,3,0,1,0,1,0,1,0,0,0,0,1
17,3,74,0,7,0,0,0,0,1,0,1,1,0,0,0,0,0,1
21,4,69,1,4,2,2,2,0,1,1,1,1,0,0,0,0,1,0
25,3,67,0,4,2,2,2,0,1,0,0,0,1,0,1,0,0,0
22,5,89,3,6,1,1,1,0,1,1,0,0,0,0,0,0,0,1
20,3,77,2,8,0,0,0,1,1,1,0,0,0,0,0,0,0,1
23,4,82,1,4,3,2,2,0,0,1,1,1,0,0,1,0,0,0
21,2,74,2,6,2,1,1,1,1,0,0,1,0,0,0,0,1,0
21,7,99,4,6,2,2,2,0,1,0,1,0,0,0,0,0,1,0
18,3,67,2,3,0,0,0,1,1,0,0,0,0,0,0,0,0,1
21,1,83,5,2,2,2,2,0,1,0,0,0,1,0,0,0,0,1
23,3,79,1,3,2,3,3,0,1,1,1,0,0,1,0,0,1,0
19,4,82,1,7,2,3,3,0,1,0,1,0,0,1,0,1,0,0
24,5,79,2,4,3,3,3,1,1,1,1,0,1,0,0,0,0,1
20,5,74,2,4,2,1,1,0,1,0,1,0,0,0,0,0,0,1
19,4,73,1,6,1,1,1,0,1,0,0,0,1,0,0,0,1,0
23,5,98,0,7,2,1,1,0,1,1,1,0,1,0,0,0,0,1
20,5,79,2,3,1,1,1,0,1,0,1,0,0,1,0,0,0,1
22,4,84,1,2,3,3,3,0,1,0,0,0,0,0,0,0,0,0
20,3,69,0,8,0,0,0,0,1,1,0,0,1,0,0,0,0,0
20,4,65,2,6,4,3,3,1,1,0,0,0,0,0,0,1,0,0
22,3,76,0,3,3,3,3,0,0,0,0,1,0,0,1,0,0,0
21,5,89,3,4,4,4,4,0,1,0,1,0,1,0,1,0,0,0
17,5,82,3,3,1,0,0,0,1,1,0,0,0,0,0,0,1,0
18,5,77,2,6,3,3,3,0,1,0,1,0,0,1,0,1,0,0
23,4,85,3,5,0,0,0,1,1,0,0,0,0,0,0,0,1,0
20,5,77,0,6,3,3,3,0,1,0,1,0,0,0,0,0,1,0
19,3,93,0,5,2,2,2,0,1,0,1,1,0,0,0,0,1,0
18,4,93,2,6,2,2,2,0,1,1,1,0,0,1,0,0,0,0
18,5,77,1,4,3,3,3,0,1,1,0,0,0,1,0,0,0,1
17,2,75,0,4,1,1,1,1,1,0,0,0,1,0,0,0,0,1
20,5,81,3,5,1,1,1,1,1,1,0,0,0,1,0,0,1,0
19,1,85,1,5,2,3,3,0,1,0,0,0,1,0,0,1,0,0
18,3,79,1,5,2,2,2,0,1,1,0,0,0,0,0,0,1,0
20,5,90,2,2,1,1,1,0,1,1,1,1,0,0,1,0,0,0
21,5,84,3,7,2,3,3,0,0,1,1,1,0,0,0,0,1,0
25,5,90,2,3,3,3,3,0,1,0,0,0,1,0,0,1,0,0
17,3,73,4,1,1,1,1,0,1,0,0,0,0,1,0,0,0,1
23,3,77,0,4,2,2,2,0,1,0,0,0,0,0,0,0,1,0
23,3,86,2,5,0,0,0,1,1,1,0,0,1,0,0,0,0,0
19,4,82,4,9,0,0,0,1,1,1,0,0,0,1,0,0,1,0
21,5,80,3,4,1,1,1,0,1,0,0,0,0,0,1,0,0,0
20,3,77,2,5,2,2,2,0,1,0,0,0,1,0,0,0,1,0
21,3,82,2,6,2,2,2,0,1,1,1,0,0,1,1,0,0,0
24,3,93,0,2,4,4,3,0,1,1,0,0,1,0,0,1,0,0
22,5,65,1,5,2,2,2,1,1,1,0,0,1,0,1,0,0,0
22,4,80,1,5,3,3,3,0,1,0,0,0,0,0,0,0,0,1
20,5,81,2,5,2,2,2,0,1,0,1,0,1,0,0,0,0,0
17,5,73,3,6,2,2,2,1,1,0,0,0,0,0,0,0,0,1
20,3,80,1,7,1,1,1,1,0,1,0,0,1,0,0,0,0,0
23,3,68,3,4,2,2,2,0,1,0,1,0,0,0,1,0,0,0
17,3,77,0,6,1,2,2,1,1,1,0,0,1,0,0,0,0,1
18,3,79,5,4,0,0,0,1,1,1,1,0,1,0,0,0,0,1
21,5,82,2,3,2,2,2,0,1,0,0,0,1,0,0,0,0,1
18,3,97,0,8,1,1,1,0,1,0,0,1,0,0,0,0,1,0
19,4,75,3,2,2,2,2,0,0,1,1,0,0,0,1,0,0,0
20,4,71,2,4,2,2,2,0,1,0,0,0,0,1,0,0,1,0
18,4,89,1,5,4,3,3,0,1,0,0,1,0,0,0,0,0,1
18,4,50,1,4,2,2,2,0,1,1,0,1,0,0,0,0,0,1
22,4,77,2,5,1,1,1,0,1,0,0,0,0,0,0,0,0,1
18,3,79,1,3,3,3,3,0,0,0,0,0,0,1,0,0,1,0
17,3,74,2,2,0,0,0,1,1,0,1,1,0,0,0,0,0,0
19,4,81,2,3,3,2,2,0,1,0,1,0,0,0,0,0,0,0
22,3,76,0,5,1,2,2,1,1,0,0,0,1,0,0,1,0,0
20,2,68,4,5,1,1,1,1,1,1,0,0,0,1,0,0,0,1
20,3,86,0,6,2,2,2,0,1,0,1,1,0,0,0,1,0,0
21,4,87,3,2,2,2,2,0,1,0,0,0,1,0,0,1,0,0
17,5,74,4,4,3,2,2,1,1,0,1,0,0,1,0,1,0,0
22,2,77,1,5,1,1,1,0,1,1,1,1,0,0,0,1,0,0
21,2,96,2,3,2,2,2,0,0,0,0,0,1,0,0,1,0,0
20,4,85,0,5,2,2,2,0,1,0,0,0,1,0,0,1,0,0
23,3,82,3,5,1,1,1,0,1,0,0,0,1,0,0,0,0,1
18,2,94,2,6,2,2,2,0,1,0,1,0,0,1,1,0,0,0
23,3,69,4,6,1,1,1,1,1,0,0,0,1,0,1,0,0,0
21,2,65,0,2,2,2,2,0,1,1,1,1,0,0,0,0,1,0
20,6,83,1,8,2,1,1,0,1,0,1,0,0,0,0,1,0,0
21,2,88,1,1,4,3,3,0,1,1,1,1,0,0,0,0,0,0
20,4,68,0,5,3,3,3,0,1,0,0,0,0,1,0,0,0,1
23,4,71,1,5,2,2,2,0,1,0,0,0,0,1,0,1,0,0
18,5,88,2,6,3,3,3,0,1,0,1,0,0,0,0,0,0,1
19,2,72,1,5,2,2,2,0,1,0,1,0,1,0,1,0,0,0
23,4,80,1,4,2,2,2,0,1,1,0,0,0,1,1,0,0,0
19,1,83,1,5,0,1,1,1,1,0,0,0,0,0,1,0,0,0
23,4,89,2,6,4,3,3,0,1,0,1,0,1,0,0,0,0,1
24,3,79,2,3,2,2,2,0,1,0,0,0,0,0,0,0,1,0
20,4,85,0,3,3,3,3,0,1,1,0,0,1,0,0,0,0,0
22,4,72,0,3,2,3,3,0,1,0,0,1,0,0,0,0,1,0
18,3,86,1,7,1,1,1,0,0,0,0,0,0,1,0,0,0,0
22,3,74,1,6,3,4,3,0,0,1,1,1,0,0,1,0,0,0
21,2,71,0,6,2,2,2,1,0,0,0,1,0,0,0,0,0,1
22,2,98,1,8,2,1,1,0,1,0,1,0,0,1,0,0,0,1
19,5,96,1,6,2,2,2,0,1,1,0,0,1,0,0,0,1,0
17,4,83,0,5,3,2,2,1,0,0,1,0,0,1,0,0,0,0
22,4,94,1,5,4,4,4,1,1,1,1,1,0,0,1,0,0,0
17,3,79,4,3,1,1,1,1,0,0,1,0,1,0,0,0,0,1
20,5,80,0,5,2,2,2,0,1,0,0,0,0,1,1,0,0,0
23,3,80,3,7,2,2,1,0,0,0,0,1,0,0,0,0,1,0
21,2,74,1,1,1,1,1,0,1,1,1,0,1,0,1,0,0,0
25,3,63,1,4,3,3,3,0,1,1,1,0,0,0,1,0,0,0
23,5,79,3,6,2,2,2,0,1,0,1,0,0,0,1,0,0,0
19,1,92,1,5,2,3,3,0,1,0,1,0,0,0,0,0,0,0
21,4,84,2,6,3,3,3,0,1,0,0,1,0,0,1,0,0,0
20,4,88,3,2,2,3,3,0,0,1,0,0,0,1,0,0,0,1
17,7,85,2,4,3,3,3,0,1,0,0,0,0,1,0,0,0,1
18,6,75,2,6,1,1,1,1,1,1,0,0,0,0,0,1,0,0
19,1,84,4,3,1,1,1,0,1,0,0,0,0,0,0,0,0,0
17,5,79,5,7,2,2,2,0,1,1,0,1,0,0,0,0,1,0
21,3,73,0,6,2,2,2,0,1,0,0,0,0,1,0,0,0,1
20,3,89,6,3,2,2,2,0,1,1,0,1,0,0,0,0,0,0
17,3,71,2,6,1,2,2,1,1,0,0,0,1,0,0,1,0,0
21,3,76,0,6,2,3,3,0,1,1,0,0,1,0,0,0,0,0
22,5,99,2,6,4,4,4,0,1,0,0,0,0,1,0,1,0,0
21,0,87,4,6,1,1,1,0,1,0,1,0,0,1,0,0,1,0
20,3,84,1,2,3,2,3,0,1,1,1,0,1,0,0,0,1,0
22,4,64,3,9,1,1,1,1,1,1,0,0,0,0,0,0,0,1
22,1,81,0,10,0,0,0,1,1,1,0,0,0,1,0,0,1,0
21,3,72,2,8,1,1,1,1,1,1,0,0,1,0,0,0,1,0
19,2,81,1,5,2,2,2,0,1,1,0,0,1,0,0,0,0,1
21,4,80,1,4,3,3,3,0,1,0,0,0,0,1,0,0,1,0
23,4,75,0,4,1,1,1,1,1,0,1,0,0,0,0,0,0,0
19,5,91,1,6,3,3,3,0,0,0,0,1,0,0,0,0,0,1
25,0,89,2,7,1,1,1,0,1,1,0,0,1,0,0,0,1,0
19,4,73,1,4,4,3,3,0,1,1,0,0,0,0,0,0,1,0
21,4,94,2,5,1,0,0,0,1,0,0,0,0,0,0,0,0,1
19,5,72,1,7,1,1,1,0,0,0,0,0,0,1,0,0,1,0
21,3,95,2,5,0,0,0,1,1,1,1,0,1,0,1,0,0,0
17,2,80,2,5,1,2,2,1,1,1,1,0,0,1,0,0,0,0
19,3,78,2,8,3,3,3,0,1,1,0,0,0,1,0,1,0,0
18,4,93,0,7,3,2,2,0,0,1,1,0,1,0,0,1,0,0
21,4,80,5,6,2,1,2,0,1,0,1,0,1,0,0,0,0,1
23,3,90,0,3,2,2,3,0,1,1,0,0,1,0,0,0,1,0
22,2,71,1,3,2,2,2,0,1,0,0,0,0,0,0,0,0,1
17,2,82,1,4,2,3,3,0,1,0,0,0,0,1,0,1,0,0
25,4,85,4,4,3,2,2,0,1,0,1,0,1,0,0,0,1,0
21,4,91,1,5,2,1,1,0,1,1,0,0,0,1,1,0,0,0
19,4,87,2,5,2,2,2,0,0,1,1,0,0,1,1,0,0,0
21,6,82,1,5,0,0,0,1,1,0,1,1,0,0,0,0,0,1
21,4,85,2,5,0,0,0,0,1,1,0,1,0,0,0,0,0,1
19,6,76,2,3,3,3,3,0,0,0,1,0,0,0,0,0,0,0
21,4,86,1,4,3,3,3,0,1,1,1,1,0,0,0,0,0,0
19,3,85,1,9,1,0,0,0,1,0,0,0,1,0,0,1,0,0
20,3,75,3,6,1,1,1,0,1,0,0,0,0,0,0,1,0,0
19,4,83,0,5,1,0,0,1,0,0,0,1,0,0,0,0,0,0
17,2,88,0,2,3,3,3,0,1,0,1,0,0,1,0,0,1,0
21,3,100,2,3,4,3,3,0,1,0,1,1,0,0,0,0,0,1
22,5,91,0,5,1,1,1,0,1,0,0,0,0,1,0,0,1,0
22,3,83,1,7,1,1,1,0,1,1,0,0,1,0,0,0,0,0
22,6,84,3,5,2,2,2,0,0,1,1,0,1,0,0,0,1,0
21,3,80,1,5,1,0,0,1,1,1,1,0,0,0,1,0,0,0
19,3,82,0,7,3,3,3,0,1,0,0,0,0,1,0,1,0,0
22,2,88,1,3,2,2,2,1,1,1,0,0,1,0,1,0,0,0
18,3,88,0,8,1,0,0,0,1,1,1,1,0,0,0,0,0,0
19,5,81,2,4,2,2,2,0,1,1,0,0,1,0,0,0,0,0
18,6,73,5,7,1,1,1,1,1,0,1,0,0,1,0,0,0,1
23,4,80,1,5,1,1,1,0,0,0,0,1,0,0,0,1,0,0
23,4,75,2,3,3,3,3,0,1,0,0,0,1,0,1,0,0,0
22,2,72,1,5,1,1,1,0,1,1,0,0,1,0,0,0,0,0
23,0,86,4,6,0,0,0,1,1,0,0,0,0,1,1,0,0,0
19,4,84,6,5,1,1,1,0,1,0,1,0,1,0,0,1,0,0
21,3,74,0,5,2,2,2,0,1,0,0,1,0,0,0,0,0,1
20,3,79,0,4,1,1,1,0,1,1,1,0,1,0,0,0,0,1
22,4,84,2,2,3,2,2,1,1,1,0,0,1,0,0,0,0,1
20,2,84,1,7,2,2,2,0,1,0,0,0,0,1,1,0,0,0
20,5,85,1,3,3,2,3,0,1,0,1,0,1,0,1,0,0,0
22,6,75,1,1,3,3,3,0,0,1,0,0,0,1,1,0,0,0
22,4,84,1,7,2,2,2,0,1,0,0,1,0,0,0,1,0,0
19,3,81,1,6,3,2,2,0,0,1,1,0,0,1,1,0,0,0
20,3,88,1,3,2,3,3,0,1,0,0,1,0,0,0,0,1,0
18,3,90,1,7,2,2,2,0,1,0,0,0,0,1,0,1,0,0
17,4,100,2,6,1,1,1,0,0,1,0,0,0,1,0,1,0,0
21,5,92,1,5,4,3,3,1,1,1,1,0,0,1,0,0,0,0
22,4,83,1,4,2,2,2,0,1,0,0,1,0,0,0,1,0,0
21,5,81,1,5,2,2,2,1,1,0,1,1,0,0,0,0,0,0
17,4,74,3,5,2,3,3,0,1,1,1,0,0,1,1,0,0,0
20,5,74,3,4,2,2,2,0,1,1,0,0,0,1,0,0,1,0
17,3,84,2,7,2,1,2,0,1,0,1,0,0,1,0,1,0,0
24,2,84,2,6,0,0,0,0,1,1,0,0,0,0,0,1,0,0
18,5,100,1,5,2,2,2,0,0,1,1,1,0,0,0,0,0,0
23,6,76,1,8,2,2,2,0,0,0,0,0,0,1,0,0,1,0
23,4,75,0,5,1,1,1,0,1,1,0,1,0,0,1,0,0,0
19,3,84,0,8,2,1,1,1,1,1,0,1,0,0,0,0,1,0
18,4,78,0,6,1,1,2,1,1,0,0,1,0,0,0,0,0,0
21,3,85,3,6,1,1,1,1,1,0,0,0,0,1,1,0,0,0
19,4,78,2,4,0,1,1,0,1,1,0,0,1,0,0,1,0,0
21,4,79,1,2,4,3,3,0,1,0,0,0,0,0,0,0,0,1
19,3,85,4,6,0,0,0,1,1,0,1,0,1,0,0,0,1,0
17,3,77,5,3,2,1,1,1,1,0,0,1,0,0,0,0,0,1
17,3,79,1,4,1,1,1,1,1,0,0,0,1,0,0,0,0,0
21,3,86,3,5,2,2,2,0,1,1,0,0,0,0,1,0,0,0
19,4,82,3,4,2,2,2,0,1,1,0,0,0,0,0,0,0,0
19,4,76,2,5,2,3,3,0,1,0,0,0,0,0,0,1,0,0
22,4,78,2,5,1,1,1,0,1,0,0,0,0,0,0,0,0,1
23,3,90,1,2,3,3,3,0,1,0,1,1,0,0,0,0,0,0
20,2,84,0,6,1,1,1,0,1,1,0,0,0,0,0,1,0,0
20,2,79,1,4,2,2,2,0,0,1,1,1,0,0,0,0,0,0
22,5,88,2,3,4,3,3,0,1,0,0,0,0,1,0,0,0,0
18,3,85,3,1,2,2,2,0,0,0,1,0,0,0,0,0,0,1
21,3,92,3,2,4,3,3,0,1,1,1,0,0,0,0,0,0,1
22,4,89,0,5,2,2,2,0,1,0,0,0,0,0,0,0,1,0
22,3,91,2,5,2,3,3,0,1,0,0,0,0,1,0,0,0,1
17,1,79,1,6,0,0,0,0,1,1,0,0,0,1,0,0,1,0
19,4,74,0,8,3,3,3,0,1,1,0,0,0,0,0,1,0,0
19,3,88,0,7,2,2,2,0,0,1,0,0,0,1,0,0,0,0
21,3,88,2,7,0,0,0,0,1,0,1,0,0,1,0,0,1,0
22,3,81,3,7,0,0,0,0,1,0,1,0,0,0,0,0,0,0
24,1,73,3,5,2,1,1,0,1,0,0,0,0,0,0,0,0,1
19,1,84,2,5,0,0,0,0,1,0,1,1,0,0,0,1,0,0
19,3,85,2,8,1,0,0,0,1,1,0,0,1,0,1,0,0,0
23,4,71,4,5,1,0,0,1,1,1,0,0,1,0,1,0,0,0
21,3,85,0,5,2,2,2,0,1,0,0,0,1,0,0,1,0,0
23,3,91,3,7,2,2,2,1,1,0,0,0,1,0,1,0,0,0
21,4,71,4,5,2,2,3,1,1,1,0,0,0,1,0,0,1,0
18,5,86,0,5,2,2,3,0,1,1,1,0,0,1,0,1,0,0
18,4,92,3,3,2,2,2,0,1,0,0,0,0,1,0,0,0,1
17,3,93,2,4,2,2,2,0,1,0,0,0,0,1,1,0,0,0
22,3,67,3,4,1,1,1,1,1,1,1,0,1,0,0,1,0,0
23,3,90,3,5,1,1,1,1,1,0,1,0,0,1,0,0,0,0
25,4,79,2,7,1,1,1,1,1,0,0,0,1,0,0,1,0,0
22,5,78,4,3,2,3,3,0,1,1,0,0,1,0,0,0,0,1
23,4,100,1,8,2,2,2,0,1,0,1,1,0,0,1,0,0,0
19,2,83,2,1,4,4,4,0,0,0,0,0,0,0,0,0,0,0
18,3,78,4,6,2,2,2,0,0,1,0,0,0,1,0,0,0,1
22,5,88,4,7,3,3,3,0,1,0,1,0,0,1,0,0,1,0
21,4,95,3,6,2,2,2,0,1,0,0,1,0,0,0,1,0,0
21,2,83,4,7,2,2,2,0,1,0,1,0,1,0,0,0,0,0
21,4,77,2,5,1,1,1,1,1,1,1,0,0,0,0,0,0,0
21,3,82,0,7,2,1,1,0,1,0,0,1,0,0,0,0,0,0
23,2,90,2,4,3,4,3,0,1,0,0,1,0,0,0,0,1,0
23,4,79,0,4,0,1,1,1,1,1,1,0,0,0,0,0,1,0
22,2,90,3,9,1,1,1,0,1,1,0,0,1,0,0,0,0,1
22,5,80,0,5,3,3,3,0,0,0,0,0,0,1,0,0,0,0
22,4,67,1,7,0,0,0,1,1,0,0,0,1,0,0,0,1,0
20,5,94,2,6,1,0,0,0,1,0,0,0,0,0,0,1,0,0
22,4,84,3,6,4,3,3,0,0,1,0,0,1,0,0,0,0,1
17,3,90,3,1,3,3,3,0,1,0,0,0,0,0,1,0,0,0
23,3,84,2,6,2,3,3,0,0,1,0,0,1,0,1,0,0,0
18,3,82,1,5,1,1,1,0,1,1,1,1,0,0,0,0,1,0
21,4,87,0,7,3,2,2,0,0,0,0,1,0,0,0,0,0,1
19,2,80,4,4,3,2,2,0,0,1,0,0,0,0,0,0,0,0
22,4,96,5,7,3,3,4,0,1,0,0,1,0,0,0,0,0,0
20,2,81,1,3,3,3,3,0,1,0,1,1,0,0,0,0,0,0
17,6,96,5,4,4,4,4,0,1,0,0,0,1,0,1,0,0,0
21,4,86,2,2,4,3,3,0,1,0,1,1,0,0,0,1,0,0
19,4,63,5,3,2,2,2,0,1,0,1,1,0,0,0,0,0,0
22,4,74,1,5,1,1,1,0,1,0,0,1,0,0,0,0,0,0
21,1,88,3,8,0,0,0,0,1,1,0,1,0,0,0,0,0,1
21,4,74,3,5,0,0,0,1,1,1,1,1,0,0,1,0,0,0
18,4,71,2,3,1,1,1,0,1,1,1,0,0,1,1,0,0,0
19,3,92,3,1,4,4,4,0,1,1,1,0,0,1,1,0,0,0
20,3,69,2,6,1,1,1,0,0,1,0,0,0,0,0,0,0,0
22,4,88,0,4,3,3,3,0,1,1,0,1,0,0,0,0,0,1
24,4,79,5,4,3,3,3,0,1,1,0,0,1,0,0,1,0,0
19,4,87,2,7,0,0,0,1,1,1,0,0,0,0,0,0,1,0
23,4,84,1,5,0,1,1,0,0,0,0,0,1,0,0,1,0,0
17,5,65,1,5,2,2,2,1,1,1,1,0,1,0,0,0,1,0
18,2,79,2,5,1,1,1,1,1,0,1,0,0,1,0,0,1,0
18,6,80,2,8,2,2,2,0,1,0,0,1,0,0,0,1,0,0
18,6,85,0,6,3,3,3,0,1,1,0,0,0,1,1,0,0,0
17,3,84,1,1,3,3,3,0,1,1,1,0,0,1,0,0,0,0
21,4,80,4,4,1,2,2,0,1,0,0,0,0,0,0,0,0,1
20,6,72,3,5,4,4,3,0,1,0,1,1,0,0,0,0,0,0
21,5,85,1,7,0,0,0,0,1,1,0,0,1,0,0,1,0,0
22,1,89,1,3,2,3,3,0,1,1,1,0,0,1,1,0,0,0
21,3,84,1,5,2,3,3,0,1,1,0,0,1,0,0,1,0,0
22,3,80,1,5,4,3,3,0,1,0,1,1,0,0,0,1,0,0
20,5,79,1,7,3,3,3,0,1,0,0,0,0,1,1,0,0,0
18,5,74,1,3,3,3,3,0,1,0,0,0,1,0,1,0,0,0
23,2,84,3,5,2,1,2,1,1,0,0,0,1,0,0,0,0,1
19,3,83,2,8,0,0,0,1,1,0,0,1,0,0,0,0,0,0
18,4,88,0,5,3,4,3,0,1,1,1,0,0,1,0,0,1,0
20,3,77,4,6,2,1,1,0,1,0,0,0,0,1,0,0,0,1
19,3,83,3,4,3,3,3,0,1,1,1,0,0,0,0,1,0,0
20,4,71,1,5,4,4,3,0,0,1,0,0,1,0,0,0,0,1
21,6,79,2,5,4,3,3,0,1,1,0,0,0,0,1,0,0,0
21,4,77,0,7,0,0,0,1,1,0,1,1,0,0,0,1,0,0
19,3,90,0,6,2,2,2,0,1,0,1,1,0,0,0,0,0,1
19,5,95,1,4,4,3,3,0,1,0,1,0,0,1,0,0,0,1
23,4,57,3,5,2,2,2,1,1,1,1,0,0,1,1,0,0,0
22,3,89,2,7,2,2,2,0,1,1,0,1,0,0,0,1,0,0
25,4,87,6,3,3,3,3,0,1,1,0,0,1,0,0,0,0,1
23,2,77,3,4,2,2,2,1,0,1,0,1,0,0,0,1,0,0
23,3,76,2,5,3,3,3,0,1,0,0,0,1,0,1,0,0,0
17,2,75,1,7,1,2,2,1,1,1,0,0,0,1,1,0,0,0
22,5,79,0,4,3,3,3,0,0,0,0,1,0,0,0,0,0,0
20,2,79,2,4,2,2,2,0,1,0,1,0,0,1,0,1,0,0
19,2,80,1,7,2,1,1,1,1,1,1,0,1,0,1,0,0,0
21,3,77,2,6,1,1,1,0,0,0,1,0,0,0,0,1,0,0
23,2,88,2,2,3,3,3,0,1,1,0,0,1,0,0,1,0,0
22,6,86,4,6,4,3,3,0,1,0,0,0,0,1,0,1,0,0
19,5,80,0,2,2,1,1,0,1,0,0,0,1,0,0,1,0,0
22,4,77,1,4,0,0,0,1,1,0,1,0,1,0,0,0,1,0
19,3,77,0,4,3,3,3,0,1,1,1,0,0,1,1,0,0,0
21,3,85,1,4,1,2,2,0,1,0,1,0,0,1,0,0,0,1
20,6,82,3,4,2,2,2,1,1,0,1,1,0,0,0,0,0,1
20,3,83,2,3,0,0,1,0,1,0,1,0,1,0,0,0,0,0
22,2,88,2,6,2,3,3,0,0,0,1,0,0,0,1,0,0,0
18,5,81,3,2,3,3,3,0,0,1,1,0,1,0,0,0,0,0
25,3,93,0,4,2,2,2,0,1,0,1,1,0,0,1,0,0,0
17,3,66,1,6,1,1,1,1,1,0,1,0,0,0,0,0,1,0
19,3,71,1,6,1,1,1,0,1,0,0,0,0,1,0,0,0,0
21,3,96,3,3,4,4,4,0,1,1,0,0,0,0,1,0,0,0
22,4,78,1,2,3,3,3,0,1,1,0,0,1,0,0,1,0,0
20,3,84,1,3,2,3,3,0,0,0,0,0,1,0,1,0,0,0
20,4,92,1,1,4,4,4,0,1,1,0,0,1,0,1,0,0,0
21,5,84,2,5,3,3,3,0,1,0,1,0,0,1,0,0,1,0
20,5,89,2,4,4,4,3,0,1,1,1,0,0,1,0,0,0,0
24,2,86,1,4,0,0,0,0,1,1,0,0,1,0,0,1,0,0
22,5,89,2,6,4,3,3,1,1,1,1,1,0,0,0,0,1,0
22,5,85,1,7,3,3,3,0,1,0,0,0,0,0,1,0,0,0
18,5,87,2,5,1,1,1,0,1,1,0,0,1,0,0,0,1,0
20,4,77,1,5,1,1,1,0,1,1,0,0,0,1,0,0,0,1
20,3,86,1,4,3,2,2,0,1,1,0,0,1,0,0,0,0,1
18,1,81,3,4,2,2,2,0,1,1,0,0,1,0,0,0,0,1
21,4,81,2,5,2,2,2,1,0,0,0,0,0,1,0,0,0,1
19,6,68,3,7,4,3,3,0,1,1,0,0,1,0,0,1,0,0
22,4,78,3,3,2,3,3,0,1,1,0,0,0,0,0,0,0,1
18,3,80,1,3,2,2,2,0,1,1,1,0,0,1,1,0,0,0
24,4,94,1,5,2,2,2,0,1,0,1,0,0,1,1,0,0,0
19,2,79,1,1,1,1,1,1,1,1,0,1,0,0,1,0,0,0
21,3,84,2,6,2,2,2,0,1,0,1,0,0,1,0,1,0,0
22,5,93,0,7,1,2,2,1,1,1,0,0,0,0,0,0,1,0
19,4,72,3,9,0,0,0,1,1,1,1,0,0,1,0,0,1,0
22,3,78,1,5,0,0,0,1,1,0,1,0,0,1,0,1,0,0
18,6,89,2,7,2,2,2,1,1,0,0,0,0,1,1,0,0,0
24,2,100,2,5,1,2,2,0,1,1,0,0,0,0,1,0,0,0
21,4,66,1,8,0,0,0,1,1,0,0,0,0,0,0,0,0,0
19,5,81,2,4,2,2,2,0,1,0,1,1,0,0,0,0,0,1
20,5,87,2,6,2,2,2,0,1,0,0,0,0,0,0,0,0,1
22,4,88,1,6,1,1,1,0,1,0,0,0,0,0,0,1,0,0
19,5,100,1,6,3,3,3,0,1,0,0,1,0,0,1,0,0,0
19,4,76,1,4,1,1,1,1,1,0,0,0,1,0,0,1,0,0
20,4,80,3,5,2,2,2,0,1,0,0,1,0,0,0,0,0,0
18,4,69,2,7,0,0,0,1,1,0,1,0,1,0,0,0,0,0
25,5,83,5,6,1,1,2,1,1,0,1,1,0,0,0,0,0,0
19,2,86,0,5,1,1,1,1,1,0,0,0,1,0,1,0,0,0
22,3,98,3,7,3,3,3,0,1,1,1,0,0,0,0,0,1,0
21,4,95,1,7,3,3,3,0,1,0,1,1,0,0,0,1,0,0
18,4,94,4,6,4,3,3,0,1,0,0,0,0,0,0,0,1,0
21,3,76,2,6,0,0,0,0,1,1,0,0,0,0,0,0,1,0
22,1,85,3,4,2,3,3,1,1,0,0,0,0,1,0,0,0,0
20,1,85,2,6,1,1,1,0,1,0,1,0,0,0,0,1,0,0
23,2,85,2,2,3,3,3,0,1,1,1,1,0,0,0,0,0,1
23,7,81,0,5,3,3,3,0,1,0,0,0,1,0,0,1,0,0
23,0,91,3,6,1,1,1,0,1,1,1,1,0,0,0,0,1,0
20,3,79,7,4,2,1,1,1,1,0,0,0,0,0,0,0,1,0
18,3,84,2,5,2,2,2,0,1,0,0,0,1,0,1,0,0,0
19,4,93,3,6,3,3,3,0,1,0,0,0,1,0,0,0,0,0
21,3,99,3,3,3,3,3,0,1,0,0,0,0,0,1,0,0,0
22,2,75,1,7,1,1,1,1,1,0,0,0,0,0,0,0,1,0
17,5,86,0,6,3,2,2,0,1,0,0,1,0,0,0,0,0,1
21,1,85,3,2,3,3,3,0,1,0,0,0,0,0,1,0,0,0
21,6,91,1,5,2,3,3,0,1,0,0,1,0,0,0,0,0,1
20,4,95,6,8,3,3,3,0,1,0,0,1,0,0,0,0,0,1
23,2,79,0,5,2,1,1,1,1,1,1,1,0,0,0,1,0,0
21,3,81,2,4,2,2,2,0,1,1,1,1,0,0,0,0,0,0
23,5,82,4,4,3,3,3,0,1,0,0,0,0,0,1,0,0,0
20,2,85,1,5,1,1,1,0,1,0,0,0,0,1,0,1,0,0
23,4,88,1,3,1,1,1,1,1,0,0,0,0,0,0,0,0,0
24,3,79,5,8,2,2,2,0,1,1,0,0,1,0,0,1,0,0
23,3,96,1,7,0,0,0,1,1,0,1,0,1,0,0,0,0,0
18,4,67,0,7,1,0,0,1,1,0,1,0,0,1,0,0,0,1
20,4,72,3,2,2,2,2,0,1,0,0,0,0,1,1,0,0,0
20,4,86,2,5,4,4,4,0,1,0,0,0,0,1,0,0,1,0
22,5,80,1,7,2,2,2,0,1,1,0,0,0,0,0,0,0,1
22,4,77,1,3,3,3,3,0,1,0,0,0,0,1,0,0,1,0
19,3,89,2,5,1,1,1,1,1,0,0,1,0,0,0,0,1,0
21,2,88,4,3,1,1,1,1,1,0,1,1,0,0,0,0,1,0
17,4,92,4,7,2,2,2,0,1,0,0,0,0,0,0,0,1,0
24,4,73,1,5,1,1,1,1,1,0,1,0,1,0,0,0,0,1
19,4,88,3,5,2,1,1,0,1,1,0,0,1,0,0,0,0,1
21,4,88,3,3,2,2,2,0,1,0,1,0,1,0,0,0,0,0
20,2,73,3,8,1,1,1,1,1,1,1,0,0,0,0,1,0,0
23,2,82,2,5,1,1,0,1,0,1,0,0,0,1,1,0,0,0
17,4,89,2,6,2,2,2,1,1,0,1,0,1,0,0,0,0,0
21,1,92,2,6,1,1,1,1,1,0,1,0,0,1,0,0,0,1
20,5,80,3,3,3,2,2,0,1,0,0,0,1,0,0,0,0,0
20,5,73,1,2,4,4,3,0,1,0,0,0,0,1,0,1,0,0
24,2,94,1,5,1,2,2,0,1,0,1,1,0,0,0,0,1,0
19,3,82,4,7,2,1,1,1,1,1,1,0,0,1,0,0,1,0
22,4,66,4,2,4,3,3,0,1,0,1,0,0,0,0,0,0,1
21,3,80,1,9,0,0,0,1,0,0,1,1,0,0,0,0,0,1
23,4,76,3,5,1,1,1,1,0,0,0,0,0,0,0,0,0,0
19,3,72,4,5,0,0,0,1,1,1,1,0,0,1,0,1,0,0
19,3,82,2,5,0,0,0,0,1,0,0,0,0,1,0,0,1,0
23,3,79,1,7,3,2,2,0,1,1,1,0,1,0,0,0,0,0
21,4,81,0,3,2,2,2,0,1,0,1,0,0,1,0,0,1,0
17,4,78,4,5,1,1,1,0,0,1,0,1,0,0,0,1,0,0
19,4,86,1,5,2,2,2,1,1,0,1,0,0,0,0,0,0,0
21,4,80,1,8,2,3,3,0,1,1,1,1,0,0,0,0,0,1
22,5,87,0,4,1,1,1,0,1,1,0,0,1,0,1,0,0,0
19,4,79,2,5,2,2,2,0,0,1,0,0,0,1,0,1,0,0
17,6,90,1,5,3,3,3,0,1,1,1,0,0,0,0,0,1,0
22,2,82,1,4,1,0,0,1,1,0,0,0,0,0,1,0,0,0
18,3,72,3,8,1,2,2,0,1,1,1,0,0,1,0,1,0,0
17,4,75,4,3,3,3,3,0,1,0,0,0,0,0,0,0,1,0
17,4,72,0,2,3,4,3,1,0,0,0,0,0,1,1,0,0,0
22,4,58,1,5,2,3,3,0,1,1,0,0,0,1,0,0,1,0
21,4,71,2,4,1,1,1,0,1,1,0,0,0,1,0,0,1,0
20,4,73,0,6,2,2,2,0,0,0,0,0,1,0,1,0,0,0
24,5,82,0,6,0,0,0,0,1,0,1,0,0,0,0,0,0,0
22,2,87,0,5,0,0,0,1,1,0,0,0,0,0,0,1,0,0
24,4,71,3,5,1,1,1,0,1,0,1,0,1,0,0,0,0,0
17,3,75,1,1,4,3,3,0,1,0,0,1,0,0,0,0,1,0
20,5,88,4,6,1,1,2,0,1,0,0,0,0,1,1,0,0,0
17,4,80,2,5,2,3,3,0,1,0,1,0,0,1,0,1,0,0
20,3,68,0,8,0,0,0,1,1,0,1,1,0,0,0,0,0,1
20,5,82,1,7,3,3,3,1,0,1,1,1,0,0,0,1,0,0
22,3,84,1,2,4,4,4,0,1,0,0,0,0,0,0,0,0,0
21,2,84,1,7,1,1,1,0,1,1,1,0,0,0,1,0,0,0
22,3,100,1,3,2,2,2,0,0,0,0,0,0,1,0,0,0,0
22,7,76,1,7,2,1,1,0,1,0,0,0,1,0,0,0,1,0
25,3,90,2,8,1,1,1,0,1,0,0,0,0,1,0,1,0,0
20,4,81,1,8,2,2,2,0,1,0,0,0,1,0,0,0,0,0
18,4,85,4,4,0,0,0,0,1,1,1,0,0,1,0,0,0,1
21,3,76,3,6,0,0,0,1,1,0,0,1,0,0,0,0,0,0
19,5,76,0,7,0,0,0,1,0,1,0,1,0,0,0,0,1,0
24,4,72,1,6,1,2,2,0,1,1,1,0,1,0,0,0,0,0
20,4,70,3,2,3,3,3,0,1,0,0,0,0,1,0,1,0,0
19,3,87,1,5,3,3,3,0,1,0,0,0,0,0,0,1,0,0
20,4,77,0,6,1,2,2,1,1,0,0,1,0,0,1,0,0,0
22,3,100,0,5,3,3,3,0,1,0,0,0,0,0,0,0,1,0
20,4,78,3,4,0,0,0,0,1,0,0,0,0,1,1,0,0,0
19,6,87,4,5,3,3,3,0,1,1,1,0,0,1,0,1,0,0
24,6,82,0,7,2,2,2,0,1,0,1,1,0,0,0,0,0,0
19,3,67,3,6,0,1,1,0,1,1,0,0,1,0,0,0,0,0
21,4,71,3,6,1,2,2,0,1,0,1,1,0,0,0,0,0,1
22,2,69,2,5,2,1,1,0,1,1,0,1,0,0,0,0,1,0
17,3,93,0,6,3,3,3,0,1,1,0,0,1,0,0,1,0,0
22,1,92,2,1,2,2,2,0,1,0,0,0,0,0,1,0,0,0
18,5,97,5,5,2,2,2,1,1,0,1,0,0,0,0,1,0,0
22,3,64,2,4,2,2,2,0,1,0,0,0,0,0,0,0,0,1
18,3,71,1,5,1,1,1,0,1,1,1,0,1,0,0,1,0,0
22,3,86,2,3,3,3,3,0,1,1,1,0,0,1,1,0,0,0
23,5,75,2,6,1,0,0,0,1,0,1,0,0,0,0,0,0,0
22,5,87,1,9,2,2,2,0,0,0,1,0,1,0,1,0,0,0
21,5,78,0,5,2,2,2,0,1,0,0,0,1,0,0,0,1,0
20,2,77,1,5,3,2,2,0,1,0,0,1,0,0,0,0,0,1
19,4,67,1,10,0,0,0,1,1,0,0,0,1,0,1,0,0,0
24,2,77,2,3,1,0,0,0,1,0,1,0,0,0,0,0,0,0
19,4,85,1,6,1,1,1,0,1,0,0,0,0,0,0,0,1,0
18,4,59,1,5,2,3,3,0,1,1,1,0,0,1,1,0,0,0
22,3,82,1,4,1,1,1,0,1,0,1,1,0,0,0,0,0,1
19,4,73,1,7,2,2,2,0,1,1,0,0,0,1,0,0,0,0
18,3,75,2,5,3,3,3,0,1,0,0,0,0,0,0,0,0,1
17,5,76,3,3,0,1,0,0,1,0,0,0,0,1,0,1,0,0
19,3,85,4,5,2,1,1,0,0,1,0,0,1,0,1,0,0,0
20,3,88,1,5,3,2,2,0,1,0,0,1,0,0,0,0,1,0
21,4,96,1,4,2,1,1,0,1,1,1,0,1,0,0,0,0,1
23,5,88,1,2,2,3,3,0,1,0,0,0,0,0,0,0,0,1
22,2,84,2,4,1,1,1,0,0,1,0,0,1,0,1,0,0,0
20,4,96,1,2,3,3,3,0,1,0,0,0,1,0,1,0,0,0
20,4,69,1,5,1,1,1,0,1,0,1,0,1,0,0,0,0,0
22,4,86,4,6,1,1,1,1,1,1,0,1,0,0,1,0,0,0
23,3,89,1,3,0,0,0,1,1,1,1,1,0,0,1,0,0,0
21,2,83,2,5,2,1,1,0,1,1,0,0,0,1,0,0,1,0
20,3,81,4,3,2,2,2,1,1,1,1,0,0,0,0,1,0,0
18,4,80,1,4,1,1,1,0,1,1,1,0,0,0,0,0,0,1
17,4,77,1,4,3,3,3,0,1,1,0,0,0,0,1,0,0,0
22,3,78,2,6,1,1,1,0,1,1,0,1,0,0,1,0,0,0
22,4,90,3,2,2,2,2,0,1,0,0,0,0,1,1,0,0,0
22,3,73,1,7,2,2,2,1,1,1,0,1,0,0,1,0,0,0
20,3,83,0,7,0,0,0,1,1,0,1,1,0,0,0,0,1,0
24,3,81,1,5,2,2,2,0,1,1,1,1,0,0,0,1,0,0
19,3,70,0,3,1,1,1,0,1,0,0,1,0,0,0,1,0,0
23,2,88,4,1,1,1,1,0,1,0,0,0,0,0,1,0,0,0
20,3,71,1,7,2,1,1,0,1,0,1,0,0,0,0,1,0,0
19,5,76,0,9,0,1,0,0,1,1,1,0,0,1,0,0,0,0
22,4,81,2,5,3,2,2,0,1,0,0,1,0,0,1,0,0,0
21,3,93,2,3,3,3,3,0,1,1,0,1,0,0,0,0,0,0
21,5,86,0,3,4,3,3,0,0,0,0,0,0,1,1,0,0,0
21,3,84,1,7,1,1,1,1,0,0,0,1,0,0,0,0,0,0
20,4,92,1,5,1,1,1,0,1,0,0,1,0,0,0,1,0,0
26,1,79,1,3,0,0,0,0,1,0,1,0,0,1,1,0,0,0
23,3,98,1,9,1,1,1,1,1,0,1,0,0,1,0,0,0,1
22,3,86,2,7,1,1,1,1,1,1,1,0,1,0,1,0,0,0
21,1,83,0,6,1,1,1,0,1,0,0,0,0,1,0,0,0,0
23,3,67,1,4,2,2,2,0,1,1,0,0,0,1,0,1,0,0
22,4,89,2,5,1,1,1,0,1,0,1,0,0,1,0,0,0,1
21,3,86,0,7,3,3,3,0,1,1,0,0,1,0,1,0,0,0
20,4,80,4,5,4,3,3,0,1,1,1,0,1,0,0,0,0,0
20,2,78,1,7,1,1,1,0,1,0,0,1,0,0,0,0,0,0
17,3,98,3,7,3,3,3,0,1,1,0,0,0,0,0,0,1,0
21,2,75,0,6,2,2,2,0,1,0,0,0,1,0,0,0,0,0
19,4,84,1,3,3,2,2,0,1,0,1,1,0,0,0,1,0,0
24,3,82,2,3,2,2,2,1,1,0,0,0,1,0,0,0,0,0
21,3,87,1,2,4,4,3,0,1,1,0,1,0,0,0,0,0,0
18,5,66,2,7,2,2,2,1,0,0,1,1,0,0,0,1,0,0
20,4,87,2,5,3,4,3,0,1,0,0,0,0,1,0,0,1,0
18,5,94,0,5,3,3,3,0,1,1,0,0,0,0,0,0,0,0
22,3,66,0,2,2,2,2,0,1,0,1,0,0,0,0,1,0,0
21,5,74,2,8,0,0,0,1,1,1,0,1,0,0,0,0,1,0
23,3,86,3,3,3,3,3,0,1,1,0,0,1,0,0,1,0,0
19,1,80,2,6,2,2,2,0,1,1,1,1,0,0,0,0,0,0
21,2,87,2,2,2,2,2,0,1,0,0,0,0,0,0,0,1,0
18,3,88,1,7,1,1,1,1,1,1,0,0,1,0,0,0,0,1
22,1,83,2,7,2,2,2,1,1,1,1,0,1,0,0,1,0,0
22,4,96,2,5,1,2,2,0,1,0,0,1,0,0,0,1,0,0
22,5,88,1,5,2,1,1,0,1,1,0,1,0,0,0,0,1,0
21,4,56,3,5,0,0,0,1,1,0,0,1,0,0,0,1,0,0
21,3,87,2,4,3,2,2,1,1,1,1,0,0,0,0,0,1,0
24,3,81,3,7,2,2,2,0,1,1,0,0,0,0,1,0,0,0
20,4,86,3,6,2,2,2,0,0,0,0,0,1,0,0,1,0,0
21,4,91,3,2,3,2,2,0,0,0,0,1,0,0,0,1,0,0
18,4,79,2,5,2,2,2,0,1,0,0,1,0,0,0,0,0,0
19,2,82,3,5,2,1,1,0,1,0,1,0,0,1,0,0,0,0
21,4,88,2,4,2,2,2,0,1,0,1,1,0,0,0,1,0,0
23,3,73,1,5,1,1,1,1,1,1,0,1,0,0,0,1,0,0
20,4,78,2,5,1,0,0,1,1,0,1,0,0,0,0,1,0,0
20,6,77,2,5,3,3,3,0,1,0,0,0,0,0,0,1,0,0
20,4,90,4,6,2,2,2,0,0,0,1,1,0,0,0,1,0,0
19,3,95,3,6,2,2,2,0,0,0,1,0,0,1,0,0,0,0
21,3,100,3,6,1,1,1,0,1,0,0,1,0,0,0,0,0,0
17,5,88,1,4,1,0,0,0,1,1,0,0,0,1,1,0,0,0
23,5,91,1,4,3,3,3,0,1,0,1,0,0,1,0,1,0,0
19,4,68,1,6,4,3,3,0,1,1,0,0,1,0,0,1,0,0
22,5,67,2,6,2,2,2,1,1,1,1,0,0,1,0,0,0,1
18,2,75,2,4,2,1,1,0,1,0,1,1,0,0,0,0,0,1
22,3,72,2,5,2,1,1,0,1,1,0,0,1,0,0,1,0,0
22,2,86,6,6,2,3,3,0,0,1,0,0,0,1,0,0,0,1
21,5,95,2,5,2,2,2,0,1,0,1,1,0,0,1,0,0,0
18,5,82,1,7,3,3,3,0,1,1,0,1,0,0,0,1,0,0
21,2,76,1,3,4,3,3,0,1,0,1,0,0,0,0,0,0,0
18,3,84,2,2,3,3,3,0,1,1,0,0,0,1,0,0,0,1
20,2,76,3,7,1,1,1,0,1,1,1,0,0,0,1,0,0,0
23,4,77,0,6,1,0,0,0,1,1,0,0,0,1,0,1,0,0
22,3,80,0,5,3,2,2,0,1,0,1,0,1,0,0,0,0,0
21,4,85,1,4,1,2,2,0,1,1,0,0,0,1,0,0,0,1
18,3,68,3,6,2,3,3,1,1,0,0,0,1,0,0,1,0,0
22,6,65,0,5,2,1,1,0,1,0,1,0,1,0,0,0,0,0
21,4,75,2,5,1,1,1,1,1,0,1,1,0,0,0,0,0,0
17,3,86,0,5,2,3,3,0,1,1,0,0,0,0,0,0,1,0
22,2,71,2,6,1,1,1,1,1,1,1,0,0,1,0,0,1,0
20,1,96,2,7,0,0,0,0,1,0,0,0,0,0,0,0,1,0
23,1,88,1,7,2,1,1,0,1,0,0,0,1,0,0,0,0,1
18,4,87,3,6,1,1,1,0,1,0,1,0,0,0,0,0,1,0
17,3,88,2,5,3,2,2,0,1,0,0,0,1,0,1,0,0,0
21,5,85,1,6,4,3,3,0,1,0,1,0,1,0,0,1,0,0
21,4,86,1,7,0,0,0,1,1,1,0,0,0,1,1,0,0,0
17,1,91,5,5,2,2,2,0,1,1,1,0,0,1,0,0,0,1
18,2,90,3,5,3,3,3,0,1,0,0,1,0,0,1,0,0,0
27,1,84,0,6,2,1,1,1,1,1,1,0,1,0,0,0,0,1
20,3,97,1,6,2,2,2,0,1,0,0,0,0,1,0,0,0,0
22,4,82,2,5,4,4,3,0,1,0,1,0,0,1,0,1,0,0
19,4,78,1,6,1,1,1,1,1,1,1,0,1,0,0,0,0,1
17,3,70,0,4,4,3,3,0,1,1,1,1,0,0,0,1,0,0
20,2,76,2,5,2,2,2,0,1,0,0,0,0,0,1,0,0,0
20,7,91,0,8,1,1,1,0,1,0,0,0,1,0,0,0,0,1
20,4,81,1,6,3,3,3,0,1,0,0,0,1,0,0,0,0,1
20,6,85,2,4,1,1,1,0,0,0,0,0,1,0,0,1,0,0
21,5,82,0,4,2,2,2,0,1,0,1,0,0,1,0,0,1,0
20,4,72,3,3,3,2,2,0,1,1,0,0,0,0,0,0,0,1
18,4,79,1,8,0,1,1,1,1,1,0,1,0,0,0,1,0,0
22,3,75,2,3,1,1,1,0,1,0,1,0,0,1,0,1,0,0
17,3,78,1,1,3,2,2,0,1,0,1,0,0,1,0,0,0,0
17,3,74,2,3,1,1,1,0,1,0,0,1,0,0,0,0,1,0
22,3,85,2,5,2,2,2,0,1,0,1,1,0,0,0,0,0,1
22,0,88,2,4,0,1,1,0,1,0,0,1,0,0,1,0,0,0
20,3,82,4,5,3,3,3,0,1,0,0,0,0,1,0,1,0,0
17,4,66,1,6,2,2,2,1,0,1,1,0,0,1,0,0,0,1
19,2,71,1,4,2,2,2,0,0,0,1,0,1,0,0,0,0,0
20,2,87,3,3,3,3,3,0,1,0,1,1,0,0,0,0,0,0
17,4,76,1,7,1,1,1,0,1,1,0,0,1,0,0,0,0,0
19,4,76,1,6,2,2,2,0,1,0,1,0,0,0,0,1,0,0
22,3,82,0,1,4,3,3,0,1,1,0,0,0,1,0,0,0,0
24,4,75,0,2,2,3,3,0,0,0,0,0,1,0,0,0,0,1
20,4,65,5,2,3,3,3,0,1,0,0,0,0,0,0,0,0,1
22,3,74,2,5,2,2,2,0,1,1,0,0,0,0,0,0,0,0
17,3,78,3,5,0,0,0,1,1,0,1,1,0,0,1,0,0,0
22,4,77,1,5,2,2,2,0,1,0,0,1,0,0,0,0,1,0
19,4,87,1,5,1,0,0,0,1,0,0,0,0,0,0,0,1,0
21,3,82,3,7,2,3,3,0,1,0,0,0,0,1,0,1,0,0
20,4,82,1,6,1,1,1,0,1,0,0,0,1,0,0,0,0,0
23,5,91,1,3,2,2,2,0,1,1,0,1,0,0,0,0,0,0
19,4,69,3,4,4,3,3,0,1,0,1,0,1,0,0,0,0,0
22,1,94,0,4,1,1,1,0,1,0,1,0,1,0,0,0,0,1
20,4,80,2,5,1,1,1,0,1,0,0,0,1,0,0,0,1,0
20,4,81,2,5,3,2,2,0,1,1,0,1,0,0,0,0,1,0
20,2,78,4,6,1,1,1,1,1,0,0,0,0,1,0,0,0,1
19,4,92,2,5,3,3,2,0,1,1,1,0,0,1,0,0,0,1
21,2,79,4,3,1,1,1,1,1,1,0,0,0,0,0,0,1,0
20,5,84,2,6,2,2,2,0,0,0,0,0,0,1,0,0,1,0
21,2,84,3,7,0,0,0,1,1,0,1,0,0,0,0,0,0,1
21,5,85,2,8,1,1,1,1,1,0,0,0,0,0,0,0,1,0
22,4,73,4,5,1,2,2,1,0,0,0,0,0,0,0,1,0,0
23,2,85,0,4,3,3,3,0,1,1,0,0,1,0,0,0,0,0
18,4,74,2,6,0,0,0,1,1,0,0,1,0,0,0,1,0,0
22,2,77,1,5,2,2,2,0,1,1,0,0,0,1,0,0,0,0
18,2,89,2,3,2,2,2,0,1,0,1,0,0,1,1,0,0,0
22,5,78,2,5,2,2,2,1,1,0,0,0,0,0,1,0,0,0
22,5,76,3,6,2,2,2,0,1,1,1,0,1,0,0,1,0,0
17,3,83,2,8,2,2,2,0,1,1,1,0,0,1,0,0,0,0
21,3,92,1,5,2,2,2,1,0,0,0,0,1,0,0,0,1,0
20,2,100,5,4,3,3,3,0,1,0,1,0,0,1,0,0,1,0
19,4,91,1,2,2,3,3,0,1,0,1,1,0,0,0,0,1,0
24,3,91,2,3,2,2,2,0,1,1,0,0,1,0,1,0,0,0
19,2,81,2,3,0,0,0,0,1,0,0,0,1,0,0,0,0,0
19,4,100,2,8,1,1,1,1,1,1,0,0,0,0,0,0,0,0
21,2,83,2,5,1,0,0,0,1,0,1,1,0,0,0,0,1,0
22,4,81,3,5,1,2,2,0,1,1,0,1,0,0,0,0,0,0
20,3,85,2,7,1,2,2,0,1,1,0,0,0,1,1,0,0,0
23,4,84,0,6,0,0,0,0,1,0,1,0,1,0,0,0,0,0
22,2,71,3,5,2,1,1,0,1,1,1,0,0,1,1,0,0,0
17,4,76,3,7,2,2,2,0,1,0,1,0,0,1,0,0,0,1
19,1,85,0,4,3,2,2,0,1,0,0,0,0,0,0,0,0,1
19,4,75,2,6,3,3,3,0,1,0,0,1,0,0,0,0,1,0
22,3,87,1,3,2,2,2,0,1,1,0,0,0,0,0,1,0,0
17,1,82,1,6,2,2,2,0,1,1,0,0,0,0,0,1,0,0
26,4,89,1,5,1,1,1,0,0,0,1,0,1,0,0,1,0,0
22,4,81,1,7,1,1,1,0,1,1,0,1,0,0,0,0,0,1
21,3,85,2,7,2,2,2,0,1,0,0,0,0,1,0,0,0,0
23,2,67,4,10,0,0,0,1,1,0,1,0,1,0,0,0,0,1
26,3,69,0,5,1,0,0,0,1,0,0,0,0,0,0,0,0,0
22,1,75,2,3,2,2,2,0,1,1,0,0,1,0,0,1,0,0
23,4,84,2,6,3,3,3,0,1,0,1,0,0,0,0,0,0,0
21,4,75,2,3,1,1,1,1,1,0,1,0,0,0,0,1,0,0
20,3,87,3,3,2,2,2,1,0,0,1,0,1,0,0,0,0,1
20,3,85,1,5,3,3,3,0,1,1,0,0,0,1,0,0,0,1
19,5,78,4,9,0,1,1,0,1,0,1,0,0,1,0,0,1,0
19,6,83,4,6,1,1,1,0,1,0,0,0,0,1,0,0,0,0
18,4,78,1,6,2,2,2,0,1,0,1,0,0,0,0,0,1,0
20,2,84,0,2,0,0,0,1,1,1,1,1,0,0,0,0,0,1
17,5,77,2,4,1,1,1,0,1,0,1,0,0,1,0,0,1,0
21,4,85,2,8,0,0,0,1,0,1,0,1,0,0,1,0,0,0
20,4,92,3,5,1,1,1,0,1,0,1,0,0,0,1,0,0,0
21,4,72,1,9,0,1,1,1,1,0,0,0,0,0,0,1,0,0
19,5,76,1,6,1,1,1,0,1,0,1,0,0,0,0,0,0,0
27,1,76,2,5,0,0,0,1,1,0,0,0,0,1,1,0,0,0
24,3,84,2,4,4,3,3,0,1,1,0,0,0,0,0,1,0,0
18,2,88,2,5,1,1,1,0,1,0,1,0,0,1,0,0,1,0
21,4,68,3,2,3,2,2,1,1,1,0,0,0,1,0,0,1,0
19,2,80,2,7,3,3,3,0,1,1,0,0,1,0,1,0,0,0
18,8,82,2,6,3,2,2,0,1,1,0,0,0,0,0,0,1,0
18,4,89,3,5,1,2,2,0,1,0,0,0,0,1,1,0,0,0
22,2,74,1,5,0,0,0,0,1,1,0,0,0,1,0,0,1,0
19,5,87,2,7,2,2,2,0,1,0,0,0,0,1,0,0,0,0
23,3,84,3,9,1,1,1,0,0,1,1,0,1,0,0,0,0,0
23,4,96,4,8,2,2,2,0,1,0,1,0,1,0,0,0,0,1
24,3,99,3,5,3,3,4,0,1,0,1,0,0,1,1,0,0,0
19,1,88,1,4,3,3,3,0,1,1,0,1,0,0,0,0,0,1
22,3,79,1,2,3,3,3,0,0,0,1,0,0,0,1,0,0,0
22,2,85,5,5,1,1,1,1,0,0,1,0,0,0,0,1,0,0
20,0,86,1,4,2,2,2,0,1,1,0,0,1,0,0,0,1,0
19,3,86,2,5,0,0,0,0,0,0,1,1,0,0,1,0,0,0
24,3,85,1,6,2,3,3,0,1,1,1,0,1,0,1,0,0,0
21,2,86,0,6,1,1,1,0,0,1,0,0,0,1,0,1,0,0
22,5,90,1,3,4,3,3,0,1,0,0,1,0,0,0,0,0,1
19,4,99,1,3,4,3,3,0,1,1,1,0,0,0,0,1,0,0
18,4,67,3,4,2,2,2,1,0,1,1,0,0,1,0,0,0,1
19,4,92,0,6,2,2,2,0,1,0,1,0,0,0,0,0,0,0
20,4,83,3,5,2,2,2,0,0,0,0,1,0,0,1,0,0,0
18,4,75,0,10,1,2,2,0,1,0,0,0,1,0,0,0,1,0
21,6,71,3,1,2,2,2,0,1,0,1,0,0,1,0,0,0,0
17,1,84,1,7,0,0,0,0,1,0,0,0,0,1,0,0,0,1
18,4,82,0,7,1,0,0,0,1,1,1,0,0,1,0,0,0,0
22,3,73,5,3,0,1,1,1,0,0,1,0,0,1,0,0,1,0
22,5,81,1,4,2,2,2,0,1,1,1,0,0,1,0,1,0,0
20,4,90,2,8,0,0,0,1,1,0,1,1,0,0,0,1,0,0
18,3,94,2,4,3,3,3,0,1,0,0,0,0,1,0,0,0,1
18,5,83,1,4,3,3,3,0,1,0,0,0,0,0,0,1,0,0
20,4,68,1,5,1,0,0,1,1,0,0,1,0,0,0,0,1,0
22,4,87,1,6,0,0,0,1,1,0,0,0,0,1,0,1,0,0
23,3,91,4,7,1,1,1,1,1,0,0,0,1,0,1,0,0,0
19,4,83,1,7,1,1,1,0,1,0,0,0,1,0,0,0,1,0
18,6,84,1,6,3,3,3,0,1,0,0,0,0,1,0,0,0,1
21,4,78,3,5,3,3,3,0,1,1,1,1,0,0,0,0,0,1
19,4,80,5,5,2,2,2,0,1,0,0,1,0,0,0,0,0,1
19,2,76,2,6,2,2,2,0,1,1,0,0,0,1,0,0,1,0
23,7,73,2,6,2,1,1,0,1,0,0,1,0,0,0,0,0,0
22,2,72,2,4,1,1,1,0,1,1,0,0,1,0,0,0,1,0
21,4,75,2,3,2,2,2,0,1,0,1,0,0,1,0,1,0,0
18,4,74,2,3,2,2,2,0,1,0,0,0,0,0,0,0,0,0
21,4,84,2,6,2,2,2,0,1,1,0,0,0,0,0,0,1,0
23,3,85,2,7,1,1,1,0,1,0,0,0,0,1,0,1,0,0
20,4,78,2,5,2,2,2,0,1,1,1,1,0,0,0,0,0,1
24,2,75,0,3,2,1,1,0,1,0,0,0,0,1,0,1,0,0
23,4,99,1,5,4,3,3,0,1,0,1,0,0,1,0,0,0,0
24,2,78,2,3,1,1,1,0,1,1,0,0,1,0,1,0,0,0
21,3,77,3,4,4,3,3,0,1,0,0,0,0,1,0,0,0,1
22,4,69,1,4,3,3,3,0,0,0,0,0,1,0,1,0,0,0
24,3,86,4,4,3,3,3,0,0,0,0,1,0,0,0,0,0,0
22,5,96,5,3,4,4,4,0,1,1,0,0,1,0,0,0,0,1
19,5,80,2,8,0,0,0,0,1,1,0,0,0,0,0,0,1,0
20,4,79,1,2,4,4,3,0,1,0,0,1,0,0,0,0,1,0
21,3,84,2,4,3,3,3,0,1,0,0,1,0,0,0,0,1,0
18,3,84,1,5,2,2,2,0,1,0,1,1,0,0,0,1,0,0
20,4,62,2,5,0,0,0,1,1,1,0,1,0,0,1,0,0,0
23,2,87,1,6,0,0,0,0,0,0,1,1,0,0,0,1,0,0
17,3,97,3,5,4,4,4,0,0,0,0,0,0,0,0,0,1,0
24,5,82,4,4,1,1,1,1,1,1,0,0,0,1,0,0,0,1
23,4,81,2,7,3,3,3,0,0,1,1,0,1,0,1,0,0,0
20,3,88,0,4,1,1,1,0,1,0,0,0,1,0,0,0,0,0
22,3,87,1,5,2,1,1,0,1,1,1,1,0,0,0,0,0,1
21,4,83,2,5,2,3,3,0,1,0,1,0,1,0,0,1,0,0
23,3,88,0,6,1,1,1,1,1,1,0,0,0,0,0,0,0,0
23,4,88,5,8,2,2,2,0,0,1,1,0,0,1,0,0,0,0
17,4,72,1,6,1,1,1,0,1,0,1,0,0,0,0,0,0,1
22,5,72,3,5,2,2,2,0,1,1,0,0,0,1,1,0,0,0
20,2,71,0,8,0,0,0,0,1,0,1,1,0,0,0,0,1,0
21,4,69,1,5,0,0,0,1,0,0,0,1,0,0,0,1,0,0
19,4,88,0,7,0,0,0,1,0,0,1,0,0,0,0,1,0,0
24,3,88,1,6,2,2,2,0,1,0,0,0,0,0,0,0,1,0
23,3,85,2,4,2,2,2,0,1,1,0,0,1,0,0,1,0,0
19,3,95,1,1,3,3,3,0,0,0,0,0,1,0,0,0,1,0
18,4,64,2,5,0,1,1,0,1,0,1,0,0,0,0,0,0,0
20,3,76,1,6,1,1,1,1,0,1,1,0,0,1,0,0,0,1
22,4,68,4,5,3,2,2,0,0,1,0,0,0,0,0,0,1,0
21,5,91,0,6,2,2,2,0,1,1,0,0,0,0,0,1,0,0
23,4,77,1,4,3,3,3,0,1,1,0,0,1,0,0,0,0,0
22,3,97,0,6,2,3,3,0,1,0,0,0,0,1,0,1,0,0
23,3,81,2,4,3,3,3,0,1,0,1,0,0,0,0,1,0,0
21,5,86,1,4,3,4,4,0,1,0,0,1,0,0,0,0,1,0
17,4,83,1,5,3,2,2,0,0,0,1,0,0,1,1,0,0,0
20,0,78,0,3,2,1,1,0,0,0,0,0,0,0,0,0,1,0
23,2,89,2,7,2,2,2,0,1,1,1,1,0,0,0,1,0,0
20,3,54,2,5,1,1,1,0,1,0,1,0,0,0,1,0,0,0
22,5,79,2,3,2,2,2,1,1,1,0,0,0,1,0,0,0,0
20,4,88,3,4,2,2,2,0,1,1,0,1,0,0,0,0,1,0
18,2,70,5,6,1,2,1,0,1,0,0,0,1,0,0,1,0,0
20,4,76,2,5,1,1,1,0,0,1,0,0,0,1,0,0,1,0
21,7,78,1,6,3,3,3,0,1,1,0,1,0,0,1,0,0,0
19,5,79,1,3,3,3,3,0,1,1,0,0,0,0,0,1,0,0
20,2,77,3,5,1,0,0,0,1,1,0,1,0,0,0,0,0,0
18,5,73,3,5,3,3,3,0,1,0,0,0,1,0,0,0,0,1
23,4,81,2,9,1,1,1,1,1,1,1,0,1,0,0,1,0,0
20,3,88,2,4,1,0,1,1,0,1,0,0,1,0,0,0,0,1
24,4,85,2,6,2,2,2,0,1,1,0,0,0,0,0,0,0,0
24,3,90,3,6,0,0,0,0,1,1,0,0,0,1,0,1,0,0
20,3,80,3,8,1,1,1,1,1,0,0,1,0,0,0,0,0,1
18,2,92,0,7,2,2,2,1,1,1,0,0,0,1,0,0,0,1
17,3,71,3,4,3,3,3,0,1,1,0,1,0,0,0,0,0,0
17,3,92,4,3,2,2,2,0,1,0,0,1,0,0,0,0,0,1
18,5,90,2,3,2,2,2,0,0,1,1,0,1,0,0,0,0,1
24,2,69,2,5,2,2,2,0,1,0,0,1,0,0,0,0,1,0
21,2,85,0,7,2,2,2,1,1,1,0,0,1,0,1,0,0,0
21,4,81,2,7,0,0,0,1,1,0,0,0,0,0,0,0,0,1
17,3,81,2,5,3,3,3,0,0,0,0,1,0,0,0,0,1,0
18,3,82,3,5,3,3,3,0,1,0,0,0,0,1,0,0,0,1
23,2,77,1,8,1,1,1,1,1,0,1,1,0,0,0,1,0,0
21,2,89,0,4,1,1,1,1,1,0,1,0,1,0,1,0,0,0
20,4,82,0,5,3,3,3,0,1,0,0,0,1,0,0,1,0,0
22,1,73,2,7,0,1,1,1,1,0,0,0,0,0,1,0,0,0
24,4,81,0,3,3,2,2,0,0,1,0,0,0,1,0,0,0,0
20,4,78,1,5,1,1,1,0,1,1,0,0,0,0,1,0,0,0
21,6,86,2,6,3,3,3,0,1,1,0,1,0,0,0,0,1,0
21,4,71,1,4,3,3,3,0,1,0,0,0,0,0,0,0,0,1
26,3,98,3,7,2,2,2,0,1,1,0,1,0,0,0,0,0,0
17,4,83,5,10,2,2,2,0,1,0,0,0,1,0,0,1,0,0
22,3,72,3,4,2,2,2,1,1,1,0,0,0,0,0,0,0,1
20,2,80,1,5,3,3,3,0,1,0,0,1,0,0,1,0,0,0
22,4,63,2,5,2,1,1,0,1,0,0,0,1,0,0,0,0,1
19,4,75,2,6,1,2,2,0,1,0,0,0,1,0,1,0,0,0
20,2,85,2,4,1,1,1,0,1,0,0,0,1,0,0,0,0,1
22,3,99,3,4,3,4,4,0,1,0,1,0,0,0,1,0,0,0
27,2,97,1,4,3,3,2,0,1,1,1,1,0,0,0,1,0,0
22,5,83,1,4,4,3,3,0,1,1,1,0,0,0,1,0,0,0
19,3,75,1,4,2,2,2,0,0,0,0,1,0,0,0,0,0,0
20,6,84,0,1,4,3,3,0,1,0,0,0,0,0,0,0,0,1
20,5,87,1,5,1,1,1,0,1,0,1,0,0,0,0,0,0,1
17,2,83,1,5,1,1,1,1,1,1,1,0,1,0,0,0,0,1
20,3,88,2,4,2,2,2,0,1,1,0,1,0,0,0,1,0,0
22,4,85,1,5,3,2,2,0,1,1,1,1,0,0,0,0,1,0
18,4,84,5,5,3,3,3,0,1,0,0,0,0,1,0,0,0,1
23,3,72,2,4,2,2,1,0,1,1,0,1,0,0,1,0,0,0
22,4,81,2,5,3,3,3,0,1,0,0,0,0,1,0,0,0,1
19,3,97,2,4,4,4,3,0,0,0,0,0,0,1,1,0,0,0
20,5,85,1,3,3,3,3,0,1,1,1,1,0,0,0,1,0,0
24,3,91,1,9,2,1,1,1,1,1,0,0,0,0,0,1,0,0
22,4,98,1,4,2,2,2,0,1,1,0,0,0,1,0,0,0,1
21,4,72,2,6,2,1,2,0,1,0,1,0,0,1,0,1,0,0
20,5,100,0,10,1,1,1,1,1,1,0,1,0,0,0,1,0,0
21,3,89,1,4,2,3,3,0,1,1,0,0,1,0,0,1,0,0
19,4,91,2,6,1,1,1,0,1,1,0,0,0,0,0,0,0,0
17,4,76,1,9,0,0,0,1,0,1,1,0,1,0,0,0,1,0
25,3,87,1,2,2,2,2,0,1,1,0,0,0,1,0,0,1,0
21,3,75,2,7,0,1,1,1,1,1,1,0,0,0,1,0,0,0
21,4,68,0,5,1,1,1,0,1,1,0,0,0,0,0,0,0,1
20,4,84,1,4,3,3,3,0,1,0,0,1,0,0,0,0,0,1
19,6,80,3,5,4,4,4,0,1,1,1,0,0,0,1,0,0,0
20,1,91,3,4,2,2,2,1,0,0,0,0,0,1,0,0,0,1
17,5,77,3,8,0,0,0,1,1,0,0,1,0,0,0,0,0,0
26,3,65,1,5,2,2,2,0,1,0,0,1,0,0,0,1,0,0
18,5,80,2,6,3,3,3,0,1,1,0,0,0,1,0,0,0,1
18,4,92,0,5,4,4,4,0,0,1,0,0,1,0,0,0,0,0
20,5,100,2,6,1,1,1,0,1,0,1,0,0,1,0,0,0,0
23,3,92,1,4,2,2,2,0,1,0,0,0,0,0,0,0,1,0
21,4,90,2,2,3,2,2,0,1,1,1,0,1,0,0,0,0,0
18,5,79,5,7,2,2,2,0,1,1,0,1,0,0,1,0,0,0
23,7,100,1,6,4,3,3,0,1,0,1,0,0,0,0,0,1,0
22,3,87,4,6,2,1,1,1,1,1,0,0,0,1,0,0,0,1
22,4,87,4,4,2,2,2,0,1,0,0,0,1,0,0,0,0,0
22,3,87,2,7,3,3,3,0,1,0,0,0,1,0,0,0,0,0
26,3,72,2,6,3,3,3,0,1,1,1,1,0,0,0,0,1,0
25,3,85,2,5,2,3,3,0,1,0,1,0,1,0,0,0,0,0
19,2,70,1,7,2,2,2,1,0,0,0,0,1,0,0,0,0,1
24,4,88,6,4,2,2,2,0,1,0,1,0,0,1,0,1,0,0
21,4,84,1,7,2,2,2,0,1,0,0,0,0,1,0,1,0,0
22,2,76,3,4,1,1,1,0,1,1,1,0,0,1,0,0,1,0
17,2,91,2,5,2,2,2,0,1,0,0,1,0,0,1,0,0,0
20,5,79,3,3,2,2,2,0,1,1,0,0,1,0,1,0,0,0
19,3,79,1,3,1,1,1,1,1,0,1,1,0,0,0,0,1,0
22,6,86,0,4,3,2,2,0,1,0,0,1,0,0,0,1,0,0
23,3,81,3,5,2,2,2,0,1,1,0,1,0,0,0,1,0,0
17,4,83,0,6,2,2,2,0,1,1,0,0,0,1,0,0,0,1
21,3,90,2,4,2,2,2,0,0,0,0,0,1,0,1,0,0,0
23,2,76,2,6,2,2,2,0,0,1,0,1,0,0,0,1,0,0
20,2,75,2,4,0,0,0,1,1,0,0,0,0,1,0,0,0,1
22,4,80,1,5,3,2,2,0,1,1,1,0,0,1,1,0,0,0
21,5,81,0,6,2,2,2,0,0,0,0,1,0,0,0,0,1,0
21,2,87,2,4,1,1,1,0,0,0,1,0,1,0,0,0,0,1
20,4,97,2,8,3,3,3,0,1,1,1,0,0,0,0,1,0,0
18,5,81,0,6,2,2,2,0,1,1,0,0,0,0,0,0,0,0
18,2,82,1,3,2,3,3,0,1,0,0,0,1,0,0,0,0,0
22,3,76,1,5,1,1,1,1,1,0,0,0,0,1,0,0,1,0
21,3,75,0,4,2,2,2,0,0,0,0,0,1,0,0,0,1,0
20,4,87,3,2,2,2,2,0,1,0,1,0,1,0,0,0,1,0
20,5,82,3,7,3,3,3,0,1,0,0,1,0,0,0,1,0,0
20,4,92,0,7,2,2,2,0,1,0,0,1,0,0,0,0,0,0
23,4,91,3,4,2,2,2,0,1,0,1,0,0,1,1,0,0,0
20,1,89,5,6,1,1,1,0,1,0,0,1,0,0,0,0,0,1
18,4,70,0,7,1,2,2,0,1,1,1,0,0,1,0,1,0,0
22,3,87,1,5,2,2,2,0,1,0,0,0,0,1,1,0,0,0
20,6,74,1,7,1,1,1,0,1,0,0,0,1,0,0,0,1,0
21,4,66,1,6,2,2,2,0,1,1,0,0,1,0,0,1,0,0
24,3,83,2,7,1,1,1,1,1,0,1,0,0,0,0,1,0,0
21,6,92,2,3,3,3,3,0,1,1,1,0,0,0,1,0,0,0
21,3,87,1,5,1,1,2,1,1,0,1,1,0,0,0,0,0,0
18,4,74,1,5,2,2,2,0,1,0,0,0,1,0,1,0,0,0
20,2,100,2,3,4,4,3,0,1,1,1,0,0,1,0,0,0,0
22,3,88,2,3,3,3,3,0,1,0,1,0,0,0,0,0,0,1
17,3,75,2,2,1,1,1,0,1,1,0,0,1,0,0,0,0,1
21,3,65,2,5,3,3,3,0,1,0,1,0,0,1,0,0,0,0
21,2,80,0,4,2,2,2,0,1,0,0,0,1,0,0,0,0,1
21,1,66,1,3,2,2,2,0,1,1,0,0,1,0,0,0,0,0
23,4,73,2,7,2,1,1,0,1,0,1,1,0,0,0,0,0,0
21,2,68,3,6,1,0,0,0,1,0,0,0,1,0,1,0,0,0
24,4,76,1,4,2,2,2,0,1,1,1,0,0,1,0,0,1,0
18,6,77,3,5,1,2,2,1,1,1,0,1,0,0,0,0,0,1
21,4,75,0,5,3,3,3,0,1,0,1,0,1,0,1,0,0,0
21,4,100,3,2,4,3,3,0,1,0,1,1,0,0,1,0,0,0
18,1,80,2,6,0,0,0,1,1,0,0,0,0,1,0,1,0,0
23,4,92,2,8,0,1,1,1,1,1,1,0,1,0,0,0,0,1
26,3,86,5,8,3,3,3,0,1,0,0,0,1,0,0,0,0,1
21,4,80,3,5,3,3,3,0,1,0,0,0,0,0,0,0,1,0
22,2,78,3,4,2,3,3,0,1,1,1,0,1,0,0,0,0,1
21,3,92,1,6,2,2,2,0,1,0,0,1,0,0,1,0,0,0
19,5,73,1,6,2,2,2,0,1,1,1,0,1,0,1,0,0,0
17,3,77,0,5,1,1,1,0,1,0,1,1,0,0,0,1,0,0
19,3,76,2,8,3,3,3,1,1,0,0,0,0,1,0,0,0,0
17,5,82,1,4,2,2,2,0,0,0,0,0,1,0,0,0,1,0
24,4,74,2,7,2,2,2,1,1,0,0,0,0,0,0,0,1,0
20,5,89,1,5,1,2,2,0,1,0,1,0,1,0,0,0,0,0
20,3,90,1,5,2,1,1,0,1,1,0,0,1,0,1,0,0,0
23,3,76,2,2,1,1,1,1,1,0,1,1,0,0,0,0,1,0
18,2,86,2,7,1,1,1,0,1,0,1,0,1,0,0,0,0,1
19,2,75,1,7,0,0,0,0,1,0,0,0,0,0,0,0,0,1
21,2,83,2,5,0,0,0,1,1,0,0,0,0,0,0,1,0,0
23,4,91,3,5,1,1,1,1,0,0,1,0,0,0,0,1,0,0
22,6,82,0,6,4,4,4,0,1,0,0,0,0,1,0,0,1,0
21,5,81,0,3,4,3,3,0,1,0,0,1,0,0,0,0,0,0
21,4,100,0,3,4,3,3,0,0,1,0,0,1,0,1,0,0,0
21,2,84,3,5,2,2,3,0,1,0,0,1,0,0,0,0,0,0
21,2,75,3,2,3,3,3,0,1,0,0,0,0,0,1,0,0,0
18,3,74,2,7,2,2,3,1,1,0,0,1,0,0,0,0,0,0
21,4,100,1,5,3,3,3,0,1,0,1,0,0,0,0,0,0,0
18,4,76,1,5,4,3,4,0,1,0,1,0,1,0,1,0,0,0
21,4,76,1,3,3,3,3,0,1,0,0,1,0,0,0,0,0,0
19,3,82,3,6,1,1,1,0,1,0,0,0,1,0,0,1,0,0
26,4,87,1,5,2,2,2,0,1,0,0,0,1,0,0,1,0,0
20,3,72,2,4,1,1,1,1,1,0,0,0,1,0,0,0,0,1
17,2,79,4,8,1,1,1,1,1,0,0,0,1,0,0,1,0,0
20,3,71,1,7,0,0,0,1,1,1,0,0,1,0,0,0,1,0
22,4,80,0,6,1,1,1,0,1,0,0,0,0,1,1,0,0,0
24,3,88,1,5,2,2,2,0,1,1,1,1,0,0,1,0,0,0
19,2,80,0,4,3,3,3,0,1,1,0,0,0,0,0,0,1,0
17,3,97,2,5,2,2,2,0,1,1,0,0,0,1,1,0,0,0
22,3,75,3,4,3,3,3,0,0,0,1,0,0,0,0,0,0,0
18,5,83,0,6,1,2,2,0,1,1,1,0,0,1,0,1,0,0
20,4,92,2,5,2,3,2,0,1,0,0,0,0,1,0,1,0,0
20,0,90,2,5,1,1,1,0,0,1,1,0,0,0,1,0,0,0
20,4,100,2,8,2,2,2,1,0,0,1,0,0,0,1,0,0,0
22,2,84,0,7,1,1,1,1,1,1,0,1,0,0,0,1,0,0
19,2,74,1,4,3,2,2,0,0,1,0,0,1,0,0,1,0,0
20,1,82,2,6,2,3,3,0,1,0,0,0,0,1,0,0,0,1
21,5,75,2,4,3,3,3,0,1,1,0,0,0,1,0,0,0,0
21,5,83,1,6,2,2,3,1,1,1,0,0,0,1,1,0,0,0
21,2,91,2,9,0,0,0,0,1,0,0,0,0,1,0,0,0,1
22,5,87,2,4,3,3,3,0,1,1,0,0,0,0,0,1,0,0
22,6,81,3,6,1,0,0,1,1,1,0,0,0,0,0,0,0,0
21,3,76,0,8,0,0,0,1,0,1,1,0,1,0,0,0,1,0
22,2,84,0,5,3,2,2,0,1,1,1,0,1,0,0,0,0,1
17,3,86,3,6,1,1,1,1,1,1,0,0,0,0,0,0,1,0
21,5,72,1,8,0,0,1,1,1,0,1,0,1,0,0,0,0,1
22,5,73,5,3,4,4,3,1,0,1,0,0,1,0,0,1,0,0
22,3,79,1,3,2,2,2,0,1,1,1,0,1,0,0,0,0,1
19,2,71,2,3,1,1,1,0,1,0,1,0,0,1,0,0,0,1
19,4,67,1,6,0,1,1,1,1,0,0,1,0,0,0,0,0,0
19,3,73,2,3,2,2,2,1,1,1,0,1,0,0,0,0,0,1
22,4,85,0,6,2,2,2,0,0,0,0,0,0,0,0,0,1,0
23,3,82,1,7,1,1,1,1,1,1,0,0,0,0,1,0,0,0
20,4,78,1,4,2,2,2,0,1,0,0,0,0,1,0,1,0,0
23,1,74,0,4,2,2,2,0,1,0,1,0,0,1,0,0,1,0
21,4,85,4,6,3,3,3,0,0,0,0,1,0,0,0,0,0,1
20,5,84,0,5,1,2,2,0,0,1,0,0,0,0,0,0,1,0
20,3,91,1,1,2,2,2,0,1,0,1,0,1,0,0,0,0,0
22,4,61,3,8,0,0,0,1,1,1,1,0,0,0,0,1,0,0
21,1,68,2,6,1,0,0,1,1,0,0,0,0,1,0,0,0,0
26,4,89,4,4,4,4,3,0,1,1,0,0,1,0,1,0,0,0
19,5,85,1,4,2,2,2,0,1,0,0,0,0,0,0,0,1,0
22,6,89,0,6,1,1,1,0,1,0,0,0,0,0,0,0,0,1
19,0,74,2,5,1,0,0,1,1,0,1,0,0,1,0,0,0,0
19,4,78,1,5,3,3,3,1,0,0,0,0,0,0,0,1,0,0
21,1,71,2,5,3,3,3,0,1,0,0,0,1,0,0,0,0,1
21,4,63,0,5,3,3,3,0,0,1,0,0,0,0,0,1,0,0
27,3,83,3,4,3,3,3,0,1,0,1,1,0,0,0,1,0,0
20,4,93,1,5,0,1,1,0,1,0,1,0,0,0,0,1,0,0
18,4,80,3,4,2,2,2,0,1,1,1,1,0,0,0,0,0,1
21,4,76,2,6,1,1,1,0,0,0,0,0,1,0,0,0,0,1
17,3,73,2,6,2,2,2,0,1,1,1,0,0,1,0,0,0,1
20,4,90,1,8,1,1,1,0,1,1,0,0,1,0,0,1,0,0
21,5,82,3,4,3,3,3,0,1,1,0,0,0,1,0,0,0,1
22,4,83,1,7,1,1,1,0,1,0,0,1,0,0,0,1,0,0
23,5,70,0,8,2,2,2,1,1,1,1,0,0,0,0,0,0,1
19,2,74,4,7,0,0,0,0,1,1,1,1,0,0,0,0,1,0
20,4,87,2,4,1,2,2,0,1,0,0,0,1,0,0,0,0,0
19,3,77,3,4,2,2,2,0,1,0,0,0,1,0,0,0,1,0
18,5,76,2,8,0,0,0,1,1,0,0,0,0,0,1,0,0,0
21,4,100,3,5,4,3,3,0,0,1,1,1,0,0,0,0,1,0
18,3,82,2,5,2,3,3,0,1,0,0,0,1,0,0,0,0,0
20,4,80,1,4,3,3,3,0,0,1,0,0,1,0,1,0,0,0
18,3,80,2,6,2,1,1,0,1,0,1,1,0,0,0,0,0,0
22,4,76,5,1,3,4,3,0,1,0,0,0,1,0,0,0,0,1
25,4,81,3,4,1,1,1,0,1,0,0,0,0,1,0,1,0,0
18,4,97,1,3,1,2,2,0,1,0,0,0,1,0,0,0,0,1
17,2,85,1,8,1,1,0,1,0,0,1,0,1,0,0,0,0,0
20,5,69,3,5,0,0,0,1,0,0,0,0,1,0,0,0,0,0
21,5,78,2,5,4,4,3,0,1,0,0,1,0,0,1,0,0,0
21,4,82,1,5,2,2,2,0,1,1,1,0,1,0,1,0,0,0
20,4,69,1,3,3,3,3,0,1,0,1,0,0,0,0,0,1,0
20,4,78,0,7,1,1,1,0,1,1,1,0,1,0,0,1,0,0
21,4,74,0,5,1,1,1,0,1,0,1,0,0,1,0,0,0,1
23,5,78,1,6,1,1,1,0,1,1,1,0,0,1,0,1,0,0
17,1,82,1,4,0,0,0,0,1,0,0,0,1,0,0,0,1,0
20,1,87,6,5,2,2,2,1,1,0,0,0,1,0,0,0,0,0
21,3,72,1,3,2,2,2,0,1,1,0,1,0,0,0,0,0,1
19,4,81,0,5,4,4,3,0,1,0,0,0,0,1,0,0,0,1
24,4,79,1,7,1,2,2,0,1,1,1,0,0,0,0,1,0,0
19,4,80,1,5,2,2,2,0,1,1,0,1,0,0,0,0,0,0
20,3,75,0,6,1,1,1,1,1,0,0,0,1,0,0,1,0,0
22,3,81,1,5,1,1,1,0,1,1,0,0,0,1,0,1,0,0
19,2,85,5,8,2,2,2,0,1,1,0,1,0,0,0,0,0,1
17,2,70,2,4,3,2,2,0,1,0,1,0,0,0,0,0,0,0
20,2,95,0,5,2,2,2,0,1,0,0,1,0,0,0,0,0,0
23,4,89,2,5,0,0,0,0,1,1,1,0,0,0,0,0,0,1
20,2,69,6,3,1,1,1,0,1,1,0,1,0,0,0,0,0,0
19,4,93,3,5,2,2,2,0,1,1,0,1,0,0,0,1,0,0
23,3,94,2,5,2,3,3,0,1,1,0,0,0,1,0,1,0,0
20,5,78,1,5,1,1,1,1,1,1,0,0,0,0,0,0,1,0
19,4,83,1,5,0,0,0,1,1,0,1,0,0,1,0,0,0,0
21,4,67,1,5,2,2,2,0,1,1,0,1,0,0,0,0,0,0
22,3,71,2,2,0,1,1,1,1,0,0,0,0,1,0,1,0,0
26,6,90,3,5,2,3,2,0,1,0,1,0,1,0,0,1,0,0
22,3,67,3,3,1,1,1,1,1,0,0,1,0,0,0,0,0,0
23,2,84,5,5,1,1,1,1,1,1,0,1,0,0,0,0,0,0
19,3,94,5,4,3,3,3,1,1,0,1,0,0,0,0,0,0,0
18,3,68,3,2,2,2,2,0,1,0,1,0,0,1,0,0,0,1
21,2,79,3,6,2,1,1,0,1,1,0,1,0,0,0,0,0,0
21,4,91,5,6,3,3,3,0,1,1,1,0,1,0,0,1,0,0
18,5,85,3,7,0,0,0,1,1,1,1,0,0,1,0,0,1,0
20,2,88,1,4,4,4,3,0,1,0,0,0,1,0,0,1,0,0
21,4,76,2,5,2,2,1,0,1,1,0,0,1,0,1,0,0,0
21,5,74,2,6,1,1,1,1,0,0,0,1,0,0,0,0,0,0
22,4,80,3,7,0,0,0,0,1,0,0,0,0,0,0,0,0,1
21,5,84,6,2,2,2,2,0,0,0,0,0,0,0,1,0,0,0
19,4,86,2,2,1,1,1,1,1,0,0,0,0,0,1,0,0,0
19,3,85,2,8,0,1,1,0,1,1,0,0,0,0,0,0,0,1
18,6,89,0,2,4,4,3,0,1,0,1,1,0,0,0,0,0,1
24,4,82,1,7,0,0,0,0,1,0,0,1,0,0,0,1,0,0
21,6,73,2,7,2,2,2,0,0,0,0,0,1,0,0,0,0,0
20,1,71,1,6,0,0,0,1,1,1,1,1,0,0,1,0,0,0
19,7,88,1,3,1,1,1,0,1,0,1,1,0,0,0,0,0,0
27,5,90,3,3,3,4,4,0,1,0,0,1,0,0,0,1,0,0
18,4,97,3,5,3,3,3,0,1,0,0,0,0,1,0,0,0,0
20,2,100,2,8,2,2,2,0,0,1,1,0,0,0,1,0,0,0
21,4,89,0,8,2,1,1,1,0,1,0,1,0,0,0,0,0,0
22,5,84,4,6,3,2,2,0,1,0,0,0,0,1,0,0,0,0
23,1,78,2,2,4,4,4,0,1,0,1,0,0,0,0,1,0,0
25,4,75,1,5,2,2,2,0,0,0,0,1,0,0,1,0,0,0
22,3,82,0,5,2,2,2,0,1,0,1,1,0,0,0,0,0,1
18,4,81,1,5,2,2,2,1,1,1,0,0,0,0,0,0,1,0
20,2,97,3,2,4,4,3,0,1,1,1,1,0,0,0,0,0,1
21,5,86,2,5,1,1,1,1,1,0,1,0,1,0,0,0,0,1
25,3,80,0,2,2,2,2,0,1,0,0,1,0,0,0,0,1,0
17,4,74,2,1,1,2,2,0,1,0,0,0,0,1,0,0,0,1
23,5,86,3,5,3,3,3,0,1,0,0,0,1,0,0,0,0,1
21,4,83,1,9,2,2,2,1,1,0,1,1,0,0,0,0,0,0
22,2,78,0,4,3,3,3,0,1,1,1,0,0,0,0,1,0,0
20,4,76,4,4,2,2,2,0,1,0,0,0,1,0,0,0,1,0
19,3,86,0,7,1,2,2,0,1,0,0,1,0,0,0,0,0,0
22,4,78,2,7,0,0,0,1,1,1,0,0,0,0,1,0,0,0
22,3,79,3,5,2,1,1,0,1,0,1,0,0,0,0,0,0,1
23,1,78,1,4,3,3,3,0,1,0,0,0,0,1,0,0,1,0
21,4,100,2,7,2,2,2,0,1,0,0,0,1,0,0,1,0,0
19,3,83,1,3,3,3,3,0,1,0,1,0,0,0,0,0,0,1
17,4,75,2,4,3,4,3,0,1,1,0,0,0,1,0,0,0,1
22,3,61,1,6,1,1,1,0,1,1,0,1,0,0,0,0,1,0
21,3,68,2,2,2,2,2,0,1,1,1,0,1,0,0,0,0,1
18,6,79,2,6,1,2,2,1,1,1,0,1,0,0,0,1,0,0
19,3,95,1,7,2,3,3,0,1,1,0,0,0,1,0,0,0,0
20,4,100,2,8,3,4,3,0,0,0,0,0,1,0,1,0,0,0
17,6,80,1,4,3,3,3,0,1,0,0,0,0,0,0,0,1,0
19,2,84,4,4,3,3,3,0,1,0,0,0,1,0,0,0,0,0
18,5,80,2,6,2,2,2,0,1,0,1,0,0,0,0,1,0,0
20,3,85,0,4,2,2,2,0,1,1,0,0,0,1,0,0,0,0
19,3,80,2,4,4,4,4,0,1,0,1,0,1,0,0,0,0,1
17,4,77,1,6,3,2,2,0,1,1,1,0,1,0,0,0,0,1
25,5,76,1,6,2,2,2,0,1,1,1,1,0,0,0,0,0,1
23,2,87,1,2,4,3,3,0,1,1,0,1,0,0,0,0,0,1
19,4,92,2,3,3,3,3,0,1,0,0,0,1,0,0,0,0,0
21,3,78,0,2,0,0,0,0,0,1,0,0,0,0,1,0,0,0
21,4,87,0,2,4,4,4,0,1,1,0,0,0,1,0,0,0,1
23,5,83,3,3,2,2,2,0,1,0,0,0,0,0,1,0,0,0
19,4,78,3,5,2,2,2,0,0,0,1,0,0,1,0,0,1,0
23,4,87,1,5,3,3,3,0,1,1,0,0,0,1,0,1,0,0
19,2,92,0,1,2,2,3,0,1,1,1,1,0,0,0,0,0,1
18,3,75,2,3,0,0,0,0,1,0,0,1,0,0,0,0,0,1
22,4,79,1,5,3,4,4,0,1,1,1,0,0,0,1,0,0,0
23,4,93,2,5,0,0,0,1,1,0,0,0,1,0,0,0,0,0
26,5,81,0,4,4,3,3,0,1,1,0,1,0,0,1,0,0,0
18,4,60,1,5,2,2,1,0,1,0,0,0,1,0,1,0,0,0
22,4,83,0,5,3,3,3,0,1,0,1,1,0,0,0,1,0,0
20,2,82,4,4,0,1,1,0,1,0,0,0,1,0,0,0,1,0
22,5,90,3,5,3,4,3,0,1,1,0,1,0,0,0,0,1,0
17,5,81,0,4,3,3,3,0,1,1,1,0,0,1,0,0,0,1
18,3,81,3,7,3,3,3,0,1,0,1,0,0,1,0,0,1,0
19,4,81,0,4,3,3,3,0,0,0,1,0,1,0,0,0,1,0
21,5,83,1,6,2,2,2,0,1,0,0,0,1,0,0,1,0,0
19,2,94,4,6,1,1,1,1,1,0,1,0,1,0,1,0,0,0
22,4,87,1,4,3,2,2,0,1,0,1,1,0,0,0,0,0,0
23,3,73,0,2,1,0,0,0,1,0,1,0,0,0,0,0,0,0
22,4,84,2,4,4,4,4,0,1,0,0,1,0,0,0,0,0,0
24,3,84,1,6,1,1,1,0,0,0,1,0,0,0,0,0,0,0
21,4,85,1,2,4,3,3,0,0,0,0,0,1,0,0,0,1,0
18,5,70,0,6,1,1,1,0,1,0,1,0,0,1,0,1,0,0
24,2,83,2,7,0,0,0,1,1,0,1,0,0,1,0,0,1,0
19,1,77,1,8,0,0,0,1,1,0,0,0,0,1,0,1,0,0
23,3,70,4,6,1,1,1,1,1,0,0,1,0,0,1,0,0,0
24,5,91,1,6,1,2,2,1,1,0,0,1,0,0,1,0,0,0
22,2,79,3,5,1,1,1,0,0,0,1,0,0,0,0,0,0,0
17,3,79,7,3,3,3,3,0,1,1,1,0,1,0,1,0,0,0
19,5,89,4,3,3,3,3,0,1,1,0,0,0,0,0,1,0,0
23,5,90,1,2,4,3,3,0,1,1,1,0,0,0,0,0,0,0
20,4,80,1,5,3,4,3,0,1,0,0,0,1,0,0,0,1,0
21,4,82,2,6,0,0,0,1,1,0,0,1,0,0,0,1,0,0
22,5,73,0,5,1,1,1,1,0,0,0,1,0,0,0,1,0,0
22,3,74,2,6,2,2,2,1,0,0,0,0,0,0,0,0,1,0
21,4,92,3,6,2,2,2,0,1,1,1,0,1,0,0,0,0,0
20,2,82,1,3,2,2,2,0,1,0,0,0,1,0,0,0,0,1
20,6,89,3,5,3,3,3,0,1,1,0,1,0,0,0,1,0,0
22,5,80,2,5,2,2,2,0,1,1,0,0,0,1,0,0,0,1
22,4,85,2,4,0,0,0,0,1,0,0,0,0,1,0,1,0,0
20,3,68,1,1,2,3,2,0,1,1,0,0,0,1,0,0,0,1
23,4,88,2,3,3,3,3,0,0,1,0,0,1,0,0,0,0,0
20,3,81,1,4,1,1,1,0,1,1,0,0,0,0,0,0,0,1
19,3,78,0,5,2,2,2,0,1,0,0,0,0,0,1,0,0,0
19,4,87,3,5,3,2,2,0,1,0,0,1,0,0,1,0,0,0
18,4,89,3,5,0,1,1,1,0,1,0,0,0,1,1,0,0,0
20,5,78,3,7,1,0,0,0,1,1,1,0,0,1,0,1,0,0
23,2,72,1,5,2,2,2,1,0,1,0,0,0,0,1,0,0,0
19,4,95,4,5,3,4,3,0,1,1,0,0,0,1,0,0,1,0
21,2,80,1,7,2,2,2,1,1,0,0,0,0,1,0,0,0,1
19,3,66,2,7,0,0,0,1,0,0,1,1,0,0,0,0,0,1
20,4,78,3,6,1,1,1,0,1,0,0,0,0,1,1,0,0,0
17,5,85,2,8,0,0,0,1,1,0,0,0,0,0,0,0,0,1
20,3,81,2,3,2,2,2,0,1,0,1,0,0,1,0,0,0,0
20,2,81,3,5,1,0,0,0,1,0,0,1,0,0,0,0,0,0
22,5,79,3,10,2,2,2,0,0,0,0,0,0,1,1,0,0,0
21,6,78,2,6,1,1,1,0,1,0,0,1,0,0,0,0,0,1
18,2,71,3,5,2,1,1,1,1,0,1,0,1,0,1,0,0,0
23,0,71,0,5,1,0,0,0,0,1,1,1,0,0,0,1,0,0
21,4,69,1,5,3,3,3,0,1,0,1,0,1,0,0,0,0,1
21,3,91,0,8,1,0,0,0,1,0,0,0,0,1,0,0,1,0
21,2,79,0,6,2,2,3,0,1,0,0,0,1,0,0,0,1,0
19,4,93,2,5,2,2,2,0,1,0,0,0,0,1,0,0,0,1
21,6,90,0,2,2,2,2,0,1,0,1,0,0,1,0,0,0,1
22,4,80,1,4,0,0,0,0,1,1,0,0,0,0,0,0,1,0
17,5,87,2,5,2,2,2,0,1,1,0,0,0,0,0,0,0,0
19,4,85,1,5,3,2,2,0,0,0,0,0,0,0,0,0,1,0
20,4,78,1,7,1,0,0,0,1,0,0,0,1,0,0,0,0,0
21,6,64,4,5,1,1,1,1,1,1,0,0,0,0,0,0,0,0
23,2,83,3,7,2,2,2,0,1,0,1,1,0,0,1,0,0,0
19,4,87,2,2,4,4,4,0,1,1,0,0,0,1,0,0,0,0
19,3,77,1,4,0,0,0,0,1,0,0,1,0,0,1,0,0,0
19,3,98,1,6,3,3,3,0,1,1,0,0,0,1,0,0,1,0
19,2,90,2,9,3,3,3,0,1,0,0,0,0,1,0,1,0,0
20,4,70,1,5,1,1,1,0,1,0,0,1,0,0,0,0,0,1
22,4,80,1,7,1,1,1,1,0,0,0,0,1,0,0,1,0,0
18,3,75,3,7,1,1,1,1,1,0,1,0,1,0,0,0,1,0
21,5,79,0,7,1,1,1,1,1,0,0,0,1,0,0,0,0,0
17,4,87,2,6,2,2,2,0,1,0,0,0,0,1,0,0,1,0
19,1,80,1,4,0,0,0,1,1,0,0,1,0,0,0,1,0,0
20,4,77,1,8,1,1,1,0,1,0,0,1,0,0,0,1,0,0
24,2,82,1,3,1,1,1,0,1,0,0,0,0,1,1,0,0,0
20,5,88,2,3,3,3,3,0,1,0,0,0,0,1,0,0,1,0
17,6,88,0,8,1,2,2,0,1,1,0,1,0,0,0,0,1,0
17,5,86,1,6,1,2,2,0,1,1,0,1,0,0,1,0,0,0
21,4,93,1,3,4,3,3,0,1,0,0,0,0,0,1,0,0,0
22,4,81,2,2,3,3,3,0,1,1,0,0,0,0,0,1,0,0
21,3,79,2,2,2,2,2,0,1,0,0,0,0,1,0,1,0,0
21,4,80,2,9,0,0,0,1,1,1,0,0,0,1,0,0,1,0
23,2,75,3,5,4,3,3,0,1,0,0,1,0,0,0,0,0,0
19,6,75,2,4,2,2,2,0,1,1,0,0,1,0,0,0,1,0
23,2,87,1,8,3,3,3,1,1,0,0,1,0,0,0,0,0,1
17,1,88,3,6,0,1,1,0,1,0,0,1,0,0,0,1,0,0
19,3,60,2,4,1,1,1,1,1,0,0,0,0,0,0,0,0,1
17,4,89,1,7,4,4,3,0,1,0,0,0,0,1,0,0,0,1
20,4,63,4,5,3,3,3,0,1,0,0,1,0,0,1,0,0,0
20,3,76,4,6,0,0,0,1,1,0,1,0,0,1,0,0,0,0
21,4,79,1,5,2,2,2,0,0,0,0,1,0,0,0,1,0,0
21,4,71,5,3,2,2,2,0,0,1,1,0,1,0,1,0,0,0
19,2,80,1,3,1,1,1,0,1,0,0,0,0,0,0,0,1,0
20,2,97,3,5,2,2,2,0,1,1,0,0,1,0,0,0,0,0
17,1,69,3,5,3,2,2,0,1,0,0,0,0,0,0,1,0,0
24,5,86,0,6,2,2,2,0,1,0,0,0,0,0,1,0,0,0
20,2,89,1,4,1,1,1,1,1,0,1,1,0,0,0,0,0,0
19,1,86,1,7,1,0,0,0,1,1,0,0,0,0,0,1,0,0
24,3,94,2,3,2,2,2,0,1,0,0,1,0,0,0,1,0,0
18,5,89,3,6,2,2,2,1,1,0,0,1,0,0,0,0,0,0
18,4,87,2,3,2,2,2,0,1,1,1,1,0,0,0,1,0,0
18,4,90,5,5,2,3,3,0,0,0,1,0,1,0,0,0,1,0
20,6,89,0,3,2,2,1,0,1,0,0,1,0,0,0,0,0,1
21,5,79,0,4,4,3,3,0,1,0,1,0,0,0,1,0,0,0
22,0,87,1,3,1,0,1,0,1,0,1,0,0,1,0,1,0,0
26,3,79,1,3,0,0,0,0,1,1,0,1,0,0,0,1,0,0
17,4,71,2,7,0,0,1,1,1,0,0,0,0,1,1,0,0,0
22,4,96,5,3,3,4,4,0,1,0,1,0,0,1,1,0,0,0
19,4,77,2,6,1,1,1,0,1,0,1,0,0,1,0,0,0,1
19,7,90,4,7,3,3,3,0,1,0,0,0,0,1,0,0,1,0
19,4,86,1,5,1,1,1,0,1,0,1,0,0,0,0,0,1,0
19,1,74,2,5,1,1,1,0,1,0,0,1,0,0,0,0,0,1
24,0,75,2,3,0,0,0,0,1,0,0,1,0,0,0,0,0,1
22,5,85,1,2,3,2,2,1,1,1,0,0,0,1,0,0,1,0
21,3,85,3,3,2,2,2,0,1,1,1,0,1,0,0,0,0,1
24,2,79,5,3,3,3,3,0,1,0,1,0,0,1,1,0,0,0
17,3,69,0,6,1,1,1,0,1,0,0,0,1,0,0,0,0,0
18,3,88,1,3,4,4,4,0,1,0,0,0,1,0,0,0,0,1
17,3,58,0,5,1,1,1,1,1,1,0,0,0,1,0,0,0,0
19,1,84,0,5,0,0,0,1,1,1,0,0,1,0,0,0,0,0
21,4,91,2,5,3,2,2,0,0,0,0,0,1,0,0,0,0,1
21,4,67,3,5,2,2,2,0,1,0,1,0,0,1,0,0,1,0
21,4,83,1,7,1,1,1,1,1,1,0,0,0,1,0,0,1,0
17,3,78,0,6,2,3,3,0,1,1,0,0,1,0,1,0,0,0
22,4,83,3,6,1,1,1,1,1,0,1,0,0,0,1,0,0,0
21,4,89,2,4,3,3,3,0,1,1,0,0,1,0,0,1,0,0
22,1,71,1,6,2,2,2,0,1,1,1,0,1,0,0,0,0,0
17,2,80,1,6,1,1,1,0,1,1,0,0,0,1,0,0,0,1
21,4,80,1,5,3,3,3,0,1,0,0,0,0,0,0,0,0,0
18,3,66,4,4,0,0,0,1,1,0,0,0,0,0,0,0,0,0
20,5,86,1,5,2,2,2,0,1,0,1,0,0,0,0,0,0,1
22,2,95,2,9,1,1,1,0,1,0,0,1,0,0,0,0,0,1
21,4,87,2,5,2,2,2,0,1,0,1,0,0,0,0,0,0,1
19,6,83,1,8,2,1,1,0,1,1,1,0,0,0,0,0,1,0
21,3,89,3,2,2,3,3,0,1,0,1,0,0,0,1,0,0,0
17,2,77,0,5,1,1,1,0,1,0,1,0,0,0,0,0,0,0
23,3,74,4,7,2,2,2,0,1,1,1,0,0,0,0,0,0,0
20,5,86,2,6,3,3,3,0,1,0,0,1,0,0,0,1,0,0
23,3,83,2,6,2,2,2,0,1,1,0,0,0,1,0,1,0,0
19,4,84,2,4,3,3,3,0,1,0,0,0,0,0,0,1,0,0
19,4,75,3,7,0,0,0,1,1,0,0,0,1,0,0,0,1,0
19,4,70,2,2,2,1,1,0,1,0,1,0,0,1,0,1,0,0
22,4,73,3,5,1,0,0,1,1,0,1,0,0,0,0,1,0,0
19,4,75,2,5,1,1,1,0,1,0,0,0,1,0,1,0,0,0
22,5,65,3,4,1,1,1,0,1,0,0,0,1,0,0,0,1,0
20,4,85,0,5,3,4,3,0,1,0,0,1,0,0,0,0,1,0
17,5,71,0,2,2,1,1,0,1,1,0,1,0,0,0,0,0,1
19,3,71,2,3,3,2,2,0,1,1,1,0,1,0,0,0,0,1
18,3,79,3,7,1,1,1,1,1,1,0,0,1,0,0,1,0,0
21,7,74,0,5,3,3,3,0,1,1,0,1,0,0,1,0,0,0
18,4,54,1,5,4,4,4,0,1,1,0,0,1,0,0,0,1,0
23,5,70,4,7,1,1,1,1,1,0,1,0,0,0,1,0,0,0
20,2,86,2,8,0,0,0,0,1,0,1,1,0,0,0,1,0,0
20,4,79,2,8,2,2,2,0,1,0,0,0,0,0,1,0,0,0
22,3,69,0,2,3,3,3,0,1,1,0,0,1,0,0,0,0,0
23,6,93,0,8,1,1,1,0,1,0,0,0,0,1,0,1,0,0
21,3,76,1,3,4,3,3,0,1,0,1,0,1,0,0,1,0,0
19,3,86,1,6,1,2,2,0,1,1,0,0,1,0,0,0,1,0
17,4,81,5,6,2,3,3,0,1,0,0,0,0,0,1,0,0,0
19,2,82,1,8,0,0,0,1,1,1,1,0,1,0,1,0,0,0
19,4,82,4,6,1,1,1,1,1,0,0,0,1,0,0,0,0,0
21,3,71,0,6,1,1,1,0,1,1,0,0,0,0,0,0,0,1
20,4,100,2,4,3,4,4,0,1,0,1,1,0,0,0,0,1,0
22,3,75,3,2,1,0,0,0,1,0,1,1,0,0,0,0,1,0
19,6,88,1,3,1,1,1,0,1,0,0,0,0,1,0,0,0,0
20,4,75,1,8,2,2,2,1,1,0,0,0,1,0,1,0,0,0
23,2,73,1,5,1,1,1,1,1,0,1,0,1,0,0,0,0,1
21,2,93,4,8,0,1,1,0,1,1,0,0,0,0,0,0,0,1
20,3,94,1,4,1,1,1,0,0,1,0,1,0,0,0,0,1,0
19,4,85,1,5,2,1,1,1,1,1,0,0,0,1,0,0,0,1
19,5,88,0,5,2,2,2,1,0,1,0,0,0,1,0,0,0,0
19,3,72,2,7,1,1,1,0,1,0,1,0,1,0,0,0,0,0
19,3,87,3,5,4,4,4,0,1,0,0,0,0,0,0,0,0,0
22,4,87,2,5,1,2,2,0,1,1,1,0,0,1,1,0,0,0
20,7,85,1,7,1,0,0,0,1,0,0,0,0,0,0,0,0,1
18,3,95,0,1,2,2,2,0,1,1,1,0,0,0,0,0,1,0
24,6,63,2,5,3,2,2,0,1,1,0,0,0,0,0,0,0,0
21,3,80,1,2,2,2,2,0,1,0,0,0,0,0,0,0,1,0
17,5,93,2,5,3,4,3,0,1,1,0,1,0,0,1,0,0,0
20,2,73,2,4,2,2,2,0,1,1,0,0,0,0,0,0,1,0
21,5,87,0,6,0,0,0,0,1,0,0,0,0,0,0,0,0,1
24,3,78,0,6,4,4,4,0,1,0,1,0,0,0,0,0,0,0
18,5,82,2,5,2,2,2,0,1,0,1,0,0,1,0,1,0,0
23,5,73,0,3,4,4,4,0,1,1,0,1,0,0,0,0,1,0
24,4,100,0,5,1,2,2,0,1,1,0,0,0,0,0,0,0,1
19,4,72,4,7,1,1,1,0,1,0,0,0,0,1,0,0,0,0
20,3,81,3,3,2,2,2,0,1,0,0,1,0,0,0,1,0,0
18,4,79,1,2,0,1,1,0,1,0,1,0,0,1,0,0,0,0
20,4,90,1,5,1,1,1,0,1,0,1,0,0,1,1,0,0,0
20,7,82,3,2,3,3,3,0,1,0,1,0,1,0,0,0,1,0
22,4,69,2,5,2,2,2,1,0,0,1,0,1,0,0,0,0,1
23,4,76,0,3,4,4,4,0,1,0,0,1,0,0,0,0,1,0
19,4,64,1,4,1,2,2,1,1,0,0,0,1,0,0,0,0,0
17,3,82,1,6,0,0,0,0,0,0,0,0,1,0,0,0,0,1
21,3,96,1,1,3,3,3,0,1,1,1,0,0,0,0,1,0,0
21,4,80,2,7,1,1,1,0,1,0,1,0,1,0,0,0,0,0
21,3,84,2,8,3,3,3,1,1,1,0,0,1,0,0,0,0,1
20,2,90,3,8,1,1,1,1,1,0,0,0,1,0,0,0,0,0
21,3,76,3,8,1,2,2,1,1,1,1,0,1,0,1,0,0,0
24,4,90,1,9,1,1,1,1,1,0,0,1,0,0,0,1,0,0
21,3,97,2,5,1,1,1,1,0,1,1,0,0,1,0,0,0,1
20,5,67,1,7,2,2,2,0,1,0,1,0,0,1,1,0,0,0
19,4,91,0,5,1,1,1,0,1,1,0,1,0,0,0,1,0,0
20,6,70,5,6,3,3,3,0,1,0,1,0,0,0,0,0,0,0
24,7,75,0,5,3,3,3,0,1,1,0,0,0,1,1,0,0,0
20,3,91,2,2,2,2,2,0,1,0,0,0,1,0,0,0,0,1
21,2,84,1,2,3,3,3,0,1,1,0,1,0,0,0,0,0,0
19,2,78,4,8,0,0,0,1,1,0,0,0,0,0,0,1,0,0
23,3,99,3,5,1,1,1,0,0,0,0,0,1,0,0,1,0,0
25,5,79,1,8,1,1,1,0,1,0,0,1,0,0,1,0,0,0
22,4,90,1,5,3,3,3,0,1,1,0,0,0,0,0,0,1,0
21,4,79,2,3,1,1,1,1,1,0,1,0,0,1,1,0,0,0
21,3,85,2,5,1,1,1,1,1,0,1,0,1,0,1,0,0,0
17,3,85,2,6,1,1,1,0,1,0,1,0,0,1,1,0,0,0
22,4,82,3,8,1,1,1,1,1,1,1,0,0,0,0,1,0,0
21,5,70,2,5,2,2,2,0,0,1,1,0,1,0,0,1,0,0
21,5,84,2,6,1,2,2,1,0,0,0,0,0,0,1,0,0,0
19,1,77,2,5,3,2,2,0,1,1,0,0,0,1,0,0,0,1
20,4,78,2,8,1,1,1,1,0,0,0,1,0,0,0,0,0,1
20,4,86,1,8,3,3,4,0,1,0,1,1,0,0,0,1,0,0
23,3,86,3,4,3,3,3,0,1,1,1,0,0,0,1,0,0,0
20,3,76,3,6,4,3,3,0,1,0,0,1,0,0,0,0,0,0
25,4,83,1,3,2,2,2,0,1,0,0,0,1,0,0,0,0,0
21,4,82,2,7,2,1,1,0,0,1,0,0,0,0,0,0,0,1
18,3,75,2,4,1,1,1,1,1,1,0,0,0,1,0,0,0,0
20,6,75,0,4,3,3,3,0,1,0,0,0,1,0,0,0,0,1
19,4,75,3,1,3,3,3,0,1,1,0,0,0,1,0,0,0,1
17,3,81,2,7,0,0,0,1,1,0,0,0,0,1,0,1,0,0
24,4,79,2,5,2,2,2,0,1,0,1,0,0,0,0,1,0,0
22,4,83,3,6,0,0,0,1,1,0,0,0,1,0,0,0,1,0
22,4,75,2,7,2,2,2,0,0,0,0,0,1,0,1,0,0,0
21,5,80,1,4,4,3,3,0,1,0,1,0,1,0,0,0,1,0
18,3,81,0,3,3,3,3,0,1,0,0,0,0,0,1,0,0,0
19,4,84,2,6,2,2,3,0,1,1,0,0,0,1,0,0,0,0
22,2,93,2,7,2,2,2,0,1,1,1,0,0,0,0,0,0,1
18,5,90,1,6,1,2,2,0,1,1,0,0,0,0,0,0,1,0
17,4,81,0,8,1,1,1,1,1,0,0,0,0,1,1,0,0,0
20,2,69,2,6,0,1,1,1,1,0,0,0,0,0,0,0,1,0
20,3,77,0,6,0,0,0,0,1,0,0,1,0,0,1,0,0,0
21,4,89,2,7,0,1,0,1,1,0,1,0,1,0,1,0,0,0
22,5,81,4,5,3,3,3,0,0,0,0,1,0,0,0,0,0,1
22,5,71,1,3,2,2,2,0,1,1,0,1,0,0,0,0,0,0
21,5,80,4,5,1,2,2,0,1,0,0,0,1,0,0,0,1,0
23,4,78,2,6,3,2,2,0,0,0,1,1,0,0,1,0,0,0
17,4,92,0,4,4,4,4,0,1,0,0,0,1,0,1,0,0,0
22,3,77,0,3,2,1,1,0,0,0,0,0,0,0,1,0,0,0
22,2,85,0,4,2,2,2,1,0,0,0,0,0,0,0,0,0,0
18,3,87,3,7,1,1,1,1,1,0,1,0,1,0,0,0,1,0
17,4,72,1,6,2,2,2,0,1,0,1,0,0,0,1,0,0,0
19,3,76,3,5,2,2,2,0,1,0,0,0,1,0,0,0,0,0
19,3,78,2,3,0,0,0,0,0,0,1,1,0,0,1,0,0,0
22,4,83,3,6,2,2,2,0,1,0,0,0,0,0,0,0,0,0
19,5,77,1,5,2,1,1,0,1,0,0,0,0,1,0,0,0,0
19,4,71,3,6,2,2,2,0,1,1,1,0,1,0,0,0,1,0
19,3,73,1,10,0,0,0,1,1,1,0,0,1,0,0,0,1,0
23,2,89,0,6,2,3,3,0,1,1,0,0,0,0,0,0,1,0
21,4,83,0,5,3,3,3,0,1,1,1,0,0,0,0,0,0,1
20,1,84,0,3,2,2,2,0,1,0,1,0,0,0,0,0,0,1
20,5,90,1,4,4,3,3,0,1,0,0,0,1,0,0,1,0,0
23,4,84,3,4,2,1,1,0,1,0,1,0,1,0,0,0,1,0
19,6,87,3,7,2,2,2,0,1,1,0,1,0,0,0,0,0,1
23,5,87,2,4,2,1,1,0,1,1,1,0,0,0,1,0,0,0
21,4,87,1,3,1,1,1,0,1,0,0,0,0,1,0,1,0,0
20,3,84,1,6,1,1,1,1,1,0,1,1,0,0,0,1,0,0
26,3,83,1,4,4,4,3,0,1,0,1,0,0,1,0,0,0,0
18,6,78,0,6,1,1,1,1,1,0,1,0,1,0,1,0,0,0
20,4,86,1,5,2,2,2,0,1,0,1,0,0,1,0,0,0,0
18,2,84,3,4,1,1,1,0,0,0,0,0,1,0,0,0,0,1
23,3,74,4,4,0,0,0,0,1,0,0,0,0,0,1,0,0,0
24,5,91,2,6,4,3,3,0,1,1,0,0,0,1,0,0,0,1
24,5,89,0,5,2,2,2,0,1,1,0,1,0,0,1,0,0,0
23,4,83,4,3,2,2,2,1,1,1,1,1,0,0,1,0,0,0
20,5,91,1,3,2,2,2,0,1,1,0,0,0,1,0,0,0,1
20,2,87,2,4,4,3,3,0,1,1,0,0,0,1,0,1,0,0
17,3,78,1,3,2,2,2,0,1,0,0,0,0,1,0,0,0,0
25,3,67,2,4,4,4,4,0,1,0,0,0,0,0,0,1,0,0
22,4,52,2,5,1,1,1,0,1,0,1,0,1,0,1,0,0,0
19,4,92,5,3,4,4,4,0,1,0,1,0,0,1,0,0,0,0
23,5,81,0,7,1,1,1,0,1,0,1,1,0,0,0,1,0,0
18,4,79,0,8,0,0,0,0,1,0,0,0,1,0,0,0,0,1
21,2,76,3,7,0,0,0,1,1,0,1,1,0,0,1,0,0,0
20,6,82,3,6,2,2,2,0,1,0,0,0,0,1,0,1,0,0
22,4,89,2,6,1,1,1,0,1,0,1,0,0,0,0,1,0,0
20,1,75,3,5,1,1,1,1,1,0,0,0,1,0,0,0,0,0
17,2,82,4,6,0,1,1,1,1,0,0,1,0,0,0,0,0,1
21,3,100,2,4,0,0,0,0,1,0,0,1,0,0,0,0,0,1
23,6,96,1,5,2,2,2,0,1,0,1,0,0,0,0,0,1,0
20,2,64,0,5,2,2,2,1,1,0,1,0,0,0,0,0,0,1
22,4,67,3,5,2,2,2,1,0,0,0,0,0,1,0,0,0,1
18,5,96,3,2,3,3,3,0,0,0,0,0,0,1,0,0,0,0
20,5,89,4,5,4,3,3,0,1,0,1,0,0,0,0,1,0,0
19,3,82,1,7,2,3,3,0,1,0,0,0,1,0,0,0,0,0
22,4,86,1,4,3,4,3,0,1,0,1,0,0,1,1,0,0,0
21,3,79,1,5,1,1,1,0,1,0,0,1,0,0,0,0,1,0
22,4,76,1,2,4,3,3,0,1,0,0,0,0,1,1,0,0,0
23,3,87,5,5,1,1,1,1,1,1,0,0,1,0,0,0,0,1
22,4,81,5,2,4,3,3,0,1,0,0,0,0,1,0,1,0,0
21,4,88,5,4,1,1,1,1,1,0,1,0,0,1,0,0,0,0
18,3,77,5,5,4,4,4,0,1,0,0,0,0,1,0,1,0,0
21,5,87,4,4,4,4,3,0,0,1,0,1,0,0,1,0,0,0
19,4,84,1,5,2,2,2,0,1,1,0,0,1,0,0,1,0,0
20,4,71,2,5,2,2,2,0,0,0,0,0,1,0,0,1,0,0
20,4,93,1,5,1,1,1,0,1,1,1,0,1,0,0,1,0,0
18,3,70,2,5,1,1,1,0,1,1,1,0,0,1,0,0,0,1
17,5,92,0,2,4,3,3,0,0,0,0,0,1,0,0,0,1,0
19,4,85,2,5,4,4,3,0,0,0,0,0,1,0,1,0,0,0
21,4,87,4,1,3,4,3,0,1,0,0,1,0,0,0,0,1,0
18,3,78,2,4,1,1,0,1,1,0,1,0,0,1,0,0,0,0
21,3,79,3,8,0,0,0,1,1,0,1,0,0,1,0,0,1,0
25,4,82,2,7,0,0,0,0,1,0,0,1,0,0,0,0,0,1
23,2,71,2,2,1,1,1,1,1,0,0,0,0,1,0,0,0,1
24,4,86,3,4,1,2,2,0,1,1,0,0,0,1,0,0,1,0
21,4,79,3,5,2,2,2,0,1,1,0,1,0,0,1,0,0,0
23,2,65,1,6,1,1,1,1,1,0,0,0,0,0,0,1,0,0
19,5,97,2,7,3,3,3,0,1,0,1,0,0,0,0,0,0,0
19,5,84,2,8,0,0,0,1,0,0,0,0,0,0,0,0,0,1
17,5,84,1,3,1,1,1,1,1,1,1,0,1,0,0,0,0,1
23,3,76,0,5,3,3,3,0,1,0,0,0,0,1,0,0,0,1
24,4,69,1,5,4,4,4,0,1,1,0,1,0,0,0,0,0,1
19,3,87,3,6,2,2,2,0,1,1,0,0,0,1,0,0,1,0
20,4,70,2,6,4,4,4,0,1,0,0,0,0,0,0,1,0,0
19,3,86,2,5,2,3,3,0,1,0,1,0,0,1,0,0,0,0
21,4,73,0,6,0,0,0,1,1,1,1,0,0,1,0,1,0,0
23,4,71,3,3,1,1,1,1,1,1,0,0,0,1,0,0,0,1
17,2,75,2,3,1,0,0,1,1,1,0,1,0,0,1,0,0,0
21,3,98,1,3,4,4,4,0,1,0,1,1,0,0,0,0,0,1
20,5,88,1,6,3,4,4,0,1,0,0,0,0,0,0,0,1,0
21,8,81,1,7,1,1,1,1,1,1,1,0,0,0,0,1,0,0
22,1,95,2,4,2,1,1,0,1,0,0,0,0,1,0,0,1,0
20,3,74,1,4,0,0,0,1,1,1,0,1,0,0,0,0,1,0
20,3,73,0,5,3,3,3,0,1,1,1,1,0,0,1,0,0,0
20,2,74,1,10,1,1,1,0,1,1,1,0,0,0,0,1,0,0
23,6,97,1,4,3,3,3,0,1,1,0,0,1,0,0,0,1,0
21,3,88,4,7,2,2,2,0,1,1,0,0,0,1,0,0,0,0
21,3,75,3,5,2,2,2,1,1,1,0,0,0,1,0,0,0,1
18,4,76,1,4,2,2,2,0,1,0,1,1,0,0,0,0,0,1
20,3,84,1,3,4,3,3,0,1,1,0,0,0,1,0,0,1,0
23,4,72,2,5,2,1,1,1,0,1,0,0,0,0,0,0,0,0
21,3,80,1,7,3,2,2,0,1,1,1,1,0,0,1,0,0,0
22,5,74,4,3,1,2,2,0,1,1,0,0,0,0,0,0,1,0
24,4,81,1,5,3,3,3,0,1,1,0,0,0,1,1,0,0,0
23,5,88,3,4,3,3,3,0,1,1,1,0,0,0,1,0,0,0
21,4,95,1,4,2,2,2,0,1,0,0,0,0,1,0,0,0,0
19,0,69,1,2,2,2,2,0,1,0,1,0,0,0,1,0,0,0
17,2,86,2,9,3,3,3,0,1,0,0,0,1,0,0,0,0,0
20,6,87,1,6,1,1,1,0,1,0,1,1,0,0,0,1,0,0
20,3,80,2,4,3,3,3,0,1,0,1,0,0,0,0,0,0,0
21,1,77,1,7,1,1,1,0,1,0,0,0,0,1,0,1,0,0
20,3,77,2,5,2,2,2,0,0,0,0,0,0,0,0,0,1,0
20,3,67,3,6,1,1,1,0,1,0,0,0,0,1,1,0,0,0
17,5,88,2,8,1,1,1,1,1,0,0,0,0,0,0,1,0,0
18,2,75,0,8,1,1,1,0,0,1,0,0,0,0,0,0,0,1
22,3,68,1,3,1,1,1,0,1,1,0,1,0,0,1,0,0,0
24,5,84,3,5,3,3,3,0,1,1,0,0,1,0,0,1,0,0
20,3,84,4,7,1,1,1,0,1,0,0,0,0,0,0,0,1,0
21,2,88,0,3,3,3,3,0,1,0,1,0,0,0,1,0,0,0
23,4,96,1,5,1,1,1,0,1,0,0,0,0,0,1,0,0,0
19,5,82,3,5,2,2,2,0,1,0,0,0,0,0,0,0,1,0
21,3,79,0,6,2,2,2,1,1,0,0,1,0,0,0,0,1,0
19,4,78,1,6,2,2,2,0,1,0,1,1,0,0,0,0,1,0
22,3,79,2,7,0,0,0,1,1,0,1,0,0,1,0,0,0,0
21,1,76,1,5,0,0,0,1,1,0,0,0,0,0,0,1,0,0
21,5,78,3,3,2,2,3,1,1,1,0,1,0,0,0,0,0,1
19,2,76,1,4,2,3,3,0,1,0,0,1,0,0,0,0,1,0
22,4,73,1,5,2,2,2,0,1,1,0,0,0,1,0,0,1,0
25,4,95,2,4,3,3,3,0,1,0,0,0,1,0,0,0,0,0
18,5,93,0,6,2,2,2,1,1,0,0,0,1,0,1,0,0,0
20,3,67,4,2,2,2,2,0,1,0,0,0,0,0,0,1,0,0
21,3,84,2,4,2,2,2,0,1,0,1,0,0,1,0,1,0,0
22,5,81,2,7,3,3,3,1,1,0,0,0,0,0,0,0,0,0
19,3,83,1,6,0,0,0,0,1,1,0,0,1,0,0,1,0,0
17,3,70,1,4,2,2,2,0,1,0,0,0,0,0,0,0,1,0
24,1,67,0,3,0,0,0,0,1,1,1,1,0,0,0,0,0,1
22,4,81,1,8,1,1,1,0,1,0,0,0,0,1,0,0,1,0
17,5,79,3,6,2,2,2,0,1,1,0,0,0,0,0,0,0,1
19,2,77,1,4,3,3,3,0,0,1,0,0,0,0,0,0,0,1
24,3,80,0,5,2,3,3,0,1,0,0,0,1,0,1,0,0,0
24,3,86,3,7,2,2,2,0,1,1,0,0,0,0,0,0,0,0
23,4,89,2,3,4,3,3,0,1,0,1,0,0,1,1,0,0,0
20,4,74,4,3,1,1,1,1,1,0,0,0,1,0,0,0,0,0
21,4,74,2,5,3,4,3,0,1,0,0,0,1,0,0,0,0,0
20,3,83,2,3,2,2,2,0,1,1,0,0,0,1,0,0,0,1
23,4,76,0,5,2,2,2,0,1,1,0,0,1,0,1,0,0,0
19,1,80,2,4,2,2,2,0,1,0,0,0,0,0,0,0,0,0
19,5,83,0,1,4,3,3,0,1,0,0,0,1,0,0,0,0,0
23,6,71,1,5,2,2,2,0,1,0,0,0,0,1,0,0,1,0
20,4,64,0,6,1,1,1,1,1,0,0,0,0,1,0,0,1,0
24,3,100,1,9,2,2,2,0,1,0,0,0,0,1,1,0,0,0
19,4,84,0,6,4,3,3,0,1,0,0,0,1,0,0,1,0,0
20,2,73,5,3,3,3,3,0,1,0,0,1,0,0,0,1,0,0
19,2,64,2,4,0,0,0,1,1,0,0,0,0,1,0,0,0,0
21,4,93,1,5,1,1,1,1,1,0,0,1,0,0,0,0,1,0
17,4,74,1,6,2,1,1,0,1,0,0,1,0,0,0,1,0,0
19,4,74,5,7,1,1,1,1,1,1,1,0,0,0,0,0,1,0
17,4,76,1,5,1,2,1,0,1,0,1,0,1,0,0,0,0,1
22,7,83,0,5,0,0,0,1,1,0,0,0,0,1,1,0,0,0
22,4,87,1,5,2,2,2,1,1,1,0,0,0,1,0,0,0,0
17,3,79,2,7,2,2,2,0,1,0,0,0,1,0,0,0,0,0
23,4,73,2,4,2,2,2,0,1,0,0,0,0,0,0,0,0,1
26,3,100,2,6,1,1,1,0,1,0,0,0,0,1,1,0,0,0
21,2,78,0,5,2,3,3,0,1,0,1,0,0,1,0,0,0,1
19,7,82,3,3,4,3,3,0,1,0,0,1,0,0,0,0,0,1
27,2,70,2,5,1,1,1,0,1,1,0,0,0,1,0,0,0,1
18,4,86,1,5,1,1,2,1,1,0,0,1,0,0,0,0,1,0
21,3,90,2,5,3,3,3,0,1,0,0,1,0,0,0,0,1,0
21,3,75,1,4,0,0,0,0,1,1,0,0,0,1,1,0,0,0
24,4,67,0,8,1,1,1,0,1,1,0,0,1,0,0,0,0,0
21,3,78,1,6,3,3,3,0,1,1,0,0,0,0,0,0,1,0
19,3,97,0,3,3,4,3,0,0,1,0,0,1,0,0,0,0,0
18,3,76,1,5,1,2,2,0,1,0,0,0,1,0,0,1,0,0
20,3,100,3,6,2,2,2,0,1,1,0,0,1,0,0,1,0,0
18,2,77,1,5,1,0,0,1,1,1,1,0,1,0,1,0,0,0
21,3,67,5,6,0,0,0,1,1,1,0,0,0,1,0,0,0,0
19,3,77,0,5,3,3,3,0,0,0,0,1,0,0,0,0,0,0
17,3,67,1,5,3,4,4,0,1,1,0,1,0,0,0,0,1,0
23,3,76,1,5,2,2,2,1,0,1,1,0,1,0,0,0,0,0
19,5,85,1,6,1,1,1,0,1,1,1,0,0,1,1,0,0,0
18,3,78,2,4,3,3,3,0,0,1,0,0,0,0,0,0,0,1
20,5,90,3,5,2,3,3,0,1,1,0,0,1,0,1,0,0,0
21,6,77,5,5,2,1,1,1,1,0,0,0,1,0,0,1,0,0
17,3,70,4,4,0,1,1,0,1,1,0,0,1,0,0,0,0,1
21,4,83,0,6,3,2,2,0,1,1,0,0,0,1,1,0,0,0
18,4,80,3,6,3,3,3,0,1,1,0,0,0,0,1,0,0,0
24,4,81,3,1,4,3,3,0,0,0,1,0,1,0,0,0,1,0
22,1,71,5,5,1,1,1,0,1,1,0,0,0,0,0,0,0,0
20,5,84,0,8,3,3,3,0,1,0,0,0,0,1,0,0,0,0
19,3,93,2,8,2,2,2,0,1,0,1,0,0,0,0,1,0,0
20,5,71,3,6,0,0,0,0,1,0,1,0,0,1,0,0,1,0
22,3,66,1,7,1,1,1,0,1,0,1,0,0,0,0,1,0,0
20,5,69,5,5,1,2,2,0,1,0,1,0,0,1,0,0,0,0
20,4,81,3,6,2,2,2,0,1,0,0,0,1,0,0,0,0,1
21,4,69,2,5,2,2,2,1,1,0,0,0,0,0,0,1,0,0
19,4,84,3,5,3,3,3,0,1,0,1,0,1,0,0,1,0,0
20,3,84,6,8,2,1,1,1,1,1,1,0,0,1,1,0,0,0
17,3,84,1,7,1,1,1,0,0,0,1,0,0,0,0,1,0,0
23,4,100,3,4,2,2,2,0,1,0,0,1,0,0,0,1,0,0
21,4,67,1,8,0,0,0,1,1,1,0,0,0,1,0,0,0,1
19,3,68,0,5,0,1,0,1,1,0,1,0,0,1,1,0,0,0
25,5,92,1,6,2,1,1,0,1,1,0,0,1,0,0,0,0,1
21,3,86,3,5,1,2,2,0,0,0,0,1,0,0,1,0,0,0
18,4,91,0,6,1,2,2,0,0,0,0,0,0,0,0,0,0,0
22,5,65,4,6,1,2,2,1,0,0,1,0,1,0,0,0,0,0
21,4,71,5,7,1,0,0,1,1,0,0,1,0,0,0,1,0,0
21,3,89,3,4,0,0,0,1,1,0,0,0,0,1,0,0,0,0
20,5,80,4,7,3,3,3,0,1,1,0,0,0,1,0,0,0,1
22,6,92,1,1,4,2,2,0,1,0,1,0,0,1,0,0,0,1
20,4,78,3,4,1,1,1,0,1,1,0,0,0,0,0,0,0,1
22,1,80,0,3,2,2,2,1,1,0,0,1,0,0,0,0,0,1
17,3,100,0,6,2,2,2,0,1,0,1,0,0,0,0,0,1,0
20,5,73,0,7,2,2,2,0,1,1,0,0,0,1,1,0,0,0
24,3,87,3,5,3,3,3,0,1,1,0,0,0,0,0,0,0,0
19,4,69,3,7,0,0,0,0,1,0,1,0,1,0,1,0,0,0
19,3,75,4,4,1,1,1,0,1,1,1,0,0,1,0,0,0,0
20,5,87,0,3,3,3,3,0,1,1,1,0,0,0,0,0,1,0
18,4,70,0,6,1,1,1,1,0,0,1,0,0,0,0,0,1,0
17,3,89,0,7,1,0,0,0,1,0,1,0,0,1,0,1,0,0
20,5,80,2,5,1,1,1,0,1,0,0,0,0,1,0,0,1,0
21,5,74,0,8,1,1,1,0,1,0,0,0,0,0,1,0,0,0
20,4,81,3,6,2,2,2,0,1,0,1,0,1,0,1,0,0,0
20,4,77,4,6,2,2,2,0,1,0,0,0,0,1,1,0,0,0
21,8,76,2,4,3,3,3,0,1,0,1,1,0,0,0,0,0,1
23,2,78,3,3,2,2,2,0,1,1,0,0,1,0,0,1,0,0
20,3,70,1,5,2,2,2,0,1,1,1,0,0,1,0,0,0,1
19,4,67,2,8,1,1,1,1,1,0,0,1,0,0,0,0,0,0
20,5,65,4,5,1,1,1,1,1,0,1,0,1,0,0,0,0,0
22,3,86,3,4,2,3,3,0,1,0,0,0,0,0,0,0,0,1
24,5,85,1,3,1,1,1,0,1,0,0,0,0,1,0,0,0,0
19,3,75,2,6,1,1,1,0,1,0,0,0,0,1,0,0,0,1
21,4,81,1,3,3,4,4,0,1,1,0,0,0,0,1,0,0,0
21,5,93,2,6,1,1,1,0,1,0,1,0,0,1,0,0,0,0
18,4,77,4,5,2,2,2,0,1,0,0,0,0,0,0,0,0,0
21,5,79,1,5,3,3,3,0,0,0,0,1,0,0,1,0,0,0
17,5,97,2,6,2,2,2,0,1,0,1,0,0,1,0,0,0,1
17,3,85,0,3,3,3,3,0,1,1,0,1,0,0,1,0,0,0
21,2,89,3,5,3,3,3,0,1,0,0,0,0,1,1,0,0,0
20,3,87,1,2,1,1,1,1,0,0,1,0,0,0,0,0,1,0
21,3,86,1,5,3,3,3,0,1,1,0,0,0,0,0,0,0,1
21,5,76,3,6,0,1,1,0,1,0,0,0,0,0,0,1,0,0
18,2,74,1,6,2,3,3,0,0,0,1,0,0,0,0,0,0,0
20,4,87,1,7,3,3,3,0,1,0,1,0,0,0,0,1,0,0
18,4,86,0,6,0,0,0,1,1,0,0,0,0,1,0,0,0,1
24,4,83,1,4,3,4,3,0,1,0,1,0,0,1,1,0,0,0
18,5,84,1,2,4,4,4,0,1,0,0,0,0,0,1,0,0,0
20,4,75,2,7,2,3,3,1,1,1,1,0,0,1,1,0,0,0
18,3,72,3,4,2,2,2,1,1,0,1,0,0,0,1,0,0,0
22,3,76,3,2,0,0,0,1,1,1,1,1,0,0,0,0,0,0
20,4,80,1,8,3,3,3,1,1,1,0,0,1,0,0,0,0,1
19,3,77,3,5,2,2,2,0,1,1,1,1,0,0,1,0,0,0
22,2,94,1,6,1,1,1,0,1,1,1,0,0,1,0,1,0,0
21,4,93,3,5,2,2,2,0,0,1,0,1,0,0,0,1,0,0
22,4,88,1,5,4,4,4,0,1,0,1,0,0,0,0,0,0,1
18,3,91,3,4,3,2,2,0,1,1,0,0,0,1,0,1,0,0
17,4,71,1,4,3,3,3,0,1,1,0,0,0,1,0,0,0,1
21,2,87,3,9,1,2,2,0,1,0,1,0,1,0,0,1,0,0
20,0,81,0,2,1,1,1,0,0,0,0,1,0,0,1,0,0,0
22,4,78,4,5,2,2,2,0,1,0,1,1,0,0,0,0,1,0
20,2,79,2,3,3,3,3,0,1,1,0,0,1,0,0,0,1,0
21,4,79,5,6,1,1,1,0,0,0,0,0,1,0,0,0,1,0
17,2,79,2,4,2,1,1,1,1,0,0,0,0,1,0,0,0,1
25,3,77,0,4,1,1,1,1,1,0,0,0,0,1,0,0,0,0
20,3,71,0,6,0,0,0,0,1,1,0,0,0,1,0,1,0,0
22,3,69,2,9,1,1,1,1,1,0,0,1,0,0,0,0,0,1
19,5,85,4,4,1,1,1,0,1,0,0,0,0,0,0,1,0,0
21,2,59,2,2,3,3,3,0,1,0,0,0,1,0,0,0,0,1
18,0,97,3,5,2,2,2,0,1,1,1,1,0,0,0,0,1,0
22,2,77,3,7,1,1,1,1,0,0,0,1,0,0,0,0,1,0
20,5,67,0,5,2,2,2,1,1,1,1,0,0,0,0,0,0,0
21,3,86,1,6,2,2,2,0,1,0,1,0,1,0,0,0,0,0
22,5,80,1,4,3,3,3,0,1,0,0,0,0,1,1,0,0,0
18,3,74,1,9,0,1,1,0,1,0,0,1,0,0,0,0,0,1
19,5,77,1,6,2,1,1,0,1,0,1,0,0,1,1,0,0,0
22,2,81,3,4,2,2,2,0,0,0,1,0,0,0,0,0,0,0
25,4,90,1,4,2,2,2,0,1,0,1,0,1,0,0,0,1,0
20,5,60,3,6,0,0,0,1,1,1,1,1,0,0,1,0,0,0
22,2,84,1,6,0,0,0,0,1,0,0,0,1,0,0,1,0,0
20,2,95,1,3,1,1,1,0,1,0,1,0,0,1,0,1,0,0
25,3,75,0,5,0,0,0,0,1,1,0,1,0,0,0,0,0,0
17,4,88,2,6,0,1,1,1,0,1,1,0,1,0,0,1,0,0
21,2,87,1,6,1,0,0,0,1,0,1,0,1,0,0,1,0,0
17,5,97,2,6,1,1,1,0,1,0,0,0,0,0,0,0,0,0
17,5,83,3,8,1,1,1,0,1,0,0,0,0,0,0,0,0,1
21,3,87,3,1,3,3,3,0,1,0,1,0,0,1,1,0,0,0
21,4,90,2,5,2,2,2,0,1,0,0,1,0,0,0,0,0,1
20,4,71,2,5,3,2,2,0,1,0,1,0,0,0,0,0,0,0
20,4,74,1,5,1,0,0,0,1,1,0,0,0,1,0,0,1,0
27,4,76,2,7,1,1,1,1,1,1,1,0,0,1,0,0,1,0
20,3,84,2,5,1,1,1,0,1,0,0,0,1,0,0,0,0,1
22,1,88,1,3,3,2,3,0,1,1,1,1,0,0,0,0,0,0
19,4,84,0,7,2,3,3,0,1,0,0,0,0,0,0,0,1,0
21,5,73,2,5,1,1,1,0,1,0,0,1,0,0,0,0,1,0
20,5,80,2,5,4,4,4,0,1,0,1,0,1,0,0,0,0,1
20,4,70,4,9,2,1,1,1,1,0,0,1,0,0,0,1,0,0
25,3,86,2,2,3,3,3,0,1,1,0,0,0,0,0,0,1,0
23,5,97,0,4,4,4,3,0,1,0,0,0,0,1,0,0,0,1
21,2,86,1,6,1,1,1,0,0,0,0,0,0,0,0,0,1,0
17,3,66,4,7,1,1,1,0,0,1,0,0,0,0,0,0,1,0
20,2,82,1,3,2,2,2,0,1,0,1,0,0,0,0,1,0,0
26,5,81,1,4,4,4,3,0,0,0,0,0,0,1,0,1,0,0
20,1,77,3,5,3,3,3,0,1,0,0,0,1,0,0,0,1,0
23,4,65,0,5,2,2,2,0,1,0,1,0,0,0,0,1,0,0
24,7,85,4,6,1,2,2,0,1,0,1,1,0,0,1,0,0,0
21,4,89,4,5,2,2,2,0,1,0,0,0,0,1,0,1,0,0
19,2,74,0,6,0,0,0,1,1,1,0,0,1,0,1,0,0,0
17,3,74,2,3,1,1,1,1,0,1,0,1,0,0,1,0,0,0
22,2,79,1,5,2,2,2,0,1,0,1,1,0,0,0,0,0,1
19,2,95,3,5,1,1,1,0,1,0,1,0,0,0,0,1,0,0
21,3,79,4,7,1,0,0,1,1,0,0,0,0,0,0,0,0,0
18,2,75,2,10,3,2,2,1,1,0,1,1,0,0,0,0,1,0
20,4,78,0,7,1,1,1,0,0,0,0,0,0,1,1,0,0,0
21,0,86,1,4,0,0,0,0,1,1,0,0,0,1,0,0,0,1
21,2,65,3,6,2,3,3,0,1,0,1,1,0,0,0,0,0,0
18,4,80,3,5,2,3,3,0,1,0,0,1,0,0,0,1,0,0
23,6,79,1,4,2,3,3,0,1,1,0,1,0,0,0,0,0,1
19,4,81,1,4,2,1,1,0,1,0,0,1,0,0,0,0,0,1
17,2,76,1,4,0,0,0,0,1,0,0,0,0,1,0,0,0,1
20,5,71,2,3,4,3,3,0,1,1,0,1,0,0,0,0,0,0
21,5,89,0,3,4,4,4,0,0,0,0,0,0,0,0,0,1,0
21,3,67,1,6,0,0,0,0,1,0,1,0,0,0,0,0,0,1
24,2,94,1,4,3,3,3,0,1,0,0,0,1,0,0,0,0,0
20,6,84,0,5,2,2,2,0,1,0,0,0,1,0,1,0,0,0
20,2,87,1,3,2,2,2,0,1,0,0,0,0,1,0,1,0,0
18,6,82,3,6,2,1,1,0,1,1,0,0,0,1,0,0,0,1
22,4,91,3,4,3,3,3,0,1,0,0,0,0,0,0,0,0,0
21,5,86,2,3,1,2,2,0,1,1,0,0,0,0,0,1,0,0
20,5,92,0,8,0,0,0,0,0,0,0,0,0,1,1,0,0,0
17,5,88,2,5,3,4,4,0,1,0,1,0,0,1,0,0,0,1
24,2,90,1,4,3,3,3,0,1,0,1,0,1,0,0,0,0,1
18,4,76,0,5,1,2,2,0,0,0,0,0,0,0,0,0,1,0
19,5,79,1,4,1,1,1,1,1,1,0,0,0,0,1,0,0,0
21,3,82,2,6,1,1,1,1,1,0,0,0,1,0,0,1,0,0
18,1,82,1,2,1,1,1,1,1,1,0,0,1,0,0,0,1,0
17,2,86,2,2,4,4,4,0,0,1,0,0,1,0,0,0,0,1
17,1,76,2,5,3,3,3,0,1,0,0,0,0,1,0,1,0,0
22,3,81,1,2,4,3,3,0,1,1,0,0,0,1,0,1,0,0
19,2,87,1,2,2,1,1,0,1,1,1,0,0,1,0,1,0,0
27,3,66,0,7,0,0,0,1,1,0,0,0,0,0,0,0,1,0
18,6,90,2,5,0,0,0,1,0,0,0,0,0,0,0,1,0,0
19,5,98,6,5,2,2,2,0,1,0,0,1,0,0,0,0,0,0
19,4,74,0,3,1,1,1,1,1,0,0,0,0,0,0,0,0,0
21,5,93,3,8,1,1,1,0,1,1,1,1,0,0,0,0,0,1
20,2,83,4,7,1,2,2,0,1,1,1,0,1,0,0,0,0,0
22,2,74,1,3,2,2,2,1,1,0,1,1,0,0,0,0,0,0
18,4,88,1,5,2,2,2,0,1,1,1,0,0,1,1,0,0,0
18,3,97,0,4,3,3,3,0,1,0,0,1,0,0,0,1,0,0
17,3,78,3,5,2,2,2,0,0,1,0,0,0,0,0,1,0,0
17,4,73,0,7,2,2,2,0,1,0,1,0,0,0,0,0,1,0
19,5,64,2,4,1,1,1,0,1,1,0,0,0,0,0,0,1,0
20,4,80,5,7,3,3,3,0,1,1,0,0,0,1,0,1,0,0
19,5,83,3,2,3,4,3,0,1,0,1,1,0,0,1,0,0,0
23,0,96,1,4,4,4,3,0,1,1,1,0,1,0,0,0,0,0
23,4,81,2,5,3,4,4,0,1,0,0,0,0,1,0,0,0,1
20,5,76,7,4,1,1,1,0,0,0,0,0,0,0,0,0,0,1
17,3,88,0,5,3,2,2,0,0,0,0,0,0,0,1,0,0,0
19,2,72,3,5,0,0,0,1,1,1,0,0,1,0,1,0,0,0
19,3,82,0,5,0,0,0,0,1,0,0,0,0,0,0,0,0,1
19,2,81,3,7,3,4,4,0,0,0,0,1,0,0,0,0,1,0
19,5,75,3,6,2,2,2,0,1,0,0,0,0,1,0,0,0,1
19,4,81,2,2,3,3,3,0,1,0,1,1,0,0,0,0,0,0
20,3,88,2,5,3,3,3,0,1,0,1,1,0,0,0,1,0,0
19,2,90,0,4,2,2,2,0,1,0,1,0,1,0,0,0,0,0
21,3,80,0,7,4,3,3,0,1,1,1,0,1,0,0,0,0,1
21,5,81,0,7,2,2,2,1,0,0,1,0,0,0,0,0,0,0
19,4,67,4,7,1,1,1,0,0,1,0,0,1,0,1,0,0,0
23,2,84,2,8,0,0,0,1,1,0,1,0,1,0,0,0,1,0
18,3,79,2,6,2,2,2,0,0,1,1,0,0,1,1,0,0,0
17,5,81,4,7,2,1,1,1,0,0,0,0,0,0,0,0,1,0
21,3,78,2,4,4,3,3,0,1,0,0,1,0,0,0,0,1,0
19,3,74,1,5,2,2,2,1,1,1,1,0,0,1,0,1,0,0
21,6,75,0,6,4,3,3,0,1,1,0,0,0,0,0,0,0,1
17,2,76,2,6,1,1,1,1,1,0,0,1,0,0,0,0,0,0
24,5,71,3,3,3,3,3,0,1,0,0,0,0,1,0,0,0,0
22,3,84,2,3,0,0,0,0,1,1,0,0,0,0,0,0,0,1
17,3,86,2,2,2,2,2,1,0,0,1,0,1,0,1,0,0,0
17,4,80,1,6,2,2,2,0,0,0,0,0,0,1,0,1,0,0
24,4,83,3,5,2,2,2,1,1,1,1,0,1,0,0,0,0,1
19,4,80,1,6,3,3,3,0,1,0,1,0,1,0,0,0,0,0
19,3,91,2,6,1,1,1,0,1,1,1,0,0,0,0,0,0,0
17,4,82,1,5,2,2,2,0,1,1,0,0,0,0,0,0,0,0
20,4,84,3,6,2,1,1,1,1,0,0,0,0,0,0,1,0,0
20,3,88,2,7,1,1,1,0,1,0,0,0,1,0,1,0,0,0
22,2,81,2,7,1,1,1,1,1,0,0,0,1,0,0,0,1,0
17,4,93,3,1,2,3,3,0,1,1,0,1,0,0,0,0,1,0
17,4,76,0,6,0,0,0,0,0,0,1,0,0,1,0,0,0,0
22,3,95,0,6,1,1,1,0,1,0,1,0,1,0,1,0,0,0
23,2,80,4,6,1,1,1,0,1,0,0,0,0,0,1,0,0,0
17,3,76,0,6,1,1,1,0,1,0,0,1,0,0,1,0,0,0
23,1,69,3,4,0,1,1,1,1,0,1,0,1,0,0,1,0,0
21,5,89,1,1,2,2,2,0,1,0,0,0,0,0,0,1,0,0
23,3,79,4,4,2,2,2,0,1,0,1,0,0,1,0,0,1,0
20,4,83,0,2,3,3,3,0,1,0,0,0,0,1,0,0,0,0
17,3,84,1,2,3,3,3,0,1,1,0,0,1,0,0,0,1,0
20,6,78,3,7,1,1,1,0,1,1,0,0,1,0,0,1,0,0
23,4,90,0,5,3,3,3,0,1,0,0,0,1,0,0,0,1,0
19,3,85,1,6,1,1,1,0,1,0,0,0,1,0,1,0,0,0
20,3,75,2,5,1,1,1,1,1,0,0,1,0,0,0,0,1,0
20,3,71,1,7,0,0,0,1,1,1,0,0,0,1,0,0,1,0
17,3,88,2,5,3,3,3,0,1,0,0,0,0,1,0,0,0,1
24,4,80,5,5,2,2,2,1,1,0,0,0,1,0,0,0,0,0
19,4,87,1,8,1,2,2,0,0,0,0,0,0,0,0,0,1,0
22,4,80,2,5,1,1,1,0,0,0,0,0,0,0,0,1,0,0
20,5,83,3,6,1,1,1,0,1,1,0,1,0,0,1,0,0,0
23,1,88,0,6,3,3,3,0,1,0,0,1,0,0,0,1,0,0
21,3,70,1,3,2,2,2,0,1,0,0,0,1,0,1,0,0,0
20,4,95,0,7,2,2,2,0,1,0,0,0,1,0,1,0,0,0
19,5,85,1,7,1,2,2,0,1,0,0,1,0,0,1,0,0,0
22,4,65,3,3,1,2,2,0,1,0,1,1,0,0,0,0,0,0
17,5,92,2,5,1,1,1,0,1,1,0,0,0,0,0,0,0,0
22,6,89,3,7,1,1,1,1,1,1,0,0,0,1,0,0,1,0
18,3,80,1,2,3,3,3,0,1,0,0,0,0,1,1,0,0,0
23,2,93,3,6,1,1,1,0,0,1,0,0,0,0,0,0,0,0
21,2,76,1,3,0,0,0,1,1,1,0,0,0,1,0,0,0,1
22,2,81,2,4,2,3,3,1,1,0,1,0,0,0,0,1,0,0
21,2,100,2,5,4,4,4,0,0,1,0,0,0,0,1,0,0,0
17,2,86,2,3,4,4,3,0,1,0,1,0,1,0,0,1,0,0
19,2,90,3,3,0,0,0,1,1,0,0,0,0,1,1,0,0,0
22,5,88,3,5,2,2,2,0,1,1,0,1,0,0,0,0,0,1
21,3,70,1,8,0,1,1,1,1,1,1,0,0,0,0,1,0,0
23,2,84,0,6,2,2,2,0,1,1,0,0,0,0,0,1,0,0
21,3,83,2,2,3,3,3,0,1,0,1,0,0,1,0,0,1,0
18,4,91,0,6,3,3,3,0,1,0,1,1,0,0,0,1,0,0
19,3,94,1,5,1,1,1,0,1,1,1,0,1,0,0,0,0,0
21,3,92,0,4,3,3,3,0,1,0,0,0,0,1,0,0,0,0
17,1,78,4,4,2,2,2,0,1,0,0,0,0,1,0,1,0,0
24,5,70,1,6,0,0,0,1,1,1,0,1,0,0,0,0,1,0
22,3,86,3,2,2,2,2,0,1,0,1,0,0,0,0,0,0,1
23,2,81,3,4,3,3,3,0,1,0,1,0,1,0,1,0,0,0
17,3,73,3,3,2,2,2,1,1,0,0,0,1,0,0,1,0,0
23,4,76,2,5,1,1,1,0,1,0,0,0,0,1,0,0,0,0
25,4,81,4,6,1,2,2,1,1,1,0,0,0,0,0,0,0,0
18,4,84,0,5,3,4,4,0,1,1,0,0,1,0,0,0,1,0
22,3,77,1,6,1,1,1,0,1,0,0,0,0,1,0,0,0,0
21,4,81,1,1,3,3,2,0,1,1,1,0,0,1,0,0,1,0
17,3,81,1,5,3,2,2,0,1,1,0,0,0,1,0,0,1,0
22,3,84,2,5,1,1,1,1,0,0,1,1,0,0,0,0,1,0
22,5,74,2,2,3,3,3,0,1,0,0,1,0,0,1,0,0,0
19,4,76,1,4,2,2,2,0,1,0,0,0,0,0,0,1,0,0
23,6,92,1,5,3,4,4,0,1,1,0,0,0,0,0,0,0,1
17,3,79,4,6,1,1,1,1,0,1,1,0,1,0,0,0,0,0
17,5,85,3,6,4,4,3,0,1,1,1,0,1,0,0,1,0,0
21,3,72,1,2,2,3,3,0,1,0,0,0,0,1,0,0,0,1
21,3,91,0,4,1,1,1,1,1,0,0,0,1,0,0,0,1,0
19,4,91,3,2,4,4,3,0,1,0,0,1,0,0,0,1,0,0
22,4,84,3,5,2,2,2,1,1,1,0,0,1,0,0,0,1,0
22,2,77,0,4,3,3,3,0,1,0,1,0,0,1,0,0,0,1
22,4,70,2,4,2,1,2,0,1,0,0,0,1,0,0,1,0,0
20,3,100,1,10,1,2,2,0,1,0,1,0,1,0,1,0,0,0
22,5,78,3,3,2,2,2,0,1,0,0,0,0,1,0,0,0,0
20,3,70,3,5,0,0,0,1,1,0,0,0,0,0,0,0,0,1
25,3,77,2,6,0,0,0,1,1,0,0,0,0,1,1,0,0,0
19,2,85,4,6,2,2,2,0,1,1,0,0,0,1,1,0,0,0
25,5,72,1,6,1,1,1,1,0,0,0,1,0,0,0,0,1,0
21,4,77,0,6,1,1,1,0,1,0,0,1,0,0,0,0,0,1
18,6,70,1,4,1,1,1,0,1,0,0,0,1,0,0,0,0,1
24,5,93,2,5,2,2,2,0,1,0,1,0,0,0,0,1,0,0
21,3,81,3,4,2,2,2,0,1,0,0,1,0,0,0,0,1,0
22,1,70,1,4,0,0,0,0,1,0,0,0,0,0,1,0,0,0
23,3,74,4,3,2,2,2,0,0,1,0,0,0,0,0,0,0,0
21,3,76,4,6,1,1,1,0,1,0,0,1,0,0,1,0,0,0
19,1,82,3,7,0,0,0,1,1,0,1,1,0,0,1,0,0,0
23,4,59,1,5,2,2,2,0,1,0,0,0,1,0,0,0,0,0
21,5,79,1,5,2,2,2,0,1,1,1,0,1,0,0,0,1,0
22,2,76,3,8,0,0,0,1,1,0,0,1,0,0,0,0,0,0
17,2,70,4,7,3,3,3,0,1,0,0,0,0,1,0,1,0,0
22,4,74,5,7,2,2,2,0,1,0,0,0,0,0,1,0,0,0
19,3,75,2,6,1,0,0,1,1,0,0,0,0,1,0,0,0,1
24,4,72,3,4,1,1,1,0,1,0,1,0,0,1,0,0,0,0
22,4,70,2,4,2,2,2,1,0,0,0,0,0,1,1,0,0,0
21,3,77,1,5,1,1,1,0,1,1,1,0,1,0,0,0,0,1
22,5,88,0,6,2,2,2,0,1,0,0,0,0,1,0,0,0,0
18,4,80,2,3,3,3,3,0,1,0,0,0,1,0,0,0,1,0
24,4,56,2,7,0,0,0,0,1,1,0,0,0,1,0,1,0,0
25,5,90,0,8,4,4,4,0,1,0,0,0,1,0,0,0,0,0
21,5,76,2,6,0,0,0,1,1,0,0,0,0,0,0,0,0,0
24,3,93,2,8,3,2,2,0,1,1,0,0,1,0,0,0,0,1
19,3,88,2,6,2,1,1,0,1,1,0,1,0,0,1,0,0,0
19,4,79,0,6,2,2,2,0,1,0,0,0,0,0,0,0,1,0
21,3,80,4,5,2,2,2,0,1,0,0,0,0,0,0,0,0,1
22,3,72,4,4,0,0,0,1,1,1,0,0,0,1,0,0,1,0
20,3,87,2,5,0,0,0,1,0,0,0,0,0,0,0,1,0,0
22,4,94,2,3,4,4,3,0,1,0,0,1,0,0,0,1,0,0
21,6,76,1,5,3,3,3,0,1,0,0,0,1,0,0,0,0,0
18,4,77,1,3,3,3,3,0,1,1,1,1,0,0,0,1,0,0
22,4,97,2,4,2,2,2,0,1,0,0,0,0,1,1,0,0,0
22,5,82,2,7,4,3,3,0,1,0,0,1,0,0,0,0,0,0
21,4,69,3,7,2,2,2,0,1,0,1,1,0,0,0,0,1,0
23,3,71,5,4,3,3,3,0,1,0,0,0,0,0,0,1,0,0
18,3,95,2,7,0,0,0,0,0,1,0,0,0,0,1,0,0,0
22,4,85,3,5,2,3,3,1,1,1,1,0,0,0,0,0,1,0
18,4,73,2,4,2,2,2,0,1,0,0,1,0,0,0,0,0,0
18,4,84,5,8,0,0,0,1,1,0,1,0,0,1,1,0,0,0
19,2,75,1,3,0,0,0,1,1,0,0,0,1,0,0,0,0,0
18,3,66,1,2,2,3,3,0,1,0,1,0,0,0,0,1,0,0
19,3,79,5,4,2,2,2,0,1,1,1,0,0,0,0,1,0,0
20,4,81,1,5,3,3,3,0,1,0,1,0,1,0,0,1,0,0
22,4,69,5,5,0,0,0,1,1,0,1,0,0,1,1,0,0,0
20,2,71,1,2,3,3,3,0,1,0,0,1,0,0,0,0,0,1
17,3,74,2,6,1,1,1,0,0,0,0,0,0,0,1,0,0,0
23,4,80,4,8,1,1,1,0,1,0,1,0,0,0,0,0,1,0
19,6,83,1,6,1,1,1,0,1,0,0,1,0,0,1,0,0,0
20,2,70,0,5,3,3,3,0,1,1,1,1,0,0,0,0,0,1
22,1,77,3,6,1,2,2,0,1,1,0,0,0,1,0,0,0,1
21,4,78,2,5,2,2,2,0,1,1,1,0,1,0,0,0,0,1
23,2,68,1,5,3,3,3,0,1,0,0,1,0,0,0,0,1,0
22,4,83,2,5,1,0,0,0,1,0,0,0,0,0,0,0,0,1
19,5,86,0,5,3,4,3,0,1,1,0,1,0,0,0,0,0,0
25,3,84,0,4,2,3,3,0,1,0,0,1,0,0,0,0,1,0
21,3,71,2,2,2,2,2,0,1,0,1,0,0,0,0,0,0,1
20,3,86,2,8,3,2,2,0,0,0,0,0,1,0,0,0,1,0
23,4,81,0,6,1,1,1,0,1,1,0,0,0,1,0,1,0,0
21,2,89,3,4,3,3,3,0,1,0,0,0,0,0,0,0,1,0
21,3,85,3,6,0,0,0,1,1,1,1,0,0,1,0,0,0,1
26,3,84,1,3,3,3,3,0,1,1,0,0,0,1,0,0,0,1
20,4,79,4,6,1,1,1,1,1,0,1,0,0,0,1,0,0,0
20,4,89,0,6,3,3,3,0,0,1,0,0,1,0,0,0,1,0
21,5,72,3,7,2,2,2,1,1,0,1,0,0,0,1,0,0,0
23,2,71,3,6,0,1,1,1,0,0,0,1,0,0,0,0,1,0
17,3,100,2,5,3,3,3,0,1,0,1,0,0,0,0,0,1,0
17,5,66,4,7,0,0,0,1,1,1,0,0,0,1,0,0,1,0
19,4,72,2,4,0,0,0,0,1,0,0,0,0,0,1,0,0,0
17,3,88,2,6,2,2,2,0,1,0,0,0,0,1,0,0,1,0
20,2,69,3,4,2,1,1,0,1,1,0,0,1,0,0,0,0,0
22,6,87,2,5,1,2,1,0,1,1,0,1,0,0,0,0,1,0
19,4,76,4,5,0,0,0,1,0,1,0,1,0,0,0,1,0,0
17,2,92,2,6,1,1,0,0,1,1,1,0,1,0,0,0,1,0
21,4,82,2,7,1,2,2,0,1,0,0,0,1,0,0,1,0,0
22,5,72,0,7,0,1,0,0,1,0,1,0,1,0,0,1,0,0
17,2,74,1,5,1,1,1,0,1,1,0,0,0,1,0,0,1,0
22,4,92,1,3,2,2,2,0,1,1,0,0,0,1,0,0,1,0
22,4,67,2,5,3,3,3,0,1,1,0,0,1,0,0,0,0,1
23,5,88,0,3,2,2,2,0,1,0,0,1,0,0,1,0,0,0
23,5,69,3,5,2,2,2,0,1,1,1,0,0,0,0,1,0,0
25,2,81,3,1,3,4,4,0,1,1,0,0,0,0,0,1,0,0
20,5,77,2,5,1,1,1,0,1,1,0,0,0,0,0,0,0,1
21,2,78,2,6,1,1,1,0,1,0,0,0,0,1,0,0,0,0
20,0,92,3,2,2,2,2,0,1,0,0,1,0,0,0,0,1,0
21,3,77,3,7,1,2,1,0,1,0,0,0,0,1,0,0,0,1
24,4,90,5,4,3,3,3,1,1,0,0,0,0,1,0,0,0,0
18,4,76,2,2,4,4,4,0,1,1,1,0,0,0,0,0,0,1
19,5,84,4,2,3,3,3,0,1,0,1,0,0,0,1,0,0,0
24,2,81,2,5,0,0,0,0,1,1,0,0,0,0,0,0,1,0
23,3,71,2,5,3,3,3,0,1,0,0,1,0,0,0,0,0,1
20,3,71,3,5,1,0,0,1,1,1,0,0,1,0,0,1,0,0
22,3,79,1,7,3,3,3,0,1,1,0,0,0,0,0,0,1,0
21,6,78,2,5,3,4,3,0,1,0,1,1,0,0,0,1,0,0
24,3,87,1,4,1,1,1,0,1,1,0,0,0,1,0,0,1,0
21,2,67,1,4,1,1,1,1,0,1,0,0,0,0,0,0,0,1
23,3,75,2,7,1,1,1,1,0,1,0,0,0,0,1,0,0,0
26,5,85,2,3,4,3,3,0,1,0,0,0,0,0,1,0,0,0
22,4,80,2,5,1,1,1,0,1,1,1,1,0,0,0,0,0,0
21,5,70,1,5,1,1,1,0,1,0,1,1,0,0,0,0,1,0
22,6,84,3,7,1,1,1,1,1,0,0,0,0,0,0,0,0,0
20,6,88,1,5,1,1,1,0,0,1,0,0,0,0,0,1,0,0
26,2,74,2,3,3,3,3,0,1,0,0,0,1,0,0,0,0,1
21,4,89,0,5,4,4,4,0,1,0,0,0,0,1,0,0,0,1
20,1,77,2,6,1,1,1,1,0,0,1,0,1,0,1,0,0,0
19,5,79,4,5,2,2,2,1,1,0,1,0,0,0,0,1,0,0
23,1,77,4,7,0,0,0,1,1,1,1,0,1,0,0,0,0,1
22,1,90,1,3,2,2,2,0,1,0,0,0,0,0,0,0,0,1
19,3,80,2,5,3,3,3,1,1,1,0,1,0,0,0,0,0,1
22,4,88,1,5,3,3,3,0,1,1,0,0,0,0,0,0,1,0
17,2,78,1,6,3,2,2,0,1,1,0,0,1,0,0,1,0,0
21,3,84,2,7,1,1,1,0,1,0,1,0,0,0,0,1,0,0
22,2,73,3,5,0,0,0,1,1,1,1,0,0,1,0,0,1,0
24,4,90,5,4,3,3,3,1,1,0,0,0,0,0,0,0,1,0
19,5,79,3,5,0,0,0,1,1,1,0,0,0,1,0,1,0,0
18,4,92,1,3,4,4,4,0,1,0,1,1,0,0,0,0,0,1
19,4,66,0,5,2,2,2,0,1,0,0,0,1,0,1,0,0,0
18,5,82,2,6,3,2,2,0,1,1,1,0,0,1,0,1,0,0
23,5,100,1,6,2,2,2,1,1,1,0,1,0,0,0,0,0,0
24,2,88,4,4,2,3,3,1,1,1,0,0,0,1,1,0,0,0
21,2,83,0,4,4,4,3,0,1,1,1,0,1,0,0,0,0,1
23,3,72,2,4,2,2,2,0,1,0,0,1,0,0,1,0,0,0
21,5,76,4,4,1,1,1,1,1,0,1,0,0,0,1,0,0,0
20,0,88,1,5,1,1,1,0,1,0,0,0,0,0,1,0,0,0
20,5,79,1,7,2,3,3,0,1,0,1,1,0,0,0,1,0,0
20,3,80,2,7,2,2,2,0,1,0,0,0,1,0,1,0,0,0
17,2,73,0,3,1,1,1,0,1,0,1,1,0,0,0,0,1,0
21,4,85,2,6,4,4,3,0,0,1,0,0,0,1,0,0,0,0
20,4,82,1,6,2,2,2,0,1,0,1,0,0,0,1,0,0,0
22,5,87,2,5,0,0,0,0,1,0,0,0,0,1,1,0,0,0
21,5,91,1,3,3,3,3,0,1,0,1,0,0,0,0,1,0,0
20,4,85,0,4,1,1,1,0,1,0,0,0,0,0,1,0,0,0
19,4,72,2,6,3,2,2,0,1,0,0,0,1,0,0,0,1,0
21,4,69,2,4,1,1,1,0,0,0,1,0,1,0,0,0,0,0
22,4,87,2,5,1,1,0,0,1,0,0,0,1,0,0,0,1,0
18,3,83,2,3,1,2,2,1,1,0,0,0,0,1,0,0,0,0
21,3,96,1,4,1,1,1,0,1,0,0,0,0,1,0,0,0,0
21,1,82,1,3,3,3,3,0,0,0,0,0,0,0,0,1,0,0
19,6,68,1,6,3,3,3,0,1,0,0,1,0,0,1,0,0,0
19,3,71,1,4,1,1,1,0,1,1,0,1,0,0,0,1,0,0
21,5,76,2,6,2,2,2,1,1,0,0,1,0,0,0,1,0,0
18,5,95,2,4,2,2,2,0,1,0,1,0,0,1,0,0,0,0
21,1,91,0,5,2,2,2,0,0,1,0,1,0,0,0,0,1,0
19,4,77,0,8,0,0,0,0,1,1,1,0,0,0,0,0,1,0
23,4,80,0,4,1,2,2,0,1,1,0,1,0,0,0,0,0,1
26,3,71,2,6,2,2,2,0,1,0,1,0,0,0,0,1,0,0
19,2,70,1,4,3,2,2,0,1,1,0,0,0,1,0,0,1,0
22,5,91,2,5,3,3,3,0,0,0,0,0,0,1,0,0,1,0
19,4,89,1,6,2,2,2,0,1,0,0,0,0,0,1,0,0,0
23,4,79,0,6,1,1,1,1,1,1,1,0,1,0,0,0,0,1
18,2,96,1,6,2,1,1,0,1,1,0,0,0,0,0,0,1,0
22,2,85,1,7,1,0,0,0,1,0,1,0,0,0,0,1,0,0
19,4,83,1,6,2,3,3,0,1,0,0,0,1,0,0,0,1,0
20,3,83,1,7,0,0,0,0,1,1,0,0,1,0,0,1,0,0
18,4,73,3,5,2,1,1,0,1,0,0,0,0,0,1,0,0,0
22,4,89,2,4,1,1,0,0,0,0,0,1,0,0,0,0,1,0
19,3,89,1,6,2,2,2,0,1,0,0,0,0,1,1,0,0,0
22,6,83,2,4,0,0,0,1,1,1,0,1,0,0,0,0,0,1
20,3,73,1,6,0,0,0,1,1,0,0,0,0,0,0,0,1,0
20,2,90,0,3,2,2,2,0,1,0,0,0,1,0,0,0,1,0
21,4,67,2,4,1,1,1,0,1,1,0,0,0,0,0,0,0,0
19,4,75,0,4,1,1,1,0,1,1,0,0,0,1,1,0,0,0
21,2,86,4,6,3,2,2,0,1,1,0,0,0,0,0,1,0,0
24,3,78,3,4,0,0,0,0,1,0,1,0,0,1,0,1,0,0
19,2,74,2,5,2,2,2,1,1,1,1,0,0,1,0,0,1,0
23,3,93,2,5,2,3,3,0,1,1,0,0,0,0,0,0,1,0
24,5,91,3,7,1,1,1,0,1,0,0,0,1,0,0,0,0,0
19,2,90,0,6,2,3,3,0,1,0,1,0,0,0,0,0,0,0
17,2,84,1,6,1,2,1,0,1,1,1,1,0,0,0,0,0,1
21,2,82,4,5,2,2,2,0,0,0,0,0,0,0,0,0,0,1
19,5,95,1,4,4,4,3,0,1,0,1,1,0,0,0,0,1,0
25,5,93,2,3,2,2,2,0,1,0,0,0,0,1,0,0,0,1
21,1,81,1,6,0,1,1,1,1,1,0,1,0,0,0,0,0,1
19,1,100,1,3,4,4,3,0,1,1,0,1,0,0,1,0,0,0
18,4,81,1,5,1,1,1,0,1,0,0,0,0,0,0,0,0,0
23,1,85,2,5,1,0,0,1,0,0,1,0,0,0,0,0,0,0
19,5,93,1,3,4,4,3,0,1,1,1,1,0,0,0,0,0,1
21,1,85,1,5,3,3,3,0,0,0,1,1,0,0,0,0,0,1
23,3,79,2,5,1,1,1,0,0,1,0,0,1,0,1,0,0,0
19,4,85,1,9,0,0,0,1,1,1,0,0,0,0,0,1,0,0
20,5,82,1,5,1,1,1,0,1,1,1,0,1,0,0,0,1,0
21,3,65,3,7,2,2,2,0,1,0,0,0,0,1,1,0,0,0
22,4,90,3,6,1,1,1,0,1,1,1,0,0,0,0,0,0,0
22,4,77,2,6,1,1,1,0,1,1,0,1,0,0,0,1,0,0
20,5,72,2,7,1,1,1,0,1,0,1,1,0,0,0,0,1,0
21,4,91,2,2,2,2,2,1,1,1,1,1,0,0,0,0,0,0
20,4,85,1,5,2,3,3,0,0,1,1,1,0,0,0,1,0,0
17,4,87,1,6,0,0,0,1,0,1,1,0,1,0,0,0,0,0
21,4,81,0,5,1,1,1,0,1,0,0,0,0,1,0,1,0,0
25,1,83,2,5,1,1,1,0,1,1,0,0,1,0,0,1,0,0
19,2,79,1,5,1,1,1,0,1,0,1,0,1,0,0,0,0,0
19,4,75,0,5,0,0,0,1,1,1,0,0,0,0,0,0,1,0
19,6,87,1,3,2,3,3,0,1,1,1,1,0,0,0,0,0,0
22,4,83,5,4,3,3,3,0,0,0,0,0,1,0,0,0,0,0
22,3,95,3,4,2,2,2,0,1,0,1,0,0,1,0,0,1,0
20,5,64,2,6,1,1,1,0,1,1,1,0,0,0,0,0,0,1
19,5,91,1,5,1,0,0,0,1,0,1,0,0,1,0,0,1,0
21,4,78,1,5,1,1,1,1,1,1,0,0,1,0,0,1,0,0
17,3,78,3,5,2,2,2,0,1,0,0,0,1,0,0,0,1,0
21,4,86,2,4,1,2,2,0,0,0,1,0,0,0,0,1,0,0
22,4,74,2,4,3,3,3,0,1,1,1,1,0,0,0,0,0,1
18,5,78,4,4,3,3,3,0,1,0,1,0,0,0,0,1,0,0
17,4,86,2,5,3,4,3,0,1,0,0,0,1,0,1,0,0,0
24,4,77,3,5,1,0,0,0,0,1,1,0,0,0,0,0,1,0
19,5,76,1,5,2,2,2,0,1,1,1,0,0,0,1,0,0,0
23,3,76,2,7,2,2,2,0,1,0,0,0,1,0,0,0,0,1
20,4,84,4,6,1,1,1,1,1,1,1,0,0,0,0,0,0,1
20,6,72,5,6,2,2,2,1,1,0,0,1,0,0,0,0,1,0
22,3,88,2,3,4,4,4,0,0,0,1,0,0,0,0,1,0,0
19,3,98,1,7,3,4,4,0,1,0,1,0,0,0,0,0,0,1
21,2,82,0,5,1,2,2,0,1,0,0,0,1,0,1,0,0,0
20,4,85,1,4,3,3,3,0,1,1,0,0,1,0,0,0,1,0
18,4,84,3,4,2,2,2,0,1,0,1,0,0,0,0,0,0,0
21,1,74,1,4,2,2,2,0,1,1,1,0,1,0,1,0,0,0
20,5,84,2,5,3,3,3,0,0,0,0,0,1,0,0,0,0,1
20,4,83,1,5,2,2,2,0,1,1,1,0,0,1,1,0,0,0
18,4,96,2,5,2,3,3,0,1,1,0,0,0,1,1,0,0,0
24,4,84,2,5,1,1,1,0,1,1,0,0,0,0,1,0,0,0
22,0,91,1,6,4,3,3,0,1,1,0,1,0,0,0,0,0,1
23,0,85,2,5,1,0,0,0,1,1,0,0,0,1,0,1,0,0
20,2,77,1,2,3,2,2,0,1,0,0,0,1,0,1,0,0,0
17,5,72,2,4,1,1,1,1,1,0,1,0,1,0,1,0,0,0
25,1,84,2,3,1,1,1,1,1,0,0,0,0,1,0,0,0,1
20,5,88,0,4,1,1,1,0,1,1,1,0,0,0,0,0,1,0
19,1,81,4,3,4,3,3,1,1,1,0,0,0,1,0,0,0,0
21,1,76,1,9,0,0,0,1,1,0,0,0,0,1,0,0,0,1
23,4,93,1,4,4,3,3,0,1,1,0,0,1,0,0,0,0,1
20,3,78,3,6,1,1,1,1,1,0,0,0,1,0,0,0,0,1
23,1,72,1,4,1,1,2,0,1,1,0,0,0,1,0,0,0,0
23,2,81,0,5,0,0,0,1,1,0,1,0,0,1,0,1,0,0
18,4,82,2,4,2,2,2,1,1,1,0,0,1,0,1,0,0,0
19,3,76,3,4,1,1,1,0,0,1,0,0,0,1,1,0,0,0
23,4,81,3,4,2,1,1,0,1,0,1,1,0,0,0,0,0,1
17,3,68,1,6,1,1,1,0,1,1,0,0,1,0,1,0,0,0
20,5,85,5,5,1,1,1,0,1,0,0,0,0,0,0,1,0,0
17,2,73,2,7,1,0,0,1,1,1,0,0,0,0,1,0,0,0
20,4,78,4,5,2,2,2,0,1,0,1,1,0,0,0,0,1,0
20,2,76,0,5,2,1,1,1,1,1,0,0,0,1,0,1,0,0
20,4,93,3,5,3,3,3,0,0,0,0,0,0,0,0,0,0,1
19,4,79,1,6,0,0,0,1,1,0,1,0,1,0,0,0,1,0
18,2,75,4,5,0,0,0,1,1,0,0,0,0,1,0,1,0,0
26,4,98,1,7,3,2,2,0,1,0,0,1,0,0,0,0,1,0
25,4,96,2,10,2,2,2,0,1,0,0,1,0,0,0,1,0,0
18,4,88,0,7,1,1,2,0,1,0,0,1,0,0,0,0,0,0
24,3,86,2,6,1,1,1,0,1,1,0,0,0,1,1,0,0,0
20,3,75,0,1,3,3,3,0,1,0,1,0,1,0,0,0,0,0
21,6,90,5,8,4,4,4,0,1,1,1,0,0,1,0,0,0,1
20,2,84,1,7,1,1,1,0,1,1,0,0,0,1,0,0,0,0
19,4,76,0,8,1,1,1,0,1,0,1,0,1,0,1,0,0,0
23,3,83,3,6,1,2,2,0,1,0,0,0,0,0,0,1,0,0
21,4,78,4,3,2,2,2,0,1,1,1,1,0,0,0,0,1,0
20,5,69,3,3,2,2,2,0,1,0,0,0,1,0,0,1,0,0
18,3,92,1,3,3,3,3,1,1,0,0,0,1,0,0,1,0,0
19,4,67,2,5,3,3,3,0,1,0,0,1,0,0,0,0,1,0
17,4,99,3,4,3,3,3,0,1,0,0,1,0,0,0,0,1,0
21,3,80,1,7,1,1,1,1,1,1,0,0,1,0,0,0,1,0
18,2,85,4,4,3,4,4,0,1,0,0,1,0,0,0,0,0,0
20,4,86,2,4,2,3,3,1,1,1,1,0,0,0,0,0,0,1
24,4,74,1,6,2,2,2,0,0,0,0,0,0,1,0,0,1,0
23,1,80,2,4,0,0,0,0,1,0,1,0,1,0,0,0,1,0
20,2,81,2,3,1,1,1,1,1,0,1,1,0,0,0,0,0,0
20,4,77,3,2,4,4,4,0,1,0,0,0,0,0,1,0,0,0
25,3,90,5,7,0,0,0,0,0,0,1,0,0,1,0,0,0,0
22,4,72,2,3,3,3,3,0,1,0,1,1,0,0,0,0,0,1
20,2,83,1,4,0,1,1,1,1,0,1,0,0,0,1,0,0,0
17,4,68,2,4,1,1,1,1,1,1,0,0,0,1,0,0,0,1
21,4,83,0,1,3,3,2,0,1,1,1,0,0,1,0,0,0,0
22,4,83,1,6,3,3,3,1,1,0,1,0,1,0,0,0,0,0
19,3,97,3,8,2,2,2,1,1,0,0,1,0,0,0,0,1,0
21,4,77,0,7,2,3,3,0,1,0,1,0,1,0,0,1,0,0
20,4,65,0,5,3,3,3,0,1,0,1,0,1,0,0,0,1,0
20,4,80,2,7,2,3,3,0,1,1,0,0,0,0,0,0,1,0
17,5,95,0,2,2,2,2,0,1,0,0,0,0,0,0,1,0,0
20,3,77,2,7,1,1,1,0,1,0,0,1,0,0,0,0,0,0
23,0,83,3,4,2,2,2,0,1,0,1,0,0,1,0,1,0,0
19,4,79,1,7,1,1,1,0,1,1,0,0,0,0,0,1,0,0
21,6,80,2,5,2,1,1,1,0,0,1,1,0,0,0,0,0,1
19,4,82,0,3,2,2,2,0,1,0,1,1,0,0,1,0,0,0
21,3,90,2,5,1,0,0,0,1,0,0,0,1,0,0,0,1,0
20,4,93,3,5,2,2,2,0,0,0,0,1,0,0,0,0,0,0
18,5,70,2,5,3,3,3,0,1,0,0,0,0,0,1,0,0,0
23,4,88,0,4,2,2,2,0,1,1,0,0,0,1,0,1,0,0
23,3,92,6,3,1,1,1,1,1,0,0,0,0,1,0,0,0,0
19,2,84,6,6,2,2,2,0,1,1,1,1,0,0,0,1,0,0
22,4,91,1,5,2,2,2,0,1,0,1,0,0,0,0,1,0,0
22,8,72,1,6,3,4,4,0,1,1,0,1,0,0,0,0,0,1
22,2,86,1,6,0,0,0,0,0,0,1,1,0,0,0,0,1,0
17,4,92,1,6,3,4,4,0,1,0,0,1,0,0,0,0,0,0
23,4,77,4,8,0,0,0,1,1,1,0,1,0,0,0,0,1,0
19,2,71,0,5,0,0,0,1,1,0,1,0,1,0,0,0,1,0
20,5,91,1,3,2,2,2,0,1,1,0,1,0,0,0,0,0,1
26,4,63,1,5,4,4,3,0,1,1,0,0,0,1,0,1,0,0
21,5,77,0,5,1,2,2,0,1,0,0,0,0,0,1,0,0,0
20,3,67,0,5,2,2,2,0,1,0,1,0,1,0,0,0,1,0
17,2,77,4,8,0,0,0,0,1,1,1,0,0,0,0,0,0,0
24,4,76,3,5,2,2,2,0,1,0,0,0,1,0,0,1,0,0
18,3,67,2,8,1,1,1,1,1,0,0,0,0,1,0,0,0,0
18,4,77,2,8,2,2,2,0,1,1,0,1,0,0,0,0,1,0
20,3,91,0,6,2,3,3,1,1,0,0,1,0,0,0,1,0,0
24,2,84,3,6,1,2,2,1,1,0,0,1,0,0,1,0,0,0
22,4,68,4,5,2,2,2,0,1,1,0,0,0,1,0,1,0,0
20,5,85,2,8,2,2,2,0,1,0,0,0,0,1,0,1,0,0
21,5,87,3,4,4,3,3,0,1,0,1,0,1,0,0,0,0,1
19,3,82,0,7,2,2,2,0,1,0,0,1,0,0,0,0,1,0
21,2,81,4,3,3,3,3,0,1,0,1,0,0,0,0,0,0,0
21,4,75,1,5,2,2,2,0,1,0,0,0,1,0,0,0,1,0
23,3,85,1,7,3,3,3,0,0,1,0,0,0,0,0,0,1,0
23,3,86,1,7,1,1,1,0,0,0,1,0,0,0,0,1,0,0
22,6,84,3,4,1,2,2,0,0,1,1,0,0,1,0,0,0,0
20,3,96,0,5,3,3,3,0,1,0,0,0,1,0,0,0,0,1
22,4,80,0,8,2,1,1,0,1,0,0,1,0,0,0,1,0,0
20,5,71,2,4,2,2,2,0,1,0,0,0,0,0,0,0,0,1
18,4,95,2,4,2,3,3,0,1,1,0,1,0,0,0,0,0,0
20,5,66,3,8,0,0,0,1,1,0,1,0,0,1,0,1,0,0
21,3,78,3,5,2,3,3,1,1,0,1,0,0,0,0,1,0,0
23,3,74,3,5,2,2,2,0,1,1,0,0,1,0,0,0,1,0
20,3,81,3,8,1,1,1,1,1,0,1,0,1,0,0,0,1,0
18,2,80,0,4,2,1,1,0,1,0,0,0,0,1,0,1,0,0
21,4,74,2,4,2,2,2,0,1,0,1,0,0,1,0,1,0,0
21,4,90,1,5,2,1,1,0,1,0,0,0,1,0,0,1,0,0
21,3,80,3,5,0,0,0,1,1,1,1,1,0,0,0,1,0,0
23,4,91,2,4,3,3,3,0,1,0,1,0,0,0,0,0,0,0
23,4,72,2,7,2,2,2,0,1,1,0,1,0,0,0,0,0,1
19,3,73,3,5,1,1,1,0,1,1,0,0,1,0,1,0,0,0
19,4,73,0,5,3,3,3,0,1,0,1,0,0,1,0,0,0,1
18,2,86,2,5,4,3,3,0,1,0,1,0,0,1,0,0,1,0
22,2,96,0,3,4,4,3,0,1,0,1,1,0,0,0,0,0,1
24,5,79,0,4,1,1,1,0,1,1,0,0,1,0,0,0,0,0
20,3,63,1,2,2,1,1,0,1,1,0,0,0,0,1,0,0,0
20,3,85,1,7,1,1,1,0,0,0,1,0,1,0,0,0,0,0
24,6,87,1,5,4,3,3,0,1,0,1,0,0,1,0,0,0,1
22,4,58,1,5,1,1,1,1,1,0,0,1,0,0,1,0,0,0
22,3,86,3,4,3,3,3,0,1,0,0,0,0,1,0,0,1,0
18,2,88,1,7,0,0,0,0,1,0,1,1,0,0,0,0,0,1
22,4,65,0,2,3,3,3,0,1,0,0,0,1,0,0,0,0,1
19,5,90,3,7,2,1,1,0,1,0,0,1,0,0,0,0,0,1
18,3,91,2,5,3,3,3,0,0,0,0,0,0,1,1,0,0,0
20,5,79,0,3,2,2,2,0,1,0,1,0,0,1,0,0,0,1
19,3,87,1,1,2,2,2,0,0,0,0,0,1,0,0,0,0,0
20,3,97,0,6,1,1,1,0,1,1,0,1,0,0,0,0,0,0
17,3,76,1,7,1,1,1,1,1,0,0,0,1,0,1,0,0,0
23,3,91,1,5,2,2,2,0,1,1,0,0,0,0,0,0,0,1
23,5,84,1,6,3,3,3,0,1,0,1,1,0,0,0,0,0,1
17,5,72,1,6,0,0,0,1,1,0,0,1,0,0,1,0,0,0
23,4,67,2,5,1,1,1,1,1,0,0,0,0,0,0,0,0,1
19,0,87,3,7,0,0,0,0,1,1,1,0,0,0,0,0,1,0
22,5,71,2,2,2,2,2,0,1,1,0,0,1,0,0,0,1,0
20,3,89,1,5,3,3,3,0,1,1,1,1,0,0,0,0,1,0
21,3,64,1,6,1,2,2,0,1,0,0,0,0,0,0,0,0,0
20,3,83,0,4,3,3,3,0,1,0,0,1,0,0,0,0,0,1
23,4,79,1,6,2,2,2,0,1,0,0,0,0,0,0,0,0,1
18,4,95,0,3,3,2,2,0,1,0,0,0,1,0,0,0,1,0
22,5,83,3,5,1,2,1,0,1,1,0,0,0,1,0,0,0,1
23,4,86,3,4,2,3,3,0,1,0,1,0,1,0,0,1,0,0
22,4,78,0,4,2,2,2,0,1,0,0,1,0,0,1,0,0,0
26,3,80,2,6,1,1,1,0,1,1,1,0,0,0,0,0,0,0
19,2,90,0,2,3,4,4,0,1,0,1,0,0,1,0,0,0,0
23,4,82,2,3,3,3,3,0,1,0,0,0,0,0,0,0,1,0
20,4,74,5,6,2,2,2,0,1,1,1,0,1,0,1,0,0,0
23,3,91,0,5,1,1,1,0,1,0,0,0,0,0,0,1,0,0
21,2,95,1,4,3,3,3,0,1,0,0,0,0,1,0,0,0,0
20,5,94,3,6,3,3,3,0,1,1,0,0,0,0,1,0,0,0
23,3,92,1,3,2,2,2,0,1,0,0,0,0,0,0,1,0,0
19,2,79,2,3,1,1,1,1,1,0,1,1,0,0,0,0,0,0
17,2,74,3,5,3,4,4,0,1,0,1,0,0,0,0,1,0,0
19,4,72,2,5,1,1,1,0,1,0,0,0,1,0,1,0,0,0
22,6,71,3,4,2,2,2,1,1,1,0,0,0,1,0,0,0,0
24,4,81,1,5,2,3,3,0,1,0,1,0,0,1,0,0,0,1
21,4,96,3,5,1,1,1,1,1,0,0,1,0,0,0,0,0,0
23,3,68,1,5,2,3,3,1,1,1,0,0,0,1,0,0,1,0
18,5,82,4,3,2,2,2,0,1,0,1,0,0,0,0,0,0,1
20,2,79,2,5,0,0,0,0,1,0,1,0,0,0,0,0,0,0
20,6,72,0,1,2,3,3,0,1,0,1,0,0,0,0,0,1,0
20,1,80,1,8,0,0,0,0,0,1,0,0,0,1,0,0,0,0
21,4,92,0,3,1,1,1,0,1,1,0,1,0,0,0,0,0,1
22,3,83,1,5,0,0,0,1,1,0,1,0,0,1,1,0,0,0
20,4,87,1,5,2,3,3,1,1,0,0,0,0,1,1,0,0,0
21,4,90,3,4,3,3,3,0,1,0,0,0,0,0,0,0,0,0
20,2,85,7,7,1,1,1,1,1,1,0,0,0,0,0,0,1,0
19,4,64,1,5,0,0,0,1,1,1,1,0,1,0,0,0,0,1
20,3,82,1,4,3,2,2,0,1,0,0,1,0,0,0,0,0,0
20,4,73,1,6,1,2,2,0,1,0,0,0,1,0,0,0,0,1
20,3,82,1,3,2,2,2,0,1,0,0,0,1,0,0,0,0,0
21,3,83,1,7,2,2,2,0,1,0,0,1,0,0,1,0,0,0
21,4,92,2,7,2,2,2,0,1,0,0,0,0,1,0,1,0,0
20,3,79,1,7,0,0,0,1,1,0,1,0,0,1,0,0,0,1
23,5,79,2,2,1,2,2,0,1,0,0,0,0,0,0,0,0,0
18,4,69,1,4,2,2,2,1,1,1,0,1,0,0,0,0,0,0
19,6,87,1,4,3,4,3,0,1,0,0,0,1,0,0,0,0,0
27,3,70,3,4,4,4,3,0,1,0,0,0,0,1,0,1,0,0
18,4,78,2,7,1,1,1,1,1,1,1,1,0,0,0,0,0,0
18,3,76,1,2,2,2,2,0,1,1,1,1,0,0,1,0,0,0
22,4,89,2,6,4,4,3,0,0,1,0,0,1,0,0,0,0,0
17,4,85,1,6,0,1,1,1,1,1,0,0,1,0,0,0,1,0
20,6,87,2,4,3,4,4,0,1,1,0,0,0,0,0,0,0,1
25,5,89,2,6,4,4,4,0,1,0,0,0,0,0,0,0,0,1
17,5,76,4,6,1,2,2,0,1,1,1,1,0,0,0,1,0,0
17,2,75,2,5,2,1,1,0,1,0,1,0,0,1,0,0,0,1
17,3,68,0,7,0,0,0,1,1,1,0,0,0,1,1,0,0,0
23,4,83,0,4,1,1,1,0,1,0,1,1,0,0,0,0,1,0
23,2,75,1,7,1,1,1,1,1,0,0,0,0,0,0,1,0,0
19,3,85,1,5,3,3,3,0,0,1,0,0,1,0,0,0,0,1
22,4,76,1,5,4,4,3,0,1,0,0,1,0,0,0,0,0,0
24,6,89,1,5,3,3,3,0,1,0,1,0,1,0,0,0,0,1
24,3,83,0,3,2,3,3,0,1,0,0,0,0,0,1,0,0,0
20,1,82,0,4,3,2,2,0,1,1,0,1,0,0,0,0,0,1
17,5,81,1,3,4,3,3,0,1,0,1,0,0,1,0,0,0,1
19,5,99,5,6,2,2,2,0,1,0,0,0,0,1,1,0,0,0
20,6,77,3,7,1,1,1,0,1,0,1,1,0,0,0,0,1,0
20,3,82,7,6,1,1,1,0,1,0,0,0,0,1,0,0,0,0
20,2,80,6,4,2,2,2,0,1,0,0,0,1,0,0,0,0,1
23,4,75,2,5,3,3,3,0,1,0,0,0,1,0,0,0,0,0
23,4,79,1,6,2,2,2,0,1,0,1,0,0,1,0,0,0,1
20,4,82,1,6,2,1,1,0,1,1,0,1,0,0,0,0,1,0
23,3,72,5,8,1,0,0,1,0,0,0,0,0,0,0,0,1,0
21,4,95,1,6,2,2,2,1,1,0,0,0,0,0,0,0,0,1
21,4,87,0,5,1,1,1,0,1,1,1,0,1,0,0,0,0,1
23,3,90,2,5,1,1,1,1,0,1,1,0,0,0,0,0,0,0
21,2,80,1,4,2,3,3,0,1,1,1,0,0,1,0,0,1,0
25,3,79,2,5,1,1,1,1,1,0,1,0,0,0,0,0,0,0
17,3,80,1,6,0,0,0,1,1,0,0,0,0,0,1,0,0,0
19,4,76,1,4,2,2,2,0,0,0,1,0,0,0,0,1,0,0
20,3,92,2,6,1,2,2,1,1,0,0,0,1,0,0,0,0,1
22,3,93,0,5,2,1,1,0,1,0,0,0,0,1,0,0,0,1
23,4,86,2,8,1,1,1,0,1,0,1,0,0,1,0,0,0,0
20,3,95,3,6,1,1,1,1,1,1,1,0,1,0,0,0,0,1
17,3,100,1,6,1,1,1,0,1,0,1,0,1,0,1,0,0,0
22,4,96,3,4,4,4,3,0,1,1,0,1,0,0,0,0,1,0
22,4,78,3,8,3,3,3,0,1,1,0,0,0,1,1,0,0,0
17,3,62,0,6,1,1,1,0,1,1,0,0,1,0,0,0,0,1
21,6,87,6,8,3,3,3,1,1,0,0,0,1,0,0,0,0,0
17,5,85,0,5,1,1,1,0,1,0,1,0,1,0,0,0,1,0
19,4,82,4,5,1,1,1,1,1,0,0,0,0,0,1,0,0,0
19,3,80,0,3,4,4,4,0,1,1,0,0,0,0,1,0,0,0
22,1,92,1,8,1,1,1,0,1,0,1,0,0,0,0,0,0,0
21,2,69,1,6,1,1,1,0,0,1,0,0,0,0,0,0,0,1
18,5,94,2,8,1,1,1,1,1,0,0,0,0,1,0,0,1,0
22,2,95,1,4,3,3,3,0,1,0,0,0,0,1,0,0,1,0
17,4,83,1,6,2,2,2,0,1,0,0,0,0,0,0,0,0,1
21,2,84,0,7,1,2,2,0,1,1,0,1,0,0,0,0,1,0
19,3,72,0,6,0,0,0,0,1,0,0,0,0,1,0,1,0,0
20,3,90,3,4,1,1,1,1,1,0,0,0,0,1,0,0,1,0
22,5,92,1,4,3,3,3,0,1,0,1,1,0,0,0,0,0,0
22,5,88,2,4,1,1,1,0,1,1,1,1,0,0,0,1,0,0
23,1,72,0,10,0,0,0,1,1,0,1,0,0,0,0,1,0,0
20,5,69,0,4,2,2,2,0,1,0,0,0,0,0,1,0,0,0
21,3,80,0,1,2,2,2,0,1,1,0,0,1,0,0,1,0,0
20,5,82,4,5,0,0,0,0,1,0,0,0,0,0,0,0,0,1
21,5,90,0,5,3,4,3,0,1,0,0,1,0,0,0,0,1,0
22,3,80,1,4,4,3,3,0,1,1,0,1,0,0,1,0,0,0
20,6,90,3,4,3,3,3,0,0,1,1,1,0,0,1,0,0,0
17,1,91,2,5,3,3,3,0,1,0,0,1,0,0,0,0,0,0
21,2,85,3,3,1,1,1,1,1,1,0,0,0,0,0,0,0,0
21,3,89,1,8,1,1,1,0,0,1,0,0,0,0,0,0,0,1
19,2,78,2,5,1,1,1,1,1,0,0,0,1,0,0,0,0,0
18,2,72,2,5,1,1,1,0,1,0,0,0,0,0,0,1,0,0
24,5,77,2,7,1,1,1,1,0,1,0,0,0,1,0,0,0,1
22,3,75,2,10,3,2,2,0,1,0,1,1,0,0,0,0,1,0
20,4,91,1,4,4,4,4,0,1,1,1,0,1,0,0,0,0,1
18,4,88,1,6,3,2,2,0,1,1,0,1,0,0,0,0,1,0
19,5,65,4,6,0,0,0,1,1,1,0,0,1,0,0,0,0,0
23,6,83,2,6,1,1,1,0,1,1,0,1,0,0,0,1,0,0
21,2,67,2,7,0,0,0,1,1,0,1,0,0,1,0,0,1,0
19,6,73,5,7,1,1,1,0,1,0,0,1,0,0,0,0,1,0
22,4,88,1,4,2,2,2,0,1,0,0,0,0,0,0,0,0,1
19,4,68,0,7,1,1,1,0,1,0,1,0,0,1,1,0,0,0
24,3,71,2,5,3,3,3,0,1,1,1,0,0,1,0,1,0,0
24,4,73,3,5,3,3,3,0,1,0,0,0,1,0,1,0,0,0
20,6,69,1,6,2,2,2,0,1,1,0,0,0,1,0,0,0,1
19,4,70,2,4,1,1,1,0,1,1,0,1,0,0,1,0,0,0
17,5,81,3,6,3,3,3,0,1,1,1,0,0,1,0,1,0,0
17,2,68,6,6,1,1,1,0,1,1,1,0,1,0,1,0,0,0
18,3,80,2,2,3,3,3,0,1,0,0,0,0,0,0,1,0,0
21,4,82,2,8,0,0,0,1,0,1,0,0,0,1,0,1,0,0
20,4,88,1,4,2,3,3,0,1,0,1,0,1,0,0,1,0,0
18,4,89,1,6,4,3,3,0,1,0,0,1,0,0,0,0,1,0
20,6,71,1,8,0,0,0,1,1,1,1,0,0,0,0,0,0,0
22,3,71,2,6,1,0,0,1,1,0,0,1,0,0,0,0,0,1
22,4,71,3,7,0,0,0,1,1,0,0,0,0,0,0,0,0,1
17,4,88,0,7,2,2,2,0,1,0,0,1,0,0,0,0,0,0
20,3,84,1,4,3,3,3,0,1,1,0,0,0,1,0,1,0,0
18,4,79,3,5,2,2,2,0,1,0,1,0,0,1,0,1,0,0
23,3,72,3,6,0,0,0,1,1,1,0,1,0,0,0,0,1,0
22,4,83,1,6,4,4,4,0,1,0,1,0,1,0,0,0,1,0
19,2,93,4,7,2,2,2,0,1,1,0,0,1,0,0,0,1,0
19,6,92,3,6,4,4,4,0,1,1,0,0,0,0,0,0,0,1
20,3,70,1,4,1,1,1,0,1,1,0,0,1,0,1,0,0,0
17,3,90,2,7,1,1,1,0,1,1,0,0,1,0,0,0,0,1
21,1,70,5,1,2,2,2,0,1,1,1,1,0,0,0,1,0,0
20,3,78,3,7,1,0,0,1,1,0,1,1,0,0,0,0,0,1
23,3,77,2,3,3,3,3,0,1,0,1,0,0,1,0,1,0,0
18,4,84,3,3,1,1,1,0,1,0,1,0,0,1,1,0,0,0
19,3,74,1,10,1,1,1,1,1,1,1,0,1,0,1,0,0,0
17,7,82,1,5,1,1,1,1,1,1,0,0,1,0,0,1,0,0
18,2,73,3,5,2,2,2,1,1,0,1,0,0,1,0,1,0,0
18,4,83,1,3,4,3,3,0,1,1,1,0,0,1,0,0,1,0
23,4,71,3,6,2,2,2,0,1,0,0,0,1,0,1,0,0,0
19,2,78,1,6,2,2,2,0,1,0,0,0,0,1,0,0,0,1
21,3,82,2,4,2,2,2,0,1,1,0,0,0,1,0,0,0,0
20,7,80,2,1,2,2,2,0,1,0,1,0,0,1,0,0,0,1
18,3,88,2,8,0,0,0,1,1,0,0,0,0,1,0,0,0,0
20,6,63,2,5,2,3,3,0,1,0,0,1,0,0,0,1,0,0
22,3,83,2,4,0,1,1,0,1,0,0,0,1,0,0,0,0,0
18,4,75,3,5,1,1,1,0,1,0,0,0,1,0,0,0,1,0
22,3,86,3,4,1,0,0,0,1,0,1,0,0,0,0,0,0,1
19,2,82,1,7,1,1,1,0,1,0,0,0,0,0,1,0,0,0
19,2,90,1,6,2,2,2,0,1,0,0,1,0,0,0,0,0,0
22,3,80,1,6,2,3,3,0,1,0,0,0,1,0,0,0,0,0
19,4,91,0,9,1,1,1,1,1,1,1,0,0,0,0,1,0,0
21,4,83,3,4,3,2,2,0,0,1,0,1,0,0,0,0,1,0
20,3,71,3,7,2,2,2,1,1,0,0,1,0,0,0,0,0,0
21,4,75,3,5,3,3,3,0,1,1,0,1,0,0,0,1,0,0
17,2,77,2,6,0,0,0,1,1,0,0,0,0,1,0,0,0,0
17,4,82,2,9,0,0,0,1,1,1,0,0,0,0,0,0,0,0
22,2,89,5,3,2,1,1,0,1,1,0,0,1,0,0,0,0,0
23,4,86,2,8,1,1,1,1,1,1,0,1,0,0,0,0,0,0
19,4,87,2,3,3,3,3,0,1,1,0,0,1,0,0,0,0,1
20,3,76,1,9,0,0,0,1,1,0,0,1,0,0,0,0,0,0
21,4,89,1,4,3,2,2,0,1,0,0,0,1,0,0,0,0,1
22,3,82,3,4,2,3,2,0,1,0,1,0,0,1,0,0,1,0
17,5,88,2,4,3,4,3,0,1,0,1,0,0,1,0,0,0,0
19,5,70,3,5,3,3,3,0,1,0,0,0,1,0,0,0,0,0
20,4,85,3,5,2,3,2,0,1,0,0,0,0,1,0,0,0,1
22,4,77,1,5,1,1,1,0,1,0,1,0,0,0,0,1,0,0
26,4,71,5,6,1,1,1,1,1,1,0,1,0,0,0,1,0,0
20,3,87,4,5,2,3,3,0,1,0,0,0,0,0,1,0,0,0
17,4,78,1,5,3,4,3,0,1,0,0,0,0,1,0,0,0,0
21,4,86,2,4,2,3,3,0,1,0,1,1,0,0,1,0,0,0
23,3,74,4,6,1,1,1,0,1,0,1,0,1,0,1,0,0,0
21,4,98,3,6,4,4,4,0,1,1,0,0,1,0,0,1,0,0
19,2,81,2,6,2,2,2,0,0,0,0,0,0,1,0,1,0,0
23,2,78,3,5,2,2,2,1,1,1,0,0,0,0,0,0,0,1
22,4,89,0,4,4,4,4,0,1,1,0,0,0,0,0,0,0,1
18,3,81,1,5,2,2,2,0,1,0,0,0,0,1,0,0,0,0
21,5,100,4,5,3,2,2,0,0,1,1,0,0,1,0,0,0,1
23,3,91,4,1,3,3,3,0,1,0,0,0,0,1,0,0,0,0
23,5,78,2,7,1,1,1,0,1,0,0,0,0,1,0,0,0,1
20,3,82,1,6,3,3,3,0,1,0,1,0,0,0,0,0,0,0
20,4,82,3,5,1,1,1,0,1,0,1,0,1,0,0,0,1,0
23,3,73,2,6,2,2,2,0,0,0,0,0,0,1,1,0,0,0
18,4,92,2,5,1,1,1,0,1,0,1,0,0,1,0,0,0,1
22,3,78,0,7,2,1,1,0,1,0,0,1,0,0,0,0,1,0
18,2,80,0,7,0,0,0,0,1,0,1,0,0,1,0,0,1,0
23,5,83,4,3,3,3,3,0,1,0,0,1,0,0,0,0,1,0
20,5,74,2,4,2,2,2,0,1,1,0,0,1,0,0,0,1,0
23,5,83,0,6,2,2,1,0,0,1,0,0,1,0,0,1,0,0
22,5,78,3,5,2,3,3,0,1,0,0,0,1,0,1,0,0,0
18,4,78,1,5,1,0,0,0,0,0,0,1,0,0,0,0,0,0
24,3,80,2,6,2,2,2,0,1,0,0,0,1,0,0,0,0,0
24,3,76,1,2,2,2,2,0,1,0,0,0,0,1,0,1,0,0
22,1,69,0,3,0,0,0,1,1,1,0,0,0,1,0,0,1,0
19,4,83,4,4,3,3,3,0,1,1,0,0,0,1,0,0,0,1
20,4,63,2,6,1,0,0,1,1,0,0,0,0,0,1,0,0,0
21,4,64,0,1,4,4,3,0,1,0,0,1,0,0,1,0,0,0
19,4,82,0,5,3,4,4,0,0,0,0,0,0,1,0,0,0,1
24,5,80,2,4,1,1,1,0,1,0,0,0,1,0,0,0,0,0
21,4,69,3,5,3,3,3,0,1,0,0,0,0,1,0,0,1,0
17,4,87,2,7,2,2,2,0,1,0,1,1,0,0,0,1,0,0
21,3,66,2,8,1,2,2,1,1,0,0,0,1,0,0,0,1,0
20,1,77,0,3,1,1,1,1,1,0,1,0,0,1,0,0,0,1
20,3,78,2,4,1,2,2,0,1,1,0,0,0,1,0,0,0,1
20,5,84,0,5,3,3,3,0,1,0,0,0,0,0,0,1,0,0
22,3,83,1,8,2,2,3,0,1,1,0,0,1,0,0,0,0,1
23,2,78,1,6,2,2,2,0,1,0,1,0,0,1,0,0,0,0
21,4,82,2,5,2,2,2,0,0,0,1,0,0,1,0,0,0,0
20,5,79,2,7,1,1,1,1,1,0,0,0,1,0,0,0,0,0
20,4,74,1,4,3,2,2,0,1,1,0,0,0,0,0,1,0,0
21,5,82,0,7,1,1,1,1,1,0,1,0,0,0,0,0,0,0
19,2,64,0,8,2,2,2,0,1,1,1,0,1,0,0,0,0,0
22,5,84,1,5,3,3,3,0,1,1,1,1,0,0,0,0,0,0
22,1,93,3,2,2,2,2,0,1,0,0,1,0,0,1,0,0,0
24,1,79,2,5,2,2,2,0,1,0,0,0,0,1,0,1,0,0
23,2,98,0,8,2,2,2,1,1,1,0,0,0,1,0,1,0,0
19,4,86,1,6,3,4,3,0,1,1,0,1,0,0,0,0,0,0
22,2,93,1,3,3,4,4,1,1,0,0,0,0,0,0,0,0,1
18,3,85,1,7,2,3,3,1,1,1,1,0,0,1,0,1,0,0
22,3,86,3,6,2,1,1,1,1,1,0,0,0,1,0,1,0,0
19,4,83,4,7,2,2,2,0,1,0,0,0,0,0,0,0,0,1
18,5,69,4,7,1,1,1,0,1,0,0,0,1,0,0,0,0,0
21,5,66,2,4,1,1,1,0,1,0,0,1,0,0,1,0,0,0
17,2,80,1,7,1,1,1,1,1,1,0,0,0,1,0,0,1,0
17,4,77,1,4,3,3,3,0,1,1,1,0,1,0,0,0,0,1
20,3,77,2,3,2,2,2,0,1,1,1,0,0,1,0,0,1,0
21,3,71,0,4,0,0,0,1,0,1,0,1,0,0,0,0,0,1
20,3,90,4,6,1,1,1,0,1,1,1,0,0,0,1,0,0,0
17,3,73,1,4,2,1,1,0,1,0,1,0,0,1,1,0,0,0
19,3,73,1,8,1,1,1,1,1,1,1,0,1,0,0,0,0,0
21,3,82,3,7,3,3,3,0,1,1,0,1,0,0,0,0,1,0
22,3,90,1,6,1,1,1,0,1,1,1,1,0,0,1,0,0,0
21,4,88,2,5,3,3,3,0,1,0,1,0,0,1,0,1,0,0
23,3,76,1,3,4,3,3,0,1,1,0,0,0,1,1,0,0,0
21,4,80,1,5,1,0,0,1,1,1,0,0,0,0,0,0,0,0
19,5,95,1,6,3,2,2,0,1,1,1,1,0,0,1,0,0,0
20,5,90,2,3,4,3,3,0,0,0,0,1,0,0,0,0,0,1
17,2,89,1,4,1,2,2,0,1,0,1,0,0,1,0,0,0,1
20,4,85,2,5,2,2,2,0,1,0,0,0,1,0,0,0,1,0
23,2,82,1,5,2,2,2,1,1,1,0,0,0,0,0,0,0,1
22,6,98,1,5,3,3,3,1,1,1,1,0,0,1,0,0,1,0
24,4,91,0,4,3,3,3,0,1,0,0,0,0,1,0,0,1,0
20,3,83,0,8,0,0,0,1,0,1,0,1,0,0,0,0,1,0
24,3,87,2,3,2,2,2,1,1,0,0,0,1,0,0,1,0,0
20,5,80,1,3,1,1,1,0,1,0,0,0,1,0,0,0,1,0
24,3,69,3,3,2,2,2,0,1,0,1,0,1,0,0,0,0,1
21,2,73,3,4,4,3,3,0,1,0,0,0,1,0,0,0,0,1
22,4,78,1,4,3,4,4,0,1,1,0,0,0,1,1,0,0,0
24,5,77,4,8,1,0,1,0,1,0,0,1,0,0,1,0,0,0
20,3,76,4,4,3,2,2,0,1,0,0,0,0,0,0,0,0,1
21,4,76,0,5,1,1,1,0,1,0,1,0,0,0,0,1,0,0
23,3,92,0,3,3,3,3,0,1,1,0,0,1,0,0,0,0,0
20,4,96,3,4,4,3,3,0,1,0,0,0,0,0,0,0,1,0
18,4,92,1,6,2,2,2,0,1,0,1,0,1,0,1,0,0,0
25,3,64,2,6,1,1,1,0,1,0,1,1,0,0,0,0,0,1
20,2,90,0,7,2,2,2,0,1,0,0,0,1,0,0,0,1,0
21,3,87,4,3,2,2,2,0,1,0,1,0,0,1,1,0,0,0
23,3,81,5,4,2,2,2,0,1,0,0,0,1,0,0,0,1,0
19,3,78,2,7,1,2,2,0,1,0,0,0,0,0,0,0,1,0
18,3,79,1,5,3,2,2,0,1,0,1,0,0,1,0,0,0,0
21,4,89,0,5,3,3,3,0,1,0,0,1,0,0,0,0,1,0
17,4,85,2,6,4,4,4,0,0,0,0,0,1,0,1,0,0,0
20,3,91,2,7,1,1,1,1,1,1,0,0,1,0,0,0,1,0
21,4,88,1,4,3,3,3,0,1,0,0,1,0,0,0,0,1,0
20,2,93,4,5,1,1,1,1,0,1,0,1,0,0,0,1,0,0
17,4,87,3,5,3,2,2,0,1,0,1,1,0,0,0,0,0,0
24,1,72,0,3,4,4,4,0,1,0,0,0,1,0,0,1,0,0
21,2,69,1,6,2,2,2,0,1,0,0,0,0,1,0,0,1,0
24,2,87,1,4,2,2,2,0,1,1,0,0,0,1,0,0,1,0
20,3,86,1,5,3,3,3,0,1,1,0,1,0,0,0,0,0,1
19,4,77,1,6,2,2,2,0,1,1,1,1,0,0,1,0,0,0
21,4,84,3,6,2,1,1,0,1,0,1,0,0,1,1,0,0,0
20,4,63,2,5,3,3,3,0,0,0,0,1,0,0,1,0,0,0
18,5,78,1,5,0,1,0,1,1,0,0,1,0,0,0,0,0,1
24,4,70,2,5,2,2,2,0,1,1,1,0,0,0,0,0,1,0
19,2,82,2,4,3,3,3,0,1,1,1,1,0,0,0,0,1,0
17,4,77,3,3,1,1,1,1,1,0,0,0,1,0,0,0,0,1
23,4,85,1,5,3,3,3,0,0,1,0,0,0,0,1,0,0,0
19,3,68,4,3,1,1,1,0,1,0,0,0,1,0,0,0,0,0
19,4,86,3,3,4,3,3,0,1,0,0,0,1,0,0,0,0,1
17,3,77,4,3,2,2,2,1,1,0,0,0,0,0,0,0,1,0
24,4,73,1,5,2,3,3,0,1,0,1,0,0,0,0,0,1,0
18,4,78,2,4,1,0,0,1,1,1,0,1,0,0,1,0,0,0
21,2,69,0,7,2,2,2,0,1,0,1,1,0,0,0,0,0,0
23,3,79,1,6,3,2,2,0,1,1,0,0,0,0,0,0,0,1
21,4,83,1,5,0,0,0,0,1,1,1,0,0,0,0,0,1,0
20,4,82,0,4,1,1,1,0,1,0,1,0,0,1,0,1,0,0
17,2,85,6,1,3,2,2,0,1,1,0,1,0,0,0,1,0,0
19,3,77,3,4,2,2,2,0,1,0,0,0,0,1,1,0,0,0
21,4,88,1,7,1,1,1,1,0,0,0,1,0,0,0,0,0,1
19,3,84,4,4,3,3,3,0,0,1,1,1,0,0,0,1,0,0
21,3,88,1,5,0,0,0,0,1,1,0,1,0,0,0,0,1,0
22,4,95,2,5,3,3,3,0,1,1,1,0,1,0,0,1,0,0
23,6,69,2,6,3,3,3,0,1,1,0,1,0,0,0,1,0,0
18,4,78,1,7,2,3,3,0,1,1,1,0,1,0,0,1,0,0
25,4,75,0,2,3,2,2,0,1,0,0,0,0,1,0,0,1,0
22,2,99,2,1,3,3,3,0,1,1,0,0,0,0,0,0,0,1
21,2,86,2,6,2,2,2,0,1,1,0,0,0,1,0,0,0,1
23,2,84,3,5,2,2,2,1,1,1,0,0,0,1,0,0,1,0
26,3,91,3,6,1,1,1,0,1,0,1,0,0,1,1,0,0,0
17,4,82,2,5,4,3,3,0,1,0,0,0,1,0,1,0,0,0
20,4,85,1,6,2,1,1,0,1,0,1,0,1,0,0,0,0,0
17,5,78,4,5,2,1,1,1,0,0,1,0,0,0,0,0,1,0
21,4,71,4,5,0,0,0,1,1,1,1,0,0,0,0,0,1,0
21,1,89,0,4,1,2,2,0,1,1,0,1,0,0,0,0,1,0
20,2,74,1,5,0,0,0,1,1,1,0,0,0,1,0,0,0,0
19,6,88,3,6,3,3,3,0,1,0,0,1,0,0,0,0,0,1
17,4,90,1,5,2,2,3,0,1,0,0,1,0,0,0,0,0,0
21,3,64,0,3,1,1,1,1,1,1,0,0,1,0,0,0,0,0
24,1,90,0,8,0,0,0,1,1,0,0,0,0,1,0,1,0,0
19,2,84,3,6,1,1,1,0,1,0,0,0,0,0,1,0,0,0
22,5,74,1,7,2,2,2,0,1,0,0,0,1,0,1,0,0,0
17,4,53,0,5,2,2,2,0,0,1,0,0,0,0,0,1,0,0
22,4,81,1,5,2,3,3,0,1,1,1,1,0,0,0,0,1,0
20,3,80,4,5,0,0,0,1,1,1,1,0,0,1,0,1,0,0
19,6,90,1,6,2,2,2,0,1,0,0,0,0,1,0,0,1,0
19,3,82,1,2,2,2,2,0,1,0,1,0,0,0,1,0,0,0
20,2,73,1,2,2,2,2,0,1,0,0,0,0,0,1,0,0,0
21,4,69,1,4,2,2,2,0,1,1,0,1,0,0,0,0,0,1
18,4,83,1,6,2,2,3,0,0,0,0,0,1,0,0,1,0,0
20,3,82,1,4,3,3,4,0,1,0,0,1,0,0,0,1,0,0
20,4,92,4,5,1,1,1,0,1,1,0,0,0,1,0,1,0,0
18,5,78,1,5,2,2,2,1,1,1,0,0,0,0,1,0,0,0
25,3,85,1,4,2,2,2,0,1,0,1,0,1,0,0,0,0,1
19,2,80,0,8,2,2,2,1,1,0,0,0,1,0,0,0,0,0
19,4,60,0,4,2,2,2,0,1,0,0,0,0,0,0,0,0,0
18,3,87,1,1,3,3,3,0,1,0,0,1,0,0,0,0,1,0
25,4,78,2,3,4,3,3,0,0,0,0,1,0,0,1,0,0,0
22,5,87,2,4,3,4,4,0,0,0,0,0,0,0,1,0,0,0
18,2,83,1,5,2,1,1,1,1,1,0,0,0,0,0,0,0,1
23,1,74,3,5,1,0,0,0,1,0,1,0,0,1,0,0,0,1
21,6,80,2,6,3,2,2,0,1,0,0,0,0,1,0,0,0,1
21,4,81,2,8,2,3,2,0,1,1,1,0,0,1,0,0,0,0
20,2,83,3,5,2,3,3,0,1,1,1,0,1,0,1,0,0,0
19,2,86,2,7,3,3,3,1,1,0,1,1,0,0,0,0,0,0
21,3,82,3,4,2,2,2,0,1,0,0,0,1,0,0,0,0,0
19,4,96,4,6,0,0,0,1,0,1,0,0,0,1,0,0,0,1
25,0,88,4,4,2,2,2,0,1,0,0,0,0,0,1,0,0,0
18,4,90,0,5,3,3,2,0,1,0,1,0,0,1,0,0,0,1
24,3,88,1,5,2,2,2,0,1,0,1,0,1,0,0,0,0,1
20,5,82,1,7,2,2,2,0,0,0,0,0,1,0,0,0,0,0
21,4,87,2,5,4,3,3,0,1,0,1,1,0,0,1,0,0,0
22,5,92,3,5,4,4,4,0,1,1,0,0,1,0,0,0,0,0
19,3,83,2,6,4,3,3,0,1,1,0,1,0,0,0,0,0,0
22,4,90,2,7,1,2,2,0,1,1,1,0,0,1,0,0,0,0
17,5,71,1,3,2,1,1,0,0,1,0,1,0,0,0,1,0,0
19,2,90,0,5,1,1,1,0,0,1,0,0,0,1,0,0,0,0
19,4,75,0,3,2,2,2,0,1,1,0,0,0,1,0,1,0,0
18,4,71,4,7,1,0,0,1,1,0,0,0,0,1,0,0,0,1
20,5,79,3,6,2,2,2,0,1,0,1,1,0,0,1,0,0,0
21,3,83,2,7,0,0,0,1,0,0,1,0,0,0,0,0,0,0
22,2,84,2,2,0,0,0,0,1,1,1,0,0,1,0,0,1,0
21,5,92,2,5,2,3,3,1,1,1,1,0,0,0,0,0,1,0
19,3,77,1,7,1,1,1,0,1,1,1,0,1,0,0,0,1,0
21,2,95,1,8,2,3,2,0,1,1,1,1,0,0,0,0,0,0
21,3,95,0,6,1,1,1,0,1,1,0,1,0,0,0,0,0,1
23,2,83,0,4,3,4,3,0,1,1,0,0,0,1,1,0,0,0
22,3,75,1,5,1,1,1,0,1,0,1,0,1,0,1,0,0,0
21,0,100,4,3,3,3,3,0,0,1,1,0,0,0,1,0,0,0
19,4,95,0,8,2,2,2,0,1,1,0,0,1,0,0,0,0,0
19,2,83,0,6,1,1,1,0,1,1,0,0,0,1,0,1,0,0
19,5,71,4,5,3,2,2,0,1,0,0,0,1,0,0,0,1,0
20,3,87,2,6,3,2,2,0,1,1,1,0,1,0,0,0,0,0
21,4,62,1,5,2,2,2,0,1,1,0,0,1,0,0,1,0,0
22,4,89,0,5,2,2,2,0,1,1,1,0,1,0,1,0,0,0
20,4,83,3,4,3,3,3,0,1,0,0,0,1,0,0,0,0,0
21,4,69,2,4,2,2,2,0,1,0,0,0,1,0,1,0,0,0
21,1,72,0,6,0,0,0,1,1,1,0,0,0,0,0,0,1,0
19,4,75,2,7,2,2,2,0,1,0,1,0,1,0,0,0,1,0
19,4,80,4,5,2,1,1,0,1,0,0,0,0,1,0,0,0,1
17,3,76,3,4,2,2,2,0,1,1,0,0,0,0,0,0,1,0
19,4,63,0,7,1,2,2,1,0,1,1,0,0,1,0,0,1,0
22,4,80,0,5,2,3,3,0,1,0,1,1,0,0,0,0,1,0
19,2,79,1,1,3,3,3,0,1,0,0,0,1,0,0,0,1,0
20,4,94,2,4,3,3,3,0,1,0,0,1,0,0,0,1,0,0
22,1,94,3,6,3,3,3,0,1,1,0,0,0,1,0,1,0,0
22,4,71,2,4,4,4,4,0,1,0,0,0,0,1,0,0,1,0
18,2,85,0,5,2,2,2,0,1,1,1,1,0,0,1,0,0,0
23,5,88,2,3,4,4,3,0,1,1,0,0,0,1,0,1,0,0
23,2,81,3,4,2,2,2,0,1,0,1,0,1,0,0,1,0,0
18,2,83,2,3,3,2,2,0,1,0,1,0,1,0,1,0,0,0
19,7,90,0,3,4,4,4,0,1,0,1,0,0,0,0,0,0,1
23,5,84,1,4,3,3,3,0,1,1,0,0,0,1,0,0,0,1
20,2,87,1,7,1,1,1,1,1,0,0,1,0,0,0,0,1,0
17,2,93,1,6,2,2,2,0,1,1,1,0,0,1,1,0,0,0
17,2,78,1,9,0,0,0,1,0,0,0,0,0,0,0,1,0,0
20,4,88,1,4,2,2,2,0,1,1,0,0,0,0,1,0,0,0
18,4,78,2,7,0,1,1,0,1,0,1,0,1,0,0,0,1,0
20,3,90,2,8,1,1,1,0,1,1,1,0,0,1,0,1,0,0
21,6,77,2,7,0,0,0,1,1,0,1,0,1,0,0,1,0,0
24,2,85,1,7,2,2,2,0,1,0,0,0,0,1,0,0,0,0
20,1,80,1,5,2,2,2,1,1,1,0,0,0,0,0,1,0,0
23,7,86,0,5,4,3,3,1,1,0,0,1,0,0,0,0,1,0
24,5,75,1,3,1,2,2,0,1,1,1,0,0,0,1,0,0,0
24,3,79,3,1,3,3,3,0,1,0,0,0,0,1,0,0,0,1
21,4,81,3,5,2,2,2,1,1,0,0,0,0,1,0,1,0,0
17,4,73,4,3,1,2,2,0,1,0,0,0,0,1,1,0,0,0
22,1,77,3,4,2,1,1,0,1,1,1,0,0,0,0,0,0,1
23,3,68,0,4,3,3,3,0,1,1,0,1,0,0,0,0,0,1
20,4,85,2,6,2,3,3,0,1,1,0,0,0,0,0,0,0,1
24,4,88,1,5,2,2,2,1,1,1,0,0,0,0,0,0,0,1
22,0,70,0,7,1,1,1,1,0,1,0,1,0,0,0,1,0,0
22,4,72,4,4,1,1,1,0,1,1,0,0,0,1,1,0,0,0
23,4,74,2,5,2,2,2,0,1,0,1,0,0,0,0,0,0,0
21,3,71,2,5,3,3,3,0,1,0,0,0,1,0,0,0,0,0
17,2,85,1,5,3,4,3,0,1,0,1,1,0,0,0,1,0,0
19,5,76,5,5,3,3,3,0,0,0,1,0,0,0,0,0,0,1
23,3,84,1,8,0,0,0,1,1,1,1,0,1,0,0,0,0,0
19,3,76,0,7,1,1,1,0,1,0,1,0,0,0,0,0,0,0
20,4,79,0,5,2,2,2,0,1,0,1,0,0,0,0,1,0,0
18,2,90,2,4,4,4,3,0,1,1,0,0,0,1,0,0,0,0
24,6,72,1,4,1,1,1,1,1,0,0,0,0,0,0,1,0,0
24,5,77,2,5,1,1,1,0,1,0,1,0,0,1,1,0,0,0
19,3,85,1,2,3,3,3,0,1,0,0,0,0,0,0,0,0,1
21,1,79,5,5,0,1,1,0,1,0,0,0,1,0,0,0,0,1
19,4,83,0,6,2,2,2,0,1,0,0,0,0,1,1,0,0,0
22,4,82,0,4,2,2,2,0,1,0,0,0,0,1,1,0,0,0
22,4,69,1,5,2,2,2,0,1,0,0,1,0,0,1,0,0,0
22,3,93,5,6,2,2,2,0,1,0,1,0,1,0,1,0,0,0
21,1,81,0,2,1,2,2,0,1,1,0,0,0,1,0,1,0,0
27,4,94,2,5,1,1,1,1,1,0,0,0,0,0,0,0,0,1
18,1,84,2,4,0,0,0,1,1,1,1,0,1,0,0,0,0,1
17,4,92,1,8,1,1,2,0,1,0,0,0,0,1,0,1,0,0
20,4,90,1,5,2,2,2,0,1,0,0,0,0,1,0,1,0,0
17,3,91,1,3,3,3,3,0,1,0,1,1,0,0,0,0,1,0
17,4,65,2,5,2,3,3,0,1,0,0,0,1,0,0,0,1,0
18,0,96,3,5,2,2,2,0,1,1,1,0,0,1,0,0,1,0
19,2,78,1,7,0,0,0,1,1,1,1,1,0,0,0,1,0,0
18,3,84,0,4,1,0,0,0,1,0,0,0,1,0,0,0,1,0
22,1,88,2,6,3,3,3,1,1,0,0,0,0,1,0,0,1,0
19,5,100,1,6,2,2,2,0,1,0,0,0,0,1,0,1,0,0
20,2,90,0,6,3,3,3,0,1,0,0,0,1,0,1,0,0,0
23,3,77,3,5,0,0,0,1,1,0,1,1,0,0,0,0,0,1
19,6,84,1,4,3,2,2,0,1,0,1,0,0,0,1,0,0,0
20,5,71,1,5,1,2,2,0,1,0,0,0,0,1,1,0,0,0
21,4,93,2,5,4,4,3,0,1,1,1,0,1,0,0,0,1,0
17,4,57,0,5,1,1,1,0,1,0,0,0,0,0,0,0,0,1
17,4,80,1,7,3,3,3,0,1,1,1,1,0,0,0,0,1,0
21,2,99,2,6,2,2,2,0,1,1,0,1,0,0,0,0,0,1
22,2,88,2,6,2,2,2,0,0,0,0,0,0,1,0,0,0,1
25,5,85,1,4,2,2,2,0,1,0,1,0,1,0,0,1,0,0
21,3,72,3,7,3,3,3,0,1,0,0,0,0,1,0,1,0,0
22,0,92,2,5,0,0,0,1,1,1,0,1,0,0,0,0,0,1
20,4,74,3,5,2,2,2,0,1,0,0,0,0,1,0,0,0,1
21,4,74,1,7,0,1,1,1,1,0,0,0,1,0,0,1,0,0
24,2,92,1,4,3,3,3,0,1,0,1,0,0,1,0,0,0,1
17,5,74,4,4,2,2,2,0,1,1,0,0,1,0,0,1,0,0
21,4,70,2,5,2,2,2,0,1,0,0,0,0,1,0,0,0,0
25,6,74,2,7,2,3,3,0,1,0,0,0,0,0,0,0,0,1
21,5,83,0,6,1,1,1,0,1,0,0,0,0,0,1,0,0,0
24,5,78,0,1,1,1,1,1,0,1,1,1,0,0,1,0,0,0
19,3,96,1,7,2,2,2,0,1,1,1,1,0,0,0,0,0,0
20,4,82,3,4,2,2,2,0,1,1,0,1,0,0,0,0,0,0
21,4,72,0,4,2,3,3,0,1,0,0,0,0,0,0,0,1,0
17,3,67,3,5,0,0,0,0,1,0,0,0,0,0,0,1,0,0
18,4,89,1,3,2,2,2,0,1,0,0,1,0,0,0,0,1,0
18,6,84,1,7,2,3,3,0,1,0,0,0,0,1,1,0,0,0
22,3,86,3,5,1,1,1,0,1,1,1,0,0,0,0,0,0,1
22,4,78,1,6,3,3,3,0,1,1,0,0,1,0,0,1,0,0
21,3,83,4,4,2,2,2,0,1,1,0,0,1,0,0,0,0,0
22,1,91,2,7,1,0,0,0,1,1,0,0,0,1,0,0,0,0
20,5,82,1,8,3,2,2,1,0,0,1,0,0,0,0,0,0,1
23,4,72,4,3,3,3,3,0,1,1,1,0,0,0,0,0,0,0
21,5,87,7,3,4,4,4,0,1,0,1,1,0,0,1,0,0,0
21,2,79,1,4,2,3,3,0,1,1,0,0,1,0,0,0,0,0
20,3,89,1,7,3,3,3,0,1,0,1,1,0,0,0,0,0,0
22,4,82,1,5,2,2,2,0,1,0,0,0,1,0,0,0,0,0
20,5,88,1,5,3,4,4,0,1,1,1,1,0,0,1,0,0,0
23,5,86,2,6,1,0,0,0,1,0,1,1,0,0,0,0,1,0
18,3,92,2,9,1,1,1,1,0,1,0,1,0,0,0,0,0,1
18,4,89,2,2,3,3,3,0,1,0,0,0,0,0,1,0,0,0
22,4,71,3,5,2,1,2,0,1,0,1,1,0,0,0,1,0,0
20,4,67,2,5,4,3,4,0,1,0,1,0,0,1,1,0,0,0
20,4,81,3,6,1,1,1,0,0,0,0,0,1,0,0,0,1,0
23,3,86,2,7,0,0,0,1,1,1,1,0,0,0,0,0,0,1
19,4,76,3,4,4,4,3,0,1,1,0,1,0,0,0,0,0,0
20,5,85,3,6,1,1,1,1,1,1,0,0,1,0,0,0,1,0
24,3,85,2,2,2,3,3,0,1,1,0,1,0,0,0,0,0,1
24,2,81,2,6,2,2,2,0,1,0,1,0,0,1,0,0,1,0
24,5,76,2,9,1,1,1,0,1,0,1,1,0,0,0,0,1,0
20,5,73,2,4,2,2,2,0,1,0,0,1,0,0,0,0,0,0
23,2,100,0,6,3,3,3,0,1,0,1,1,0,0,0,0,0,1
18,3,65,1,4,0,1,1,0,1,0,0,0,0,1,0,0,0,0
19,4,72,1,5,2,1,1,0,1,0,0,0,0,1,0,0,1,0
17,4,100,1,7,3,3,3,0,1,1,1,0,1,0,0,0,0,0
24,4,73,4,6,2,1,1,0,0,0,0,0,0,0,1,0,0,0
19,4,77,2,5,1,2,2,0,1,1,0,0,0,1,0,0,0,0
20,3,87,1,5,3,2,2,0,1,0,0,0,0,1,0,0,0,1
19,0,85,1,3,2,3,3,0,1,0,0,0,0,0,1,0,0,0
22,3,85,2,7,1,1,1,0,1,0,1,0,1,0,0,1,0,0
20,3,94,2,6,1,1,1,0,1,1,1,1,0,0,0,0,0,1
18,2,74,0,3,1,1,1,0,1,0,1,0,1,0,0,0,0,0
22,3,83,4,5,2,2,2,0,1,1,0,0,0,0,0,0,0,0
17,5,81,3,3,3,3,3,0,1,0,1,0,0,0,0,0,0,0
19,3,75,1,4,2,2,2,0,1,0,0,1,0,0,1,0,0,0
17,4,82,1,7,1,1,1,0,1,0,0,1,0,0,1,0,0,0
17,2,86,2,7,2,2,2,0,0,1,0,1,0,0,0,1,0,0
21,4,86,2,6,2,2,2,0,0,0,0,1,0,0,0,0,1,0
17,6,90,2,5,1,1,1,0,1,0,0,0,1,0,0,0,0,1
17,4,81,1,6,0,0,0,0,1,1,0,0,1,0,0,0,0,0
21,4,73,1,4,3,4,4,0,0,0,1,0,1,0,0,0,0,1
19,4,70,1,6,0,0,0,0,1,0,0,1,0,0,1,0,0,0
25,3,78,1,5,2,1,1,0,0,1,1,1,0,0,0,0,0,0
25,5,71,0,4,2,3,3,0,1,1,0,0,0,0,0,0,1,0
19,3,76,2,4,2,2,2,1,1,1,1,1,0,0,0,1,0,0
22,6,72,0,6,2,2,2,0,1,1,0,0,1,0,0,0,0,1
22,6,76,1,5,2,2,2,1,1,1,1,0,1,0,0,0,1,0
19,3,96,1,4,3,2,2,0,1,1,0,0,0,1,0,0,0,0
17,4,81,3,5,1,1,1,1,1,1,0,0,1,0,0,0,0,1
21,3,94,1,3,3,3,3,0,1,1,1,0,1,0,1,0,0,0
20,5,85,4,5,2,2,2,1,0,0,1,0,0,1,0,0,0,1
20,2,77,1,6,1,1,1,0,1,0,1,1,0,0,0,0,0,0
22,4,66,0,5,2,2,2,0,1,0,0,1,0,0,0,0,1,0
19,4,68,0,3,2,1,1,0,1,0,0,1,0,0,0,0,0,0
18,5,79,1,2,2,2,2,0,1,1,1,0,0,0,1,0,0,0
21,2,71,2,7,1,1,1,0,1,0,0,0,0,0,0,0,0,0
21,4,86,2,5,3,4,4,0,1,0,0,1,0,0,1,0,0,0
18,4,78,2,7,1,1,1,1,1,0,0,0,0,1,1,0,0,0
23,2,79,0,8,0,0,0,1,1,0,1,0,0,1,0,0,0,0
17,5,78,3,6,0,0,0,1,1,0,0,1,0,0,0,1,0,0
19,6,89,2,5,1,1,1,0,1,1,0,0,0,1,1,0,0,0
20,4,74,1,5,3,3,3,0,1,0,1,1,0,0,0,0,0,1
19,3,74,1,4,2,2,2,0,1,0,0,1,0,0,0,0,0,0
19,3,84,1,4,2,3,3,0,1,0,1,0,0,1,0,0,0,1
25,7,90,4,4,3,3,3,0,1,1,0,1,0,0,1,0,0,0
19,4,69,0,5,3,2,2,0,1,0,0,0,1,0,0,0,0,0
26,3,99,2,2,3,3,3,0,0,0,0,0,0,0,0,0,0,0
22,1,74,2,3,1,1,1,1,1,0,0,1,0,0,1,0,0,0
21,3,64,1,3,1,0,1,0,1,1,0,0,0,1,0,0,1,0
22,3,85,3,3,2,2,3,0,1,1,0,0,1,0,0,0,0,0
26,4,80,0,6,3,3,3,0,1,1,1,0,0,1,0,0,0,0
18,4,85,1,4,2,2,2,0,0,0,0,0,0,0,0,0,0,1
18,5,88,1,5,1,2,2,0,1,1,0,0,1,0,1,0,0,0
19,0,69,4,6,0,0,0,1,1,1,1,0,0,0,1,0,0,0
21,4,79,1,7,3,3,3,0,1,0,1,0,1,0,0,1,0,0
17,5,86,2,6,1,0,0,1,1,0,0,1,0,0,0,0,0,0
21,1,84,2,8,2,2,2,0,1,0,1,0,1,0,0,1,0,0
24,2,80,0,5,2,2,2,0,0,0,0,1,0,0,0,0,0,0
21,3,87,1,5,1,1,1,0,1,0,1,0,0,1,0,0,0,1
20,4,90,4,4,4,4,3,0,1,1,0,0,1,0,0,1,0,0
19,3,65,1,2,2,2,2,0,1,0,0,0,1,0,0,0,1,0
23,3,94,2,5,2,2,2,0,0,0,0,0,1,0,0,0,0,0
19,2,72,2,7,2,2,2,1,1,1,1,0,0,1,0,1,0,0
25,4,86,0,4,4,3,3,0,0,1,0,1,0,0,0,0,0,0
25,3,79,2,4,2,2,2,0,1,1,0,1,0,0,1,0,0,0
21,2,92,2,7,0,0,0,1,0,0,0,1,0,0,0,0,0,0
21,4,87,1,5,3,3,3,0,1,1,1,0,1,0,1,0,0,0
23,5,86,2,3,2,2,2,0,1,0,1,0,1,0,0,1,0,0
23,4,83,1,3,4,4,3,0,1,1,1,0,0,1,0,0,0,0
19,3,77,1,6,1,1,1,0,1,0,0,0,0,1,1,0,0,0
19,5,74,3,5,2,2,2,0,1,0,0,1,0,0,1,0,0,0
18,3,70,2,5,2,2,2,0,1,0,0,1,0,0,0,1,0,0
21,4,77,4,5,3,3,3,1,1,0,1,0,0,0,0,0,0,1
22,5,89,3,6,1,1,1,1,1,1,0,0,0,0,1,0,0,0
18,3,74,2,7,2,1,1,1,1,0,0,1,0,0,1,0,0,0
20,3,91,5,4,3,3,3,0,1,0,0,0,1,0,0,0,1,0
18,4,73,2,6,0,0,0,1,0,0,0,1,0,0,0,1,0,0
19,2,80,2,4,2,2,2,0,1,0,0,1,0,0,0,1,0,0
22,5,85,4,6,1,2,1,0,1,1,1,1,0,0,1,0,0,0
19,1,90,2,6,1,1,1,0,1,0,0,0,0,1,0,0,0,1
20,4,79,1,4,2,2,2,0,1,1,1,0,0,0,0,0,1,0
17,3,85,3,1,1,0,0,0,1,1,0,0,0,1,0,0,0,0
21,4,83,2,4,4,4,4,0,1,0,0,0,1,0,0,0,0,1
20,5,80,3,6,2,2,2,0,1,0,0,1,0,0,0,0,0,1
19,2,73,1,7,0,0,0,1,1,0,1,1,0,0,0,0,0,0
20,2,85,2,4,1,2,2,0,1,0,0,0,0,0,0,0,1,0
21,5,82,1,7,2,2,2,0,1,0,1,0,0,1,0,0,0,1
19,3,79,1,8,0,0,0,0,1,0,0,1,0,0,0,0,0,1
17,3,82,0,6,0,0,0,1,1,0,0,0,1,0,0,1,0,0
25,3,86,0,3,2,3,3,0,1,0,1,0,0,1,0,0,0,0
19,3,68,3,6,1,1,1,0,1,0,0,0,0,1,0,0,0,0
20,2,77,2,4,4,4,4,0,1,0,0,1,0,0,0,0,1,0
23,3,74,0,4,4,4,4,0,1,0,0,1,0,0,0,1,0,0
28,2,74,1,6,2,2,2,0,1,0,0,0,0,1,0,0,0,0
18,5,75,1,6,2,3,3,0,1,0,0,0,0,1,1,0,0,0
22,3,90,1,6,1,1,1,1,1,0,0,0,0,0,1,0,0,0
19,5,84,3,6,2,2,2,0,1,0,0,0,0,1,0,1,0,0
19,4,73,3,5,2,2,2,0,1,0,0,0,0,1,0,1,0,0
19,2,83,2,2,4,4,4,0,0,1,1,0,0,0,0,0,1,0
18,4,85,3,5,1,1,1,1,1,0,1,0,0,1,0,1,0,0
20,3,79,0,4,1,1,1,1,0,0,1,0,1,0,0,0,1,0
17,3,71,2,4,2,2,2,0,1,1,1,0,0,0,0,0,1,0
23,3,73,3,3,3,3,3,0,1,0,0,0,0,1,0,1,0,0
21,5,69,0,5,1,1,1,0,1,0,1,0,0,1,0,1,0,0
21,4,99,4,5,3,3,3,0,1,1,1,0,0,0,0,0,1,0
20,5,68,3,5,1,1,1,1,0,1,0,0,1,0,1,0,0,0
20,2,72,1,8,0,0,0,1,1,0,0,0,0,0,1,0,0,0
21,1,81,5,6,1,0,0,0,0,1,1,0,0,1,1,0,0,0
18,3,67,1,3,3,2,2,0,1,0,0,1,0,0,0,0,0,1
20,5,72,3,9,1,1,1,0,1,1,0,0,0,1,1,0,0,0
19,3,82,2,2,3,3,3,0,0,0,1,0,0,0,0,0,0,0
19,6,83,1,5,4,3,3,0,1,0,1,0,0,1,0,0,1,0
17,3,85,1,4,3,3,3,0,1,1,0,0,1,0,0,0,0,0
23,4,87,2,6,2,2,2,0,1,0,1,0,0,1,1,0,0,0
19,3,81,1,6,3,3,3,0,1,0,0,0,0,1,1,0,0,0
23,1,76,4,4,1,1,1,0,1,0,0,0,0,0,0,1,0,0
23,3,85,4,7,1,1,1,1,1,1,0,0,0,0,0,0,0,0
18,4,93,1,5,1,1,1,0,1,0,1,0,0,1,1,0,0,0
18,3,86,3,8,2,2,2,0,1,1,0,1,0,0,0,0,1,0
26,3,75,0,7,2,2,2,0,1,0,1,0,0,1,1,0,0,0
24,3,86,1,4,1,1,1,0,1,1,0,0,0,1,0,1,0,0
20,4,86,2,7,2,2,2,0,1,0,1,0,1,0,0,0,0,1
21,0,72,3,4,2,2,2,0,1,1,0,0,1,0,0,0,0,0
19,3,80,2,6,0,0,0,1,1,0,0,0,0,0,1,0,0,0
22,2,86,0,6,3,3,3,0,1,1,0,0,1,0,0,0,1,0
19,4,91,0,4,2,2,2,0,1,0,1,0,0,1,0,0,1,0
17,4,76,3,1,2,3,3,0,1,0,0,0,0,1,0,0,0,1
18,4,70,0,8,0,0,0,1,1,1,0,0,0,1,0,0,0,1
21,4,86,2,6,2,2,2,0,1,0,0,0,0,1,0,0,1,0
18,1,80,0,5,3,3,3,0,1,1,1,0,1,0,1,0,0,0
20,2,83,1,5,2,3,3,0,1,0,1,0,0,1,1,0,0,0
18,3,83,1,7,2,2,2,0,1,0,0,0,1,0,0,0,0,1
19,3,83,2,9,0,0,0,1,1,0,1,0,1,0,0,0,1,0
22,3,78,3,7,0,0,0,1,1,1,0,0,0,1,0,0,0,0
21,1,89,1,6,3,3,3,0,0,1,0,0,0,1,1,0,0,0
21,5,75,0,6,4,3,3,0,1,1,1,1,0,0,0,1,0,0
22,2,84,3,6,2,2,2,0,1,0,1,0,1,0,1,0,0,0
22,1,85,4,3,2,2,2,0,1,0,0,1,0,0,1,0,0,0
24,5,80,1,6,2,2,2,0,1,0,0,0,0,0,0,0,0,1
20,2,88,0,3,1,1,1,0,1,0,0,0,0,1,0,0,0,0
20,4,78,3,6,3,3,3,0,1,0,1,0,1,0,0,1,0,0
18,1,100,2,4,3,3,3,0,1,0,0,0,0,0,0,0,0,1
20,3,83,4,7,1,1,1,1,1,1,0,0,0,0,1,0,0,0
23,2,91,4,6,1,1,1,0,1,0,1,0,1,0,0,0,1,0
23,4,89,1,4,2,1,1,0,1,1,0,0,0,0,0,0,0,0
23,2,93,2,3,1,1,1,1,1,0,0,0,1,0,0,0,1,0
17,4,82,0,8,1,2,2,0,1,0,0,0,1,0,0,1,0,0
23,3,91,1,5,3,3,3,0,0,0,0,0,0,0,0,0,0,0
17,3,93,4,8,0,0,0,0,1,1,1,0,1,0,0,0,0,1
23,5,84,2,3,2,2,2,0,1,1,1,1,0,0,0,0,0,0
20,6,76,3,5,2,2,2,0,1,0,1,0,0,1,0,0,0,1
22,3,96,2,1,3,3,3,0,1,0,0,1,0,0,1,0,0,0
18,2,82,2,6,2,2,2,0,1,0,0,0,1,0,0,0,0,1
23,4,82,1,5,2,2,2,0,1,0,0,0,0,1,0,0,0,1
17,4,84,1,4,2,3,2,0,0,1,0,1,0,0,0,0,0,1
19,1,75,3,4,2,2,3,0,1,1,0,0,1,0,0,0,0,0
18,2,84,1,4,1,1,1,0,0,1,1,0,0,0,0,0,1,0
17,2,84,2,5,3,3,3,0,1,1,0,0,0,1,1,0,0,0
21,2,81,4,4,0,0,0,1,1,1,0,0,1,0,1,0,0,0
25,5,81,2,7,2,2,2,0,0,1,1,0,1,0,0,0,0,1
26,1,80,0,4,1,0,0,0,1,0,1,1,0,0,0,1,0,0
21,4,79,1,2,4,4,4,0,1,1,1,0,0,0,0,0,0,0
23,3,87,2,5,1,0,0,0,1,1,1,1,0,0,0,0,0,1
21,4,84,3,4,3,3,3,0,0,0,0,0,1,0,0,0,0,1
22,2,89,6,3,1,0,0,1,1,1,1,1,0,0,1,0,0,0
20,3,77,2,5,1,2,2,0,1,1,0,0,1,0,0,0,0,0
21,5,91,0,2,4,4,4,0,1,1,0,1,0,0,0,0,0,0
22,3,89,2,6,2,2,2,0,1,0,0,0,0,1,1,0,0,0
19,5,80,1,5,2,2,2,0,1,0,0,0,0,0,0,0,1,0
20,0,76,0,4,0,0,0,1,0,0,0,0,1,0,1,0,0,0
20,4,86,0,5,2,2,2,0,1,1,1,1,0,0,0,1,0,0
22,4,69,1,2,2,2,2,0,1,0,1,0,0,1,1,0,0,0
18,2,78,5,7,0,0,0,1,1,1,0,0,1,0,0,1,0,0
20,5,84,2,5,1,2,2,0,1,1,1,1,0,0,0,1,0,0
25,3,80,2,2,3,3,3,0,1,0,0,0,0,1,0,0,0,1
23,4,73,1,5,1,0,0,0,1,0,0,0,0,0,0,1,0,0
24,2,82,4,5,3,3,3,0,1,1,0,0,1,0,0,0,1,0
21,3,74,5,8,1,1,1,0,1,0,0,0,1,0,0,0,0,0
21,4,84,3,4,2,2,2,0,0,1,0,0,0,1,0,0,1,0
23,4,78,1,5,1,1,1,0,1,1,0,0,0,1,0,0,1,0
24,2,80,4,5,2,1,1,0,1,1,1,0,0,0,0,0,0,1
17,5,75,3,3,2,2,2,0,0,0,0,0,1,0,1,0,0,0
18,5,88,1,6,2,2,2,0,1,1,1,0,0,1,0,0,0,0
23,4,80,1,7,2,3,3,0,1,0,0,1,0,0,0,1,0,0
20,5,76,1,7,2,1,1,0,1,1,0,0,1,0,0,0,0,0
19,3,81,2,6,3,3,3,0,1,0,1,0,1,0,0,0,0,1
18,2,95,1,7,2,2,2,0,1,0,0,0,0,1,0,0,0,0
19,3,84,1,5,1,1,1,1,1,1,1,0,1,0,0,0,1,0
17,4,90,0,5,4,4,4,0,1,0,0,0,0,0,0,0,0,0
25,3,69,1,2,2,2,2,0,1,0,0,0,1,0,1,0,0,0
21,3,80,6,5,0,0,0,1,1,1,0,1,0,0,0,0,0,1
20,3,74,3,8,0,0,0,1,1,0,0,0,1,0,0,0,0,1
22,3,77,3,2,3,3,3,0,1,1,0,0,0,1,0,0,0,1
23,5,75,1,3,1,0,0,0,0,0,1,0,0,0,0,0,1,0
23,2,92,3,4,3,3,3,0,1,0,1,1,0,0,1,0,0,0
23,4,87,1,3,3,3,3,0,1,1,0,0,1,0,0,0,1,0
19,4,76,3,6,3,3,3,0,1,0,1,1,0,0,0,1,0,0
20,3,78,1,2,3,3,3,0,1,1,0,0,1,0,1,0,0,0
22,4,84,2,6,3,3,3,0,1,1,0,0,0,1,1,0,0,0
19,5,89,1,7,2,2,2,0,1,0,0,1,0,0,1,0,0,0
21,3,90,0,6,0,0,0,1,1,1,1,1,0,0,0,0,0,1
21,3,87,1,5,1,1,1,1,1,1,0,0,0,0,1,0,0,0
22,2,96,2,6,2,1,1,0,1,1,1,0,1,0,0,1,0,0
17,2,85,3,3,1,1,1,1,1,0,0,0,1,0,0,0,0,0
22,5,78,0,6,4,4,3,0,1,1,0,0,1,0,1,0,0,0
20,3,75,3,4,2,2,2,0,1,1,0,0,0,0,1,0,0,0
22,1,73,0,7,0,0,0,1,0,1,1,1,0,0,0,0,0,1
22,5,72,2,6,1,1,1,1,1,1,0,0,1,0,0,0,1,0
24,3,87,3,4,4,3,3,0,1,0,0,0,0,0,0,1,0,0
24,4,94,1,6,1,1,1,0,1,0,1,0,0,1,0,0,1,0
24,4,82,0,6,2,2,2,0,1,0,0,0,0,1,0,1,0,0
24,2,96,5,4,2,2,2,0,1,0,0,1,0,0,0,0,0,0
21,2,82,1,5,2,2,2,0,1,1,1,0,1,0,0,0,0,1
21,2,86,0,6,2,2,2,0,1,0,1,1,0,0,1,0,0,0
22,3,69,4,4,1,1,1,0,0,0,1,0,0,0,0,0,0,0
22,4,88,0,3,3,3,3,0,1,0,1,0,1,0,1,0,0,0
20,6,76,0,5,2,1,1,1,0,0,1,1,0,0,0,0,1,0
21,5,88,3,8,1,0,0,1,1,0,1,0,1,0,0,0,0,1
20,4,92,2,5,0,0,0,1,1,0,1,0,0,0,0,0,1,0
19,3,84,2,4,3,3,3,0,1,0,0,0,0,1,0,1,0,0
23,1,85,1,4,2,1,1,0,1,0,1,0,0,1,0,0,0,1
21,5,82,3,7,0,0,0,1,1,1,1,0,0,1,0,0,0,1
25,3,87,3,7,2,2,2,0,1,0,1,1,0,0,0,0,0,1
17,4,97,2,5,3,3,3,0,1,1,0,1,0,0,0,0,0,1
19,3,82,2,4,1,1,1,0,1,1,0,0,0,1,0,0,1,0
21,4,83,0,4,3,3,3,0,1,0,0,0,0,1,0,0,0,0
23,3,67,1,4,2,2,2,0,1,1,0,0,0,0,0,0,0,0
21,4,85,5,4,2,2,2,0,1,1,1,0,0,1,0,1,0,0
21,2,75,2,4,2,2,2,0,1,0,0,0,1,0,1,0,0,0
18,4,80,2,4,2,2,2,1,0,1,1,1,0,0,0,0,0,1
18,4,85,1,7,2,1,1,1,1,1,0,0,1,0,0,0,1,0
21,4,69,1,8,1,0,0,0,1,0,1,0,0,1,0,0,1,0
18,3,85,0,3,2,3,3,0,1,1,0,0,1,0,0,0,1,0
19,5,84,0,4,3,2,2,0,1,0,1,0,0,0,0,0,0,1
22,6,87,1,3,1,1,1,0,1,0,0,1,0,0,0,0,0,0
18,2,76,5,6,1,1,1,0,0,0,1,0,0,1,0,0,0,1
24,2,90,1,4,1,0,0,0,1,1,0,0,0,0,0,1,0,0
23,3,84,1,3,2,2,2,0,1,0,1,0,1,0,0,0,1,0
17,3,76,0,8,1,1,1,1,1,1,0,0,0,0,0,1,0,0
18,4,71,3,6,2,2,2,0,1,0,1,0,1,0,0,0,0,0
17,4,77,3,3,3,3,3,0,1,0,0,0,0,1,0,0,1,0
19,4,89,2,8,3,3,3,0,1,0,0,0,0,0,0,0,0,0
22,1,85,2,3,2,2,2,0,1,0,0,0,0,1,0,0,1,0
20,4,64,4,6,0,0,0,1,1,0,0,1,0,0,0,0,0,0
22,6,79,1,9,3,3,3,0,0,0,0,0,1,0,0,0,1,0
17,4,83,2,5,2,2,2,0,1,1,1,0,0,0,0,0,0,1
22,3,97,3,5,3,3,3,0,1,0,1,0,1,0,0,0,1,0
19,4,92,1,5,3,3,3,0,1,0,0,0,1,0,0,0,1,0
21,2,80,4,9,1,1,1,1,1,0,0,0,1,0,0,0,0,1
20,4,83,2,8,2,2,2,0,1,0,0,0,0,0,0,0,0,0
18,3,71,0,4,0,1,1,0,1,1,0,0,0,0,0,0,0,1
18,2,61,2,6,2,1,1,0,1,1,1,0,0,0,0,1,0,0
23,4,78,3,7,1,1,1,0,0,0,1,0,0,1,0,1,0,0
21,4,75,2,5,1,1,1,0,1,0,0,0,0,0,0,0,0,0
23,5,83,1,3,3,3,3,0,1,1,0,0,0,1,0,0,1,0
21,4,76,3,7,2,3,3,0,0,1,0,1,0,0,1,0,0,0
21,4,89,4,6,3,3,3,0,1,0,1,0,0,0,0,0,0,1
17,4,96,1,6,3,3,3,0,1,0,0,0,1,0,0,1,0,0
20,4,70,0,7,0,1,0,1,1,1,0,0,0,1,0,1,0,0
20,5,81,1,3,4,3,3,0,1,0,0,0,0,0,0,1,0,0
25,4,77,0,5,2,3,3,0,1,0,1,0,1,0,0,1,0,0
22,2,82,1,10,0,0,0,0,1,1,0,0,0,0,1,0,0,0
24,3,78,5,6,2,2,2,0,1,1,1,0,1,0,1,0,0,0
22,2,100,1,6,1,2,2,0,1,0,0,0,0,0,1,0,0,0
19,5,81,2,5,4,4,3,0,1,1,0,0,1,0,0,0,0,0
21,3,84,0,2,4,4,4,0,1,0,0,1,0,0,0,0,0,1
21,3,83,0,4,3,3,3,0,0,0,0,0,0,1,0,0,0,1
18,6,72,1,7,2,2,2,0,1,1,1,0,0,1,0,0,1,0
20,3,83,0,4,2,2,2,0,1,1,0,0,1,0,0,0,1,0
20,2,70,5,5,2,3,3,0,1,0,0,0,0,0,0,0,0,0
24,4,96,1,6,3,3,3,0,1,0,0,0,0,1,0,0,1,0
17,3,89,2,3,2,3,3,0,1,1,1,0,1,0,0,1,0,0
23,2,77,1,3,1,2,2,0,1,0,0,0,1,0,0,0,0,0
18,4,80,2,5,1,2,2,1,1,0,0,0,1,0,0,0,0,0
18,4,90,1,4,3,3,3,0,1,1,1,0,1,0,0,0,0,0
23,5,84,1,5,1,2,1,0,1,0,0,0,1,0,0,1,0,0
22,4,68,1,2,1,1,1,0,1,1,0,0,0,1,0,0,0,1
23,5,83,0,4,3,3,3,0,0,0,0,1,0,0,0,0,0,0
22,5,90,3,6,1,2,2,1,1,0,0,0,0,0,0,0,1,0
25,3,63,0,10,1,1,1,1,0,0,0,1,0,0,0,1,0,0
22,6,83,4,5,2,2,2,0,1,1,1,0,0,0,0,0,1,0
20,4,75,0,6,1,1,1,0,1,0,0,1,0,0,0,0,0,0
21,5,92,0,6,3,3,3,0,0,0,0,1,0,0,0,0,0,1
23,3,78,4,6,1,2,2,0,1,0,1,0,0,0,0,0,0,0
19,5,77,3,6,1,2,2,1,1,0,1,0,1,0,0,0,0,0
19,4,88,0,3,4,4,4,0,1,0,1,0,0,1,0,0,0,1
20,5,74,2,4,1,1,1,1,1,0,0,0,1,0,0,0,0,0
17,3,82,1,5,2,1,1,1,1,1,1,0,0,1,0,1,0,0
21,3,84,2,3,3,3,3,0,1,0,0,0,0,0,0,0,0,0
17,5,80,3,6,0,0,0,1,0,1,0,0,0,0,0,0,0,0
21,4,71,0,2,4,3,3,0,1,0,0,0,0,1,1,0,0,0
22,5,75,1,7,1,0,0,1,1,0,0,1,0,0,0,1,0,0
20,2,81,3,5,1,0,0,0,1,0,1,0,0,0,0,0,0,1
24,2,66,4,6,0,0,0,1,1,0,1,0,0,1,0,0,1,0
17,3,82,2,7,1,1,1,0,0,0,0,0,0,0,1,0,0,0
23,4,79,0,5,2,2,2,0,1,0,0,0,1,0,1,0,0,0
22,5,86,2,6,1,2,2,1,1,0,0,0,0,0,1,0,0,0
17,4,87,3,2,3,2,2,0,1,1,1,0,0,0,0,0,1,0
27,4,73,2,2,3,3,3,0,1,0,1,0,1,0,0,0,1,0
20,4,77,3,3,2,1,1,0,1,0,0,0,1,0,0,0,0,1
19,2,74,1,6,0,0,1,1,1,0,1,0,0,1,0,0,0,0
17,4,77,0,3,4,3,3,0,1,1,1,0,0,1,1,0,0,0
20,2,80,0,5,1,1,1,0,1,1,1,0,1,0,1,0,0,0
20,3,91,0,4,2,2,2,0,1,0,0,0,0,1,0,1,0,0
21,3,77,0,6,1,0,0,1,1,1,0,0,0,0,0,0,1,0
20,6,89,1,6,3,2,2,0,1,1,1,1,0,0,0,0,1,0
22,4,84,1,5,3,2,2,0,1,1,0,1,0,0,1,0,0,0
20,3,93,2,6,2,2,2,0,1,0,0,0,0,1,0,1,0,0
17,4,79,1,3,4,4,3,0,1,0,0,0,0,1,0,1,0,0
20,3,75,3,7,2,2,2,0,1,0,0,0,1,0,0,0,1,0
17,7,83,2,5,4,3,3,0,1,1,0,0,0,1,0,0,0,0
21,4,69,2,6,0,0,0,1,1,1,0,0,1,0,0,0,0,1
18,0,83,2,4,1,1,1,1,1,1,0,0,0,1,0,0,0,0
21,2,86,2,1,2,3,3,0,1,0,0,1,0,0,0,0,0,0
23,6,90,2,6,3,3,3,0,1,0,0,0,0,0,0,0,0,1
18,4,85,2,5,3,4,4,1,1,1,0,1,0,0,0,1,0,0
23,3,80,0,7,2,2,2,1,1,1,0,1,0,0,0,0,1,0
20,4,97,5,6,3,3,3,0,1,1,1,1,0,0,0,0,1,0
24,1,81,0,10,0,0,0,1,1,0,0,0,0,1,0,0,1,0
20,2,73,0,7,1,1,1,0,1,0,0,0,0,0,1,0,0,0
19,2,81,0,5,3,2,2,0,1,0,0,1,0,0,0,1,0,0
22,3,71,0,2,4,3,3,0,1,0,0,0,0,0,0,0,1,0
20,6,72,1,3,3,3,3,0,1,1,1,1,0,0,0,0,1,0
19,4,83,3,3,1,2,2,0,1,0,0,1,0,0,0,1,0,0
19,4,71,2,4,3,2,2,0,1,1,1,1,0,0,0,0,0,0
20,3,77,4,5,2,3,3,1,0,1,1,1,0,0,0,1,0,0
24,5,72,1,6,0,0,0,1,1,1,0,1,0,0,0,0,1,0
17,2,83,1,8,0,0,0,1,1,1,1,0,1,0,0,0,0,1
21,3,76,0,3,0,0,0,1,1,1,0,1,0,0,1,0,0,0
22,4,86,1,3,2,3,3,0,1,0,0,1,0,0,0,0,0,1
21,3,85,3,7,1,0,0,0,1,1,1,0,0,0,0,0,1,0
23,5,71,0,7,2,2,2,0,1,0,1,0,0,1,1,0,0,0
20,3,89,1,4,2,2,2,0,1,0,0,0,0,1,0,0,1,0
20,5,80,4,7,1,2,1,0,1,0,1,1,0,0,0,1,0,0
22,4,72,2,6,2,2,2,1,1,1,0,1,0,0,1,0,0,0
21,2,85,1,2,2,3,3,0,1,0,1,0,0,0,0,1,0,0
20,3,96,3,4,2,2,2,0,1,0,0,0,0,1,0,1,0,0
22,3,80,2,4,1,1,1,0,1,1,1,0,1,0,0,0,0,1
19,5,68,0,9,0,0,0,1,1,0,0,1,0,0,0,0,0,1
19,6,89,1,6,2,2,1,0,1,0,0,0,1,0,0,0,0,0
19,2,94,5,4,1,1,1,0,1,0,0,0,0,0,0,0,1,0
24,3,73,3,4,4,3,3,0,1,0,0,1,0,0,1,0,0,0
17,5,75,2,2,3,3,3,0,1,1,1,0,0,0,0,0,0,1
21,3,82,3,7,2,2,2,0,1,0,1,1,0,0,0,1,0,0
21,3,66,1,6,0,0,0,1,1,1,0,0,0,0,0,0,0,0
17,4,98,2,6,3,3,3,0,1,1,0,0,1,0,0,0,0,1
21,2,81,1,3,0,0,0,0,1,0,0,1,0,0,0,0,0,0
22,4,82,3,6,4,4,3,0,1,0,0,0,1,0,0,0,0,1
22,4,84,4,5,2,2,2,0,1,0,0,1,0,0,1,0,0,0
17,4,79,6,4,1,2,2,0,1,1,0,0,0,1,0,0,1,0
24,5,77,3,6,1,1,1,1,1,1,0,0,1,0,0,0,1,0
19,3,74,2,3,2,2,2,0,1,0,0,1,0,0,0,0,0,1
22,4,72,0,5,1,1,1,1,0,1,0,1,0,0,0,0,0,1
22,4,85,2,5,1,0,0,0,1,1,1,0,0,0,0,0,0,0
19,1,92,1,7,3,3,3,0,1,0,1,0,0,1,0,0,0,1
22,5,89,2,7,1,1,1,0,1,0,0,1,0,0,0,0,0,0
20,4,79,3,5,2,2,2,0,1,0,0,1,0,0,0,1,0,0
17,4,80,1,5,3,3,3,0,0,0,1,0,0,1,0,0,0,0
23,4,94,2,6,3,2,2,0,0,0,0,0,0,1,0,0,0,1
19,5,75,1,5,3,3,3,0,1,0,0,0,0,0,0,0,0,1
19,4,68,3,4,2,2,2,0,1,1,1,1,0,0,0,0,0,1
20,3,84,4,4,4,4,4,0,1,0,0,0,0,0,0,1,0,0
21,1,88,0,3,2,2,2,0,1,1,0,1,0,0,0,0,0,1
20,2,62,1,7,0,0,0,1,0,0,1,0,0,1,0,1,0,0
22,3,85,1,6,1,1,1,0,1,0,0,1,0,0,0,0,0,1
18,4,73,4,4,1,1,1,0,1,1,0,0,1,0,0,1,0,0
19,3,70,1,4,1,1,1,0,1,0,0,0,1,0,0,0,0,0
20,3,79,3,5,1,0,0,0,1,1,0,0,0,1,0,0,0,0
25,2,72,0,3,3,4,4,0,1,0,1,0,0,0,0,0,0,1
20,5,67,2,3,3,3,3,0,1,0,0,0,1,0,0,0,1,0
23,3,82,1,5,0,0,0,0,1,0,1,0,0,0,0,1,0,0
21,4,81,0,5,1,1,1,1,1,0,1,0,0,1,0,0,0,1
19,3,68,0,6,3,3,3,0,1,1,0,1,0,0,0,0,0,0
20,4,70,1,5,2,2,2,0,0,0,0,0,1,0,0,1,0,0
20,4,85,3,3,3,3,3,0,1,0,0,0,1,0,0,1,0,0
22,4,86,0,3,1,2,2,0,1,0,0,1,0,0,0,0,0,0
24,2,60,4,7,0,0,0,1,1,0,0,0,0,0,0,0,0,1
21,3,71,1,4,1,1,1,0,1,0,1,0,0,1,0,0,0,1
23,1,81,0,5,3,3,3,0,1,0,0,0,0,1,0,0,0,1
18,6,85,1,6,2,2,2,0,0,0,1,1,0,0,0,0,1,0
20,0,85,5,4,1,0,0,0,1,0,0,0,0,0,1,0,0,0
19,5,86,1,4,1,1,1,0,1,0,1,0,0,0,0,0,0,0
21,4,76,2,2,4,4,3,0,1,1,0,0,0,1,0,1,0,0
20,1,83,2,3,0,0,0,0,1,0,1,0,0,1,1,0,0,0
22,4,78,1,6,2,2,2,0,0,1,0,0,0,0,1,0,0,0
19,2,77,5,4,4,4,4,0,1,1,0,1,0,0,0,0,0,1
21,4,69,3,6,2,2,2,0,1,0,1,0,0,0,0,0,0,1
22,3,84,2,2,3,2,2,0,1,0,0,0,0,0,1,0,0,0
17,4,68,4,7,1,1,1,0,1,0,1,1,0,0,0,0,1,0
25,3,72,1,5,3,4,3,0,1,0,0,0,0,1,0,1,0,0
20,5,87,2,2,3,3,3,1,0,0,0,0,0,1,0,0,1,0
17,2,80,1,7,2,2,2,0,1,1,0,0,1,0,0,0,0,1
21,3,90,3,3,0,0,0,0,0,1,0,1,0,0,0,0,0,1
21,3,79,2,7,2,2,2,0,1,1,1,0,0,0,0,0,0,0
20,3,77,1,5,3,3,3,0,1,0,1,0,1,0,1,0,0,0
23,2,91,1,3,1,1,1,0,1,1,0,0,0,1,0,0,0,1
22,1,78,2,8,1,1,1,0,1,0,0,1,0,0,0,0,0,0
21,4,84,2,6,2,2,2,1,1,1,0,0,0,1,0,0,1,0
22,4,80,3,7,2,2,2,0,1,1,0,0,0,1,0,1,0,0
20,6,83,0,6,3,4,4,0,1,1,0,0,0,1,0,1,0,0
24,5,80,3,5,2,2,2,1,1,0,0,0,1,0,1,0,0,0
17,4,89,3,3,3,3,3,0,1,0,0,1,0,0,0,0,0,1
21,3,82,1,5,1,1,1,0,1,0,1,0,0,0,0,1,0,0
21,4,79,0,5,1,1,1,1,1,0,1,0,1,0,0,0,0,0
22,2,84,0,7,0,0,0,1,1,1,0,0,0,1,0,0,1,0
19,4,69,3,5,1,1,1,0,1,0,0,0,1,0,0,0,0,0
17,4,90,3,5,2,2,2,0,1,0,0,1,0,0,0,0,0,1
21,4,69,3,5,2,2,2,0,0,1,1,0,0,1,0,0,0,1
21,2,76,1,5,0,0,0,1,1,0,1,0,0,0,1,0,0,0
24,2,78,3,2,1,1,1,0,1,1,1,0,0,0,1,0,0,0
18,1,84,2,5,1,0,0,1,0,1,0,0,0,1,0,0,0,1
23,3,95,2,5,3,3,3,0,1,1,1,0,0,0,1,0,0,0
26,4,90,1,5,1,1,1,0,1,0,0,0,0,0,0,0,0,1
20,3,70,3,2,1,1,1,0,1,0,0,0,0,0,0,0,0,1
18,2,74,3,6,1,1,1,1,1,1,0,0,0,1,0,0,0,1
20,2,70,1,4,2,2,2,1,1,0,0,0,0,1,1,0,0,0
21,4,71,1,5,1,0,0,1,1,0,0,1,0,0,0,0,0,1
22,4,77,2,7,1,1,1,0,1,0,0,0,0,0,0,1,0,0
19,4,77,3,5,3,3,3,0,1,0,0,0,0,0,0,0,1,0
24,4,80,4,5,3,3,3,0,1,1,0,0,0,1,0,0,0,0
18,2,81,2,5,0,0,0,0,1,0,0,1,0,0,0,0,1,0
17,3,83,2,5,2,2,2,0,1,0,0,0,0,0,1,0,0,0
23,3,74,3,4,3,2,2,0,1,0,1,1,0,0,0,1,0,0
17,5,81,2,4,1,0,0,0,0,0,0,0,1,0,0,0,0,1
20,5,84,1,8,1,1,1,0,1,1,0,0,0,0,0,1,0,0
27,5,100,2,4,2,2,2,1,1,0,0,0,1,0,0,0,0,0
21,5,89,5,6,1,2,2,0,1,0,0,0,0,1,0,0,1,0
18,2,95,0,5,2,1,1,0,0,0,1,0,0,0,1,0,0,0
20,4,82,2,5,2,2,3,0,1,1,1,1,0,0,1,0,0,0
20,1,86,1,6,1,1,1,0,1,0,0,0,1,0,0,0,0,1
21,4,84,1,5,3,3,3,0,0,1,0,0,1,0,0,0,0,1
22,3,67,1,8,1,2,2,0,1,1,1,0,1,0,0,0,1,0
18,6,62,4,3,3,3,3,0,1,0,0,0,0,1,1,0,0,0
24,4,58,4,5,3,3,3,0,1,1,1,0,0,0,0,0,1,0
21,3,91,2,3,4,3,3,0,1,0,1,1,0,0,0,0,1,0
22,3,78,0,7,0,1,1,0,1,1,0,0,0,0,0,0,0,1
19,3,88,1,3,2,3,3,0,0,0,0,0,0,0,0,1,0,0
23,4,92,7,5,0,0,0,1,1,0,0,1,0,0,0,0,0,1
20,3,71,0,6,1,1,1,0,1,1,0,0,0,1,0,0,1,0
21,2,93,2,5,2,2,2,0,1,0,0,0,0,0,0,0,0,1
18,3,72,1,7,1,1,1,1,1,1,0,0,1,0,1,0,0,0
18,1,80,3,4,3,3,3,0,1,0,1,0,0,1,1,0,0,0
22,4,73,2,8,2,2,2,0,1,1,0,1,0,0,0,0,1,0
20,3,83,2,4,1,1,1,0,1,1,0,0,0,0,0,0,1,0
19,2,80,1,6,1,1,1,0,1,0,0,0,1,0,0,1,0,0
19,4,88,3,5,3,3,3,0,0,1,1,0,1,0,0,0,0,0
22,1,90,3,6,2,1,1,0,0,0,0,0,0,0,1,0,0,0
19,4,94,0,3,2,2,2,0,1,1,1,0,1,0,0,0,0,0
20,4,88,5,5,1,0,0,0,1,0,0,0,0,1,1,0,0,0
21,2,88,3,5,0,0,0,0,1,1,0,0,0,1,1,0,0,0
17,3,78,1,6,2,1,1,0,1,1,0,0,0,1,1,0,0,0
17,4,80,3,6,1,2,2,0,1,1,0,1,0,0,0,1,0,0
21,4,84,3,4,2,3,3,0,1,1,0,0,0,1,1,0,0,0
19,5,72,4,7,2,2,2,0,1,0,0,1,0,0,0,0,1,0
23,4,91,4,5,3,3,3,0,1,0,1,0,0,1,0,0,0,0
23,5,80,3,6,1,0,0,0,1,0,0,1,0,0,1,0,0,0
22,5,83,2,3,2,2,2,0,1,1,0,1,0,0,0,0,0,0
25,4,69,3,4,3,3,3,0,1,1,0,1,0,0,0,1,0,0
20,3,79,1,7,0,0,0,0,1,0,1,0,1,0,0,0,1,0
22,3,88,1,8,1,1,1,1,0,0,1,0,0,0,0,1,0,0
19,3,85,1,6,2,2,2,0,1,0,1,0,1,0,1,0,0,0
26,5,88,0,5,3,3,3,0,0,1,0,0,0,1,0,0,0,1
25,3,79,2,3,2,2,2,0,1,0,0,0,0,1,0,0,0,1
21,5,83,0,6,1,2,2,0,1,1,0,0,1,0,0,1,0,0
21,3,81,4,6,1,2,1,0,1,0,0,0,0,1,1,0,0,0
24,5,87,1,1,3,3,3,0,1,0,0,1,0,0,0,0,0,1
20,4,84,0,2,2,2,2,0,1,0,1,0,1,0,0,1,0,0
19,3,78,2,6,2,1,1,1,0,1,1,0,0,1,0,1,0,0
22,4,61,2,4,4,3,3,0,1,0,0,0,0,0,0,1,0,0
21,2,83,0,3,2,1,1,0,1,0,0,0,0,0,0,0,0,0
21,4,68,1,5,1,1,1,0,1,1,0,0,0,1,0,0,1,0
19,5,87,2,6,3,3,3,0,1,0,1,0,0,0,1,0,0,0
17,5,88,1,8,1,1,1,0,0,0,0,0,1,0,0,0,0,1
21,3,63,2,4,2,2,2,0,1,1,1,1,0,0,0,0,0,1
23,6,84,2,6,1,1,1,0,1,1,1,0,0,0,1,0,0,0
20,3,84,2,3,2,2,2,0,1,1,1,0,0,1,0,0,0,1
24,3,85,3,4,3,3,3,0,1,0,0,0,0,0,1,0,0,0
19,3,72,2,5,0,0,0,1,1,0,0,1,0,0,0,1,0,0
18,3,85,2,5,2,3,3,0,1,0,0,1,0,0,0,0,1,0
20,2,71,3,3,0,0,0,0,1,1,0,0,0,1,0,0,1,0
20,2,87,0,6,3,3,3,0,1,0,0,0,0,0,0,0,0,0
22,2,85,0,6,0,0,0,1,1,1,1,0,0,1,1,0,0,0
19,4,79,1,9,1,1,1,0,1,0,1,0,0,0,0,0,0,1
24,5,85,1,5,1,1,1,0,1,0,0,0,0,0,0,0,0,1
25,3,74,4,5,0,0,0,1,1,0,1,0,0,1,0,1,0,0
20,3,77,2,6,2,2,2,0,1,1,0,0,0,0,0,1,0,0
23,2,91,2,3,3,2,2,0,1,1,1,0,0,0,0,0,0,0
18,4,91,0,3,2,2,2,0,1,0,1,1,0,0,0,0,0,1
23,4,73,4,5,2,2,2,0,0,0,0,0,0,1,0,0,1,0
23,5,77,2,1,3,3,3,0,1,0,0,1,0,0,1,0,0,0
22,2,77,3,3,3,3,3,0,1,1,0,0,1,0,0,0,0,1
21,3,82,2,4,1,1,1,1,1,0,0,0,0,0,0,1,0,0
17,3,80,1,7,3,4,4,0,1,0,0,0,1,0,0,0,0,0
19,3,92,1,6,3,2,2,0,1,0,0,0,0,0,0,0,1,0
19,5,94,0,2,4,4,3,0,1,0,0,0,1,0,0,0,0,0
18,3,96,4,5,3,3,3,0,1,1,0,0,1,0,0,1,0,0
21,3,99,2,6,1,1,1,1,0,0,0,0,0,1,0,1,0,0
20,2,69,3,6,3,3,3,0,1,1,0,0,0,0,1,0,0,0
19,6,80,5,7,3,3,3,1,1,1,0,1,0,0,0,0,1,0
18,2,76,1,7,1,1,1,0,1,1,1,1,0,0,0,1,0,0
19,4,74,1,6,1,0,0,1,1,1,1,0,0,1,0,1,0,0
23,2,93,2,6,3,3,3,1,0,0,0,0,0,1,0,0,0,1
19,4,85,3,5,2,2,2,0,0,0,1,1,0,0,0,0,1,0
19,2,69,2,7,3,2,2,0,1,0,0,1,0,0,0,1,0,0
20,4,100,3,4,3,3,2,0,1,0,0,0,0,1,0,0,1,0
21,4,67,2,5,1,1,1,0,1,0,0,0,0,1,1,0,0,0
22,3,79,0,4,4,4,3,0,1,0,1,0,0,1,0,1,0,0
17,4,82,2,6,0,0,0,0,1,0,0,0,0,1,0,0,1,0
23,4,72,2,5,3,3,3,0,1,1,1,0,0,0,0,0,0,1
24,3,86,3,7,4,3,3,0,1,1,0,0,1,0,0,0,0,0
18,4,77,1,5,2,2,2,0,1,0,1,0,1,0,0,0,0,1
18,4,88,1,7,2,2,2,0,1,0,0,0,0,1,0,0,0,0
20,5,85,1,1,1,1,1,1,1,1,0,1,0,0,0,0,1,0
19,2,62,0,4,0,0,0,0,1,1,0,1,0,0,1,0,0,0
21,4,69,2,7,1,1,1,0,1,0,0,0,0,1,0,0,0,1
17,4,88,3,5,2,2,2,0,1,0,0,0,0,0,0,0,0,0
18,3,85,1,7,0,0,0,1,1,0,0,1,0,0,0,0,0,0
24,5,73,4,6,2,1,1,1,1,0,0,0,0,0,0,0,0,0
19,3,76,2,3,1,1,1,0,0,0,0,0,1,0,1,0,0,0
23,4,81,3,8,1,2,2,1,1,1,0,1,0,0,1,0,0,0
21,3,65,5,4,1,1,1,0,1,0,0,1,0,0,0,0,0,0
17,5,100,2,4,4,4,4,0,1,0,0,0,0,0,0,1,0,0
22,4,74,2,7,2,2,2,0,1,1,0,1,0,0,0,0,0,0
20,1,82,2,3,4,3,3,0,1,0,0,0,0,0,1,0,0,0
20,5,95,2,3,1,0,0,1,1,1,0,0,0,1,0,0,0,1
21,4,80,0,4,2,2,2,0,1,1,1,0,1,0,0,1,0,0
22,4,84,1,7,0,1,1,1,1,0,1,1,0,0,0,0,0,1
22,3,74,2,9,0,0,1,1,1,0,0,0,1,0,0,0,0,0
23,2,77,4,5,1,2,2,0,1,0,0,0,0,0,0,0,0,1
21,4,74,3,4,2,3,3,0,0,1,0,0,0,1,0,0,1,0
18,2,92,1,7,0,0,0,1,0,0,0,1,0,0,0,1,0,0
20,3,76,3,4,1,1,1,1,0,1,0,0,1,0,0,0,1,0
27,4,76,1,4,1,1,1,0,0,1,1,1,0,0,0,1,0,0
22,2,75,1,6,0,0,0,0,1,1,1,0,0,1,1,0,0,0
26,2,85,5,7,1,0,1,1,1,0,0,0,1,0,0,1,0,0
24,4,86,2,5,2,3,3,0,1,1,0,0,1,0,1,0,0,0
21,3,66,2,4,0,0,0,1,1,1,1,0,0,0,0,0,1,0
21,6,82,4,9,2,2,2,0,1,1,0,1,0,0,0,0,0,1
20,3,84,3,4,2,2,2,0,1,0,0,0,1,0,1,0,0,0
17,1,93,2,4,2,2,2,1,1,0,0,0,0,0,1,0,0,0
21,5,72,0,4,1,1,1,0,1,0,0,0,1,0,0,0,0,0
23,2,73,0,6,1,1,1,0,1,0,0,0,0,1,0,0,0,0
19,2,87,1,4,3,3,3,0,0,1,1,0,0,1,0,1,0,0
21,3,81,1,7,3,3,3,0,0,0,1,0,1,0,0,0,0,0
22,4,93,3,5,2,3,3,0,1,0,1,0,0,1,1,0,0,0
19,4,90,0,4,1,2,2,0,1,1,0,1,0,0,0,0,1,0
20,5,84,2,4,4,4,4,0,1,0,1,0,0,0,1,0,0,0
18,0,81,2,5,0,0,0,0,0,0,0,0,0,0,0,0,0,0
19,2,80,1,6,2,2,2,0,0,1,0,1,0,0,0,1,0,0
18,5,81,0,5,3,3,3,0,1,0,1,0,1,0,0,0,0,0
19,2,82,3,5,1,1,1,1,1,0,0,0,0,0,0,0,0,1
24,3,93,2,4,3,3,3,0,1,0,1,1,0,0,1,0,0,0
19,5,65,3,4,3,3,3,0,1,1,1,0,0,1,0,0,0,1
21,3,78,2,5,1,1,1,1,0,1,0,0,0,1,0,0,1,0
19,3,83,1,5,2,1,1,0,1,0,0,0,1,0,0,1,0,0
23,3,77,2,5,1,1,1,0,1,0,0,0,0,0,0,1,0,0
23,5,79,1,4,1,1,1,0,1,0,0,0,0,0,0,0,1,0
22,1,78,4,5,1,1,1,0,1,0,1,1,0,0,0,1,0,0
21,6,92,2,5,1,2,2,0,1,0,0,0,1,0,0,0,0,1
20,3,78,1,5,2,2,2,0,1,0,0,0,0,1,0,0,0,0
18,3,76,2,4,3,3,3,1,0,1,0,0,0,0,0,0,0,1
25,2,88,0,6,1,1,1,0,1,0,0,1,0,0,0,1,0,0
19,2,77,2,5,2,3,3,0,1,0,0,0,0,0,1,0,0,0
22,0,80,0,4,3,2,2,0,1,0,0,0,1,0,0,1,0,0
23,5,73,2,5,0,0,0,1,1,0,1,0,0,1,0,0,0,1
19,1,78,0,4,0,0,0,0,1,1,1,0,1,0,0,0,0,1
23,3,81,2,5,1,2,2,0,1,1,1,1,0,0,0,0,0,0
22,3,71,1,8,2,1,1,0,0,0,0,0,0,0,0,1,0,0
24,4,81,0,5,2,2,2,0,0,0,0,1,0,0,0,0,0,0
20,1,86,2,5,2,2,2,1,1,1,0,1,0,0,0,0,0,0
18,2,66,2,8,1,1,1,0,1,0,1,0,0,0,0,0,1,0
19,4,76,2,6,1,1,1,0,1,0,0,0,1,0,1,0,0,0
21,4,100,1,6,2,2,2,0,0,1,0,0,0,0,1,0,0,0
21,3,80,1,5,2,2,2,0,1,0,0,0,1,0,1,0,0,0
20,4,91,2,4,2,2,2,0,1,1,0,0,0,1,0,0,1,0
17,6,81,3,6,4,3,3,1,1,1,0,1,0,0,0,0,0,0
22,5,79,1,8,2,1,1,0,1,1,0,0,0,0,0,0,0,1
25,5,89,2,3,3,3,3,1,1,0,0,0,1,0,0,0,1,0
22,4,91,1,5,3,3,3,0,1,0,1,0,1,0,0,0,0,1
22,4,74,0,5,3,3,3,0,1,0,0,0,0,1,0,0,0,1
22,3,73,2,4,1,1,1,0,1,1,0,0,0,1,0,0,1,0
21,4,71,1,7,2,2,2,0,1,1,1,0,1,0,0,1,0,0
23,6,75,1,5,3,2,2,1,1,0,1,0,0,1,0,0,1,0
21,5,91,4,6,3,2,2,0,0,1,0,0,0,1,0,1,0,0
20,3,82,3,4,3,2,2,1,1,0,1,0,1,0,0,0,0,1
19,4,91,3,5,3,3,3,0,0,1,0,0,0,0,0,0,0,0
20,4,73,1,3,3,3,3,0,1,1,0,0,0,0,0,0,0,0
21,5,74,0,8,2,2,2,1,1,1,1,0,0,0,0,1,0,0
20,3,78,3,6,1,2,2,1,1,0,0,0,0,0,0,0,1,0
21,3,84,0,3,3,3,3,0,1,1,0,1,0,0,0,1,0,0
22,4,80,3,5,0,0,0,0,1,1,1,0,1,0,0,0,0,0
22,5,87,1,5,2,3,3,1,1,0,1,0,0,1,0,0,0,1
23,3,85,0,6,3,3,3,0,1,0,0,0,0,1,0,0,0,1
21,4,85,2,5,1,1,1,0,0,0,0,0,0,0,1,0,0,0
18,2,87,3,2,3,2,2,0,0,1,1,0,0,0,0,1,0,0
20,2,90,1,4,1,1,1,0,1,1,0,0,0,0,0,0,1,0
21,5,62,2,7,2,2,2,0,1,0,0,1,0,0,0,0,1,0
17,3,81,3,7,2,2,2,1,0,1,0,0,0,0,1,0,0,0
24,4,88,2,5,2,2,2,0,0,0,0,0,0,0,1,0,0,0
21,7,100,0,5,3,3,3,0,1,1,0,0,1,0,1,0,0,0
21,5,81,1,5,2,2,2,0,1,0,0,0,0,0,0,0,0,0
24,4,64,2,5,0,1,1,1,1,1,0,1,0,0,0,1,0,0
19,4,93,1,5,4,3,3,0,1,0,0,0,0,1,0,1,0,0
22,1,72,2,4,2,2,2,0,1,0,0,0,0,1,1,0,0,0
20,3,85,3,6,4,4,4,1,1,0,0,1,0,0,0,0,0,1
20,2,86,2,7,1,0,0,0,1,0,1,0,0,0,0,0,0,0
19,4,83,0,6,0,1,0,1,1,0,0,0,0,1,1,0,0,0
24,6,64,1,6,4,4,4,0,1,0,1,0,0,0,0,0,1,0
20,1,79,2,3,2,2,2,1,1,1,0,0,1,0,1,0,0,0
22,6,69,4,3,3,3,3,0,1,0,1,0,0,1,0,1,0,0
17,4,85,0,3,2,2,2,0,1,0,0,0,0,1,0,1,0,0
23,2,74,2,7,2,2,2,0,1,1,0,1,0,0,0,0,1,0
23,2,65,2,4,3,3,3,0,0,0,0,0,0,1,0,0,0,1
21,3,87,1,7,0,0,0,1,1,0,0,1,0,0,0,0,1,0
20,2,71,1,4,1,1,1,1,1,0,1,1,0,0,1,0,0,0
21,2,83,3,5,0,0,0,1,1,0,1,1,0,0,0,0,0,0
26,4,76,1,5,1,1,1,1,0,1,1,0,0,0,1,0,0,0
17,3,88,0,4,3,4,4,0,1,1,1,1,0,0,0,0,0,0
22,4,88,3,2,4,3,3,0,0,0,0,0,0,1,0,0,0,1
19,4,83,6,5,0,0,0,1,1,0,0,0,1,0,0,0,0,1
21,4,81,2,4,1,2,2,0,1,1,1,1,0,0,0,1,0,0
20,5,78,2,2,4,4,3,0,1,1,1,0,1,0,0,0,0,1
20,2,72,1,6,1,1,1,0,1,1,1,0,0,1,0,1,0,0
21,3,77,3,6,0,0,0,1,1,0,1,1,0,0,0,0,0,0
18,2,85,2,4,2,2,2,0,1,1,1,0,0,1,0,1,0,0
23,2,97,2,3,0,0,0,0,1,1,1,0,0,0,0,0,1,0
17,5,86,3,8,2,2,2,0,1,0,0,0,0,0,0,1,0,0
22,3,87,2,6,2,2,2,0,1,1,0,1,0,0,0,1,0,0
20,4,81,4,1,4,4,3,0,1,1,1,0,0,1,0,0,0,1
18,4,86,0,4,2,2,2,0,1,0,0,1,0,0,0,0,0,1
21,4,64,2,4,0,0,0,0,0,0,0,0,1,0,0,0,0,0
17,4,76,1,4,1,1,1,0,1,1,0,0,0,0,1,0,0,0
21,4,87,2,7,2,2,2,0,1,0,0,0,0,0,1,0,0,0
17,2,87,0,6,2,2,2,0,1,1,1,1,0,0,0,0,0,1
22,4,77,1,6,2,2,2,0,1,0,0,0,1,0,0,0,0,0
19,4,71,0,5,2,2,2,0,1,1,1,1,0,0,0,1,0,0
20,2,81,3,7,3,2,2,0,0,0,0,0,1,0,0,1,0,0
21,1,78,2,4,2,2,2,0,1,1,1,1,0,0,0,0,0,1
19,4,89,2,5,1,1,1,0,1,1,0,0,0,1,0,0,1,0
20,5,87,2,6,3,3,3,0,1,0,0,0,0,1,0,0,0,0
17,4,79,2,5,2,2,2,0,1,0,0,0,0,0,1,0,0,0
22,3,90,2,1,3,3,3,0,0,0,0,0,0,1,0,0,1,0
24,1,79,4,2,2,2,3,0,1,0,0,0,0,1,0,0,1,0
27,4,84,3,9,2,2,2,0,1,0,0,0,0,1,1,0,0,0
21,5,98,3,6,3,3,3,0,0,0,0,1,0,0,0,0,0,0
22,3,78,1,6,1,0,0,1,0,0,0,0,0,1,0,0,1,0
17,4,83,1,8,3,3,3,1,1,1,0,0,0,1,0,1,0,0
24,4,82,2,3,1,1,1,0,1,0,0,0,1,0,0,1,0,0
22,2,82,0,4,0,0,0,1,1,0,0,1,0,0,1,0,0,0
19,3,75,1,3,2,2,2,0,1,0,0,1,0,0,0,1,0,0
23,3,92,2,9,1,1,1,0,1,0,0,1,0,0,1,0,0,0
20,3,74,1,3,3,3,3,0,0,0,1,1,0,0,1,0,0,0
20,4,96,2,7,1,1,1,0,1,0,0,1,0,0,0,0,0,0
22,4,95,0,4,3,3,3,0,1,1,0,0,0,0,0,0,1,0
18,3,84,4,5,1,1,1,1,1,0,1,0,0,1,0,0,0,0
23,3,82,0,7,2,1,1,1,1,1,1,1,0,0,0,0,0,1
18,4,75,1,6,2,1,1,1,1,1,1,0,1,0,1,0,0,0
18,4,82,2,5,1,1,1,0,1,1,0,0,1,0,1,0,0,0
19,4,90,0,9,1,1,1,1,1,0,1,1,0,0,0,0,0,0
22,4,76,2,5,2,2,2,0,1,1,0,0,1,0,0,0,1,0
19,2,93,1,3,2,2,2,0,1,1,0,1,0,0,0,0,1,0
18,4,90,2,4,1,1,1,1,1,0,0,0,0,1,0,0,1,0
19,2,81,1,7,1,1,1,0,1,0,0,0,1,0,0,0,1,0
20,3,88,2,4,2,2,2,0,0,0,0,0,1,0,1,0,0,0
18,1,74,2,7,0,0,0,1,1,1,1,0,0,1,1,0,0,0
18,4,81,1,2,3,4,3,0,1,1,1,1,0,0,0,0,1,0
25,2,99,3,7,0,0,0,1,1,1,0,0,1,0,0,0,0,0
19,2,91,1,7,0,0,0,1,1,0,0,0,0,0,0,0,0,0
20,2,86,2,3,4,4,3,0,1,1,0,0,0,1,1,0,0,0
20,4,82,1,5,1,1,1,0,0,1,1,0,1,0,0,0,0,0
20,3,81,1,5,3,3,3,0,1,0,0,0,0,1,0,0,1,0
22,3,81,2,6,2,2,2,0,1,0,1,0,0,0,0,0,0,1
23,6,75,5,7,1,1,1,1,1,1,0,0,1,0,0,1,0,0
20,4,87,3,4,3,4,3,0,1,0,1,0,1,0,0,1,0,0
18,1,90,2,6,0,1,1,0,1,1,1,1,0,0,1,0,0,0
23,2,80,5,5,1,2,2,0,1,1,0,0,1,0,0,0,1,0
20,1,85,0,5,2,2,2,0,1,1,0,0,0,0,0,0,0,1
24,3,76,1,8,0,0,0,1,0,0,1,0,1,0,0,0,1,0
17,5,81,3,5,1,1,1,0,1,0,1,0,0,0,0,0,1,0
21,4,75,1,3,0,0,0,0,1,0,0,0,1,0,1,0,0,0
25,3,80,1,6,2,2,2,0,1,0,0,0,1,0,1,0,0,0
20,3,83,5,8,1,1,1,0,0,0,0,1,0,0,0,1,0,0
20,4,86,4,5,2,2,2,0,1,1,1,1,0,0,0,0,0,0
21,1,77,2,7,0,0,0,1,0,0,0,0,1,0,0,0,1,0
19,3,85,0,4,3,3,3,0,1,0,0,0,0,0,0,0,0,0
20,4,74,1,6,1,1,1,1,1,0,0,1,0,0,0,0,1,0
20,2,84,2,2,2,2,2,0,1,1,1,1,0,0,0,0,1,0
19,4,99,0,5,1,1,1,0,1,0,0,0,0,1,0,0,0,0
23,6,79,0,5,4,4,4,0,1,0,0,0,1,0,0,0,1,0
22,4,56,0,5,1,1,1,1,1,0,0,0,0,1,0,0,1,0
21,1,89,0,6,2,2,2,0,1,0,1,1,0,0,0,0,1,0
22,3,84,3,7,1,1,1,0,1,0,0,0,1,0,1,0,0,0
20,3,85,0,2,2,2,2,0,1,0,0,0,1,0,0,0,1,0
19,7,92,2,8,2,2,2,0,1,0,0,0,0,0,0,1,0,0
19,5,76,0,4,3,3,3,0,1,0,0,0,1,0,0,1,0,0
21,5,76,2,3,2,3,3,0,1,0,0,0,0,0,0,0,0,0
18,4,86,1,7,1,1,1,0,1,0,1,0,0,0,0,0,0,1
19,2,90,1,3,2,2,2,0,1,0,0,1,0,0,0,0,1,0
19,6,83,3,8,2,2,2,1,1,1,0,0,1,0,0,0,0,1
25,5,81,6,1,3,4,4,0,0,1,1,0,1,0,0,0,0,0
17,5,84,4,4,2,3,3,0,1,0,0,0,0,1,1,0,0,0
20,6,87,1,7,1,0,0,0,1,1,1,0,0,1,0,1,0,0
24,6,70,1,6,2,2,2,0,1,1,0,0,1,0,1,0,0,0
21,3,74,1,1,2,2,2,0,1,0,1,1,0,0,0,0,1,0
22,4,81,1,4,2,2,2,1,1,1,0,0,0,1,0,0,0,1
21,4,87,0,2,2,3,2,0,1,0,0,0,0,1,0,1,0,0
19,5,99,2,5,4,4,3,0,1,0,1,1,0,0,0,1,0,0
17,4,81,3,5,1,2,2,0,1,1,0,0,1,0,0,0,0,0
21,4,84,2,5,2,1,1,0,1,0,0,0,0,0,0,0,0,0
19,4,76,1,5,1,2,2,0,1,0,0,0,0,0,1,0,0,0
19,3,87,1,3,3,4,4,0,1,0,1,0,1,0,0,1,0,0
19,4,73,2,4,4,3,3,0,1,1,1,0,1,0,0,1,0,0
24,5,81,3,7,2,2,2,0,1,0,0,0,1,0,0,0,0,1
26,2,74,3,4,1,0,0,1,1,0,0,1,0,0,0,1,0,0
21,4,65,4,4,2,2,2,1,1,1,1,0,0,1,0,0,1,0
20,4,100,5,7,1,1,1,1,1,0,1,0,1,0,0,0,1,0
18,6,88,1,3,3,3,3,0,1,0,0,1,0,0,0,0,0,0
22,3,88,4,8,0,0,0,0,1,0,1,0,0,1,0,0,1,0
24,2,89,2,8,0,0,0,1,1,0,1,1,0,0,0,1,0,0
20,5,93,1,3,2,2,2,0,1,0,1,0,0,0,0,0,0,1
17,4,83,1,7,2,2,2,1,1,1,0,0,0,1,0,0,1,0
22,3,88,1,1,3,2,2,0,1,1,1,1,0,0,0,0,0,1
23,5,78,1,5,1,1,1,1,1,1,0,0,0,0,0,0,1,0
17,1,80,0,3,4,3,3,0,1,1,1,0,0,1,1,0,0,0
21,3,69,1,6,0,0,0,1,1,0,0,1,0,0,1,0,0,0
22,4,83,2,6,2,2,2,1,1,1,0,0,1,0,0,0,1,0
20,4,77,2,5,3,3,3,0,1,0,0,0,1,0,1,0,0,0
19,2,80,4,3,3,3,3,0,0,0,0,0,0,0,0,0,0,1
23,2,88,0,7,2,3,3,0,1,0,0,0,1,0,0,0,0,1
20,6,84,2,5,3,4,4,1,1,0,0,1,0,0,0,1,0,0
17,4,90,1,4,2,2,2,0,1,1,0,1,0,0,1,0,0,0
17,4,77,2,5,2,2,2,0,1,0,1,0,0,0,0,0,0,1
23,3,85,1,5,2,2,2,0,1,0,1,0,0,1,0,1,0,0
22,2,76,3,5,0,0,0,1,1,1,1,0,0,1,1,0,0,0
21,3,80,2,6,1,1,1,1,1,1,0,0,0,0,0,0,0,0
20,5,79,2,7,1,2,2,0,1,0,0,0,0,1,0,0,0,0
19,3,73,1,7,1,1,1,1,1,0,1,1,0,0,0,1,0,0
18,3,78,0,5,0,0,0,0,1,0,0,0,0,1,0,0,0,1
20,6,86,1,6,4,3,4,0,1,0,0,1,0,0,0,1,0,0
17,6,74,2,5,3,3,3,0,1,0,0,0,1,0,0,1,0,0
19,2,76,2,7,0,0,0,1,1,1,1,1,0,0,1,0,0,0
20,4,76,3,5,2,2,2,0,1,0,1,0,0,1,0,1,0,0
22,3,93,3,5,2,1,1,0,1,0,1,0,1,0,0,0,0,1
20,2,88,4,5,0,0,0,1,1,0,0,0,0,0,0,0,0,0
22,4,95,0,6,2,2,2,0,0,0,1,0,1,0,1,0,0,0
24,3,92,1,6,0,0,0,1,1,1,0,0,0,0,0,0,0,0
23,3,81,2,8,1,1,1,0,1,1,0,0,1,0,0,0,0,0
22,5,97,2,7,1,1,1,0,1,0,0,0,0,0,1,0,0,0
21,1,94,0,5,1,1,1,0,1,1,0,1,0,0,1,0,0,0
18,3,81,4,5,2,2,1,0,1,0,0,0,0,1,0,0,0,1
22,4,84,1,5,2,1,1,1,1,0,0,0,0,0,0,1,0,0
24,5,76,3,7,2,2,2,0,1,1,0,0,0,1,0,0,0,1
21,3,81,4,5,1,1,1,0,1,0,0,0,1,0,0,0,1,0
25,4,69,2,9,0,0,0,1,1,0,0,0,0,1,0,0,0,1
17,3,77,3,5,1,2,2,0,1,1,0,0,1,0,1,0,0,0
18,3,88,3,8,1,1,1,0,1,0,0,0,0,1,0,0,0,0
22,3,73,2,8,2,2,2,1,1,0,0,0,1,0,1,0,0,0
21,3,79,2,8,3,3,3,0,1,0,0,0,0,0,1,0,0,0
23,4,86,1,4,0,0,0,0,1,0,0,0,0,0,1,0,0,0
21,5,79,2,5,1,1,1,0,1,0,0,1,0,0,0,0,1,0
19,4,91,5,5,2,2,2,0,1,1,0,0,1,0,0,1,0,0
20,3,91,2,8,2,2,2,0,1,0,1,1,0,0,0,0,0,0
17,4,77,2,4,2,2,2,0,1,0,0,0,0,0,0,0,1,0
18,4,78,1,4,1,2,2,0,1,0,1,0,0,0,0,1,0,0
23,4,82,4,6,2,2,2,0,1,1,0,1,0,0,0,0,0,1
22,3,76,2,3,3,3,3,0,1,1,0,1,0,0,0,0,0,1
21,4,95,2,6,3,3,3,0,0,0,1,0,1,0,0,0,0,1
17,4,78,1,3,4,3,3,0,1,1,1,0,0,1,1,0,0,0
20,2,89,2,4,1,1,1,0,0,0,1,0,0,0,0,0,1,0
18,3,70,3,7,1,1,1,0,1,0,0,1,0,0,1,0,0,0
23,3,75,0,4,3,3,3,0,1,0,1,1,0,0,1,0,0,0
19,3,73,2,6,2,2,2,0,0,1,0,1,0,0,1,0,0,0
18,2,72,1,7,0,0,0,1,0,1,0,0,0,0,0,0,0,1
21,0,77,4,3,1,1,1,0,1,1,0,0,0,0,0,0,0,1
19,5,84,5,5,1,2,2,0,1,0,1,0,1,0,0,1,0,0
24,1,94,1,6,2,2,2,0,1,0,0,0,0,0,1,0,0,0
19,6,80,2,2,2,2,2,0,1,1,1,0,0,0,0,0,1,0
17,3,82,3,3,2,2,2,0,1,0,0,0,1,0,0,0,0,0
17,3,84,2,8,2,2,2,1,1,1,0,0,0,0,0,0,0,1
20,1,76,2,3,2,2,2,1,1,0,1,0,1,0,0,0,0,0
19,1,81,2,4,2,2,2,0,1,0,1,1,0,0,0,0,1,0
17,2,98,3,1,2,2,2,0,1,1,1,0,0,0,0,1,0,0
23,4,85,5,4,2,2,2,0,1,0,0,0,0,0,0,0,0,1
22,5,98,3,6,2,2,2,0,1,0,1,0,0,1,0,0,0,0
20,1,82,1,7,2,2,2,1,1,1,1,0,1,0,0,1,0,0
24,4,77,1,6,0,1,1,1,1,1,0,0,0,0,0,0,0,0
22,1,90,2,5,3,3,3,0,1,1,1,1,0,0,1,0,0,0
19,2,92,2,3,2,2,2,0,1,0,1,0,1,0,1,0,0,0
18,4,78,3,6,2,2,2,0,1,0,1,1,0,0,0,0,0,1
22,2,84,2,4,2,2,2,0,1,1,0,1,0,0,0,0,0,0
21,6,81,3,2,3,4,4,0,0,0,0,0,1,0,1,0,0,0
21,4,71,0,5,3,2,2,0,1,1,0,1,0,0,0,0,0,0
19,4,71,1,5,1,1,1,0,1,1,1,1,0,0,0,1,0,0
22,3,80,1,7,2,2,2,1,1,0,0,1,0,0,0,0,0,1
19,2,91,1,7,3,3,3,0,1,0,0,0,1,0,0,0,0,0
20,3,88,1,6,2,2,2,0,1,1,1,0,0,1,0,0,1,0
24,4,74,2,3,2,2,2,0,1,0,0,0,1,0,0,1,0,0
19,4,73,1,6,1,1,1,1,1,1,0,0,1,0,0,1,0,0
17,2,75,1,5,1,1,1,0,1,0,0,1,0,0,0,0,0,0
18,3,74,2,5,1,1,1,0,1,0,0,0,0,1,0,1,0,0
23,1,74,1,6,1,1,1,1,1,1,0,0,0,1,1,0,0,0
21,6,65,1,6,2,2,2,0,1,0,0,1,0,0,0,1,0,0
20,2,62,2,4,2,2,2,0,1,1,0,0,0,1,0,1,0,0
19,4,61,0,5,0,0,0,0,1,1,0,0,0,0,0,1,0,0
22,0,69,2,3,2,2,2,0,1,1,1,0,0,0,0,0,0,1
19,3,91,0,6,0,0,0,1,0,1,1,0,1,0,1,0,0,0
21,4,100,2,7,2,2,2,0,1,1,0,0,1,0,0,1,0,0
19,3,98,2,4,2,2,2,0,1,0,0,0,0,0,0,0,1,0
19,3,84,2,3,2,2,2,0,0,1,1,0,0,1,0,0,0,0
19,4,75,1,6,0,0,0,0,1,1,0,0,1,0,0,0,1,0
20,4,78,3,8,0,0,1,1,1,0,0,0,0,1,0,1,0,0
20,2,83,1,9,1,0,0,0,0,0,0,0,1,0,0,1,0,0
21,4,98,2,8,2,3,3,0,0,1,0,0,0,0,0,1,0,0
17,4,74,2,5,1,1,1,0,1,0,0,0,0,0,0,0,0,0
19,3,82,0,3,2,2,2,0,1,0,1,0,0,1,0,0,0,0
20,5,82,0,6,2,2,2,0,1,1,1,0,0,1,0,1,0,0
24,2,81,3,5,2,1,1,0,1,1,0,0,0,1,0,0,0,1
18,3,65,1,5,0,0,0,1,1,0,0,0,0,0,0,0,1,0
21,3,79,0,8,2,2,2,0,1,0,0,0,0,0,0,0,0,0
24,5,71,0,8,1,1,1,1,1,0,0,1,0,0,0,1,0,0
18,4,100,0,5,2,3,3,0,1,0,1,0,0,0,0,1,0,0
21,5,86,0,5,2,2,2,0,1,0,0,0,1,0,0,1,0,0
19,5,90,0,5,2,2,2,0,1,0,0,0,0,1,0,1,0,0
19,3,74,5,2,3,3,3,0,1,0,0,1,0,0,0,0,1,0
19,5,78,3,7,3,3,3,0,1,0,1,0,0,1,0,1,0,0
19,4,98,2,7,2,2,2,0,1,1,0,0,1,0,0,1,0,0
27,3,90,3,4,1,1,1,0,1,0,0,1,0,0,0,0,1,0
22,3,85,1,4,2,2,2,0,1,0,0,0,1,0,0,0,1,0
23,3,92,2,7,1,1,1,0,1,1,0,0,0,0,1,0,0,0
22,3,97,1,4,2,1,1,0,1,0,0,0,0,0,1,0,0,0
17,4,94,1,7,3,3,2,1,1,0,0,1,0,0,0,1,0,0
21,3,90,1,4,1,1,1,0,1,0,1,1,0,0,0,0,1,0
23,4,91,3,4,2,2,2,0,0,0,0,0,0,0,0,0,1,0
19,4,79,1,6,2,2,2,0,1,1,0,0,1,0,0,0,0,0
23,4,83,1,4,3,3,3,0,1,1,1,0,1,0,0,0,1,0
22,3,87,2,4,4,4,3,0,1,1,0,0,1,0,0,1,0,0
25,2,84,4,4,1,1,1,0,1,0,0,1,0,0,0,0,0,0
20,3,86,2,6,1,1,1,0,1,0,0,1,0,0,1,0,0,0
18,4,80,3,7,1,1,1,0,0,0,1,0,0,0,0,1,0,0
20,2,60,0,6,2,2,2,0,1,0,1,1,0,0,0,0,0,0
24,1,87,1,4,0,1,1,1,1,1,1,0,1,0,0,0,0,0
17,3,82,0,8,2,2,2,0,1,1,0,1,0,0,1,0,0,0
17,4,68,0,5,0,0,0,1,1,0,1,1,0,0,0,1,0,0
21,5,99,4,7,1,1,1,0,1,0,1,0,0,1,0,0,0,0
20,4,84,3,5,4,3,3,0,1,0,1,0,0,1,0,0,0,0
21,2,75,3,7,3,2,2,0,1,0,0,0,0,0,0,1,0,0
23,1,87,3,4,1,1,1,0,1,0,0,0,0,1,1,0,0,0
19,4,82,1,4,3,3,3,0,1,0,0,1,0,0,0,0,0,0
17,4,90,1,6,3,3,3,0,1,1,1,0,1,0,0,0,0,0
25,4,77,3,1,1,1,1,0,1,0,0,0,1,0,1,0,0,0
18,5,75,1,6,2,1,1,0,1,0,0,0,1,0,0,1,0,0
18,3,77,2,5,0,0,0,1,1,1,1,0,1,0,0,0,0,0
23,3,68,4,8,0,0,0,1,1,0,1,0,1,0,0,0,1,0
20,5,78,2,6,1,1,1,1,1,1,1,0,0,0,0,0,0,0
20,4,94,3,3,4,4,4,0,1,0,1,0,0,0,0,0,1,0
22,6,76,2,4,2,2,2,0,1,0,0,0,0,1,0,0,0,1
23,4,71,0,1,2,2,2,0,1,0,0,0,1,0,0,0,1,0
20,4,77,1,9,2,2,2,0,0,1,1,1,0,0,0,0,0,0
24,5,83,3,1,4,4,3,0,1,0,0,1,0,0,0,1,0,0
17,6,76,1,4,2,2,2,0,1,1,0,0,0,1,0,0,0,1
22,4,82,2,6,1,1,1,0,1,1,0,1,0,0,0,0,0,0
19,3,84,3,8,1,2,2,1,0,1,1,1,0,0,0,0,0,0
24,3,82,1,8,2,1,1,0,1,1,0,1,0,0,0,0,0,0
21,4,81,2,5,3,3,3,0,1,0,0,1,0,0,0,0,0,1
19,2,96,3,6,2,2,2,0,1,0,1,0,1,0,1,0,0,0
22,4,83,3,5,2,3,3,0,1,1,0,1,0,0,0,0,1,0
23,4,75,3,2,1,1,1,1,1,0,0,0,1,0,0,1,0,0
22,4,88,3,3,2,1,1,0,1,1,0,0,0,1,0,0,0,1
18,1,81,1,2,3,3,3,0,1,1,0,0,0,0,0,1,0,0
19,5,82,0,6,1,2,1,0,1,1,0,1,0,0,0,1,0,0
21,2,90,3,4,1,2,2,0,1,0,0,0,0,1,0,0,1,0
20,2,92,4,5,3,3,3,0,1,0,0,0,0,0,0,0,1,0
22,1,72,0,6,2,2,2,0,1,1,0,0,0,1,0,1,0,0
17,3,95,1,5,1,2,2,1,1,1,0,1,0,0,0,0,0,0
21,4,81,1,6,0,0,0,1,1,0,1,0,1,0,1,0,0,0
20,3,81,3,8,2,3,3,0,1,0,0,1,0,0,0,0,0,0
19,4,73,2,4,2,2,2,1,1,0,1,0,1,0,0,0,0,1
19,5,88,1,2,3,3,3,0,1,0,1,1,0,0,0,1,0,0
20,5,70,2,4,2,2,2,0,1,0,1,0,0,1,0,0,0,0
17,3,86,2,5,2,2,2,0,1,0,0,0,0,0,0,0,0,0
19,3,95,0,6,2,3,3,0,1,0,0,0,1,0,0,0,0,1
19,3,79,2,6,1,1,1,0,1,1,0,0,1,0,0,0,0,1
22,3,90,2,3,4,4,4,0,1,1,0,0,1,0,1,0,0,0
19,6,82,1,3,3,3,3,0,1,0,0,1,0,0,0,0,0,1
20,4,70,1,8,1,1,1,1,0,0,0,0,0,1,0,0,0,0
24,4,83,3,6,1,1,1,0,1,1,0,0,0,0,0,0,1,0
23,4,80,3,6,1,2,1,0,1,0,0,1,0,0,1,0,0,0
23,5,89,3,6,2,3,3,1,1,1,1,0,1,0,0,1,0,0
19,3,79,2,5,2,2,2,0,1,1,0,0,1,0,0,0,0,1
22,4,86,2,5,3,3,3,0,0,1,0,0,0,0,0,0,0,1
20,4,73,1,4,3,3,3,1,1,1,0,0,1,0,0,1,0,0
20,1,85,2,4,2,2,2,0,1,0,1,0,1,0,0,0,1,0
21,3,82,3,9,1,1,1,1,1,1,1,0,0,1,0,0,0,1
19,3,81,1,8,1,2,2,0,1,0,0,0,0,0,1,0,0,0
24,5,82,0,7,2,2,2,1,1,1,1,0,1,0,0,0,1,0
20,8,79,3,5,4,4,4,0,1,0,0,0,1,0,0,0,0,0
22,3,83,1,6,2,1,1,0,0,1,1,0,0,1,0,0,1,0
24,4,80,2,5,2,2,2,0,1,1,0,0,1,0,0,1,0,0
23,4,74,1,7,1,1,1,0,1,0,0,0,1,0,0,1,0,0
17,1,71,2,5,2,1,1,0,1,0,0,0,0,0,0,1,0,0
22,1,78,3,5,1,1,1,1,1,0,1,0,0,0,0,1,0,0
22,3,79,4,5,2,2,2,1,0,1,1,0,1,0,0,1,0,0
23,3,58,2,5,1,2,1,0,1,0,0,0,1,0,0,1,0,0
18,5,82,1,6,2,2,2,0,1,1,0,1,0,0,0,0,0,0
19,3,99,3,8,1,1,1,0,1,0,0,0,0,0,0,0,1,0
23,2,87,1,7,2,2,2,0,1,1,1,0,1,0,0,0,1,0
19,2,80,1,5,2,2,2,0,1,0,1,0,0,0,0,0,0,1
20,5,75,2,3,3,3,3,0,1,0,0,0,0,1,0,0,0,1
24,3,68,2,5,3,3,3,0,1,0,1,1,0,0,0,0,1,0
20,3,89,3,5,2,2,2,0,1,0,1,0,0,1,0,0,0,0
19,3,85,0,7,2,2,2,0,0,0,0,0,0,1,0,0,0,1
19,3,72,2,4,2,2,2,0,1,0,0,0,0,0,1,0,0,0
21,4,89,1,3,1,1,1,0,1,0,1,0,1,0,1,0,0,0
18,6,88,2,6,3,2,2,0,1,1,1,0,0,0,0,0,1,0
20,4,76,1,7,1,2,2,0,1,1,0,1,0,0,0,0,1,0
21,5,79,1,5,2,2,2,0,1,0,0,0,0,0,0,1,0,0
23,2,84,3,7,0,0,0,1,1,0,1,0,0,0,0,1,0,0
22,4,86,2,3,4,3,3,0,1,0,0,0,1,0,0,0,0,0
19,5,73,1,6,1,1,1,0,1,1,0,0,0,0,0,0,1,0
23,3,86,3,3,3,4,4,0,1,0,0,1,0,0,1,0,0,0
20,3,82,0,10,2,1,1,1,1,1,1,1,0,0,0,0,1,0
18,4,90,1,7,2,3,2,1,1,0,0,1,0,0,1,0,0,0
20,5,88,6,6,1,1,1,0,1,1,0,0,1,0,0,0,0,1
24,5,82,2,2,3,3,3,0,1,1,1,1,0,0,0,0,0,1
21,2,89,1,3,2,2,2,0,1,1,0,0,0,0,0,0,0,1
21,4,69,2,8,0,0,0,1,0,0,0,0,0,1,0,1,0,0
24,3,79,0,3,2,2,2,0,1,0,1,1,0,0,0,0,0,1
17,3,74,2,6,3,3,2,0,1,1,1,0,1,0,1,0,0,0
18,2,77,3,8,0,0,0,1,1,0,0,1,0,0,0,0,0,0
17,3,77,2,5,3,3,3,0,1,0,0,0,0,0,0,0,1,0
21,4,71,2,5,1,1,1,0,1,0,1,0,0,1,1,0,0,0
21,3,89,2,2,3,3,3,0,1,0,0,1,0,0,0,0,0,0
24,4,88,4,6,4,3,3,0,1,1,1,0,0,1,0,1,0,0
21,4,77,5,3,2,2,2,0,1,1,0,0,0,0,1,0,0,0
20,5,63,4,5,2,2,2,0,1,1,0,0,1,0,0,0,1,0
21,3,78,2,3,2,2,2,0,1,0,1,0,0,1,0,1,0,0
21,1,81,0,4,2,2,2,0,1,0,1,0,0,0,1,0,0,0
17,6,92,4,4,2,2,2,0,1,1,0,0,0,1,1,0,0,0
27,4,77,0,5,1,1,1,0,1,0,0,0,0,0,0,1,0,0
22,4,89,2,4,1,1,1,0,1,0,0,0,0,1,0,0,1,0
21,4,78,0,6,3,3,3,0,1,0,0,1,0,0,0,0,0,1
22,4,86,2,7,2,2,2,0,1,0,0,0,0,1,0,0,0,1
22,5,88,4,4,3,2,2,0,1,0,0,0,0,1,0,1,0,0
20,3,86,5,6,2,3,3,0,1,0,1,0,1,0,1,0,0,0
19,4,74,4,5,2,1,1,0,1,0,0,0,0,1,0,1,0,0
22,4,79,3,2,3,2,2,1,1,1,0,1,0,0,1,0,0,0
21,4,86,1,6,1,1,1,0,1,0,1,0,0,1,1,0,0,0
19,3,69,3,7,0,0,0,1,1,1,1,1,0,0,1,0,0,0
24,4,88,3,2,4,3,3,0,1,0,1,1,0,0,0,0,0,0
21,3,72,2,5,3,3,3,0,1,0,1,0,0,1,0,0,0,1
22,5,71,4,6,3,3,3,0,1,1,0,0,0,1,0,0,0,1
24,3,77,2,6,2,2,2,0,1,1,1,0,0,0,0,0,1,0
21,2,76,3,4,0,0,0,1,1,1,0,0,0,0,0,1,0,0
21,4,83,1,5,1,1,1,1,1,1,1,1,0,0,0,0,0,0
22,6,84,2,7,1,1,1,0,1,0,0,1,0,0,0,1,0,0
19,4,82,2,5,4,3,3,0,1,0,0,1,0,0,0,0,1,0
21,3,74,0,8,1,1,1,0,1,1,1,1,0,0,0,0,0,0
21,6,91,3,3,4,3,3,0,1,1,0,1,0,0,0,0,0,0
18,4,82,1,7,2,2,2,1,0,0,0,1,0,0,0,0,0,0
26,3,89,1,5,1,1,1,0,0,1,0,0,0,1,0,1,0,0
17,6,63,2,4,3,2,2,0,1,1,0,0,0,0,0,0,0,1
18,3,86,1,2,4,4,3,0,0,0,0,0,1,0,0,1,0,0
23,3,77,1,7,0,0,0,1,1,0,0,1,0,0,0,1,0,0
22,4,88,0,3,3,3,3,0,1,0,1,0,0,1,0,0,0,0
18,7,96,3,5,3,3,3,0,1,1,0,1,0,0,0,0,0,1
22,2,72,1,6,1,1,1,0,1,1,1,0,1,0,0,0,0,1
24,2,88,3,9,0,0,0,1,1,0,0,0,0,0,0,0,0,1
20,4,77,1,4,3,3,3,0,1,1,1,0,0,0,1,0,0,0
26,5,67,1,5,2,2,2,1,0,0,1,1,0,0,0,0,0,0
17,5,89,1,6,3,3,3,0,1,0,0,0,1,0,0,0,0,1
22,3,96,4,5,1,1,1,0,1,1,1,0,0,0,1,0,0,0
23,2,98,1,4,0,0,0,1,1,1,1,0,1,0,0,0,0,1
23,4,69,0,5,2,2,2,0,1,0,0,1,0,0,0,0,0,1
20,4,70,2,4,2,2,2,0,1,0,0,0,0,0,0,0,1,0
20,4,80,1,5,2,2,2,0,1,0,0,0,0,1,1,0,0,0
22,3,81,3,5,1,1,1,0,0,0,1,0,0,1,0,0,0,1
22,3,90,2,4,3,2,2,0,0,0,0,1,0,0,0,0,0,0
22,3,81,1,7,2,2,2,0,1,1,0,0,0,1,1,0,0,0
23,4,65,1,6,0,1,1,1,1,0,0,0,0,1,1,0,0,0
18,4,87,1,1,4,3,3,0,1,0,0,1,0,0,0,0,0,0
20,4,82,1,6,1,1,1,0,1,1,0,0,0,1,0,0,1,0
18,4,89,1,4,2,2,2,0,1,1,0,0,0,1,0,0,1,0
20,1,84,0,2,3,3,3,0,1,0,0,0,0,1,0,0,0,1
23,4,87,1,7,2,3,3,0,1,0,0,0,0,0,0,0,0,1
21,3,82,0,4,3,3,3,0,1,0,1,0,1,0,0,0,0,1
26,6,84,1,6,2,2,2,0,1,0,1,0,0,0,0,0,0,1
21,2,74,2,7,1,1,1,1,1,0,1,0,1,0,1,0,0,0
21,1,84,3,5,2,2,2,0,1,0,0,0,0,0,1,0,0,0
21,5,80,2,6,3,3,3,0,1,0,1,0,0,1,0,1,0,0
19,4,85,2,4,1,1,1,0,1,1,1,0,0,1,0,0,0,1
20,4,72,1,7,2,2,2,1,1,1,0,0,0,0,0,1,0,0
23,4,93,0,5,3,3,3,0,1,0,1,0,0,0,0,0,0,1
21,3,84,1,6,0,0,0,0,1,0,0,0,0,1,0,1,0,0
19,4,73,0,5,4,4,4,0,1,0,0,0,0,0,0,0,1,0
19,4,82,2,2,2,2,2,0,1,0,0,0,0,1,0,0,0,1
20,2,86,0,4,2,2,2,0,1,0,1,0,0,0,0,1,0,0
21,5,64,5,5,0,1,1,0,1,1,1,0,0,0,0,0,0,1
23,3,81,1,5,1,1,1,1,1,0,0,0,0,0,0,0,0,1
18,2,75,0,6,1,1,1,0,1,1,0,0,0,1,0,0,0,0
20,4,79,2,7,2,2,2,0,1,0,0,0,1,0,0,0,0,1
21,2,90,4,4,1,1,1,1,1,1,0,0,1,0,0,0,1,0
17,5,69,1,5,2,2,2,0,1,1,1,0,0,0,0,0,0,0
19,1,87,0,7,1,0,0,1,1,0,0,0,1,0,0,0,0,1
19,4,85,1,5,3,3,3,1,1,1,0,0,0,0,1,0,0,0
19,3,92,0,2,2,2,2,0,1,0,1,0,0,0,0,0,0,0
21,4,65,4,2,2,2,2,0,1,0,0,0,1,0,0,0,1,0
20,3,86,2,4,2,2,2,0,1,0,1,0,0,1,0,0,1,0
19,3,84,0,6,0,0,0,1,1,1,1,1,0,0,0,0,0,1
21,6,81,3,6,2,2,2,1,1,1,1,1,0,0,0,0,0,0
24,4,93,2,5,4,3,3,0,1,0,1,1,0,0,0,1,0,0
24,1,65,6,6,1,1,1,1,1,1,0,0,1,0,0,1,0,0
17,3,83,2,6,3,3,3,0,1,0,0,1,0,0,0,0,0,0
22,2,90,3,3,2,2,2,0,1,1,1,0,0,0,0,0,1,0
20,4,69,1,4,3,3,3,0,1,0,0,0,0,1,0,0,0,1
21,4,86,4,2,4,4,4,0,1,1,0,0,1,0,0,1,0,0
20,3,84,2,3,1,2,2,0,1,0,1,0,0,1,0,0,0,0
21,4,65,0,2,1,1,1,0,1,0,1,0,0,0,0,0,1,0
21,2,90,2,2,2,3,3,0,1,0,1,0,0,1,1,0,0,0
19,5,74,1,8,2,2,2,0,1,0,0,0,0,1,0,0,0,0
19,3,94,1,4,4,3,3,0,0,1,0,0,0,0,0,0,0,1
20,6,86,4,2,3,3,3,0,1,0,0,0,0,0,0,0,0,1
21,3,84,1,6,2,2,2,0,0,0,1,0,1,0,1,0,0,0
22,3,90,0,6,3,3,3,0,1,1,0,1,0,0,0,0,1,0
22,4,89,3,5,2,2,2,0,1,1,0,0,0,0,0,0,0,1
19,4,66,1,3,1,1,1,1,1,1,1,0,0,1,0,0,0,1
21,5,68,2,6,2,2,2,1,1,1,0,0,0,0,1,0,0,0
23,4,80,2,3,3,3,3,0,1,0,1,0,1,0,0,0,1,0
23,4,58,1,5,3,3,3,0,1,1,1,1,0,0,0,0,1,0
20,2,95,0,7,3,3,3,0,1,1,0,0,0,1,0,0,0,0
20,3,74,3,5,2,2,2,0,1,0,0,0,0,1,0,1,0,0
21,2,82,6,2,3,3,3,0,1,0,0,1,0,0,0,1,0,0
18,3,86,2,6,2,2,2,0,0,1,1,0,1,0,0,0,0,1
20,3,100,1,4,2,2,2,0,0,1,0,0,1,0,0,0,1,0
22,2,91,1,6,0,0,0,1,1,1,1,0,0,1,0,0,0,1
22,5,76,2,6,1,1,1,0,1,0,0,0,0,0,1,0,0,0
20,4,86,1,4,3,3,3,0,1,1,0,0,1,0,0,1,0,0
21,3,87,0,9,2,3,3,1,1,0,0,0,0,1,0,0,0,1
19,4,87,1,5,2,3,3,0,1,0,1,0,0,1,0,0,1,0
22,3,74,0,4,1,1,1,0,1,0,0,0,1,0,0,0,0,0
20,3,98,1,7,2,2,2,1,1,0,0,0,0,1,0,0,1,0
20,4,72,0,8,0,0,0,0,1,0,0,0,0,0,0,0,1,0
20,3,87,0,1,4,4,3,0,1,0,0,0,1,0,0,0,0,1
20,4,74,2,3,4,3,3,0,1,1,0,0,1,0,1,0,0,0
20,4,85,3,5,2,2,2,0,1,0,0,1,0,0,0,1,0,0
22,5,80,1,9,0,0,0,0,1,1,1,0,1,0,0,0,0,1
20,5,71,2,4,1,1,1,0,1,0,0,0,0,1,0,0,0,0
24,5,62,1,8,1,1,1,1,1,0,0,1,0,0,1,0,0,0
24,3,89,1,5,2,2,2,0,0,0,0,0,0,1,1,0,0,0
19,5,77,2,2,2,2,2,0,1,0,0,0,0,0,1,0,0,0
21,4,83,0,7,3,3,3,0,1,0,0,0,1,0,0,0,1,0
19,2,96,3,6,1,1,1,1,1,1,1,0,0,1,0,0,1,0
20,3,87,3,3,3,3,3,0,1,0,1,0,0,1,0,0,0,1
25,4,43,1,5,0,0,0,1,1,0,1,1,0,0,1,0,0,0
20,0,72,1,3,2,2,2,0,1,0,0,0,1,0,0,0,1,0
21,4,67,1,4,2,2,2,0,1,1,1,0,0,0,0,0,0,0
22,2,75,3,6,1,2,2,0,1,0,1,0,1,0,0,0,0,1
18,2,79,1,3,2,2,2,0,1,1,1,0,1,0,0,1,0,0
19,4,100,1,5,3,3,4,0,1,0,0,1,0,0,1,0,0,0
18,3,90,1,6,2,2,2,0,1,1,0,0,0,1,0,1,0,0
19,2,84,4,5,2,2,2,0,1,0,1,0,0,0,0,0,0,1
17,4,85,2,2,3,3,3,0,0,1,0,0,0,0,1,0,0,0
22,2,85,2,6,2,2,3,0,1,0,0,1,0,0,1,0,0,0
25,2,68,2,3,0,0,0,1,1,0,0,0,0,0,0,0,0,1
21,5,70,2,4,3,3,3,0,0,0,1,0,0,1,0,1,0,0
17,4,85,1,4,2,2,2,0,1,0,0,0,1,0,0,1,0,0
19,4,82,5,5,1,1,1,1,1,0,1,1,0,0,0,0,1,0
20,6,84,2,5,0,1,1,0,1,1,0,0,0,0,0,0,1,0
18,3,94,3,6,2,2,2,0,1,1,0,0,0,1,0,0,1,0
22,3,76,3,4,3,3,3,0,1,0,0,0,0,1,1,0,0,0
22,3,79,1,3,2,2,2,0,1,0,1,0,0,1,0,0,0,0
18,6,84,3,7,0,0,0,1,1,1,0,0,0,0,1,0,0,0
22,3,68,3,4,2,2,2,0,1,1,1,0,0,0,0,0,1,0
24,2,70,0,5,2,3,3,0,1,0,0,0,1,0,1,0,0,0
25,4,92,1,3,3,3,3,0,1,0,0,0,1,0,0,0,1,0
27,3,79,3,3,1,1,1,0,1,0,0,0,0,1,0,0,1,0
19,3,78,4,8,1,1,1,0,1,1,0,1,0,0,0,0,0,1
27,6,83,2,3,3,3,3,0,1,0,1,0,0,0,0,0,0,0
20,4,68,2,3,1,1,1,0,1,0,0,0,0,0,1,0,0,0
19,2,79,2,4,0,0,0,1,1,1,0,1,0,0,1,0,0,0
21,3,77,1,6,1,1,1,1,1,0,0,1,0,0,0,0,0,1
19,1,84,3,3,2,2,2,0,1,0,0,0,0,0,0,0,0,1
21,3,65,1,2,1,1,1,1,1,0,0,1,0,0,0,1,0,0
18,5,75,5,3,4,4,4,0,1,0,0,1,0,0,0,1,0,0
20,3,78,1,4,0,0,0,1,1,0,1,0,0,1,0,0,1,0
23,7,78,3,3,2,2,2,0,1,1,0,0,1,0,1,0,0,0
20,0,90,4,9,0,0,0,1,1,1,0,0,1,0,0,1,0,0
21,3,75,1,9,1,0,0,1,1,1,0,1,0,0,0,0,0,1
22,4,100,2,7,1,1,1,1,1,0,0,0,1,0,0,1,0,0
23,4,88,2,6,2,2,2,0,1,1,0,0,0,0,0,0,0,0
17,4,63,3,5,4,4,4,0,1,0,0,0,0,1,0,1,0,0
22,3,86,0,7,2,2,2,0,1,0,0,0,1,0,0,0,1,0
20,5,87,3,5,3,3,3,0,1,0,0,0,1,0,0,0,1,0
21,2,79,2,4,2,3,3,0,0,0,0,0,0,0,0,1,0,0
23,3,91,0,9,1,0,0,0,1,1,1,1,0,0,1,0,0,0
18,2,74,3,6,1,1,1,0,1,1,0,0,1,0,0,0,1,0
18,3,86,4,8,0,0,0,1,1,0,0,1,0,0,1,0,0,0
17,3,81,0,8,0,0,0,1,1,0,0,0,0,1,0,1,0,0
19,4,84,1,2,2,3,3,0,1,1,1,1,0,0,1,0,0,0
23,2,83,3,3,2,1,1,1,1,1,0,0,0,0,0,0,0,1
20,3,82,1,5,0,1,1,0,1,0,0,0,0,1,1,0,0,0
18,4,97,2,6,2,2,2,0,0,0,1,0,1,0,0,0,0,1
19,4,77,0,7,0,0,0,1,1,1,0,0,0,0,0,0,0,1
17,2,75,0,5,1,1,1,1,0,0,1,0,0,0,0,0,0,1
18,4,81,1,7,2,2,2,0,1,0,0,0,1,0,0,0,1,0
21,5,92,4,6,2,3,3,0,1,0,1,1,0,0,0,0,0,0
18,5,82,3,6,0,0,0,0,1,1,0,0,1,0,1,0,0,0
23,3,81,3,5,1,1,1,1,1,0,1,0,0,1,0,0,0,0
20,4,77,3,6,2,2,2,0,1,1,1,0,0,1,1,0,0,0
21,3,78,0,6,1,1,1,0,1,0,1,0,1,0,1,0,0,0
20,4,90,4,5,0,1,1,1,1,1,0,0,0,1,1,0,0,0
22,4,81,1,3,4,3,3,0,0,1,0,1,0,0,0,0,1,0
22,2,84,3,6,2,2,2,1,1,1,1,0,0,1,0,0,0,0
21,3,76,3,2,2,2,2,0,1,1,1,0,0,0,0,1,0,0
22,4,88,3,5,2,2,2,0,1,0,0,0,0,0,0,0,0,1
20,3,91,3,6,0,0,0,1,0,1,0,0,1,0,0,1,0,0
22,2,74,3,4,2,2,2,1,0,0,0,0,0,0,0,0,1,0
20,3,74,2,5,0,0,0,1,1,0,0,1,0,0,0,1,0,0
21,3,75,3,3,3,2,2,0,1,0,0,0,1,0,0,0,0,1
20,3,90,0,6,2,2,2,0,1,0,0,1,0,0,0,0,0,0
20,4,74,2,5,0,0,0,1,0,0,0,0,1,0,1,0,0,0
19,2,79,3,5,1,0,0,0,1,0,1,0,1,0,0,0,0,1
22,5,74,3,7,0,0,0,0,1,0,0,0,1,0,0,0,1,0
23,5,95,4,6,2,2,2,0,1,0,0,0,0,1,0,1,0,0
23,5,77,2,6,3,3,3,0,1,0,0,0,1,0,0,0,0,0
18,3,95,2,7,2,2,2,0,1,0,0,0,0,0,1,0,0,0
23,4,81,2,7,1,1,1,0,1,0,0,0,0,0,0,0,0,1
20,5,78,1,3,4,3,3,0,0,1,0,1,0,0,0,0,0,0
22,3,88,0,6,2,2,2,0,1,1,0,0,0,1,0,0,0,0
19,4,81,3,6,2,2,2,0,1,1,1,1,0,0,0,0,0,1
21,3,93,2,7,0,0,0,1,1,1,0,0,0,0,1,0,0,0
21,4,80,1,3,3,3,3,0,1,0,0,1,0,0,0,0,1,0
17,4,78,3,4,3,3,3,0,1,1,0,1,0,0,0,1,0,0
22,4,78,0,5,1,2,2,1,0,0,0,0,1,0,0,0,0,1
24,4,91,3,8,2,2,2,0,1,0,0,0,0,0,0,0,0,0
20,4,84,2,5,0,0,0,0,0,0,1,0,0,0,0,0,0,0
24,3,76,0,5,1,1,1,0,1,1,0,1,0,0,0,0,0,0
20,5,70,1,4,1,1,1,0,1,1,0,0,1,0,0,0,0,1
22,5,83,1,6,0,0,0,1,1,0,0,0,1,0,1,0,0,0
17,4,74,3,6,1,1,1,1,1,0,1,0,0,0,0,0,0,0
26,4,67,4,4,3,3,3,0,1,0,0,1,0,0,1,0,0,0
24,4,75,1,5,4,4,4,0,1,1,1,0,0,1,1,0,0,0
20,3,72,2,6,1,1,1,0,1,1,0,0,1,0,0,0,0,0
17,5,67,2,6,0,0,0,1,1,0,1,0,1,0,0,1,0,0
21,3,80,1,4,3,3,3,0,1,1,0,1,0,0,1,0,0,0
17,4,64,2,5,2,1,1,0,0,1,1,0,1,0,0,1,0,0
22,2,75,5,6,2,2,2,0,1,1,0,0,0,1,1,0,0,0
21,3,83,2,7,2,2,2,1,1,0,1,1,0,0,0,0,1,0
18,5,79,1,7,1,1,1,0,1,0,0,1,0,0,0,0,0,1
23,5,99,2,4,3,3,3,0,1,0,0,0,0,0,0,1,0,0
22,6,80,2,4,4,4,3,0,1,1,0,1,0,0,1,0,0,0
23,3,71,0,9,1,1,1,0,1,0,1,1,0,0,0,0,0,1
21,7,84,2,4,4,4,4,0,1,1,1,0,0,1,0,0,0,0
17,5,85,3,2,4,4,4,0,0,1,0,1,0,0,0,1,0,0
23,5,79,3,3,1,1,1,1,1,0,0,0,0,0,0,1,0,0
20,4,53,1,5,1,0,0,0,1,0,0,0,0,1,0,0,0,1
17,1,94,2,7,0,0,0,0,1,0,0,0,1,0,1,0,0,0
24,3,71,2,8,1,1,1,0,1,0,0,0,0,0,0,0,1,0
25,3,89,0,5,3,3,3,0,1,1,0,0,0,0,0,1,0,0
20,3,91,1,2,3,3,3,0,1,1,0,1,0,0,0,0,0,0
25,3,79,0,7,0,0,0,0,1,0,0,0,0,1,0,0,1,0
21,3,89,4,6,3,3,3,0,1,0,0,0,1,0,0,0,1,0
20,4,89,3,7,1,1,1,0,1,0,0,0,0,0,0,1,0,0
19,4,73,3,6,1,1,1,0,1,0,0,0,1,0,0,0,1,0
24,3,93,4,3,4,4,4,0,1,0,1,0,0,0,0,0,0,1
19,3,84,1,6,1,1,1,0,1,1,0,0,1,0,1,0,0,0
22,5,64,2,2,2,3,3,0,1,1,0,0,1,0,1,0,0,0
19,3,83,2,4,3,3,3,0,0,0,1,0,0,0,0,0,1,0
20,5,77,1,7,0,0,0,0,1,0,1,1,0,0,1,0,0,0
23,4,70,1,5,2,3,3,0,1,0,0,0,0,1,0,1,0,0
20,1,76,1,3,3,3,3,0,0,0,1,0,0,0,0,1,0,0
20,4,76,1,5,3,3,3,0,1,0,0,0,0,1,0,1,0,0
23,5,73,1,5,1,1,1,1,0,0,0,0,0,0,0,0,0,0
24,6,83,2,9,0,0,0,0,1,0,1,0,0,0,0,0,0,0
22,5,86,2,6,1,1,1,0,1,0,1,0,0,0,0,0,1,0
19,4,82,0,9,2,2,2,0,1,1,0,1,0,0,0,1,0,0
19,4,79,1,5,2,2,2,0,1,0,1,0,0,0,0,1,0,0
21,3,82,4,7,2,2,2,0,1,0,1,0,0,0,0,0,0,1
21,2,90,2,4,4,4,4,0,1,0,1,0,0,1,0,1,0,0
18,6,73,1,4,3,3,3,0,1,0,1,0,1,0,0,0,1,0
22,3,71,1,3,1,0,0,0,1,1,0,0,1,0,0,0,1,0
21,4,72,1,6,0,0,0,1,1,0,1,0,1,0,0,0,0,1
17,4,68,2,7,0,0,0,1,1,0,0,0,0,1,0,1,0,0
19,3,73,1,4,1,1,1,0,1,1,0,0,0,1,1,0,0,0
19,5,91,1,8,1,1,1,0,1,0,0,1,0,0,0,0,0,1
20,3,68,4,8,0,0,0,1,1,0,0,0,0,1,1,0,0,0
25,8,80,1,7,2,2,2,0,1,0,0,0,0,1,0,0,0,0
21,1,87,4,6,0,0,0,1,1,0,0,0,0,1,1,0,0,0
19,3,82,4,4,1,1,1,0,1,1,0,0,0,0,0,1,0,0
21,5,89,1,7,2,2,2,0,1,0,1,0,1,0,0,0,1,0
20,1,77,1,3,2,2,2,0,0,0,0,1,0,0,1,0,0,0
21,4,78,0,6,1,1,1,1,0,0,0,0,0,1,0,1,0,0
22,3,78,2,3,1,1,1,0,1,0,1,0,0,0,0,0,0,0
23,3,86,2,3,3,3,3,0,1,0,1,1,0,0,0,0,0,0
20,5,100,1,5,2,2,2,0,1,1,0,1,0,0,0,0,0,0
24,4,81,1,6,1,1,1,0,1,0,0,0,0,1,0,0,0,0
23,3,80,1,7,0,0,0,1,1,0,1,1,0,0,1,0,0,0
19,5,74,6,5,1,1,1,0,1,0,0,0,0,0,0,0,0,1
25,4,95,2,4,1,1,1,0,0,1,1,1,0,0,0,0,0,1
21,2,78,6,4,2,2,2,0,1,0,1,1,0,0,0,0,1,0
19,3,77,2,6,0,0,0,0,1,1,0,1,0,0,1,0,0,0
24,3,80,2,6,1,1,1,1,1,0,0,0,1,0,0,0,0,0
25,5,96,3,5,3,3,3,0,1,0,0,1,0,0,0,1,0,0
20,4,77,3,5,2,2,2,0,1,1,0,0,0,1,0,0,0,1
19,5,81,1,8,1,1,1,0,1,0,1,0,1,0,0,0,1,0
20,4,61,4,7,1,1,1,1,1,0,1,0,0,1,0,0,0,1
22,3,89,1,3,1,1,1,1,1,0,0,1,0,0,0,0,1,0
23,4,79,1,7,4,3,3,0,1,0,1,1,0,0,1,0,0,0
22,4,89,0,8,1,1,1,1,1,0,0,0,0,1,0,1,0,0
21,3,87,1,4,0,0,0,1,0,1,1,0,1,0,0,0,1,0
24,2,83,2,7,1,2,2,1,1,1,1,0,1,0,0,0,0,1
20,4,78,2,10,1,2,2,0,1,0,0,1,0,0,0,0,0,0
23,2,82,2,6,2,2,2,0,1,0,1,0,0,1,0,1,0,0
20,5,71,1,5,3,3,3,0,1,1,0,0,0,0,0,0,0,0
21,5,83,2,5,1,1,1,1,1,1,0,0,1,0,0,0,0,0
20,3,86,3,5,2,3,3,0,0,0,0,0,0,0,0,1,0,0
20,4,82,3,2,4,3,3,0,1,0,0,0,0,1,1,0,0,0
20,3,82,1,2,1,1,1,0,1,1,0,0,1,0,1,0,0,0
24,5,77,2,6,2,3,3,0,1,0,0,0,1,0,0,0,0,1
19,1,80,1,5,1,1,1,1,1,1,1,1,0,0,1,0,0,0
19,4,73,0,6,3,3,3,0,0,1,0,1,0,0,1,0,0,0
25,2,77,3,5,1,0,0,1,1,1,0,1,0,0,0,0,0,0
23,4,98,3,5,2,3,3,0,1,0,0,0,1,0,0,0,0,1
17,4,82,1,5,0,0,0,1,1,0,1,0,0,1,0,0,1,0
19,4,85,3,1,4,4,4,0,1,1,0,0,0,1,1,0,0,0
17,6,81,4,3,2,3,3,0,1,1,0,0,0,1,0,0,0,0
18,3,82,1,4,1,1,1,1,0,0,1,1,0,0,0,1,0,0
17,2,83,0,5,2,2,2,0,0,0,0,1,0,0,0,0,1,0
20,4,80,2,2,2,2,2,0,1,0,0,0,0,0,0,0,0,1
18,3,86,2,3,2,2,2,0,1,0,1,1,0,0,0,1,0,0
21,5,76,1,6,3,2,2,0,1,1,0,0,0,1,0,0,0,0
17,5,70,2,6,2,2,2,0,1,0,0,0,0,0,0,0,0,1
21,5,83,0,1,4,4,3,0,0,1,0,0,0,1,0,0,1,0
20,3,90,0,5,1,1,1,0,1,0,0,0,0,1,0,0,0,1
24,6,76,1,5,3,3,3,0,1,1,1,1,0,0,0,0,0,1
24,5,88,2,3,3,3,3,0,1,1,1,0,0,1,0,0,1,0
22,3,87,3,5,2,2,2,0,1,0,1,1,0,0,0,0,0,0
20,3,94,2,6,2,2,2,0,1,1,0,0,0,1,0,0,0,1
25,5,96,2,6,3,2,2,0,1,1,1,0,0,0,1,0,0,0
17,4,86,1,5,2,1,1,0,1,0,0,0,1,0,1,0,0,0
17,3,81,3,6,0,0,0,0,1,0,1,1,0,0,0,0,1,0
20,3,69,4,5,1,1,1,1,1,0,1,0,1,0,0,0,1,0
26,3,89,1,1,3,3,3,0,1,0,1,0,0,1,0,0,0,1
20,5,91,1,5,2,2,2,0,1,0,0,0,0,1,1,0,0,0
20,3,79,1,3,0,0,0,1,1,0,1,0,0,1,0,0,0,1
17,5,84,3,5,2,1,1,0,1,1,0,1,0,0,0,0,0,0
23,4,73,2,5,1,1,1,0,1,1,0,0,1,0,1,0,0,0
23,5,77,1,5,3,3,3,0,1,0,1,0,1,0,0,0,0,0
22,2,71,3,4,0,0,0,1,1,1,0,0,0,1,0,0,0,1
19,5,84,2,4,3,3,3,0,1,1,0,0,1,0,0,0,0,1
19,5,78,3,6,2,3,2,0,0,0,0,0,0,1,0,0,0,1
18,4,92,2,3,2,2,2,0,1,0,1,0,0,1,0,1,0,0
21,3,83,2,4,1,1,1,0,1,1,0,0,1,0,0,0,0,1
18,5,84,4,2,3,3,3,0,0,0,1,0,1,0,1,0,0,0
18,3,82,2,6,2,3,3,0,0,1,0,0,1,0,0,0,0,1
20,3,94,0,3,3,3,3,0,1,0,1,0,1,0,0,0,0,0
19,4,93,4,5,3,2,2,0,1,1,0,0,0,1,0,1,0,0
19,2,80,2,6,0,0,0,1,1,1,0,0,0,0,0,0,0,1
22,3,84,0,7,1,1,1,0,1,1,0,0,0,0,1,0,0,0
21,2,93,1,4,3,3,3,0,0,0,0,0,0,1,1,0,0,0
20,1,72,2,6,1,1,1,0,1,1,0,1,0,0,0,0,1,0
21,6,84,3,5,3,2,2,0,1,0,0,1,0,0,0,0,0,1
18,3,79,4,2,2,2,2,0,1,1,0,0,0,0,1,0,0,0
21,4,93,0,2,3,3,3,0,1,1,0,0,0,1,0,1,0,0
21,6,86,1,7,3,2,2,0,1,0,0,0,1,0,0,0,0,1
17,3,68,0,7,0,0,0,1,1,0,1,0,0,1,0,0,0,1
23,2,78,3,1,3,3,3,0,1,0,1,0,0,0,0,0,0,0
19,6,93,4,6,3,3,3,0,0,0,1,0,1,0,1,0,0,0
21,2,89,2,6,1,2,2,0,0,1,0,0,1,0,0,0,0,0
23,3,73,0,4,3,3,3,0,1,1,1,0,0,0,1,0,0,0
23,3,74,1,4,4,3,3,0,0,0,0,1,0,0,0,0,1,0
21,4,82,0,3,1,0,0,0,1,0,0,1,0,0,1,0,0,0
20,1,81,3,2,1,1,1,0,1,0,0,0,1,0,0,0,1,0
23,4,79,7,3,1,2,2,0,1,0,1,1,0,0,0,1,0,0
22,4,78,1,6,2,2,2,0,1,1,1,1,0,0,0,0,0,1
19,5,77,0,4,1,1,1,0,1,0,1,0,1,0,0,0,0,0
19,5,100,2,6,1,1,1,0,1,1,0,0,0,0,1,0,0,0
17,4,79,2,5,3,4,4,0,0,0,1,0,0,1,1,0,0,0
21,3,76,0,6,0,0,0,1,1,1,0,0,0,1,0,0,0,1
20,4,86,3,5,1,1,1,1,0,1,0,0,0,0,0,0,0,1
23,3,81,0,1,2,2,2,0,1,0,0,0,1,0,0,0,0,0
21,4,74,2,4,2,1,1,0,1,1,0,0,1,0,1,0,0,0
23,2,80,4,6,3,3,3,0,1,0,0,0,0,1,0,0,1,0
19,4,81,4,5,0,0,0,1,1,0,0,0,1,0,0,0,1,0
23,3,85,0,3,2,3,3,1,1,0,0,0,0,0,1,0,0,0
19,2,84,0,8,0,0,0,1,1,0,1,0,0,0,0,1,0,0
22,5,73,0,6,1,2,2,0,1,1,0,1,0,0,0,0,0,0
17,5,86,3,3,4,4,3,0,1,1,0,1,0,0,0,0,0,1
21,4,89,0,7,2,2,2,0,1,0,0,1,0,0,0,0,0,1
17,1,73,3,9,0,1,1,1,1,1,1,0,1,0,0,0,0,0
20,2,75,2,4,1,1,1,0,1,0,1,1,0,0,1,0,0,0
22,3,80,3,4,4,4,3,0,0,0,0,0,1,0,0,1,0,0
19,4,83,0,3,3,3,3,0,1,0,0,0,1,0,1,0,0,0
18,4,84,3,8,0,0,0,1,1,0,0,0,1,0,1,0,0,0
22,4,81,1,4,4,3,3,0,1,0,1,0,0,0,0,0,1,0
20,4,70,2,3,1,1,1,1,1,0,0,0,1,0,0,0,0,1
19,4,75,0,5,3,3,3,0,1,1,0,0,0,1,1,0,0,0
21,3,74,0,4,0,0,0,0,1,0,1,0,1,0,1,0,0,0
26,6,92,3,4,3,3,3,0,1,1,0,0,0,0,0,0,1,0
23,5,91,1,4,3,3,3,0,1,0,1,0,1,0,0,0,1,0
23,4,73,0,4,3,3,3,0,1,1,0,0,0,1,0,1,0,0
22,2,84,3,5,2,3,3,0,1,0,0,0,0,0,1,0,0,0
21,2,92,1,7,2,2,2,0,1,1,0,0,0,1,1,0,0,0
17,3,86,3,3,3,3,3,1,1,1,1,0,0,1,0,0,0,1
19,3,68,1,3,2,2,2,0,1,0,0,1,0,0,1,0,0,0
19,2,81,1,6,1,2,2,0,1,1,0,0,0,0,0,0,0,1
17,4,88,2,6,3,3,3,0,1,0,0,1,0,0,1,0,0,0
18,1,95,3,8,3,3,3,0,1,0,0,0,0,0,0,0,0,1
17,3,80,0,8,0,0,0,1,1,1,0,1,0,0,0,0,0,1
20,4,68,0,2,1,1,1,0,1,1,1,0,0,1,0,0,0,1
22,4,99,3,1,4,4,4,0,1,0,1,0,0,1,1,0,0,0
23,1,81,4,6,1,2,2,1,1,0,1,0,0,0,0,1,0,0
21,4,93,2,5,2,2,2,0,1,1,0,0,1,0,0,0,0,1
18,3,79,1,8,0,0,0,0,1,1,1,1,0,0,1,0,0,0
17,3,86,2,6,1,0,0,1,1,1,0,0,1,0,1,0,0,0
17,2,76,2,4,3,3,3,0,1,0,0,0,0,0,0,0,0,1
18,1,76,0,7,2,2,2,0,1,0,0,0,0,0,0,0,1,0
19,2,96,0,3,2,2,2,0,1,1,0,0,1,0,0,0,0,0
20,3,89,1,9,0,0,0,1,1,1,0,0,0,1,0,1,0,0
18,3,81,1,6,1,2,2,0,1,0,0,0,0,0,0,0,0,1
21,2,89,3,4,3,3,3,0,1,0,1,0,0,0,0,0,1,0
20,2,76,1,3,3,3,3,0,0,0,1,1,0,0,0,0,0,0
21,3,82,2,5,1,0,0,1,1,1,0,0,0,0,0,0,0,0
23,2,82,2,5,1,1,1,0,1,0,0,0,1,0,0,1,0,0
18,4,75,1,5,3,3,3,0,1,0,0,1,0,0,0,0,1,0
21,4,74,4,3,4,3,3,0,1,0,0,0,1,0,0,0,1,0
21,4,66,1,5,2,2,2,0,1,0,0,0,0,1,0,1,0,0
20,2,74,1,7,0,0,0,1,1,0,0,1,0,0,0,0,0,1
22,4,96,1,4,2,2,2,0,1,0,1,0,0,0,0,0,0,1
22,4,67,2,6,1,1,1,1,1,1,0,0,0,1,0,0,0,0
18,4,66,1,5,1,1,1,1,1,0,0,0,0,0,0,0,1,0
20,6,83,5,6,4,4,4,0,1,0,0,0,0,1,0,0,1,0
21,5,80,4,3,3,4,3,0,1,0,0,1,0,0,0,1,0,0
20,3,89,0,6,3,3,3,0,1,1,1,0,0,1,0,1,0,0
22,3,79,2,8,0,1,1,1,1,1,0,1,0,0,0,0,0,0
21,3,89,1,6,2,2,2,0,1,0,0,0,0,1,0,0,0,1
25,3,86,1,7,2,3,3,0,1,0,1,1,0,0,0,0,0,1
17,4,71,1,5,2,2,2,0,1,1,0,0,0,1,0,0,0,1
20,5,91,3,3,4,3,3,1,1,0,0,0,0,1,1,0,0,0
19,4,79,1,8,0,0,0,1,1,0,0,0,0,1,1,0,0,0
22,5,67,2,7,2,2,2,0,1,1,0,1,0,0,0,0,0,0
17,5,85,4,5,3,3,3,0,1,0,1,0,0,1,1,0,0,0
21,4,79,2,7,2,1,1,0,1,0,0,1,0,0,0,1,0,0
19,3,95,3,5,1,1,1,0,1,1,1,0,0,0,1,0,0,0
19,4,90,4,5,2,3,3,0,1,1,0,1,0,0,0,1,0,0
17,4,74,3,5,3,3,3,0,0,1,0,0,0,1,1,0,0,0
20,2,89,1,3,4,4,4,0,1,0,1,0,0,1,0,0,0,0
23,7,76,1,5,2,1,1,0,0,0,0,0,0,1,1,0,0,0
20,3,68,2,5,2,2,2,0,1,0,1,0,1,0,0,1,0,0
22,4,77,3,5,3,4,4,0,1,0,0,0,0,1,0,0,0,0
24,3,71,0,6,1,1,1,0,1,0,0,0,0,0,0,0,0,1
21,5,81,1,6,2,1,1,0,1,1,0,1,0,0,0,0,0,1
19,4,97,2,6,2,2,2,0,1,1,1,0,0,1,1,0,0,0
22,2,82,1,6,1,1,1,0,1,1,1,0,0,1,0,0,1,0
19,5,85,1,6,2,2,2,0,1,0,1,0,1,0,0,0,0,1
19,5,74,3,5,3,3,3,0,1,0,1,0,0,0,1,0,0,0
17,3,77,1,6,2,1,1,1,1,0,0,0,1,0,0,1,0,0
23,5,86,2,6,2,2,2,0,1,1,1,0,0,0,0,0,0,0
20,3,81,1,4,2,2,2,0,1,0,0,1,0,0,0,1,0,0
21,4,76,1,3,2,2,2,0,1,1,0,1,0,0,0,1,0,0
18,5,90,3,6,2,2,2,0,1,0,0,0,0,0,0,0,1,0
22,4,68,4,5,3,3,3,0,1,1,0,0,0,0,0,0,0,1
19,4,98,3,6,3,3,3,0,1,0,0,1,0,0,0,0,0,0
20,5,87,1,7,2,3,3,0,1,0,1,0,1,0,1,0,0,0
22,6,72,4,5,4,3,3,0,1,0,1,0,1,0,0,0,0,1
22,5,82,1,5,3,2,2,0,1,1,0,0,1,0,0,0,0,1
21,4,72,0,6,0,0,0,1,1,0,0,0,1,0,0,1,0,0
17,3,98,2,3,3,3,3,0,1,0,0,0,1,0,0,0,0,0
27,4,74,1,5,1,1,1,1,1,1,0,0,1,0,1,0,0,0
24,2,90,0,5,1,2,2,0,1,0,1,1,0,0,0,1,0,0
22,4,89,3,7,2,2,2,0,0,0,0,0,0,1,1,0,0,0
19,2,76,4,4,2,3,3,0,1,1,0,0,1,0,0,0,1,0
20,3,84,1,5,2,2,2,0,1,1,0,0,1,0,0,0,0,1
19,4,84,1,5,2,2,2,0,1,1,0,0,1,0,0,0,0,1
23,3,88,2,1,4,4,3,0,1,0,0,1,0,0,1,0,0,0
21,5,83,2,4,3,3,3,0,1,1,0,0,0,1,0,1,0,0
19,3,76,2,5,4,3,3,0,1,1,1,0,0,1,0,1,0,0
20,4,86,4,5,2,2,2,0,0,0,1,0,0,0,0,0,0,1
23,3,86,0,5,0,0,0,0,1,1,1,0,0,1,0,0,0,1
24,3,74,3,7,0,1,1,1,1,1,1,0,0,1,1,0,0,0
24,5,63,5,7,1,1,1,1,1,1,0,0,0,1,1,0,0,0
22,4,71,1,5,3,2,2,0,1,0,1,1,0,0,0,0,1,0
20,4,85,0,6,3,3,3,0,1,1,0,0,0,1,1,0,0,0
17,3,85,1,6,2,2,2,0,0,1,0,0,0,1,0,0,0,0
21,4,77,0,5,2,1,1,0,1,1,1,0,1,0,0,0,1,0
21,3,89,1,1,3,2,3,0,1,1,0,1,0,0,1,0,0,0
21,5,92,0,6,2,2,3,0,1,0,0,1,0,0,0,1,0,0
21,4,88,3,4,1,2,2,0,1,0,0,1,0,0,0,0,0,1
18,5,83,2,5,2,2,2,0,1,0,0,1,0,0,0,0,1,0
22,5,72,3,3,0,0,0,0,1,0,1,0,0,0,0,0,0,1
22,4,79,2,5,3,3,3,0,1,1,0,0,0,1,0,1,0,0
22,6,80,1,7,0,0,0,1,1,1,1,0,0,0,0,1,0,0
23,3,77,1,8,1,1,1,1,1,1,0,0,1,0,0,1,0,0
22,5,87,1,4,1,1,1,0,1,0,0,0,0,0,0,1,0,0
20,4,67,1,8,0,1,1,1,1,0,1,0,0,1,0,0,0,1
20,4,76,3,4,0,0,0,0,1,1,1,0,0,0,0,0,0,0
21,1,77,4,4,1,0,0,1,1,1,0,0,0,0,0,1,0,0
21,4,76,1,2,4,4,3,0,1,1,0,0,1,0,0,0,0,0
23,5,97,5,6,4,4,3,0,1,0,1,0,1,0,0,1,0,0
22,4,81,4,5,2,2,2,0,1,0,0,1,0,0,0,1,0,0
25,5,76,0,5,1,1,1,1,1,0,1,1,0,0,1,0,0,0
25,5,81,2,4,3,4,4,0,1,0,0,0,0,1,1,0,0,0
21,3,88,5,3,2,2,2,1,1,1,1,0,1,0,0,0,0,0
17,4,66,0,6,1,1,1,1,1,0,0,0,1,0,0,0,1,0
23,3,82,1,5,1,1,1,0,1,1,0,1,0,0,0,0,0,0
19,3,78,2,7,1,1,1,1,1,1,1,0,0,1,0,0,0,1
19,4,84,4,3,1,1,1,1,1,0,0,1,0,0,1,0,0,0
20,4,72,1,5,1,1,1,1,1,1,0,0,0,1,0,0,0,0
20,4,80,2,5,1,1,1,0,1,0,0,0,0,0,0,0,0,0
22,3,80,2,4,3,3,3,0,1,0,0,1,0,0,0,0,0,0
17,4,71,0,4,3,3,3,0,1,0,0,0,1,0,0,0,0,0
18,4,96,2,4,4,3,3,0,1,1,1,0,0,1,0,0,0,0
21,3,85,3,3,3,3,3,0,1,0,0,0,1,0,1,0,0,0
22,2,89,3,8,2,2,2,0,1,0,0,0,1,0,0,1,0,0
22,2,79,2,1,2,2,2,0,1,0,0,0,0,0,0,0,1,0
19,3,83,3,3,4,4,3,0,1,0,0,0,1,0,0,0,0,1
18,1,72,2,6,1,1,1,1,1,0,0,1,0,0,0,0,1,0
19,4,76,1,5,2,2,2,0,1,0,1,0,0,0,0,0,0,1
21,2,74,2,5,1,1,1,0,1,0,1,1,0,0,0,0,0,0
24,4,84,1,5,0,0,0,0,0,1,0,0,0,0,1,0,0,0
17,3,95,1,6,3,4,3,1,1,0,0,0,1,0,0,0,0,1
20,1,89,2,5,3,3,3,0,1,1,0,0,0,0,0,0,1,0
18,2,96,1,4,3,3,3,0,1,0,1,0,0,1,0,0,1,0
17,4,88,5,5,4,3,3,0,1,1,0,0,0,1,0,0,0,0
23,5,85,1,5,2,3,3,0,1,0,1,0,0,0,0,0,1,0
22,3,74,1,8,2,2,2,0,1,1,0,1,0,0,0,0,0,0
22,4,84,1,4,3,3,3,0,1,0,1,1,0,0,0,0,0,0
23,3,78,1,6,2,2,2,0,1,1,0,1,0,0,0,1,0,0
19,3,88,2,7,4,3,3,0,0,1,0,0,0,0,0,0,0,0
20,2,71,0,3,0,0,0,1,1,0,0,0,0,0,0,0,1,0
25,3,81,2,3,1,1,1,0,1,0,1,0,0,1,0,0,0,0
20,3,82,3,9,1,1,1,1,1,0,1,1,0,0,0,0,1,0
22,5,96,2,4,4,3,3,0,1,0,1,1,0,0,0,0,0,0
21,3,73,3,5,0,0,0,1,1,0,0,0,1,0,0,0,0,0
17,4,91,3,5,1,1,1,0,1,0,1,0,1,0,1,0,0,0
17,2,88,0,5,2,2,2,0,0,1,1,1,0,0,0,0,0,0
19,3,80,2,4,1,1,1,1,1,0,0,1,0,0,0,0,0,0
23,2,85,7,5,1,1,1,1,1,1,0,0,0,0,0,0,0,0
22,3,80,5,4,1,1,1,0,1,0,0,0,1,0,0,1,0,0
23,5,82,1,5,3,3,3,0,1,0,1,0,1,0,0,0,0,1
18,3,88,2,2,2,2,2,0,1,0,0,1,0,0,0,0,1,0
24,5,100,2,5,2,2,2,0,1,0,1,0,1,0,0,1,0,0
18,3,89,3,6,1,0,0,1,1,0,0,0,0,1,0,1,0,0
21,4,84,0,7,1,1,1,0,1,0,0,0,1,0,1,0,0,0
21,5,93,4,7,3,3,3,0,1,0,0,0,0,0,0,0,0,1
20,4,70,1,4,2,2,2,0,1,0,1,0,0,0,0,0,0,1
23,4,63,1,5,1,1,1,1,1,1,0,1,0,0,0,0,1,0
19,4,82,2,3,4,3,3,0,1,1,0,1,0,0,0,0,0,0
18,3,73,0,4,0,0,0,1,1,1,0,0,1,0,0,0,0,1
21,2,77,2,8,2,2,2,0,1,0,1,0,1,0,0,0,1,0
20,3,68,3,5,0,0,0,1,1,1,0,0,1,0,0,1,0,0
28,4,71,2,5,1,2,2,1,0,0,1,0,0,1,0,0,0,1
22,5,80,4,5,3,2,2,0,1,0,0,1,0,0,0,0,1,0
20,4,74,0,8,1,0,0,1,0,0,0,0,1,0,0,1,0,0
18,3,85,1,6,1,1,1,1,0,0,0,0,0,0,0,1,0,0
17,3,84,3,8,1,2,2,0,1,1,0,0,0,1,1,0,0,0
18,4,84,1,4,0,0,0,1,1,0,1,1,0,0,0,0,1,0
21,4,78,3,3,1,1,1,1,1,0,0,1,0,0,0,0,1,0
24,4,90,4,4,3,2,2,0,1,0,1,0,0,1,1,0,0,0
23,3,86,3,6,0,0,0,1,1,0,1,0,0,1,0,0,1,0
21,2,83,4,8,1,1,1,1,1,1,0,0,0,0,0,0,1,0
20,3,83,1,6,3,3,3,0,1,1,0,1,0,0,0,1,0,0
21,3,80,1,7,0,0,0,1,0,0,0,0,1,0,0,0,0,1
19,4,92,1,5,3,3,3,0,1,0,0,0,0,1,1,0,0,0
24,2,91,0,3,3,2,2,0,0,1,0,1,0,0,1,0,0,0
20,3,79,0,9,1,1,1,0,1,0,1,0,1,0,0,1,0,0
20,4,83,2,6,4,4,4,0,1,1,0,0,1,0,0,0,0,1
17,4,78,1,5,1,0,0,1,1,0,1,1,0,0,0,0,0,0
20,6,100,0,7,2,2,2,0,1,0,0,0,1,0,0,0,0,0
22,4,80,1,2,2,2,2,0,1,1,0,1,0,0,0,0,1,0
18,2,91,1,4,2,2,2,0,0,0,0,0,1,0,0,0,0,0
19,2,100,4,6,0,0,0,1,1,1,0,0,1,0,0,0,1,0
22,4,84,0,5,3,3,3,0,1,0,0,0,0,0,0,0,0,0
17,3,68,0,5,2,3,3,0,1,1,0,0,0,1,0,0,0,1
23,3,94,1,7,1,1,1,0,1,1,1,0,0,0,0,0,0,1
19,2,77,0,5,1,2,2,0,0,1,0,0,1,0,0,0,0,0
20,2,76,1,9,0,0,0,1,1,1,0,0,1,0,0,0,0,1
18,5,96,0,5,1,1,1,0,1,0,1,0,0,0,1,0,0,0
21,5,71,3,6,1,1,1,0,1,0,0,1,0,0,0,0,0,0
26,4,93,2,6,0,0,0,0,0,1,0,0,0,0,0,1,0,0
22,4,80,4,4,1,1,1,0,1,0,1,0,0,0,0,0,1,0
19,2,67,0,3,3,3,3,0,1,0,0,1,0,0,0,1,0,0
23,4,89,1,5,4,3,3,0,1,0,1,0,0,1,0,0,0,1
20,3,64,0,9,0,0,0,1,0,0,0,0,1,0,0,0,0,1
24,5,81,2,4,1,1,1,0,1,0,0,1,0,0,1,0,0,0
22,4,68,2,6,1,1,1,1,1,1,0,1,0,0,0,0,1,0
17,1,79,1,5,2,2,2,0,1,1,1,0,0,0,0,1,0,0
18,4,72,2,5,3,3,3,0,1,0,0,0,0,1,0,1,0,0
23,3,85,0,7,3,3,3,0,1,0,0,1,0,0,0,0,1,0
21,2,83,2,5,1,1,1,1,1,0,0,0,0,1,0,0,0,1
18,5,90,3,4,1,1,1,0,1,0,0,0,0,1,1,0,0,0
19,1,82,1,8,0,0,0,1,1,0,0,0,0,1,0,0,0,0
17,3,80,4,4,2,2,2,0,1,0,0,0,1,0,0,0,0,0
20,1,84,1,6,2,2,2,0,0,0,0,0,1,0,0,0,0,1
25,3,76,3,2,0,1,1,0,1,0,1,1,0,0,0,0,1,0
22,2,88,4,7,2,3,3,0,1,0,1,0,0,0,0,1,0,0
25,3,82,1,10,1,1,1,1,1,0,0,0,0,0,0,0,1,0
22,2,87,1,5,4,3,3,0,1,1,0,0,0,0,0,0,1,0
23,3,80,0,3,1,1,1,0,1,0,0,0,0,1,0,0,0,0
25,5,86,2,6,3,4,4,0,1,1,1,1,0,0,0,1,0,0
21,3,87,2,5,3,3,3,0,1,0,0,1,0,0,0,1,0,0
20,0,65,1,9,0,0,0,1,1,1,0,0,1,0,0,1,0,0
23,3,70,4,4,3,2,2,0,1,0,0,0,0,0,0,0,1,0
24,5,77,3,3,4,3,3,0,1,1,0,0,1,0,0,0,0,0
19,4,81,1,6,0,0,0,1,1,0,0,0,1,0,1,0,0,0
19,5,92,0,6,1,1,1,0,1,1,0,0,1,0,0,0,0,1
21,3,85,2,4,2,2,2,0,0,0,1,0,0,0,0,0,1,0
22,4,86,3,7,1,1,1,0,1,0,0,0,0,0,1,0,0,0
22,3,94,1,5,1,1,1,0,1,0,0,0,0,1,0,0,1,0
17,4,93,2,5,3,3,3,0,1,0,1,0,0,1,0,0,0,1
25,5,73,1,6,4,4,3,0,1,1,0,0,0,1,0,1,0,0
19,2,91,1,5,2,2,2,0,1,0,0,0,0,0,0,0,0,1
20,1,82,2,4,3,3,3,0,1,0,0,0,1,0,0,1,0,0
19,4,77,5,5,1,1,1,0,1,1,0,1,0,0,0,0,1,0
26,4,79,2,4,0,0,0,0,1,0,0,0,1,0,0,0,0,1
21,6,77,2,10,1,1,1,0,1,1,0,1,0,0,1,0,0,0
19,4,83,0,5,3,3,3,0,1,0,1,0,0,0,0,0,0,1
22,4,81,4,3,1,1,1,0,1,1,0,0,0,0,0,0,0,0
22,3,91,1,7,1,1,1,0,1,0,1,0,0,1,0,0,0,1
20,3,97,1,5,1,1,1,0,1,0,1,0,1,0,1,0,0,0
22,4,78,2,6,4,3,3,0,1,1,1,0,0,1,1,0,0,0
19,6,71,3,6,1,1,1,0,1,0,1,1,0,0,0,1,0,0
19,4,87,4,8,1,1,1,1,1,0,0,0,0,0,1,0,0,0
17,4,89,1,3,4,4,4,0,1,0,0,0,0,1,0,0,1,0
18,3,85,3,8,0,0,0,0,1,0,1,0,0,1,1,0,0,0
25,3,69,3,6,1,2,2,0,0,0,1,0,1,0,1,0,0,0
24,5,75,2,5,3,3,3,0,1,0,1,0,0,1,0,1,0,0
21,2,83,1,4,3,3,3,0,1,1,0,0,1,0,0,0,0,0
24,3,77,0,5,1,1,1,1,1,0,0,0,0,1,0,1,0,0
20,3,74,0,5,0,0,0,1,0,0,1,1,0,0,1,0,0,0
20,4,99,5,8,3,3,3,0,0,0,0,0,0,0,0,0,1,0
21,4,59,0,5,1,1,1,1,1,0,0,0,1,0,0,0,0,1
20,5,91,2,4,1,1,1,0,1,0,1,0,0,1,0,0,0,0
20,7,85,2,9,3,2,2,0,1,1,1,0,1,0,0,0,0,1
23,2,86,3,7,0,0,0,1,1,1,0,0,0,1,1,0,0,0
21,4,91,1,6,2,2,2,0,1,0,0,0,0,1,0,0,1,0
22,3,76,2,5,1,2,2,0,1,1,1,0,0,1,0,0,0,1
23,5,79,1,4,2,2,2,1,1,1,0,1,0,0,0,1,0,0
21,6,85,1,6,4,3,3,0,1,0,1,0,0,1,0,1,0,0
18,4,67,1,5,0,0,0,1,1,0,0,0,1,0,0,1,0,0
18,5,95,1,4,2,2,2,0,1,0,1,1,0,0,0,0,0,1
21,2,82,0,7,2,2,2,0,1,0,0,1,0,0,0,0,0,1
20,5,74,0,5,1,1,1,1,1,1,0,0,1,0,0,0,0,0
21,6,90,0,6,2,2,2,0,1,0,0,0,0,1,0,1,0,0
21,3,82,2,7,2,1,1,1,1,0,1,0,1,0,0,1,0,0
26,4,76,2,5,1,1,1,0,0,1,1,0,1,0,0,1,0,0
18,2,89,0,2,2,2,2,0,1,0,0,0,0,1,0,0,1,0
17,3,63,4,6,2,2,2,1,1,1,0,0,0,1,0,0,0,1
21,4,85,2,5,4,3,3,0,1,1,0,1,0,0,1,0,0,0
20,7,92,1,4,3,2,2,0,1,1,0,0,1,0,0,0,0,1
21,1,75,5,5,1,1,1,0,1,0,0,1,0,0,0,0,0,1
22,4,71,2,4,1,2,2,0,1,0,0,0,0,1,0,1,0,0
23,5,85,1,5,2,2,2,0,1,0,1,0,1,0,1,0,0,0
17,6,76,0,5,2,3,2,0,1,1,1,0,0,1,0,0,0,0
19,3,100,1,6,4,4,4,0,1,1,1,0,0,0,0,0,1,0
21,5,77,0,2,2,2,2,0,1,0,0,1,0,0,0,0,1,0
22,4,80,4,5,3,3,3,0,0,1,0,1,0,0,0,0,0,1
25,6,86,3,5,3,3,3,0,1,1,0,0,0,0,0,0,1,0
23,3,67,2,9,1,1,1,1,1,0,0,1,0,0,0,0,0,1
20,4,82,2,2,4,4,4,0,1,0,0,1,0,0,1,0,0,0
19,3,91,3,7,4,3,3,0,1,0,0,0,0,0,0,0,0,1
19,3,81,1,6,0,1,1,1,1,0,0,1,0,0,0,0,1,0
19,3,72,4,6,1,1,1,1,1,1,0,0,0,1,0,0,0,1
22,2,78,0,4,4,3,4,0,1,0,1,0,1,0,0,0,1,0
21,4,66,3,5,2,2,2,0,1,0,0,0,0,0,0,1,0,0
18,4,64,2,5,2,3,3,0,1,1,0,0,0,1,0,0,0,0
20,3,90,2,10,1,1,1,0,1,0,1,0,1,0,0,1,0,0
22,3,77,0,4,2,2,2,0,1,1,1,1,0,0,1,0,0,0
21,1,87,2,4,3,3,3,0,1,1,0,1,0,0,0,0,0,0
22,4,70,3,9,2,3,3,0,1,1,0,0,0,1,0,0,0,1
21,2,97,1,6,2,2,2,0,1,0,0,1,0,0,0,1,0,0
24,3,91,6,6,1,1,2,1,1,0,1,1,0,0,0,0,1,0
21,5,78,2,7,2,1,2,1,1,0,0,1,0,0,0,0,0,1
20,3,71,3,5,2,2,2,0,1,1,0,0,0,1,1,0,0,0
19,4,77,3,4,3,3,3,0,1,1,1,0,1,0,0,0,1,0
21,3,84,1,5,3,3,3,0,1,0,1,0,0,0,0,0,1,0
17,3,90,0,4,3,4,4,0,1,0,0,0,0,0,0,0,0,0
20,3,65,2,2,2,1,1,0,1,0,0,1,0,0,0,0,1,0
20,3,91,2,4,3,3,3,0,1,1,0,0,1,0,0,0,0,0
18,2,84,3,1,3,3,3,0,1,0,0,0,0,1,0,0,1,0
19,4,72,0,4,2,1,1,0,0,0,0,0,0,0,0,0,0,0
22,7,61,2,4,1,1,1,0,1,1,0,0,0,1,1,0,0,0
21,4,83,1,6,0,0,0,0,1,0,0,1,0,0,0,0,0,1
21,2,83,1,5,2,2,2,0,1,1,0,0,1,0,0,0,0,1
21,4,77,1,5,1,1,1,0,1,1,0,0,0,0,1,0,0,0
21,4,89,2,5,2,2,2,0,0,0,0,0,0,1,0,1,0,0
23,3,98,2,4,2,2,2,0,0,0,0,0,0,0,0,0,0,1
21,3,78,2,3,0,0,0,0,0,0,1,0,0,0,0,1,0,0
17,5,76,3,1,3,3,3,0,1,1,0,0,0,0,0,0,0,1
24,4,95,2,5,2,2,2,0,1,0,0,0,0,0,0,0,0,1
21,2,80,1,5,0,0,0,0,1,1,0,0,1,0,0,0,1,0
19,5,87,2,7,2,2,2,0,1,1,0,1,0,0,0,1,0,0
18,3,77,3,3,1,2,2,0,1,0,0,0,0,1,0,1,0,0
21,4,91,0,6,2,2,2,0,1,0,0,0,1,0,0,0,0,0
20,3,72,1,1,1,0,0,1,1,0,0,0,0,0,0,0,0,1
24,3,83,3,3,3,3,3,0,1,0,1,0,1,0,0,0,0,0
20,2,84,1,6,1,1,1,0,1,1,1,0,1,0,0,0,0,1
19,3,80,4,6,4,4,3,0,0,0,0,1,0,0,0,0,0,1
23,2,76,3,2,2,2,2,0,1,0,0,1,0,0,0,0,0,0
23,2,96,0,4,2,3,3,0,1,1,1,0,1,0,0,0,1,0
21,3,88,0,5,3,3,3,1,1,1,0,1,0,0,1,0,0,0
22,2,75,1,5,1,1,1,0,1,1,0,1,0,0,0,0,0,0
20,3,66,1,6,2,2,2,0,1,1,0,1,0,0,1,0,0,0
21,4,93,1,7,2,2,2,0,1,1,1,1,0,0,0,1,0,0
23,5,74,5,3,1,1,1,0,1,1,1,0,0,1,0,0,0,0
22,2,82,2,6,3,2,2,0,1,1,1,0,1,0,0,0,1,0
20,4,82,2,5,2,2,2,0,1,1,0,0,0,0,0,0,0,1
24,4,84,2,6,1,1,1,0,1,1,1,0,0,1,0,0,0,1
17,1,68,4,4,1,0,0,0,1,1,1,0,0,1,0,0,1,0
25,4,79,0,7,0,0,0,1,1,1,1,0,1,0,0,0,0,0
17,4,81,4,6,2,2,2,0,1,1,0,0,1,0,0,0,0,0
19,4,81,1,3,1,1,1,0,1,0,0,0,0,0,0,0,1,0
20,6,87,1,2,4,3,3,0,1,0,0,0,1,0,0,0,0,0
20,4,83,4,7,1,1,1,1,1,1,0,0,1,0,0,0,0,0
23,3,85,0,4,2,2,2,0,0,1,0,0,0,0,0,1,0,0
18,5,77,2,4,2,3,3,0,1,0,0,0,0,0,1,0,0,0
21,4,95,1,5,2,2,2,0,1,0,1,0,0,0,1,0,0,0
19,3,79,1,3,2,2,2,0,1,0,0,0,0,1,0,0,0,0
21,6,84,3,5,3,3,3,0,1,0,0,1,0,0,0,0,0,0
20,4,82,2,5,4,3,3,0,1,1,0,0,0,0,0,0,0,0
21,2,85,2,5,2,2,2,0,1,0,1,0,0,0,0,0,0,0
19,2,91,2,7,1,1,1,0,1,0,1,0,0,0,0,0,0,1
19,2,75,0,6,1,1,1,0,0,1,0,1,0,0,0,0,0,0
21,2,88,3,7,0,0,0,1,1,0,0,0,0,1,0,1,0,0
23,5,87,0,5,2,2,2,0,1,0,0,1,0,0,0,0,0,0
19,3,83,7,4,2,3,3,1,1,1,0,0,0,1,1,0,0,0
19,1,83,2,7,1,1,1,1,1,1,1,0,0,1,0,1,0,0
22,4,72,2,4,3,3,3,0,1,1,1,0,0,0,0,0,0,1
20,4,79,3,5,2,2,2,0,1,1,0,0,0,0,0,0,1,0
22,3,66,0,6,1,0,0,0,1,1,0,1,0,0,1,0,0,0
19,3,79,2,4,1,1,1,0,1,1,0,0,1,0,1,0,0,0
17,4,81,0,4,3,3,3,0,1,1,1,0,0,1,0,0,1,0
19,4,70,0,5,0,0,0,0,1,0,1,0,0,1,0,0,0,0
19,4,84,3,6,1,1,1,1,1,0,1,0,0,0,0,0,0,0
20,1,91,3,6,1,1,1,1,1,0,0,0,1,0,0,1,0,0
19,2,83,0,3,1,1,1,0,1,1,1,0,0,0,0,0,0,0
22,3,82,2,9,0,0,0,1,1,1,1,0,0,0,0,0,0,1
20,2,77,1,6,0,0,0,1,1,0,1,0,0,1,0,1,0,0
21,4,85,3,4,2,2,2,1,1,1,1,0,1,0,0,0,1,0
21,4,73,3,5,1,1,1,0,1,1,1,1,0,0,0,0,1,0
21,3,62,1,5,2,3,3,0,1,0,0,0,0,0,0,0,1,0
20,4,94,2,4,2,2,2,0,1,1,0,0,1,0,0,0,0,0
22,4,89,0,7,3,3,3,0,1,1,1,0,0,1,0,1,0,0
19,4,73,2,9,1,2,2,0,1,0,0,0,0,0,0,0,0,1
24,0,70,1,4,0,0,0,1,1,1,0,0,1,0,0,0,1,0
20,3,82,1,4,1,1,1,0,1,0,1,0,1,0,1,0,0,0
18,3,82,3,5,1,0,0,1,1,0,0,0,0,1,1,0,0,0
21,3,88,2,3,2,2,2,0,1,1,1,0,0,0,0,0,0,1
19,3,79,2,6,3,3,3,0,0,0,1,0,0,0,0,0,0,1
22,4,91,1,5,1,1,1,0,1,0,1,1,0,0,0,0,0,1
25,4,80,2,5,2,2,2,0,1,0,1,0,1,0,0,0,0,1
19,3,91,1,2,4,4,4,0,1,1,0,0,1,0,1,0,0,0
21,5,80,1,1,4,4,4,0,1,0,1,1,0,0,0,0,0,1
17,3,75,3,4,2,3,3,0,0,0,0,0,0,1,1,0,0,0
22,3,79,3,6,0,0,0,0,1,0,0,0,0,1,0,1,0,0
19,2,87,0,2,2,2,2,0,1,0,0,0,0,1,0,1,0,0
19,7,84,2,7,4,4,4,0,1,0,0,0,0,1,1,0,0,0
18,5,82,2,5,2,2,2,0,1,1,0,0,0,1,0,0,0,0
22,4,73,0,4,3,3,3,0,1,1,1,0,0,1,0,0,0,0
23,2,81,3,5,1,1,1,0,1,1,1,0,0,0,0,0,1,0
21,2,76,1,3,2,2,2,0,1,0,0,1,0,0,1,0,0,0
19,6,76,0,1,4,4,4,0,1,0,1,0,0,1,0,1,0,0
24,6,90,0,7,0,0,0,1,1,0,1,1,0,0,0,0,0,1
19,4,75,0,5,1,2,1,0,1,0,0,1,0,0,0,0,0,0
17,2,75,1,4,3,3,3,0,1,0,0,0,0,0,0,1,0,0
22,3,84,1,4,0,0,0,1,1,1,1,1,0,0,0,0,0,1
18,2,74,1,4,1,2,1,0,1,0,1,1,0,0,0,0,1,0
23,6,77,1,4,1,2,2,0,1,1,1,0,1,0,1,0,0,0
20,3,97,2,5,2,2,2,0,1,1,1,1,0,0,0,0,0,0
22,5,80,2,6,1,2,2,0,1,0,0,0,0,0,0,0,0,1
24,5,87,2,4,3,3,3,0,0,1,0,1,0,0,0,0,0,1
18,2,100,0,3,3,4,4,0,1,1,1,0,0,0,0,0,0,1
19,4,83,2,4,2,2,2,0,1,0,1,0,1,0,0,0,1,0
20,3,86,2,9,2,1,1,1,1,0,0,0,1,0,0,0,1,0
24,5,84,0,5,2,2,2,0,1,0,1,1,0,0,0,0,1,0
19,4,79,1,6,2,2,2,0,1,0,1,0,0,0,0,1,0,0
19,3,83,5,5,1,0,0,0,1,0,0,0,0,1,0,0,0,0
22,4,80,4,8,0,0,0,0,1,0,1,0,0,1,0,0,0,1
19,3,74,1,7,1,1,1,0,1,1,0,1,0,0,0,1,0,0
21,2,88,4,3,3,3,3,1,1,0,0,0,1,0,0,0,0,0
17,3,67,0,5,1,0,0,1,1,1,0,1,0,0,0,0,0,0
25,4,82,0,4,3,3,3,0,1,0,1,1,0,0,0,0,1,0
18,5,79,3,6,2,2,2,0,1,1,1,0,0,1,1,0,0,0
20,4,73,3,7,0,0,0,1,1,1,1,0,0,0,0,0,0,1
20,4,87,1,5,2,1,1,0,1,0,1,0,1,0,1,0,0,0
25,4,73,2,6,1,1,1,0,1,0,0,0,0,0,0,0,1,0
18,4,78,3,4,3,4,4,0,1,1,1,1,0,0,0,1,0,0
25,6,87,4,8,2,2,2,1,1,0,0,0,1,0,1,0,0,0
22,2,66,1,7,0,0,0,1,1,0,0,0,1,0,1,0,0,0
21,5,90,2,1,4,3,3,0,1,0,0,0,0,1,0,0,0,1
18,6,81,2,3,3,3,3,0,1,1,0,1,0,0,0,0,0,1
22,2,79,0,3,2,2,2,0,1,0,1,1,0,0,0,0,0,1
19,4,71,1,5,0,0,0,0,0,1,0,0,0,0,0,1,0,0
23,1,82,1,6,2,2,2,1,0,1,1,1,0,0,0,0,0,1
18,3,82,0,6,0,0,0,1,1,0,0,0,0,1,1,0,0,0
20,2,86,2,5,2,2,2,0,1,1,0,0,0,1,1,0,0,0
19,4,78,2,5,3,3,3,0,1,0,1,1,0,0,0,0,0,0
18,3,74,0,6,3,3,3,0,1,0,0,0,0,1,1,0,0,0
22,3,84,2,10,1,1,2,0,0,0,1,0,1,0,1,0,0,0
22,4,77,2,2,3,4,4,0,1,0,0,0,1,0,1,0,0,0
23,2,86,1,2,3,3,3,0,1,0,0,0,1,0,0,0,0,0
17,4,73,3,4,4,4,4,0,0,0,1,1,0,0,0,0,1,0
23,4,88,2,4,2,2,2,0,1,1,0,0,0,1,0,0,1,0
26,4,93,0,5,3,2,2,0,1,0,0,0,0,1,0,0,0,1
20,4,80,1,5,1,0,0,1,1,0,0,1,0,0,0,0,0,1
25,3,92,2,3,1,1,1,1,1,0,0,0,1,0,0,0,0,0
20,5,88,2,4,4,3,3,0,1,1,0,0,0,0,0,1,0,0
18,5,84,3,5,1,1,1,1,0,1,1,0,1,0,0,0,0,0
20,3,81,1,5,1,2,2,1,0,0,1,1,0,0,0,0,1,0
23,3,77,2,5,3,2,3,0,1,1,0,0,1,0,0,1,0,0
19,2,91,3,5,3,3,3,0,1,1,0,0,1,0,0,0,0,0
19,6,90,2,4,4,3,3,0,1,0,0,0,1,0,1,0,0,0
22,5,73,4,5,1,1,1,0,1,0,0,1,0,0,0,0,0,1
21,5,82,0,5,2,2,2,0,1,0,0,0,1,0,0,0,0,1
22,5,75,3,7,1,2,2,0,1,0,0,1,0,0,0,1,0,0
21,3,85,3,2,2,1,1,0,0,0,1,0,1,0,1,0,0,0
22,3,88,5,5,1,1,1,1,0,1,1,1,0,0,0,0,0,1
20,5,69,4,5,1,1,1,0,1,0,0,0,0,0,0,0,0,1
21,3,81,2,5,1,1,1,0,1,1,0,0,1,0,0,1,0,0
19,3,85,4,5,2,3,3,0,1,1,0,0,0,0,0,0,0,0
23,4,82,4,5,3,3,3,0,1,0,0,0,1,0,0,0,0,0
19,2,96,0,5,2,2,2,0,1,1,0,0,1,0,0,1,0,0
23,5,69,2,5,1,1,1,0,1,0,1,0,1,0,0,0,0,1
20,4,92,1,6,1,2,1,0,1,0,1,0,0,1,0,0,0,1
21,3,74,0,5,1,1,1,0,1,1,1,1,0,0,0,0,1,0
19,5,64,7,4,2,2,2,0,1,1,0,0,1,0,0,0,0,0
18,2,84,0,7,1,1,1,1,0,0,0,0,0,1,0,1,0,0
17,3,81,0,3,2,2,2,0,1,1,0,0,0,1,0,0,0,0
18,5,82,2,3,2,2,2,0,1,0,0,0,1,0,0,0,0,1
20,3,86,4,3,4,3,3,0,1,1,0,0,0,0,0,1,0,0
21,2,86,3,6,2,2,2,0,1,0,1,0,0,0,1,0,0,0
23,4,77,0,4,2,2,2,0,1,0,0,1,0,0,0,0,0,0
20,3,88,3,5,3,3,3,0,1,0,0,1,0,0,0,0,0,1
19,4,65,0,8,0,0,0,0,1,1,1,0,0,1,0,0,0,1
17,5,81,3,3,4,3,3,0,1,1,1,0,0,1,0,1,0,0
22,3,91,1,2,2,1,1,0,1,1,0,1,0,0,0,1,0,0
24,0,84,5,7,1,1,1,1,1,0,0,0,0,0,1,0,0,0
23,4,82,1,4,0,0,0,1,1,1,1,1,0,0,0,0,0,1
22,2,79,2,3,3,2,2,0,1,0,0,1,0,0,0,0,0,1
22,4,84,1,5,1,1,1,0,1,0,0,1,0,0,0,0,0,1
24,4,79,1,5,3,3,3,0,1,0,0,0,0,1,0,0,0,1
21,5,87,1,3,2,3,3,0,1,0,0,0,1,0,0,0,0,0
22,5,77,1,6,2,2,2,0,0,0,1,0,1,0,0,0,1,0
20,3,94,1,4,4,3,3,0,1,1,0,1,0,0,1,0,0,0
18,3,86,0,4,4,4,4,0,1,1,1,0,0,0,0,0,0,1
19,4,96,0,2,3,3,3,0,1,0,1,0,0,1,0,0,1,0
21,5,78,2,1,4,4,4,0,1,0,0,0,0,1,0,0,0,0
21,2,91,0,5,2,2,2,0,1,1,0,0,0,0,0,0,0,0
25,5,71,2,3,1,2,2,0,1,0,0,0,0,0,0,1,0,0
21,1,87,5,5,2,2,2,0,1,0,0,0,0,0,0,1,0,0
23,1,81,1,9,0,0,0,1,1,1,1,1,0,0,0,0,0,0
20,1,83,1,6,1,1,1,0,1,0,0,0,0,0,0,0,0,1
20,4,87,3,5,1,1,1,1,1,1,0,0,0,1,0,0,1,0
18,4,87,2,6,2,3,3,0,1,1,0,1,0,0,0,1,0,0
19,4,88,2,9,1,0,0,0,1,0,0,0,1,0,0,1,0,0
22,3,84,2,2,4,4,4,0,1,0,0,1,0,0,0,0,1,0
21,4,86,1,5,3,2,2,0,1,0,1,1,0,0,0,0,0,0
23,3,80,3,8,0,0,0,0,1,0,1,0,0,1,0,0,0,0
21,3,76,3,6,0,1,1,1,1,0,0,1,0,0,1,0,0,0
20,2,83,1,7,2,2,2,0,1,0,0,0,1,0,0,0,1,0
25,4,64,1,4,1,1,1,1,1,0,1,0,0,1,0,0,0,1
20,3,85,3,3,2,2,2,0,0,1,1,0,1,0,0,1,0,0
23,4,89,1,8,2,2,2,0,0,1,0,0,0,1,0,0,1,0
20,4,87,4,5,2,2,2,0,1,0,0,0,0,1,0,0,0,1
22,6,77,1,7,2,2,2,0,1,0,0,0,1,0,0,0,0,0
23,4,65,2,7,0,0,0,1,0,0,0,0,0,1,1,0,0,0
21,5,87,1,7,0,0,0,1,0,0,1,0,0,1,0,0,0,0
17,5,75,4,6,0,0,0,1,0,1,0,0,1,0,0,0,0,0
21,2,71,3,6,1,1,1,1,1,1,0,0,0,1,0,0,1,0
23,3,89,5,6,1,1,1,1,1,0,1,0,0,0,0,0,0,0
22,3,71,2,4,1,1,1,0,1,1,1,0,0,0,0,1,0,0
22,4,80,3,7,2,2,2,0,1,0,1,0,0,1,0,0,1,0
17,5,96,1,4,3,2,2,0,1,0,1,0,1,0,0,0,0,0
19,4,76,2,7,2,2,2,1,0,1,0,1,0,0,0,1,0,0
21,2,73,2,6,0,0,0,1,1,0,0,0,1,0,0,0,1,0
21,3,86,2,1,3,4,4,0,0,0,0,0,1,0,0,1,0,0
23,3,84,3,7,3,3,3,0,1,0,1,0,0,0,1,0,0,0
20,4,68,2,5,2,2,2,1,1,0,0,0,0,1,0,0,1,0
21,4,67,1,5,0,1,1,1,1,0,0,1,0,0,0,0,1,0
21,3,91,3,8,1,1,1,1,1,0,0,1,0,0,1,0,0,0
18,1,93,3,5,1,1,1,0,1,0,0,0,0,0,1,0,0,0
17,2,79,0,6,2,2,2,0,1,1,1,0,1,0,1,0,0,0
21,6,86,2,3,2,2,2,0,0,1,1,0,0,1,0,1,0,0
21,6,86,4,5,2,2,2,1,1,0,1,0,0,1,0,1,0,0
19,3,90,0,8,1,1,1,0,1,0,0,1,0,0,0,0,1,0
17,4,81,1,5,3,2,2,1,1,0,0,0,0,1,1,0,0,0
22,4,92,1,7,1,1,1,0,1,0,0,0,0,0,0,0,0,1
20,5,76,2,5,4,3,3,0,1,0,0,0,0,1,0,0,0,0
22,4,88,2,5,2,2,2,0,1,0,0,0,0,0,0,1,0,0
25,2,74,1,6,3,3,3,0,1,0,1,1,0,0,0,0,0,1
17,2,67,3,1,3,4,4,0,1,1,0,0,0,1,0,0,0,0
19,4,86,0,6,4,4,4,0,1,1,0,0,0,0,0,0,1,0
20,1,100,3,1,1,1,1,0,1,0,1,1,0,0,0,0,0,1
24,1,84,4,5,0,0,0,1,1,0,0,0,0,1,0,0,0,0
17,5,80,3,4,2,2,2,1,1,0,0,0,0,1,0,1,0,0
25,7,91,2,3,2,2,2,0,1,1,0,0,0,1,0,0,0,0
21,3,78,1,8,1,1,1,1,1,1,1,0,0,1,0,1,0,0
20,3,67,2,7,1,1,1,1,1,0,0,0,0,0,1,0,0,0
20,3,89,0,4,1,1,1,0,0,0,1,0,0,1,0,0,0,0
20,4,94,3,9,1,1,1,1,1,0,1,1,0,0,1,0,0,0
23,2,83,5,7,0,0,0,1,1,0,0,1,0,0,0,0,0,1
18,3,84,2,5,3,3,3,0,1,0,0,1,0,0,0,0,0,0
21,5,77,4,2,4,4,3,0,1,1,0,0,0,1,0,0,0,1
20,3,80,3,5,3,4,3,0,1,0,0,0,1,0,0,0,0,1
19,4,83,4,4,2,2,2,0,1,0,0,0,0,0,0,0,0,0
26,5,82,2,4,2,2,2,0,1,0,1,0,0,1,1,0,0,0
21,3,82,0,6,0,0,0,0,1,1,0,1,0,0,0,0,0,1
22,2,56,0,4,1,0,0,1,1,0,0,1,0,0,0,0,1,0
23,1,83,1,7,3,3,3,0,0,0,1,0,0,1,0,0,0,1
17,2,71,1,4,2,2,2,0,1,1,0,0,0,0,1,0,0,0
24,5,85,4,3,3,4,4,0,1,1,0,1,0,0,0,0,0,1
17,3,90,2,6,2,2,2,0,1,1,0,1,0,0,0,0,0,0
19,4,86,4,5,2,1,1,0,1,0,0,0,0,0,0,0,1,0
20,5,72,1,7,1,0,0,1,1,1,0,1,0,0,1,0,0,0
22,2,75,0,5,2,2,2,0,1,0,0,0,0,0,1,0,0,0
21,7,81,1,3,3,3,3,0,1,0,1,0,1,0,1,0,0,0
20,3,88,0,6,2,2,2,0,1,0,1,0,0,0,0,0,0,1
21,4,90,4,3,3,4,4,0,1,1,0,1,0,0,0,1,0,0
18,3,84,0,5,0,1,1,0,1,1,0,0,0,0,0,0,0,1
17,2,74,0,4,2,1,1,0,1,1,0,0,0,1,0,0,0,1
22,4,91,2,5,2,2,2,0,1,1,0,0,0,1,0,0,1,0
22,3,81,3,5,1,1,1,0,1,0,1,1,0,0,1,0,0,0
24,4,78,3,6,0,0,0,1,1,0,1,0,0,0,1,0,0,0
19,1,78,0,4,2,2,2,0,1,0,1,0,1,0,0,0,1,0
22,2,69,1,1,4,3,3,0,1,1,0,0,0,1,0,0,0,0
20,3,90,1,3,2,2,2,0,1,0,0,0,0,1,0,1,0,0
23,2,81,1,5,1,1,1,1,1,0,1,1,0,0,0,0,1,0
23,7,76,0,7,1,1,1,0,1,0,0,1,0,0,0,0,0,1
21,4,86,2,6,3,3,3,0,1,0,0,1,0,0,0,0,0,0
20,4,88,3,7,3,3,3,0,1,1,1,0,0,0,0,0,1,0
23,2,68,0,5,3,2,2,0,1,1,1,0,0,0,0,0,0,0
22,3,94,0,5,2,2,2,1,1,0,0,0,0,0,1,0,0,0
19,4,99,1,5,4,3,3,0,0,0,0,0,0,0,0,0,0,1
18,5,82,3,7,1,0,0,1,1,1,1,0,0,1,0,1,0,0
20,2,83,1,8,2,2,2,0,1,1,1,0,0,0,1,0,0,0
24,3,100,2,3,3,4,3,0,0,0,0,0,1,0,0,0,0,1
23,4,73,0,5,2,2,2,0,1,0,0,0,0,1,1,0,0,0
18,1,77,4,3,3,3,3,0,1,0,0,0,1,0,0,0,1,0
18,1,86,1,8,2,2,2,0,1,1,0,0,0,1,0,0,0,0
23,2,91,1,5,2,1,1,0,1,0,0,1,0,0,1,0,0,0
18,3,82,1,5,3,2,2,0,1,0,0,0,1,0,0,0,1,0
22,3,75,1,3,2,2,2,0,1,0,0,0,0,0,0,0,0,1
19,5,92,2,5,2,2,2,0,0,0,1,0,0,0,0,0,0,0
24,1,81,2,5,1,1,1,0,1,0,0,0,0,0,0,0,1,0
19,3,82,2,3,2,1,1,0,1,1,1,0,0,0,0,0,0,0
23,5,89,2,5,2,2,3,1,1,0,0,0,1,0,0,1,0,0
21,1,94,2,4,1,2,2,0,1,1,0,0,0,1,0,0,1,0
21,3,83,3,6,1,1,1,0,1,1,0,0,1,0,0,1,0,0
17,4,85,0,3,4,3,3,0,1,1,1,0,0,1,1,0,0,0
17,5,90,1,5,4,4,3,0,1,1,0,0,1,0,0,1,0,0
20,2,80,0,5,2,2,2,0,1,0,0,1,0,0,0,0,0,1
21,4,77,2,6,0,0,0,1,1,1,1,0,0,0,0,1,0,0
18,4,79,1,5,2,2,2,1,1,0,1,0,0,0,0,0,0,0
18,2,74,0,5,1,1,1,0,0,0,1,1,0,0,0,0,0,1
22,2,73,2,4,1,1,1,0,1,1,0,1,0,0,0,0,0,0
22,2,99,2,6,0,1,1,1,1,1,1,0,1,0,0,0,1,0
20,8,74,0,6,1,1,1,0,1,0,1,0,0,1,0,0,1,0
22,5,84,2,6,3,2,2,0,0,1,1,0,0,1,0,1,0,0
18,4,81,1,5,3,3,3,0,1,0,0,0,0,0,0,0,0,1
20,2,90,1,5,1,1,1,1,1,1,0,1,0,0,0,0,0,1
24,4,82,2,3,2,2,2,1,1,1,1,0,0,0,0,0,0,1
21,2,93,1,4,3,3,3,0,1,0,0,0,1,0,1,0,0,0
21,4,81,0,4,3,3,3,0,1,1,0,0,1,0,0,0,0,1
26,5,84,2,7,1,1,1,1,1,1,1,0,1,0,0,0,0,0
17,3,88,1,3,3,3,3,0,1,1,0,1,0,0,0,0,1,0
22,3,83,2,3,4,4,4,0,0,1,0,0,1,0,1,0,0,0
24,4,86,0,5,2,1,1,0,1,1,0,0,1,0,0,0,0,1
20,5,84,0,4,0,1,1,0,1,1,0,0,0,0,0,1,0,0
22,3,70,2,4,2,2,2,1,1,0,0,1,0,0,0,0,0,0
18,6,88,0,4,4,3,3,0,1,0,0,0,0,1,0,0,0,1
19,1,91,4,4,3,2,2,0,1,0,0,0,0,0,0,0,0,0
21,2,81,0,4,0,0,0,0,1,0,0,1,0,0,0,0,1,0
22,4,80,3,3,2,1,1,1,0,0,0,0,0,0,1,0,0,0
23,4,84,1,4,2,3,2,0,1,0,1,1,0,0,0,0,0,0
24,3,97,2,2,3,3,3,0,1,0,0,0,1,0,0,0,0,0
20,5,79,2,6,4,4,4,0,1,0,0,0,0,1,0,1,0,0
23,2,87,1,3,3,2,3,0,1,0,0,0,0,1,0,0,0,1
20,4,80,2,6,2,2,2,0,1,0,1,0,1,0,0,0,1,0
23,5,86,5,4,3,3,3,0,1,0,1,0,0,1,0,1,0,0
21,6,71,4,7,0,0,0,0,1,0,0,0,0,1,0,1,0,0
22,3,96,2,5,3,3,3,1,1,0,0,0,1,0,1,0,0,0
21,7,84,2,3,4,3,3,0,1,0,1,0,0,1,0,0,1,0
17,4,79,3,10,1,1,1,1,1,0,0,1,0,0,0,0,0,0
18,6,80,2,4,2,2,2,0,1,0,1,0,0,1,0,0,1,0
21,3,84,2,4,2,2,2,0,1,0,1,0,1,0,1,0,0,0
17,3,98,2,4,2,2,2,0,1,1,1,0,1,0,0,0,1,0
22,5,94,4,6,2,3,3,0,1,0,1,0,0,0,0,0,0,1
22,5,79,0,2,2,2,2,0,1,1,0,0,0,1,0,0,1,0
21,3,82,1,5,2,2,2,0,1,1,1,1,0,0,1,0,0,0
18,2,83,3,2,4,3,3,0,0,0,0,1,0,0,0,1,0,0
24,7,66,3,5,3,3,3,1,1,0,0,0,1,0,0,0,0,0
25,3,80,2,7,2,2,2,0,1,1,0,0,0,0,0,0,1,0
21,4,83,0,4,0,1,1,0,1,0,0,0,0,1,0,0,0,1
22,1,74,2,7,0,0,0,0,1,0,0,0,1,0,0,0,0,1
21,3,95,0,2,3,3,3,0,1,1,1,0,1,0,1,0,0,0
22,5,73,1,4,2,1,1,0,1,1,0,1,0,0,1,0,0,0
20,3,73,3,3,2,2,2,0,1,0,0,0,0,1,0,0,0,0
20,4,87,1,5,2,2,2,0,1,1,0,0,0,1,0,0,0,0
23,4,84,0,4,2,2,2,0,1,1,0,1,0,0,0,1,0,0
26,3,78,3,4,3,3,3,0,1,1,0,0,0,1,0,1,0,0
17,6,90,0,5,3,3,3,0,1,0,0,1,0,0,0,0,0,1
20,7,84,2,5,2,3,3,0,1,1,0,0,0,0,0,0,0,1
18,5,96,0,4,2,2,2,0,0,0,0,0,0,1,0,1,0,0
24,4,67,3,3,0,0,0,1,1,0,1,0,0,0,0,0,1,0
19,3,77,4,7,2,2,2,1,0,1,0,0,0,0,0,0,0,0
17,1,95,3,7,1,1,1,0,1,0,0,0,1,0,1,0,0,0
22,4,85,0,6,1,1,1,0,1,0,0,0,0,0,1,0,0,0
24,4,81,2,6,1,1,1,0,1,0,0,0,0,1,0,0,1,0
22,2,78,0,5,2,2,2,0,1,0,1,0,0,1,0,0,0,0
21,4,84,0,5,3,3,3,0,1,1,0,1,0,0,0,0,1,0
21,5,72,1,4,3,3,3,0,0,0,0,0,0,0,0,1,0,0
24,3,70,1,8,2,1,1,1,0,1,0,0,0,1,0,0,0,1
19,4,71,3,5,2,2,2,0,1,1,0,0,1,0,0,0,0,1
20,1,88,4,3,3,3,3,0,1,1,0,0,1,0,1,0,0,0
20,6,89,1,4,3,2,2,0,1,0,0,0,1,0,0,0,0,0
18,3,78,2,6,1,1,1,0,1,1,0,0,0,1,0,1,0,0
20,3,78,0,6,3,3,3,0,1,0,0,0,1,0,0,0,1,0
23,4,82,3,6,2,2,2,0,1,0,1,0,0,1,0,0,0,0
22,3,74,0,2,3,3,3,0,1,0,0,0,1,0,1,0,0,0
22,5,87,3,6,2,2,2,0,1,0,0,0,1,0,0,0,1,0
21,3,79,2,7,0,0,0,0,1,1,0,1,0,0,0,0,0,0
22,3,81,2,2,2,2,2,0,1,0,0,0,1,0,0,0,0,0
19,5,80,1,8,1,1,1,0,1,0,0,0,1,0,0,0,0,0
20,4,86,2,5,2,2,1,0,1,1,1,0,0,1,0,0,0,1
21,2,84,3,5,1,2,2,0,1,0,1,0,0,0,0,0,1,0
21,4,97,1,3,3,4,4,0,1,1,0,0,1,0,1,0,0,0
21,5,78,1,4,4,3,3,0,1,0,1,1,0,0,1,0,0,0
20,5,96,1,4,2,2,2,0,1,0,0,1,0,0,0,0,1,0
20,0,67,2,2,2,2,2,0,1,0,1,0,1,0,0,0,0,0
27,3,85,2,4,1,2,2,0,1,0,0,0,1,0,0,0,1,0
23,5,69,0,3,2,2,2,0,1,0,0,0,0,1,0,1,0,0
21,2,73,3,6,0,0,0,1,1,1,1,0,0,1,0,0,0,1
20,3,74,2,1,2,3,3,0,1,0,0,1,0,0,0,1,0,0
20,4,73,2,5,1,1,1,1,1,0,1,0,1,0,0,0,0,1
20,4,77,4,5,3,3,3,0,1,0,0,1,0,0,0,0,1,0
21,4,99,0,5,2,1,1,0,1,0,1,0,0,1,0,0,0,1
17,3,75,2,9,1,0,0,1,1,0,1,1,0,0,0,0,0,1
17,4,69,1,8,0,0,0,1,1,1,0,0,1,0,1,0,0,0
19,4,85,4,4,3,3,3,0,1,1,1,0,1,0,0,0,0,0
21,5,83,1,5,3,2,2,0,1,0,0,1,0,0,0,0,0,1
20,5,99,2,4,4,3,3,0,0,0,1,0,0,0,0,1,0,0
24,5,81,2,5,0,0,0,1,1,0,1,0,0,1,1,0,0,0
17,3,63,1,6,1,1,1,1,1,1,0,0,0,0,0,0,0,1
19,3,78,4,3,3,3,3,0,1,1,1,1,0,0,0,0,0,0
24,4,78,0,8,2,2,2,0,1,1,1,0,1,0,0,1,0,0
21,6,72,2,7,0,0,0,0,1,1,0,1,0,0,0,1,0,0
22,4,77,1,7,1,1,1,0,1,0,0,0,1,0,0,0,0,1
25,6,80,0,6,2,2,2,1,1,0,0,0,0,1,1,0,0,0
19,5,81,2,3,2,3,2,0,1,0,1,0,0,1,0,0,0,0
20,5,71,3,7,1,1,1,1,1,1,0,0,0,1,0,0,0,0
20,5,86,0,4,3,4,3,0,1,1,1,1,0,0,0,0,0,1
17,2,95,1,2,3,3,3,0,1,0,0,1,0,0,0,1,0,0
20,2,84,3,5,3,3,3,0,1,1,0,0,0,1,0,0,0,1
22,2,90,1,3,1,1,1,0,1,0,0,0,0,0,1,0,0,0
22,5,83,2,4,2,2,2,0,1,0,1,0,0,1,0,0,1,0
22,3,73,0,6,1,1,1,1,1,0,0,1,0,0,0,0,1,0
20,3,84,2,5,1,1,1,0,1,1,0,0,0,1,0,1,0,0
19,3,78,2,5,0,0,0,1,1,1,0,1,0,0,0,0,0,0
23,4,73,2,7,2,2,2,1,1,1,1,0,1,0,0,1,0,0
19,3,81,2,1,4,3,4,0,1,1,0,0,1,0,0,0,0,1
21,3,88,1,7,3,3,3,0,1,0,1,0,1,0,1,0,0,0
21,3,79,0,5,2,1,1,0,1,0,0,0,0,0,0,0,0,0
24,5,97,3,5,4,3,3,0,1,1,0,1,0,0,1,0,0,0
23,1,89,2,5,2,2,2,1,1,1,0,0,1,0,0,0,1,0
18,4,77,0,6,2,1,1,1,1,1,1,1,0,0,0,1,0,0
18,3,77,2,7,0,0,0,1,0,0,1,1,0,0,0,1,0,0
22,4,99,3,5,2,2,2,0,1,0,1,1,0,0,0,0,0,0
20,3,79,3,5,0,0,0,1,0,0,0,1,0,0,0,1,0,0
20,2,84,3,6,4,4,3,0,1,0,1,0,0,1,0,0,1,0
23,6,85,3,1,1,1,1,0,1,0,0,0,1,0,0,0,0,0
21,6,68,2,5,2,2,2,1,1,0,1,0,0,1,1,0,0,0
21,4,68,0,6,2,2,2,0,1,0,1,0,0,1,0,1,0,0
22,4,88,1,4,4,4,4,0,0,1,0,0,0,1,0,1,0,0
20,3,73,5,4,1,1,1,1,1,1,0,0,0,0,0,1,0,0
24,4,82,1,5,4,3,3,0,1,1,1,1,0,0,0,1,0,0
19,7,69,0,4,3,3,3,0,0,1,0,1,0,0,0,0,1,0
22,5,79,1,5,2,1,1,0,0,1,0,1,0,0,1,0,0,0
24,2,83,1,4,1,1,1,0,1,1,0,0,1,0,1,0,0,0
18,4,65,0,8,1,1,1,1,1,1,0,0,1,0,0,0,0,1
20,4,82,1,3,2,2,2,0,1,0,0,0,0,1,0,0,1,0
23,4,82,2,7,1,1,1,0,1,0,0,1,0,0,0,0,0,0
23,6,78,1,4,2,2,2,0,0,1,0,0,0,0,0,0,1,0
20,2,73,4,6,4,4,4,0,1,0,0,0,0,0,0,0,1,0
19,3,79,0,6,1,2,2,0,1,0,0,1,0,0,0,0,1,0
23,2,79,3,8,2,2,2,1,1,1,0,0,0,0,0,1,0,0
23,4,97,5,6,4,3,3,0,1,0,0,1,0,0,0,0,1,0
18,4,81,7,4,3,3,3,0,1,1,0,0,0,1,0,1,0,0
18,6,78,0,5,2,2,2,0,1,0,0,0,0,0,0,0,1,0
21,2,81,1,9,1,1,1,1,1,0,0,1,0,0,0,0,1,0
22,5,85,1,5,3,3,3,0,1,0,0,0,0,1,0,0,0,0
20,0,85,2,3,1,1,1,0,1,0,0,1,0,0,0,0,0,1
22,6,85,1,4,4,3,3,0,1,0,1,0,0,1,0,1,0,0
19,4,86,2,4,3,3,3,0,1,1,1,0,0,0,1,0,0,0
17,4,70,2,6,0,0,0,1,1,1,0,1,0,0,1,0,0,0
20,4,71,0,5,2,2,2,0,1,0,1,0,0,1,0,0,1,0
21,4,83,4,4,3,3,3,0,1,0,0,0,1,0,0,0,0,1
20,3,77,0,5,1,1,1,0,1,0,1,1,0,0,0,0,0,0
18,4,82,3,5,1,2,2,0,1,0,0,0,0,0,0,0,1,0
17,5,81,3,5,1,1,1,0,1,1,1,0,0,1,0,0,1,0
19,3,81,1,5,3,3,3,0,1,0,1,0,0,0,0,1,0,0
23,3,83,0,5,1,1,1,0,1,0,0,0,0,1,0,0,1,0
23,3,68,4,3,1,1,1,0,1,0,0,0,0,0,0,0,0,0
23,5,84,2,6,3,3,3,0,1,0,1,1,0,0,0,0,0,1
19,3,87,5,4,2,2,2,0,1,1,1,0,0,0,1,0,0,0
18,3,84,2,5,1,1,1,0,1,0,1,0,0,0,0,0,1,0
22,4,76,3,3,0,0,0,1,1,0,0,0,0,1,0,0,0,0
22,5,75,4,5,4,4,4,0,1,1,0,0,1,0,1,0,0,0
21,2,83,0,5,3,3,3,0,1,0,0,0,1,0,0,0,0,0
17,4,88,1,5,2,2,2,0,1,0,0,1,0,0,0,0,0,0
19,4,92,2,4,2,2,2,0,1,1,0,0,0,1,0,0,0,1
20,4,88,1,7,4,4,3,0,1,1,0,0,1,0,0,0,0,1
22,4,86,2,6,1,0,0,1,0,1,0,0,1,0,1,0,0,0
22,4,61,2,5,1,1,1,1,1,0,1,0,0,0,0,1,0,0
21,4,77,1,5,1,1,1,1,1,0,0,1,0,0,1,0,0,0
21,1,84,3,4,3,3,3,0,1,0,1,0,1,0,0,0,1,0
21,2,76,1,4,3,3,3,0,1,1,1,0,0,0,0,0,1,0
22,1,74,0,8,1,0,0,1,1,0,0,0,0,0,0,0,0,1
21,6,73,3,4,1,2,2,0,1,1,1,0,0,0,0,1,0,0
21,5,96,4,10,0,1,1,0,0,0,1,0,1,0,0,1,0,0
20,1,71,1,3,2,2,2,0,1,0,1,0,0,1,0,0,0,1
21,4,80,1,6,1,1,1,0,1,1,0,0,1,0,0,0,0,1
22,3,76,6,5,2,2,2,0,1,1,1,0,1,0,0,1,0,0
21,4,75,3,5,0,1,1,0,1,0,1,1,0,0,0,0,0,0
21,4,85,1,2,3,3,3,0,1,1,0,0,0,0,0,0,0,0
24,3,88,2,3,1,1,1,1,1,0,1,0,0,0,0,0,0,0
21,3,72,1,5,3,3,3,0,1,1,0,0,0,1,1,0,0,0
19,5,82,2,3,1,1,1,0,1,1,0,0,0,0,0,0,0,1
22,3,81,0,7,1,1,1,1,1,0,0,0,1,0,0,0,0,1
18,3,78,3,5,2,2,2,0,1,0,1,0,0,0,1,0,0,0
18,4,74,3,6,3,3,3,0,1,0,1,0,1,0,1,0,0,0
21,5,90,2,5,3,2,2,0,1,1,0,0,0,0,0,0,1,0
22,4,73,1,5,3,3,3,0,1,1,0,0,0,0,0,0,0,0
18,3,71,2,8,1,0,0,1,1,0,0,0,0,1,0,0,0,1
20,1,90,2,7,1,1,1,1,1,0,0,1,0,0,0,0,0,1
19,1,83,1,5,0,0,0,1,1,1,1,0,0,1,0,1,0,0
19,3,72,1,6,2,2,2,1,1,0,0,1,0,0,0,1,0,0
23,4,81,0,7,3,4,4,0,1,0,0,0,0,0,0,0,1,0
22,3,77,2,4,1,1,1,0,1,1,0,0,0,0,0,0,0,1
21,2,93,1,2,4,4,3,0,0,0,0,0,0,1,1,0,0,0
19,2,80,2,6,1,1,1,0,1,0,1,1,0,0,0,0,0,0
18,4,86,1,7,2,2,2,0,0,1,0,0,0,0,1,0,0,0
24,5,81,3,2,4,3,3,0,1,1,1,0,0,0,0,1,0,0
22,3,93,0,4,2,2,2,0,0,1,0,0,1,0,1,0,0,0
19,3,83,1,5,3,3,3,0,1,0,1,0,0,1,0,0,1,0
22,3,91,1,3,3,3,3,0,1,0,0,0,1,0,0,0,1,0
20,4,86,3,5,4,3,3,0,1,1,1,0,1,0,0,0,0,0
20,3,77,4,3,1,1,1,0,0,0,1,1,0,0,0,0,0,0
22,5,82,0,4,3,3,3,0,1,0,1,0,1,0,0,1,0,0
19,4,80,2,6,3,2,2,0,1,0,1,0,1,0,0,0,0,0
20,4,77,3,5,3,4,3,0,1,0,1,0,1,0,1,0,0,0
21,4,58,3,5,4,4,3,0,1,0,1,0,0,1,0,0,0,0
19,2,92,5,8,1,1,1,0,1,1,1,1,0,0,0,0,0,0
22,4,65,2,5,1,1,1,0,1,1,1,0,1,0,0,0,0,0
25,4,92,5,1,1,2,2,0,1,0,0,0,0,0,0,0,0,1
19,6,71,0,5,2,2,2,1,1,0,1,0,1,0,1,0,0,0
17,2,86,1,5,1,1,1,1,1,0,0,0,0,1,0,0,1,0
17,5,77,2,5,3,4,4,0,1,0,0,0,0,0,0,0,1,0
20,4,68,2,5,1,0,0,1,1,0,0,0,1,0,0,0,0,0
19,2,91,1,7,2,2,2,1,1,0,1,0,0,1,0,0,0,0
21,0,62,2,4,1,1,1,1,1,0,1,0,1,0,1,0,0,0
21,3,88,1,5,2,2,2,0,1,1,0,0,0,0,0,0,1,0
17,3,83,1,4,1,1,1,0,1,0,0,0,1,0,0,1,0,0
17,3,90,3,6,2,2,2,0,0,1,0,0,0,1,0,0,0,0
21,5,87,4,6,3,4,4,0,1,0,0,0,1,0,0,0,0,0
21,3,86,1,6,2,2,2,0,1,0,0,1,0,0,0,0,0,1
20,4,89,3,9,0,0,0,1,1,1,0,0,0,1,0,0,0,1
17,2,88,4,6,1,0,0,0,1,0,0,0,0,0,1,0,0,0
22,4,85,1,5,3,4,4,0,1,1,1,0,0,0,0,1,0,0
23,2,79,0,3,0,0,0,1,1,0,0,0,1,0,0,1,0,0
21,4,80,1,4,3,3,3,0,1,0,0,1,0,0,0,1,0,0
19,5,82,2,9,2,2,2,0,1,1,0,0,1,0,1,0,0,0
21,4,79,2,5,3,3,3,0,1,0,0,0,0,0,1,0,0,0
18,6,99,1,6,1,1,1,1,1,0,0,1,0,0,1,0,0,0
23,3,81,1,7,3,3,3,0,1,0,0,0,1,0,0,0,1,0
21,4,72,4,7,1,2,2,1,1,0,0,0,1,0,0,0,0,0
17,4,81,3,2,3,3,3,0,1,0,0,0,0,0,0,0,1,0
20,3,75,1,4,0,1,1,0,1,1,0,0,0,0,0,0,0,0
22,3,97,0,6,1,1,1,1,1,0,1,1,0,0,0,0,0,1
20,3,82,3,6,1,1,1,1,1,1,0,0,0,0,0,0,0,0
20,4,87,3,5,3,2,2,0,1,0,1,1,0,0,0,0,0,0
18,4,86,3,4,2,2,2,0,1,1,1,0,0,0,0,0,0,0
22,5,89,1,5,3,3,3,0,1,1,0,0,0,0,0,1,0,0
19,5,83,1,4,2,2,2,0,1,1,1,0,0,1,0,0,1,0
17,5,78,1,3,2,1,1,0,1,0,1,0,0,0,0,0,1,0
20,5,82,2,5,1,1,1,0,1,0,0,0,0,1,0,0,1,0
23,5,72,2,8,2,2,2,1,0,0,0,0,0,1,0,0,0,0
20,3,80,4,5,3,3,3,0,1,0,0,0,0,0,0,0,1,0
24,3,96,1,2,3,3,3,0,1,0,0,0,1,0,0,0,0,0
21,1,87,1,4,1,1,1,0,1,1,1,0,1,0,0,0,0,1
21,5,81,1,8,1,1,1,0,1,0,0,0,0,0,0,1,0,0
20,4,98,5,2,0,0,0,0,1,0,0,0,0,1,0,0,1,0
20,4,77,0,5,1,1,1,0,1,1,0,1,0,0,0,0,0,0
20,0,84,4,6,1,1,1,1,1,0,1,1,0,0,0,1,0,0
20,3,79,4,3,2,3,3,0,1,0,1,0,0,1,0,1,0,0
22,5,80,1,5,3,3,3,0,1,1,0,1,0,0,1,0,0,0
18,4,85,2,3,4,3,3,0,1,0,1,1,0,0,0,1,0,0
18,3,86,2,3,1,1,1,1,1,1,1,0,0,0,0,0,0,1
18,4,80,4,5,3,3,3,0,1,1,1,0,0,0,0,1,0,0
25,4,75,0,5,2,2,2,0,1,0,0,0,0,0,1,0,0,0
22,3,96,1,4,4,4,3,0,1,0,0,1,0,0,1,0,0,0
21,4,82,2,6,1,0,0,0,1,1,0,0,0,1,0,0,1,0
18,3,73,1,6,2,2,2,1,1,1,0,0,1,0,0,0,1,0
22,4,73,2,5,0,1,0,0,1,0,0,1,0,0,0,0,0,1
20,5,97,3,4,4,4,3,0,0,1,0,0,0,1,1,0,0,0
21,7,100,5,3,4,3,4,0,0,0,0,0,0,1,0,0,0,1
18,5,84,1,4,2,3,3,0,1,1,0,1,0,0,1,0,0,0
21,4,77,4,5,1,2,2,1,1,0,1,0,0,1,0,1,0,0
20,5,84,1,4,2,2,2,0,1,0,1,1,0,0,0,0,1,0
19,2,79,1,3,2,2,2,0,1,0,1,0,0,0,0,0,0,0
22,3,86,1,5,1,0,0,0,0,0,0,0,0,0,0,0,1,0
17,3,84,1,4,2,3,3,0,1,0,1,0,0,1,0,0,1,0
22,3,81,1,6,2,2,2,0,1,0,0,0,0,0,0,0,1,0
22,5,81,4,4,3,2,2,0,0,0,0,0,0,1,0,0,0,1
19,5,80,1,7,3,4,3,0,1,0,1,1,0,0,0,0,0,0
19,2,89,5,5,1,1,1,0,1,1,1,1,0,0,0,0,0,1
20,3,80,1,4,1,2,2,0,1,1,1,0,0,1,0,1,0,0
21,3,98,0,5,3,3,3,0,0,0,0,0,0,1,0,0,0,1
20,4,99,1,5,3,3,3,0,1,0,0,0,0,0,0,0,0,0
22,5,79,0,5,0,0,0,1,0,0,0,0,1,0,0,0,0,0
24,6,79,1,6,4,4,4,0,0,1,0,0,0,0,0,1,0,0
19,5,81,1,4,3,3,3,0,1,0,1,1,0,0,0,1,0,0
17,5,76,2,5,1,1,1,0,1,0,0,0,1,0,0,0,1,0
22,2,88,1,5,0,0,0,0,1,0,0,0,0,1,1,0,0,0
24,3,91,1,1,4,4,4,0,1,1,0,0,0,1,1,0,0,0
21,4,92,1,5,2,1,1,0,1,0,1,0,0,1,0,0,0,0
18,7,80,1,3,4,3,3,0,0,1,0,1,0,0,1,0,0,0
20,4,80,3,5,4,3,3,0,1,0,1,0,0,0,0,0,0,0
18,5,66,2,4,2,2,2,0,1,0,1,0,0,1,1,0,0,0
22,3,76,0,6,1,2,2,0,1,0,0,0,0,1,0,0,1,0
18,3,74,3,7,1,1,1,1,1,0,0,0,1,0,0,0,0,1
20,3,73,1,5,0,0,0,0,1,0,1,0,1,0,0,1,0,0
18,3,78,0,5,2,2,2,0,1,1,0,0,0,0,0,1,0,0
21,4,79,4,5,3,3,3,0,1,0,0,0,1,0,0,0,0,1
20,2,81,2,5,1,2,2,0,1,1,0,0,0,1,0,0,0,0
21,1,92,1,7,1,2,2,0,1,0,1,0,1,0,0,1,0,0
21,3,91,2,10,0,0,0,1,1,0,0,0,0,0,0,0,1,0
18,4,73,0,5,2,2,2,0,1,0,1,0,0,0,1,0,0,0
22,3,85,1,6,0,0,0,0,1,0,0,0,0,0,0,0,0,0
20,7,75,2,4,3,3,3,0,0,0,0,0,0,1,0,0,1,0
18,4,83,1,4,2,2,2,0,1,1,1,0,0,1,0,1,0,0
25,4,92,2,3,3,3,3,0,1,0,1,0,1,0,0,1,0,0
22,2,78,2,7,0,1,1,1,1,0,0,0,0,1,0,0,1,0
20,4,74,5,6,1,1,1,1,0,0,0,0,0,1,0,0,0,1
24,5,82,0,4,3,4,4,0,0,0,1,0,0,0,0,0,0,1
25,4,92,2,5,1,1,1,1,1,0,1,0,1,0,0,0,0,1
20,4,98,2,6,0,0,0,1,1,1,1,0,0,1,0,0,0,0
21,4,77,2,7,1,0,0,1,1,1,0,0,1,0,1,0,0,0
18,4,83,4,5,1,2,2,1,1,1,0,0,1,0,0,0,1,0
20,5,84,0,5,3,2,2,0,1,0,0,0,0,0,1,0,0,0
20,3,70,2,7,1,1,1,0,1,1,0,0,1,0,0,0,1,0
21,6,70,4,3,0,0,0,0,1,0,0,0,0,0,0,1,0,0
21,2,84,0,2,0,1,1,0,1,1,1,0,0,0,0,1,0,0
22,5,79,1,7,1,1,1,1,1,0,1,0,0,1,1,0,0,0
21,4,70,2,4,0,0,0,1,1,0,0,0,0,1,0,1,0,0
18,4,87,1,7,2,3,3,0,1,1,1,0,1,0,1,0,0,0
18,3,82,1,9,0,0,0,1,0,1,0,1,0,0,0,0,0,1
19,4,82,3,8,1,1,1,0,1,0,0,0,0,1,1,0,0,0
20,4,73,1,1,4,3,3,0,0,0,1,0,1,0,0,0,0,0
23,6,68,4,6,3,3,3,0,1,0,0,0,0,1,0,1,0,0
18,4,77,0,4,3,3,3,0,1,1,1,0,0,0,1,0,0,0
20,3,82,1,4,2,3,3,0,1,0,1,0,1,0,0,0,0,0
23,3,76,2,6,1,1,1,0,1,0,1,0,0,0,0,1,0,0
20,4,73,2,4,3,3,3,0,1,1,0,1,0,0,0,0,0,0
22,5,79,1,6,2,3,3,0,1,0,0,0,0,0,0,0,1,0
20,4,82,2,7,0,0,0,1,1,0,1,0,0,0,0,1,0,0
21,5,93,4,5,2,2,2,1,0,1,0,0,0,1,0,0,0,0
20,4,83,2,6,2,2,2,1,1,0,1,0,1,0,0,0,0,0
22,1,70,4,4,1,1,1,0,1,0,0,0,0,1,0,0,0,1
17,4,65,2,5,3,3,3,1,1,1,0,0,1,0,0,0,1,0
20,3,62,4,8,1,1,1,0,1,0,0,0,0,1,0,0,1,0
21,5,84,1,6,3,3,3,0,1,0,0,0,0,1,0,0,1,0
22,6,73,2,5,2,2,2,1,1,0,1,0,1,0,0,0,0,0
24,6,86,3,7,0,0,0,0,0,0,1,0,0,0,0,0,0,1
20,3,91,1,4,4,4,4,0,1,0,0,0,0,0,0,0,0,0
24,3,86,2,4,0,0,0,1,1,0,0,0,1,0,0,0,0,0
19,3,80,5,4,0,1,1,0,1,1,0,0,1,0,0,1,0,0
23,3,96,3,2,4,4,3,0,1,0,1,0,0,1,0,0,1,0
22,4,78,1,4,2,3,3,0,1,0,0,1,0,0,1,0,0,0
19,2,74,2,5,3,3,3,0,1,0,0,0,0,1,0,0,0,0
21,4,84,1,5,1,1,1,0,1,0,1,0,0,1,0,1,0,0
20,1,88,1,3,3,3,3,0,1,0,0,0,0,1,0,0,0,0
22,6,61,4,4,1,2,2,1,1,0,0,0,1,0,0,0,0,1
20,3,90,0,2,2,2,2,0,1,0,1,1,0,0,0,1,0,0
20,3,69,2,9,0,0,0,0,1,1,1,1,0,0,0,0,1,0
24,4,65,4,8,3,3,3,0,1,1,1,1,0,0,0,0,1,0
20,5,79,3,4,2,2,2,0,1,0,1,1,0,0,0,0,0,0
22,1,73,1,5,0,0,0,1,1,1,0,0,1,0,0,0,0,0
20,3,85,0,3,3,3,3,0,1,1,0,1,0,0,0,0,0,0
24,5,84,1,7,0,0,0,1,1,1,0,1,0,0,1,0,0,0
19,5,84,1,6,3,2,2,1,1,1,1,1,0,0,0,0,1,0
19,2,91,2,3,3,3,3,0,1,1,0,0,1,0,1,0,0,0
24,5,79,1,3,2,2,2,0,1,1,0,1,0,0,0,0,0,0
20,4,84,3,5,2,2,2,0,1,1,1,0,0,0,1,0,0,0
24,2,68,2,8,0,0,0,1,0,1,0,0,1,0,0,0,0,0
23,3,89,0,4,4,3,3,0,1,1,0,0,0,1,0,1,0,0
20,1,78,0,7,0,1,1,1,1,1,0,0,1,0,0,1,0,0
17,5,79,1,6,1,1,1,0,1,0,0,1,0,0,1,0,0,0
21,6,79,2,4,4,4,4,0,1,1,0,0,0,0,0,0,0,0
21,3,81,4,4,3,4,4,0,1,0,0,0,0,0,0,1,0,0
23,3,79,0,6,3,3,3,0,0,1,0,1,0,0,0,1,0,0
24,4,64,1,7,1,1,1,0,1,1,1,0,1,0,1,0,0,0
19,3,91,2,7,2,2,2,0,1,0,0,1,0,0,1,0,0,0
22,1,76,0,5,1,1,1,0,1,0,1,0,0,0,0,0,1,0
22,5,79,1,6,1,1,1,1,1,1,1,0,1,0,1,0,0,0
23,4,65,1,5,1,1,1,0,1,1,0,0,0,0,0,0,0,1
22,4,86,5,9,2,2,2,0,1,1,0,0,0,0,0,0,1,0
17,5,78,1,5,1,1,1,0,1,0,0,0,1,0,0,0,1,0
20,3,90,1,2,2,2,2,0,1,1,0,0,0,0,0,0,0,1
18,4,97,0,5,1,2,2,0,1,1,0,0,0,1,0,0,0,0
20,3,95,1,5,2,2,2,0,1,0,0,0,0,1,1,0,0,0
23,2,84,1,3,0,0,0,0,0,1,0,0,1,0,0,0,0,1
21,2,77,1,5,1,0,0,1,1,1,0,1,0,0,0,1,0,0
23,4,77,3,3,3,3,3,0,1,1,0,0,0,0,1,0,0,0
21,4,79,4,6,1,1,1,1,1,1,0,0,0,0,0,0,1,0
18,5,75,1,6,3,3,3,0,1,1,1,0,0,1,0,0,1,0
17,1,85,1,6,2,2,2,0,1,0,0,1,0,0,0,0,0,0
21,4,80,1,7,1,1,1,0,1,0,0,0,1,0,0,0,1,0
20,6,81,4,6,2,2,2,0,1,0,0,1,0,0,0,0,0,0
18,4,79,6,6,2,2,2,0,1,0,0,1,0,0,0,0,1,0
17,5,85,1,7,2,2,2,1,1,0,0,0,0,0,0,1,0,0
19,7,84,2,4,2,2,2,0,1,0,0,0,0,1,0,0,1,0
20,5,79,2,5,4,3,3,0,1,0,1,0,0,0,0,0,0,1
22,2,80,1,4,2,2,2,1,1,0,1,0,1,0,1,0,0,0
21,3,80,1,4,2,3,3,0,1,1,1,0,0,0,0,0,1,0
24,4,87,0,5,4,3,3,0,1,1,0,0,0,0,0,0,1,0
18,3,75,3,7,1,1,1,0,1,0,1,0,1,0,0,0,0,1
22,5,78,3,6,1,2,2,1,0,1,1,0,0,0,0,0,0,1
21,3,66,2,2,4,3,3,0,0,0,1,0,0,1,0,0,1,0
22,3,73,2,8,1,1,1,1,1,0,0,1,0,0,1,0,0,0
20,5,80,1,7,2,2,2,0,1,0,1,0,1,0,0,0,0,0
23,2,78,3,5,0,0,0,0,1,1,1,0,0,0,0,1,0,0
21,4,66,1,3,3,3,3,0,1,1,0,0,1,0,0,0,0,1
19,3,86,3,3,1,2,2,0,1,0,1,0,0,0,1,0,0,0
21,5,75,4,8,1,1,1,1,1,0,1,0,0,0,0,0,0,0
20,3,69,2,7,1,1,1,1,1,0,1,0,1,0,1,0,0,0
22,4,84,3,7,0,0,0,0,1,0,0,0,0,1,0,0,0,1
18,3,88,1,5,3,4,3,0,1,1,1,0,0,1,0,0,0,1
20,1,62,1,7,1,1,1,1,1,0,0,0,0,1,0,0,0,1
21,4,87,0,3,3,3,3,0,1,0,1,0,0,0,1,0,0,0
21,2,80,1,3,3,3,3,0,1,0,0,1,0,0,0,0,0,1
24,5,80,2,7,1,1,1,0,1,0,0,0,0,1,0,0,0,1
22,4,73,2,3,2,2,2,0,1,1,0,1,0,0,0,1,0,0
21,4,80,0,5,3,3,3,0,0,1,1,0,1,0,0,0,0,1
21,3,81,3,2,2,3,3,0,1,0,0,1,0,0,1,0,0,0
21,3,100,3,1,3,3,3,0,0,0,0,1,0,0,0,0,0,1
21,0,86,1,3,1,0,0,0,1,0,0,0,1,0,0,0,0,1
17,4,82,2,4,2,2,2,0,0,0,0,0,1,0,0,0,0,0
20,2,91,4,3,4,3,3,0,1,0,1,0,0,0,0,1,0,0
17,4,89,1,6,3,4,4,0,1,1,0,0,0,0,0,0,0,0
23,2,70,1,7,1,1,1,1,1,0,1,0,0,1,1,0,0,0
20,4,87,3,6,4,4,4,0,1,1,0,0,0,0,0,0,0,0
20,4,82,2,3,3,2,2,0,1,1,0,0,1,0,0,0,1,0
23,4,76,5,5,2,2,2,0,1,0,1,1,0,0,1,0,0,0
21,5,73,0,3,2,2,2,0,0,0,0,0,0,0,1,0,0,0
18,3,80,0,8,1,1,1,1,1,0,0,0,0,0,1,0,0,0
20,2,81,2,5,1,1,1,0,1,0,1,1,0,0,0,0,1,0
20,5,91,0,4,4,4,4,0,1,0,0,1,0,0,0,0,1,0
17,4,49,0,5,2,1,2,0,1,0,1,0,1,0,0,0,0,1
19,3,71,1,5,1,0,0,0,1,0,0,0,1,0,0,0,0,0
20,5,83,0,6,1,1,1,1,1,1,0,0,1,0,0,0,1,0
20,4,80,0,2,3,3,3,0,1,1,0,0,1,0,0,0,0,0
17,4,82,0,4,3,3,3,0,0,0,0,0,1,0,0,0,0,0
23,3,78,4,6,1,1,1,1,1,0,0,0,0,0,0,0,1,0
20,3,84,4,6,1,1,1,1,1,1,1,1,0,0,0,0,1,0
21,3,69,2,10,0,1,1,1,1,0,0,0,1,0,0,0,0,0
21,0,98,2,8,0,0,0,0,1,0,0,0,0,1,0,0,0,0
19,4,85,2,4,3,3,3,0,1,0,1,0,1,0,0,0,0,1
22,4,85,0,8,2,2,2,0,1,0,1,0,0,1,0,0,1,0
20,2,73,1,6,2,2,2,1,1,0,0,1,0,0,0,0,0,0
19,4,77,0,8,2,2,2,0,1,0,0,0,0,1,0,0,1,0
22,0,86,2,6,0,0,0,1,1,1,0,0,0,0,0,0,1,0
24,6,79,1,8,2,2,2,0,0,1,1,0,0,0,0,1,0,0
22,3,84,6,7,0,0,0,1,1,0,0,0,1,0,0,1,0,0
23,3,75,1,6,1,1,1,1,1,0,1,1,0,0,0,0,0,1
19,4,71,1,4,2,2,2,1,1,1,0,0,0,0,0,1,0,0
17,4,90,1,4,2,2,2,0,1,0,0,0,0,1,1,0,0,0
24,2,74,3,3,2,2,2,0,1,0,0,0,1,0,0,0,0,0
25,4,89,1,5,0,0,0,1,1,1,0,1,0,0,0,0,0,1
24,4,75,3,7,0,0,0,1,1,0,1,1,0,0,0,0,0,0
20,2,80,1,6,2,1,1,0,1,1,1,0,1,0,0,0,1,0
18,5,78,3,4,1,1,1,0,1,1,0,1,0,0,1,0,0,0
18,2,80,2,7,1,1,1,0,1,1,0,0,0,0,0,0,0,1
17,4,88,2,3,3,4,4,0,1,1,0,0,0,0,0,0,0,1
20,2,95,3,6,2,3,3,0,1,0,0,0,0,1,0,0,0,0
24,3,80,0,8,0,0,0,0,1,0,0,0,0,0,0,1,0,0
20,1,83,1,3,2,2,2,0,1,0,0,0,0,0,0,0,1,0
21,5,79,1,5,1,2,2,0,1,0,1,1,0,0,1,0,0,0
24,5,82,1,4,2,2,2,0,1,0,0,0,1,0,1,0,0,0
20,6,76,0,8,2,2,2,0,0,0,0,0,0,0,0,0,1,0
25,3,73,2,9,0,0,0,1,1,0,0,1,0,0,0,1,0,0
25,3,84,1,6,2,2,2,1,1,0,0,0,0,1,0,0,0,1
20,5,83,2,7,1,1,1,0,1,0,1,0,0,0,0,1,0,0
19,4,91,0,8,3,3,3,0,1,0,1,0,1,0,0,0,0,1
22,3,82,0,6,3,4,3,0,1,1,0,1,0,0,0,0,1,0
20,3,81,3,4,2,1,1,0,1,0,1,0,0,0,0,0,1,0
18,4,86,2,4,2,2,2,0,1,0,0,0,0,0,0,0,1,0
23,5,89,2,4,2,2,2,0,1,0,0,1,0,0,0,0,0,0
23,2,80,1,2,1,1,1,0,1,1,1,0,0,1,0,0,0,1
21,5,61,2,7,1,1,1,1,1,1,0,1,0,0,0,0,0,1
18,3,73,0,3,3,2,2,0,1,0,0,0,0,0,1,0,0,0
18,5,90,5,7,3,3,3,1,1,1,0,0,1,0,0,0,1,0
21,3,95,3,4,0,0,0,0,1,1,0,1,0,0,0,0,0,1
19,5,92,1,5,2,2,2,0,1,1,0,1,0,0,0,0,1,0
20,4,78,0,5,0,0,0,0,1,1,0,0,0,0,0,0,0,1
23,4,79,0,8,4,4,4,0,1,1,0,0,1,0,1,0,0,0
22,4,87,3,7,2,2,2,0,1,0,0,0,0,1,1,0,0,0
24,1,86,1,5,1,1,1,0,1,1,0,0,0,1,1,0,0,0
18,6,62,0,5,2,1,1,1,1,0,1,0,0,1,1,0,0,0
20,2,82,3,3,0,0,0,1,1,0,0,1,0,0,0,1,0,0
22,5,81,0,6,2,2,2,0,0,0,1,0,0,1,1,0,0,0
22,3,72,0,5,2,1,1,0,1,1,1,0,0,0,0,0,0,0
24,5,77,3,3,3,3,3,0,1,1,0,0,0,0,0,0,0,1
21,4,84,4,6,1,1,1,1,1,0,0,1,0,0,0,1,0,0
25,3,80,2,8,1,1,1,0,1,0,0,0,1,0,1,0,0,0
22,2,89,2,5,3,3,3,0,1,0,1,1,0,0,0,0,0,1
23,3,96,1,4,4,3,3,0,1,1,1,0,0,1,0,0,0,0
20,3,89,3,4,3,2,2,1,1,1,1,0,0,1,0,0,0,0
21,4,85,1,6,0,0,0,1,1,1,1,0,1,0,0,1,0,0
23,4,80,0,3,2,2,2,0,1,1,0,0,0,0,0,0,1,0
24,2,88,2,5,2,2,2,0,1,1,0,1,0,0,0,0,0,0
22,2,77,3,4,2,1,1,0,1,1,0,0,1,0,0,0,1,0
20,3,77,1,6,2,2,2,0,1,1,0,0,1,0,0,0,0,0
24,3,72,4,6,2,3,3,0,1,0,0,1,0,0,0,0,0,1
17,3,69,4,3,1,2,2,0,1,0,1,0,1,0,1,0,0,0
17,4,92,2,6,1,1,1,1,1,1,1,0,0,0,0,0,0,0
22,3,84,3,6,2,2,2,0,1,0,0,0,0,0,0,0,1,0
21,4,71,2,5,3,3,3,1,1,0,0,0,0,1,0,0,0,1
22,4,81,3,4,4,4,3,0,1,1,0,0,0,1,0,0,0,0
21,4,97,2,4,2,3,2,0,1,1,0,1,0,0,1,0,0,0
22,3,96,6,5,2,2,2,0,1,1,0,0,0,1,0,0,1,0
19,5,81,1,3,1,1,1,0,1,0,1,0,0,0,1,0,0,0
22,4,81,4,4,2,2,2,0,1,1,0,0,0,1,0,0,1,0
23,5,80,3,5,2,2,2,0,1,1,1,0,1,0,0,0,0,1
23,5,73,1,4,4,4,4,0,1,0,1,0,0,0,0,0,0,1
25,3,78,0,7,2,2,2,0,1,0,1,0,0,0,0,1,0,0
21,3,79,3,5,1,1,1,0,1,1,0,0,0,1,0,0,0,1
21,4,64,6,4,3,3,3,0,0,0,1,0,1,0,0,0,0,0
17,3,63,0,6,3,3,3,0,1,1,0,1,0,0,0,0,0,1
19,3,81,3,4,1,1,1,0,1,0,0,0,0,1,0,0,0,0
20,2,88,1,4,3,3,3,0,1,1,0,0,0,1,1,0,0,0
23,6,75,1,4,2,3,3,0,1,0,0,0,1,0,0,0,0,1
19,2,96,0,1,2,2,2,0,1,0,0,0,1,0,0,0,1,0
22,1,79,1,2,2,1,1,0,0,1,0,0,0,0,0,0,0,1
21,4,75,4,3,4,3,3,0,1,1,0,0,0,0,0,0,0,1
20,3,70,1,3,2,2,2,0,1,1,0,0,1,0,1,0,0,0
21,3,82,0,6,1,0,0,1,1,1,1,0,0,0,0,1,0,0
20,2,65,3,7,0,0,0,1,1,1,1,0,0,0,0,0,1,0
20,4,76,0,6,1,1,1,0,1,1,0,0,1,0,0,0,0,1
17,4,82,3,2,4,3,3,0,1,1,1,0,0,0,0,0,1,0
20,5,70,1,3,3,3,3,0,1,1,1,1,0,0,0,0,0,1
19,4,77,4,6,1,2,2,0,1,0,0,0,0,0,0,1,0,0
19,3,82,0,5,3,3,3,0,1,0,0,0,1,0,0,1,0,0
21,4,57,1,5,1,1,1,1,1,1,0,0,0,1,0,0,0,1
22,2,87,2,4,3,3,3,0,1,0,0,0,1,0,0,0,0,0
21,2,89,3,3,2,2,2,0,1,0,0,0,1,0,1,0,0,0
23,2,73,4,8,2,2,2,0,1,0,0,1,0,0,0,0,0,0
22,5,80,4,6,1,1,1,1,1,0,1,0,0,1,0,0,0,0
20,5,81,0,5,1,1,1,0,1,0,1,1,0,0,0,1,0,0
20,4,84,3,5,1,1,1,0,1,0,1,0,0,0,0,0,1,0
21,5,79,4,5,2,2,2,0,1,1,1,0,0,1,0,0,0,1
22,4,76,2,5,0,0,0,1,1,1,1,0,0,0,0,0,1,0
24,3,73,1,8,1,1,1,1,1,1,0,1,0,0,0,0,1,0
23,4,88,2,8,1,1,1,0,1,0,0,1,0,0,1,0,0,0
19,1,77,1,8,1,1,1,0,1,0,0,0,0,1,0,1,0,0
20,1,75,1,6,0,0,0,1,1,1,0,0,0,1,0,1,0,0
22,4,90,1,4,4,4,4,0,1,1,1,1,0,0,0,0,0,1
23,5,83,4,3,4,4,4,0,1,0,0,0,0,0,0,0,0,1
23,5,73,2,3,2,1,1,1,1,1,1,1,0,0,0,0,0,1
20,2,80,4,7,1,1,1,1,1,0,0,1,0,0,0,0,0,0
18,5,74,3,3,2,2,2,0,1,0,0,1,0,0,0,1,0,0
18,4,72,1,5,2,2,2,0,1,0,1,1,0,0,0,0,0,0
21,4,77,2,3,2,2,2,0,1,1,1,1,0,0,0,0,0,0
21,3,80,0,5,1,1,1,0,1,0,0,0,0,1,0,0,1,0
18,3,77,3,3,0,0,0,1,0,1,1,0,0,0,0,1,0,0
21,4,86,6,6,2,2,2,0,1,0,0,1,0,0,0,0,1,0
22,5,87,1,5,4,4,4,0,1,0,0,0,0,0,0,1,0,0
18,3,76,3,4,2,2,2,1,0,0,1,1,0,0,0,0,1,0
23,4,80,1,3,2,1,1,0,1,0,1,0,0,0,0,0,1,0
20,4,78,1,5,1,1,1,0,1,1,0,1,0,0,0,0,1,0
23,3,74,6,5,2,3,3,0,1,0,0,0,1,0,1,0,0,0
19,3,83,2,4,0,0,0,1,1,1,0,1,0,0,0,0,0,0
18,4,67,4,4,0,0,0,1,0,0,0,0,1,0,0,0,0,1
20,5,74,0,4,3,3,3,0,1,1,0,0,0,1,0,0,0,1
20,2,72,1,1,3,3,3,0,1,0,1,0,1,0,0,0,1,0
20,5,74,1,5,2,2,2,0,1,0,0,0,0,0,0,0,0,1
20,3,73,1,2,2,2,2,0,1,0,0,0,1,0,0,0,0,0
21,6,69,0,3,4,4,3,0,1,0,0,0,1,0,0,1,0,0
20,5,79,1,6,1,1,1,0,1,1,1,0,0,0,0,0,0,0
20,3,79,1,5,3,2,2,0,1,0,0,0,0,1,0,0,1,0
17,2,81,1,8,1,1,1,1,1,0,0,0,0,1,0,1,0,0
21,4,83,3,5,0,1,1,0,1,0,1,0,0,1,1,0,0,0
20,3,85,0,4,4,3,3,0,1,0,0,0,0,1,1,0,0,0
24,4,60,3,5,2,2,2,0,1,0,0,0,1,0,0,0,1,0
18,4,82,3,5,1,1,0,0,1,1,1,0,1,0,1,0,0,0
17,4,79,3,7,2,2,2,0,1,0,0,0,1,0,1,0,0,0
22,3,81,5,6,0,0,0,1,1,0,0,1,0,0,0,1,0,0
21,2,78,1,8,2,2,2,0,1,1,0,0,1,0,0,0,0,1
18,5,75,1,2,2,2,2,0,1,0,0,0,0,0,0,0,0,1
17,5,80,3,6,2,1,1,1,1,0,0,0,0,1,0,0,0,0
24,4,78,0,3,2,2,2,0,1,0,1,1,0,0,1,0,0,0
24,5,84,1,6,1,2,2,0,1,0,0,0,1,0,0,0,1,0
17,4,89,1,5,3,3,3,0,1,0,0,1,0,0,0,0,0,1
20,3,74,1,4,3,2,2,0,1,0,0,1,0,0,0,1,0,0
24,4,77,5,7,1,1,1,1,1,0,0,0,0,1,1,0,0,0
20,2,100,2,2,3,3,3,0,1,1,0,0,0,0,1,0,0,0
19,4,67,0,5,1,1,1,1,1,0,0,0,0,1,0,0,0,1
20,4,69,4,6,2,2,2,1,1,0,1,1,0,0,0,0,1,0
18,4,90,0,5,2,2,2,0,1,0,0,1,0,0,0,0,0,1
17,4,97,1,5,4,4,4,0,1,0,1,0,0,0,0,1,0,0
23,4,93,0,4,2,2,2,0,1,0,0,0,1,0,0,1,0,0
17,1,84,3,6,1,1,1,1,1,1,1,0,0,0,0,0,0,1
21,2,78,2,3,3,3,3,0,1,1,0,0,1,0,1,0,0,0
23,4,79,5,1,4,3,3,0,1,1,1,0,0,1,0,1,0,0
17,4,85,2,5,3,3,3,0,0,0,0,1,0,0,0,0,1,0
19,3,89,2,4,3,3,3,0,1,1,0,0,1,0,0,0,1,0
23,6,86,0,3,4,4,3,0,1,0,0,1,0,0,0,1,0,0
22,3,65,2,2,2,2,2,0,0,1,1,0,0,0,1,0,0,0
19,5,72,0,7,1,2,2,0,1,1,1,0,0,1,0,0,1,0
23,1,84,2,8,2,2,2,0,1,0,0,0,0,0,1,0,0,0
23,2,70,1,5,1,1,1,0,1,0,1,0,1,0,0,0,1,0
21,4,66,2,5,1,1,1,0,1,1,1,1,0,0,0,1,0,0
19,3,89,4,6,2,2,2,0,1,0,0,0,0,0,0,0,1,0
20,5,84,5,6,2,3,3,0,1,0,1,0,0,0,1,0,0,0
21,4,94,1,4,2,3,3,0,1,0,1,0,0,0,1,0,0,0
20,5,89,2,7,1,1,1,0,1,0,0,0,1,0,0,1,0,0
23,3,77,6,7,1,1,1,1,1,1,1,1,0,0,0,1,0,0
17,2,84,1,6,2,2,2,0,0,1,1,0,0,0,0,0,1,0
17,3,75,0,8,2,1,1,0,1,0,0,0,0,1,0,0,1,0
21,3,69,1,6,3,3,3,0,1,1,1,0,0,0,0,0,0,0
19,3,91,3,4,3,3,3,0,0,0,1,0,1,0,0,0,0,0
19,2,80,4,5,2,2,2,0,1,1,0,0,1,0,1,0,0,0
17,2,92,3,7,1,0,1,1,1,1,0,0,0,1,0,1,0,0
21,5,82,2,3,2,2,2,0,1,0,1,1,0,0,0,0,0,1
20,2,84,0,5,3,3,3,0,1,0,0,1,0,0,1,0,0,0
22,3,86,0,2,2,2,2,0,1,1,0,0,0,1,1,0,0,0
21,4,80,3,9,1,0,0,1,1,1,0,1,0,0,0,0,1,0
20,4,80,1,6,3,3,3,0,0,0,0,0,0,0,0,1,0,0
23,3,83,2,6,2,2,2,1,1,0,1,0,1,0,1,0,0,0
18,2,92,3,2,3,3,3,0,1,1,0,1,0,0,1,0,0,0
22,2,86,5,7,2,2,2,0,1,0,1,0,0,0,1,0,0,0
17,3,82,1,6,1,1,1,0,1,0,0,0,0,0,0,0,1,0
19,4,63,2,5,2,1,1,0,1,0,0,0,0,0,0,0,0,0
18,2,81,0,6,0,0,0,0,1,0,0,1,0,0,0,0,1,0
22,4,75,3,3,2,3,3,0,1,0,0,0,0,1,0,1,0,0
20,2,74,4,5,1,2,2,0,1,0,1,0,0,1,1,0,0,0
21,6,80,0,6,2,3,3,0,1,0,1,0,0,0,0,0,1,0
18,1,82,0,5,0,0,0,1,1,1,0,0,0,0,0,0,1,0
20,4,87,1,2,2,2,2,0,1,0,1,0,0,1,0,0,1,0
19,4,73,0,6,2,2,2,1,1,0,1,0,0,1,0,0,1,0
21,3,82,3,7,1,2,2,1,1,0,0,0,1,0,0,0,1,0
18,4,85,2,5,2,2,2,0,0,0,0,0,0,1,1,0,0,0
23,3,74,1,6,1,1,1,1,1,0,1,0,1,0,0,0,0,1
17,3,78,2,6,0,0,0,1,1,1,0,0,0,0,0,0,0,0
19,2,88,2,1,2,1,2,0,1,0,1,1,0,0,0,0,0,1
24,5,81,3,7,3,3,3,0,1,0,0,0,0,0,1,0,0,0
20,3,65,4,4,1,1,1,0,1,1,1,0,0,1,0,0,0,0
18,3,88,1,4,2,2,2,0,1,0,0,0,0,1,0,1,0,0
21,5,82,0,4,3,3,3,0,1,1,1,0,0,1,0,0,0,0
20,1,69,1,7,0,0,0,0,1,0,0,0,1,0,1,0,0,0
19,6,75,3,8,2,2,2,0,1,0,0,0,0,1,0,0,0,0
18,3,81,0,6,3,3,3,0,1,1,0,0,1,0,1,0,0,0
27,5,84,1,4,3,3,3,0,1,0,0,0,1,0,0,1,0,0
20,4,90,3,10,3,3,3,0,1,0,1,0,0,0,0,0,1,0
17,1,74,2,5,0,0,0,0,1,0,0,0,1,0,0,1,0,0
24,4,78,2,4,2,2,2,0,1,0,0,0,1,0,0,1,0,0
22,2,89,1,7,2,2,2,0,0,1,0,0,0,1,0,0,0,1
19,3,90,4,5,2,2,2,0,1,1,0,1,0,0,0,0,0,1
18,6,79,2,9,0,0,0,0,1,1,1,0,0,0,0,0,0,0
22,3,77,1,4,2,2,2,0,1,0,0,0,1,0,0,0,0,1
20,5,86,4,5,1,1,1,1,1,0,0,0,1,0,0,0,0,1
17,2,65,0,8,0,0,0,0,1,0,1,0,0,0,0,0,0,0
24,5,81,1,6,2,3,3,0,1,0,0,0,0,1,0,0,1,0
20,3,81,2,5,0,0,0,0,0,0,1,0,0,1,0,0,0,1
24,4,78,2,3,2,3,3,0,1,0,1,0,0,1,0,0,0,1
23,3,85,3,3,2,1,1,0,1,0,0,0,1,0,0,0,0,1
18,4,90,1,3,2,2,2,0,1,1,0,0,1,0,1,0,0,0
23,2,74,1,7,2,2,2,1,1,1,0,0,1,0,0,0,0,0
19,3,76,3,6,1,1,1,0,1,1,0,1,0,0,1,0,0,0
17,4,87,1,5,4,4,4,0,1,0,1,0,0,0,0,0,0,0
20,2,70,5,3,3,3,3,0,1,0,1,0,1,0,0,1,0,0
21,4,77,2,5,2,2,2,0,1,1,1,0,0,0,0,0,0,0
20,5,99,1,6,2,2,2,0,1,1,0,0,1,0,0,0,0,0
20,2,83,4,7,0,1,1,0,0,0,0,0,0,0,0,0,0,0
23,6,79,4,6,2,2,2,0,0,0,0,1,0,0,0,0,1,0
21,3,68,1,5,1,1,1,1,1,0,0,1,0,0,1,0,0,0
19,3,62,2,3,2,3,3,0,1,0,1,1,0,0,1,0,0,0
22,3,90,1,7,1,1,1,0,1,0,0,0,1,0,0,0,0,0
21,6,72,1,5,1,1,1,0,1,1,0,1,0,0,0,0,0,1
17,4,82,1,3,2,2,2,1,1,1,0,1,0,0,0,1,0,0
21,4,92,1,3,3,2,2,0,1,1,0,1,0,0,0,1,0,0
21,4,78,0,6,1,1,1,0,1,1,0,1,0,0,0,1,0,0
21,2,78,1,6,2,2,2,0,1,0,0,0,0,1,0,0,0,1
23,5,87,2,1,3,4,4,0,0,1,1,0,0,1,0,0,0,1
19,2,92,0,5,1,1,1,1,1,0,0,0,0,0,0,0,0,0
21,2,88,1,3,2,2,2,0,1,0,0,0,0,1,0,0,0,0
17,3,93,2,6,1,1,1,1,1,1,0,0,1,0,0,0,0,1
21,3,63,1,6,0,0,0,0,1,1,0,0,0,1,0,0,0,1
25,4,85,6,3,2,2,2,0,1,0,1,1,0,0,0,0,1,0
18,3,92,3,5,1,1,1,0,1,0,0,0,0,1,0,0,0,0
19,3,85,3,7,2,3,3,1,1,1,1,0,1,0,0,0,1,0
19,3,80,3,7,1,1,1,1,1,0,1,0,0,0,0,0,0,0
21,4,72,1,4,2,3,3,0,1,0,0,0,1,0,0,0,0,1
18,1,76,2,7,1,0,0,1,1,0,1,0,0,1,0,1,0,0
21,4,94,2,6,2,2,2,0,1,0,0,0,0,0,0,0,0,0
22,5,81,2,4,2,2,2,0,1,0,1,0,0,0,0,0,0,0
22,4,77,1,5,1,1,1,1,0,1,0,1,0,0,0,0,0,1
17,4,69,2,6,0,0,0,1,1,1,1,0,1,0,0,0,0,1
23,5,85,0,6,3,3,3,0,1,0,0,0,1,0,0,0,0,1
23,4,75,2,7,0,0,0,1,1,0,1,1,0,0,0,0,0,1
22,3,81,2,4,1,1,1,0,1,1,0,0,1,0,1,0,0,0
21,3,95,3,5,4,3,3,0,1,0,0,0,0,1,0,0,1,0
21,4,88,5,5,2,2,2,0,1,1,0,0,1,0,0,0,0,0
23,2,92,4,5,0,0,0,0,0,0,1,0,0,0,0,0,0,1
25,7,83,0,4,3,4,3,0,1,0,0,0,1,0,0,1,0,0
18,4,87,2,8,3,3,3,0,1,1,0,0,0,1,0,0,1,0
23,5,92,1,5,3,3,3,0,1,0,0,1,0,0,0,0,0,1
20,3,75,4,5,2,2,2,0,1,0,0,0,0,1,0,0,1,0
20,4,81,3,6,2,2,2,0,0,1,0,0,0,1,1,0,0,0
17,3,76,1,7,3,3,3,0,1,0,0,0,1,0,0,0,0,0
20,5,77,3,5,1,1,1,0,0,1,1,1,0,0,1,0,0,0
18,4,65,2,5,4,3,3,0,0,0,0,0,1,0,0,0,0,0
20,2,74,0,7,1,1,2,1,0,0,1,0,0,1,0,0,0,0
18,3,79,1,8,1,0,0,0,1,0,0,1,0,0,0,0,0,1
20,4,87,1,8,2,1,2,0,1,1,0,0,0,1,0,0,1,0
20,1,81,1,3,2,2,2,0,1,0,1,0,0,1,0,0,0,1
21,3,75,6,6,1,1,1,1,1,1,0,0,0,0,0,0,1,0
17,4,88,2,5,3,3,3,0,1,0,0,0,0,0,0,0,1,0
17,3,74,2,7,1,0,0,1,1,1,0,0,0,1,1,0,0,0
21,4,73,1,8,1,1,1,1,1,0,0,0,1,0,0,0,0,0
19,4,91,1,1,4,4,4,0,1,0,0,0,0,0,0,1,0,0
23,3,88,1,5,1,1,1,0,1,1,0,0,0,1,0,0,0,1
21,2,79,3,4,0,0,0,1,1,1,1,0,0,1,0,1,0,0
22,2,97,3,4,2,2,2,0,1,1,0,1,0,0,1,0,0,0
24,1,77,2,3,2,2,2,0,1,0,0,1,0,0,1,0,0,0
20,4,87,2,4,4,3,3,0,1,0,0,0,1,0,0,0,0,0
19,3,69,1,5,2,2,2,0,1,0,0,0,1,0,0,0,1,0
22,5,73,0,4,2,2,2,0,1,1,1,1,0,0,0,0,0,0
22,4,90,1,1,4,3,3,0,1,1,0,0,1,0,1,0,0,0
20,4,93,2,5,3,3,3,0,1,0,0,0,0,0,1,0,0,0
24,4,80,4,7,0,0,0,1,1,0,0,0,1,0,0,0,0,0
20,1,100,0,4,4,3,3,0,0,0,0,1,0,0,0,0,0,1
21,4,92,1,2,3,3,3,0,1,0,1,0,0,0,0,1,0,0
21,3,76,1,5,2,1,1,0,1,0,0,0,1,0,1,0,0,0
18,3,79,1,7,3,3,3,1,0,1,0,0,0,1,0,0,0,1
21,3,70,5,5,3,3,3,0,1,1,1,0,0,0,0,0,1,0
24,4,78,2,4,2,2,2,0,1,1,0,0,0,1,1,0,0,0
22,3,83,1,3,1,0,0,0,1,0,0,0,0,1,1,0,0,0
21,3,82,0,6,1,1,1,1,1,1,0,0,0,0,0,0,0,1
20,4,82,2,5,3,3,3,0,1,0,0,0,0,1,0,0,1,0
21,3,90,2,4,0,0,0,1,1,0,1,0,0,0,0,0,0,0
22,4,83,2,4,3,4,3,0,1,0,0,1,0,0,0,1,0,0
22,3,87,2,5,2,3,3,1,1,1,0,1,0,0,0,0,0,1
20,5,85,0,5,2,2,2,0,1,0,0,0,0,0,1,0,0,0
21,4,84,2,5,2,2,2,0,1,1,1,0,0,0,0,0,0,0
22,1,89,3,3,2,2,2,0,1,0,1,0,0,0,0,0,0,1
18,5,88,1,3,2,3,3,0,1,1,0,0,1,0,1,0,0,0
21,3,73,2,4,1,1,1,0,1,1,0,0,1,0,0,0,1,0
17,3,96,3,6,1,1,1,0,1,0,1,1,0,0,0,0,1,0
22,3,83,3,6,2,3,3,1,1,0,0,1,0,0,0,0,1,0
22,6,74,0,8,3,3,3,0,1,0,0,0,1,0,0,0,1,0
22,4,81,1,4,3,2,2,0,1,1,1,0,1,0,0,0,0,1
20,6,84,2,6,2,2,2,0,1,0,1,1,0,0,0,0,0,1
21,4,86,1,2,4,4,3,0,0,0,0,0,1,0,0,1,0,0
24,4,89,0,6,2,2,2,0,1,0,0,0,0,0,0,1,0,0
24,6,88,1,2,4,4,4,0,1,0,0,0,0,0,0,0,1,0
20,5,96,3,3,2,2,2,0,1,0,0,0,0,1,0,0,1,0
21,4,82,1,6,2,2,2,0,1,1,0,0,1,0,1,0,0,0
23,2,80,1,5,3,3,3,0,1,0,0,0,0,1,0,0,0,0
17,2,70,0,4,1,1,1,0,1,0,0,0,0,1,1,0,0,0
20,4,89,2,3,4,4,4,0,1,1,0,1,0,0,0,0,0,0
23,5,86,5,6,3,3,3,0,0,1,0,0,1,0,1,0,0,0
23,3,77,0,5,1,1,2,0,1,1,0,0,1,0,0,0,1,0
21,4,83,2,6,1,1,1,0,1,0,1,0,0,0,0,0,0,1
17,2,81,2,2,2,2,2,0,0,0,1,0,0,1,0,0,0,0
20,3,83,2,6,2,2,2,0,1,0,0,0,1,0,0,1,0,0
19,4,79,2,4,1,1,1,0,1,0,0,0,1,0,0,0,0,0
21,4,82,5,6,3,4,3,0,1,1,0,0,0,1,0,1,0,0
19,3,69,3,5,0,0,0,0,0,0,0,0,0,0,0,1,0,0
18,3,78,2,4,3,3,3,0,1,1,0,0,0,0,0,0,0,0
17,2,84,2,4,2,2,2,1,1,0,0,0,0,0,0,0,1,0
23,3,76,2,3,2,2,2,0,1,0,1,0,0,1,0,0,1,0
20,2,85,4,4,3,3,3,0,1,0,0,0,0,1,0,1,0,0
21,3,98,1,3,4,4,4,0,1,0,0,0,1,0,1,0,0,0
21,3,72,4,6,2,2,2,1,1,1,1,0,0,0,0,0,0,0
18,5,67,2,4,3,2,2,0,1,1,0,0,0,1,1,0,0,0
18,2,91,1,6,2,2,2,0,1,0,1,1,0,0,1,0,0,0
18,4,98,1,10,1,1,1,0,1,1,1,0,0,0,0,0,0,0
19,4,85,0,5,2,2,2,0,0,1,1,0,0,1,1,0,0,0
21,2,82,3,2,0,0,0,0,1,1,1,0,1,0,0,0,1,0
19,4,76,5,9,2,2,2,1,1,0,0,1,0,0,0,0,1,0
24,2,86,0,6,1,1,1,0,1,1,0,0,0,0,0,1,0,0
23,4,81,0,5,1,0,0,0,1,0,0,0,1,0,0,1,0,0
22,3,88,2,4,2,2,2,0,1,0,0,1,0,0,0,0,0,0
20,5,68,2,3,2,2,2,0,1,1,0,0,0,0,1,0,0,0
24,3,84,2,4,1,1,1,0,1,1,0,0,1,0,0,0,0,0
20,1,75,0,4,4,4,3,0,0,0,1,0,0,1,0,1,0,0
20,3,89,1,4,4,3,3,0,1,0,1,1,0,0,0,0,0,0
21,4,72,0,6,2,2,2,0,1,1,1,0,0,0,1,0,0,0
22,4,87,2,7,3,3,3,0,0,0,0,0,1,0,0,1,0,0
22,3,77,0,5,3,3,3,0,1,1,0,1,0,0,0,1,0,0
20,5,78,3,6,2,2,2,0,1,1,0,0,0,0,0,0,0,1
19,3,88,1,9,2,2,1,1,1,0,1,0,1,0,0,0,0,0
22,5,75,5,4,2,2,2,0,1,1,0,1,0,0,0,0,0,0
22,4,70,1,2,2,2,2,0,1,0,0,0,1,0,0,1,0,0
20,4,82,1,7,3,3,3,0,1,1,1,1,0,0,0,0,0,1
17,5,76,3,4,2,2,2,0,1,1,0,1,0,0,0,1,0,0
20,5,71,1,4,1,1,1,0,1,1,0,0,0,1,0,1,0,0
22,2,84,0,5,2,1,1,0,1,1,1,1,0,0,0,0,1,0
25,4,84,0,7,2,1,1,0,1,0,1,0,1,0,0,0,0,1
18,2,82,3,5,2,3,3,0,1,1,0,0,0,0,0,1,0,0
20,4,86,1,1,2,2,2,0,1,0,0,1,0,0,0,0,0,1
20,1,66,4,6,2,2,2,1,0,0,0,1,0,0,0,0,0,0
24,6,75,0,5,3,3,3,0,1,0,0,0,1,0,0,0,0,1
20,4,84,2,4,3,4,4,0,1,0,1,0,0,0,0,0,0,0
19,4,90,1,5,4,3,3,0,1,0,0,0,0,0,0,0,0,1
22,4,83,3,5,2,2,2,0,1,1,0,0,0,0,0,0,0,1
20,5,91,3,1,4,3,3,0,1,1,1,0,1,0,0,0,0,0
18,4,76,1,5,2,3,3,0,0,1,1,0,0,0,0,0,0,1
19,3,77,1,3,2,3,3,0,1,0,0,0,1,0,0,0,0,0
24,3,79,1,3,2,2,2,0,1,1,0,0,1,0,0,1,0,0
21,4,66,2,5,1,1,1,1,1,0,0,0,1,0,0,0,1,0
21,6,67,4,5,1,2,2,0,1,0,1,1,0,0,1,0,0,0
20,3,81,3,6,2,3,3,1,1,0,0,0,0,1,1,0,0,0
21,4,81,2,5,2,2,2,1,1,1,0,0,1,0,1,0,0,0
21,5,77,2,2,3,3,3,0,1,0,0,0,0,1,0,0,0,0
21,0,75,1,4,1,2,2,0,1,0,1,0,1,0,0,1,0,0
21,3,84,0,5,4,4,4,0,1,1,0,0,0,1,1,0,0,0
22,3,86,2,5,2,1,1,0,1,0,0,0,1,0,0,1,0,0
21,4,83,0,6,1,1,1,0,1,0,0,0,1,0,1,0,0,0
18,5,83,5,7,1,1,1,1,1,1,1,1,0,0,1,0,0,0
19,5,81,1,6,2,1,1,0,1,0,0,0,1,0,0,0,1,0
17,3,82,0,8,3,2,2,0,1,0,0,1,0,0,0,0,0,0
25,3,87,1,6,1,2,2,0,1,1,0,0,1,0,0,0,0,0
22,4,95,3,4,2,2,2,1,0,1,0,0,0,0,0,0,0,1
19,4,93,1,7,3,3,3,0,1,0,1,0,0,1,0,0,1,0
20,5,73,3,3,3,3,3,0,1,0,0,0,0,1,0,0,0,1
19,2,65,1,6,0,0,0,1,1,0,0,0,1,0,0,0,0,1
24,4,86,1,5,2,2,1,0,1,0,0,1,0,0,0,0,1,0
17,3,82,4,4,4,3,3,0,1,1,0,0,0,0,0,0,0,1
21,6,81,1,5,3,4,3,0,1,1,1,1,0,0,0,0,1,0
20,2,85,3,5,3,3,3,0,1,0,0,0,1,0,0,0,1,0
22,2,80,0,2,1,0,0,0,0,0,0,1,0,0,1,0,0,0
20,3,69,4,5,0,0,0,0,1,1,0,0,0,0,0,0,1,0
17,4,72,2,3,2,2,2,0,1,1,0,0,1,0,0,0,1,0
20,4,73,2,5,0,0,0,1,1,0,0,0,0,0,0,0,0,0
18,3,87,1,5,1,1,1,0,1,0,0,0,0,1,0,1,0,0
21,5,97,0,6,1,1,1,0,1,0,0,1,0,0,0,0,0,1
24,3,78,6,1,3,4,3,0,0,1,0,1,0,0,0,0,0,1
17,4,100,2,5,3,4,4,0,1,0,0,1,0,0,0,0,0,1
19,2,66,1,5,0,0,0,1,1,1,1,0,0,1,0,1,0,0
19,2,77,0,10,1,2,2,0,1,0,1,0,1,0,0,0,1,0
20,3,83,1,5,2,2,2,0,1,0,0,0,0,0,0,1,0,0
22,3,61,3,4,3,4,4,0,1,0,0,1,0,0,0,0,0,0
20,2,94,0,7,1,1,1,1,1,1,1,1,0,0,0,0,0,1
21,2,76,4,4,1,1,1,0,1,0,0,0,0,0,0,0,0,0
19,4,82,2,6,2,2,2,0,0,0,0,0,1,0,0,0,1,0
21,5,85,2,5,3,3,3,0,0,0,1,0,0,1,0,0,0,1
22,2,69,6,7,1,1,1,0,1,0,1,0,1,0,0,0,1,0
19,2,100,1,6,0,0,0,0,1,1,1,0,0,1,0,1,0,0
22,4,83,2,4,3,3,3,0,1,0,0,0,1,0,1,0,0,0
21,4,79,3,2,1,2,2,0,0,0,0,0,0,0,0,1,0,0
23,2,73,1,3,2,2,2,0,1,1,1,0,0,0,0,0,0,1
20,6,83,2,6,2,2,2,0,1,0,0,0,0,1,0,0,0,0
21,2,69,4,5,1,1,0,1,1,0,0,1,0,0,0,0,0,1
20,3,83,1,5,2,2,2,0,1,0,0,0,1,0,1,0,0,0
20,3,93,2,6,3,3,3,0,1,1,0,0,0,1,0,0,0,0
21,2,91,0,4,4,3,3,0,1,1,1,0,1,0,0,1,0,0
22,6,77,1,5,4,3,3,0,1,0,0,0,1,0,0,0,1,0
18,2,79,3,5,2,2,2,0,1,0,0,0,1,0,0,0,0,1
24,6,86,0,2,3,4,4,0,1,1,0,0,1,0,0,1,0,0
17,3,91,3,4,3,3,3,0,1,0,1,0,0,1,1,0,0,0
19,3,94,1,6,1,1,1,1,1,1,1,0,0,0,0,0,1,0
20,3,95,1,6,1,1,1,0,1,0,0,0,0,0,0,1,0,0
21,4,74,0,4,3,3,3,0,1,1,1,0,0,0,0,0,1,0
24,6,88,4,6,4,3,4,0,1,0,0,0,1,0,0,0,1,0
17,3,70,0,4,2,2,2,0,1,1,1,0,1,0,0,0,1,0
19,3,78,0,3,2,3,3,0,1,0,0,0,0,0,0,0,0,0
17,5,72,1,8,2,2,2,0,1,0,1,1,0,0,0,0,0,1
21,2,72,1,4,0,0,0,1,1,1,0,0,0,1,0,0,0,0
21,2,83,3,2,3,3,3,0,1,1,1,0,0,0,0,0,0,0
24,5,76,2,4,3,3,3,0,1,1,1,0,0,0,0,0,0,0
21,4,84,2,5,4,3,3,0,0,0,0,0,0,0,0,0,0,1
23,2,72,0,7,1,1,1,0,1,0,1,0,1,0,0,0,0,1
22,4,85,4,4,2,2,2,0,1,0,1,1,0,0,0,0,0,1
20,2,78,0,6,2,2,2,0,1,1,1,0,0,1,1,0,0,0
17,5,79,2,7,0,0,0,1,1,1,1,0,0,0,1,0,0,0
21,1,71,2,4,3,3,3,0,0,0,0,0,0,0,0,0,1,0
17,2,90,1,6,3,3,3,0,1,0,0,1,0,0,0,1,0,0
23,4,68,2,5,3,3,3,0,1,0,0,0,0,0,0,0,0,1
20,2,86,0,5,2,2,2,0,1,0,0,0,0,0,0,0,1,0
23,4,71,1,5,1,1,1,0,1,0,1,0,1,0,0,0,1,0
19,4,87,2,5,2,2,2,0,1,1,0,0,0,1,0,0,0,1
21,3,82,2,5,1,1,1,1,0,0,1,0,0,1,0,0,0,1
21,3,78,3,5,0,0,0,1,1,0,0,0,0,0,0,0,1,0
20,5,93,3,5,1,1,1,0,1,0,1,0,0,1,0,1,0,0
20,4,85,1,9,1,2,2,1,1,0,0,0,0,1,0,0,0,0
21,5,85,3,6,4,4,4,0,0,0,0,0,1,0,0,0,1,0
19,2,66,5,5,2,3,3,0,1,0,0,0,0,1,0,0,0,1
18,2,90,2,4,2,2,2,0,1,1,0,0,1,0,1,0,0,0
23,5,85,3,7,0,0,0,1,0,0,0,0,0,0,0,0,1,0
22,4,91,2,4,3,3,3,0,1,0,1,1,0,0,1,0,0,0
21,3,77,4,3,2,2,2,0,1,0,0,0,0,1,0,0,0,1
24,3,76,0,3,3,4,4,0,1,1,0,0,0,0,0,0,0,1
20,5,94,2,7,1,1,1,1,1,0,0,0,0,0,0,1,0,0
23,3,89,4,7,2,2,2,1,1,1,0,1,0,0,0,0,1,0
21,5,70,2,5,2,2,2,0,1,1,0,1,0,0,0,1,0,0
18,5,82,0,4,4,4,3,0,1,0,0,0,0,1,0,0,0,0
25,4,90,1,4,2,2,2,0,1,0,0,0,0,1,0,0,0,0
23,2,83,1,9,0,0,0,0,1,1,1,0,0,1,0,0,0,1
20,4,77,3,5,1,1,1,0,0,0,0,1,0,0,0,0,0,0
22,5,76,1,6,1,1,1,0,1,0,1,1,0,0,0,0,0,1
20,5,82,0,4,3,2,2,0,1,0,0,0,0,1,0,1,0,0
22,4,90,0,5,2,2,2,0,0,1,1,1,0,0,0,0,0,1
17,1,74,2,6,2,2,2,1,1,1,0,1,0,0,0,0,0,0
18,3,64,3,8,0,0,0,1,0,1,0,0,0,0,0,0,1,0
23,3,78,1,5,2,2,2,0,1,1,0,0,1,0,1,0,0,0
20,5,85,0,6,3,3,3,0,1,0,1,0,0,0,0,1,0,0
21,4,87,1,4,3,3,3,0,1,0,0,0,0,0,1,0,0,0
18,5,73,0,5,0,0,0,1,0,1,0,0,0,0,0,0,0,1
25,3,84,1,6,1,1,1,0,1,1,0,0,1,0,0,1,0,0
23,4,76,1,5,4,4,3,0,1,0,0,1,0,0,0,0,0,1
20,1,87,2,5,2,2,2,0,1,0,1,0,0,0,0,1,0,0
20,3,80,0,4,1,2,2,0,0,0,0,1,0,0,0,1,0,0
23,2,88,2,6,2,2,2,1,1,0,0,1,0,0,0,0,0,0
25,6,82,4,5,3,3,3,0,1,1,1,0,1,0,0,0,0,0
23,4,86,1,4,3,3,3,0,1,0,0,0,1,0,0,0,0,1
25,4,78,1,5,0,0,0,0,1,1,0,1,0,0,0,0,0,0
19,2,76,1,7,1,1,1,1,1,0,1,1,0,0,0,0,0,0
19,3,79,3,5,1,1,1,1,1,1,0,1,0,0,1,0,0,0
18,4,86,3,6,1,0,0,0,1,0,1,0,0,0,1,0,0,0
22,2,100,1,6,4,3,3,0,1,0,0,0,0,1,0,1,0,0
21,3,92,2,6,3,3,3,1,1,0,0,0,1,0,0,1,0,0
20,5,94,3,3,4,3,3,0,1,1,1,0,0,1,0,1,0,0
22,2,81,2,3,2,2,2,0,1,0,0,0,1,0,1,0,0,0
23,3,77,0,4,2,2,2,0,1,1,0,1,0,0,0,0,0,1
17,2,64,1,6,0,1,1,0,1,0,0,0,1,0,1,0,0,0
19,4,77,3,6,1,1,1,0,1,0,0,1,0,0,0,1,0,0
22,5,71,2,5,0,0,0,1,1,1,1,0,1,0,0,0,1,0
20,6,88,3,5,3,3,3,0,1,1,1,0,0,0,1,0,0,0
19,4,80,0,3,4,4,4,0,1,1,0,0,0,0,0,1,0,0
23,5,71,1,4,2,3,3,0,1,0,1,0,0,0,0,0,0,0
18,4,86,3,5,2,2,2,1,0,0,1,1,0,0,1,0,0,0
20,2,84,2,5,2,2,2,0,1,1,1,0,1,0,0,1,0,0
21,4,72,1,5,1,1,1,0,1,0,1,0,1,0,1,0,0,0
19,4,94,2,2,3,3,3,0,1,1,1,0,0,1,0,1,0,0
22,5,76,3,5,2,2,2,0,1,1,1,0,1,0,0,0,0,1
19,3,86,1,1,1,1,1,1,1,1,1,0,0,0,0,0,0,1
24,3,81,0,3,1,2,2,0,1,1,1,0,0,0,0,0,0,0
20,2,95,5,3,1,1,1,0,1,0,1,0,1,0,0,1,0,0
22,3,89,0,2,4,3,3,0,1,0,1,0,0,0,0,0,0,1
22,3,73,0,4,2,2,2,0,1,1,0,0,0,1,0,0,0,1
19,4,96,5,6,0,0,0,1,1,1,0,0,1,0,0,1,0,0
17,2,71,4,7,0,0,0,1,1,1,0,0,1,0,0,0,0,1
21,7,73,2,4,4,3,3,0,1,1,0,0,0,0,0,0,0,0
21,2,95,1,4,2,2,2,0,1,1,0,0,0,0,0,1,0,0
22,2,81,5,5,1,0,0,1,1,1,0,1,0,0,0,0,1,0
20,4,84,3,5,3,3,3,0,0,1,0,0,0,0,0,0,0,1
20,2,85,2,3,1,1,1,0,1,0,0,1,0,0,0,0,0,1
25,4,73,3,6,2,2,2,0,1,1,1,1,0,0,1,0,0,0
17,3,97,0,5,2,2,2,0,1,0,0,0,0,1,0,0,0,1
22,4,99,4,4,2,2,2,0,1,1,0,0,0,0,0,1,0,0
19,4,67,2,4,2,1,1,0,1,0,0,0,1,0,0,1,0,0
20,5,78,1,9,0,0,0,1,1,0,0,0,0,0,0,0,0,1
20,4,87,2,6,2,3,3,0,1,0,0,1,0,0,0,0,1,0
19,4,81,1,4,0,0,0,1,1,1,1,0,0,1,0,0,0,0
22,4,77,5,1,2,2,2,0,1,1,0,0,0,1,0,1,0,0
24,2,86,2,2,2,3,3,0,1,0,0,0,0,0,0,0,1,0
22,3,87,4,5,2,2,2,0,1,0,0,1,0,0,0,1,0,0
21,4,95,1,5,2,2,2,0,1,1,1,0,0,0,0,1,0,0
18,4,68,0,3,2,3,3,0,1,0,0,0,1,0,0,0,0,0
22,3,73,1,5,2,3,3,0,1,0,0,0,1,0,0,1,0,0
25,3,76,2,4,1,2,2,0,1,0,0,1,0,0,0,0,0,0
20,3,100,0,4,1,1,1,0,1,1,0,0,1,0,0,0,0,1
20,4,94,2,5,2,1,1,0,1,1,0,0,1,0,0,0,0,1
19,4,84,2,3,1,1,1,1,1,0,0,0,0,1,0,0,1,0
19,4,81,0,3,3,3,3,0,1,0,0,1,0,0,0,0,0,1
17,3,85,1,3,3,2,2,0,1,1,0,0,0,1,0,0,0,1
21,3,91,3,4,3,3,3,0,1,0,1,1,0,0,0,0,0,1
19,5,80,1,2,2,2,2,1,1,0,0,0,0,0,0,0,1,0
17,6,84,4,9,1,2,2,1,1,1,0,0,1,0,1,0,0,0
22,3,79,4,7,0,0,0,1,1,0,0,0,0,0,1,0,0,0
18,5,70,2,6,2,2,2,0,1,1,1,0,0,0,0,0,1,0
20,5,67,2,3,2,2,2,1,1,0,0,0,0,1,0,0,0,0
24,5,76,2,4,2,2,2,0,1,1,0,0,1,0,0,0,1,0
17,1,79,1,3,1,1,1,1,0,0,0,1,0,0,0,0,0,1
17,2,85,2,8,0,0,1,0,1,1,1,0,0,1,0,0,0,0
21,3,84,2,7,0,0,0,1,1,0,1,1,0,0,0,0,1,0
23,3,70,4,6,1,0,0,1,1,0,0,1,0,0,0,0,1,0
17,2,82,2,5,4,4,4,0,1,0,0,0,1,0,0,0,0,0
21,4,77,2,4,2,2,2,0,0,0,1,0,1,0,0,0,0,0
22,4,80,3,6,1,1,1,0,1,1,0,0,0,0,0,0,1,0
17,6,82,1,8,1,1,1,0,1,0,0,0,0,1,0,0,0,0
22,3,92,0,6,0,0,0,1,1,1,1,0,0,1,0,0,1,0
22,3,78,2,3,2,3,2,0,1,0,0,0,0,1,0,0,1,0
20,4,95,0,4,2,2,2,0,1,0,0,0,1,0,1,0,0,0
23,2,71,0,6,1,1,1,0,1,0,0,0,1,0,0,0,0,1
23,6,75,2,3,2,2,2,0,1,1,1,1,0,0,0,0,0,0
21,3,81,0,4,2,2,2,0,1,1,0,0,0,1,0,0,0,0
20,3,72,4,8,0,0,0,0,1,1,0,1,0,0,0,0,0,0
18,4,71,1,4,0,1,1,0,1,0,0,0,0,1,0,1,0,0
20,3,82,1,2,3,2,2,0,0,1,0,0,0,1,0,0,1,0
22,3,71,2,10,0,0,0,1,1,1,1,0,0,0,0,1,0,0
20,7,74,3,7,1,1,1,0,1,0,0,0,0,0,0,0,0,0
17,4,81,3,5,3,3,3,0,1,0,1,1,0,0,1,0,0,0
23,4,95,2,5,3,3,3,0,1,1,0,0,0,0,0,0,0,1
21,3,80,0,1,3,3,3,0,1,0,1,0,0,1,1,0,0,0
20,4,83,2,4,2,2,2,0,1,1,0,0,1,0,0,0,1,0
22,4,72,2,4,3,2,2,0,1,1,0,0,0,0,0,1,0,0
24,4,73,0,5,1,1,1,0,1,0,1,0,1,0,0,1,0,0
17,4,63,3,8,0,0,0,1,0,0,0,0,0,0,0,1,0,0
22,5,74,3,6,2,1,1,0,1,0,0,0,1,0,0,1,0,0
17,4,88,2,9,2,2,2,1,1,0,0,0,1,0,0,0,0,1
22,3,77,3,3,3,3,3,0,1,0,1,0,0,0,0,0,1,0
21,4,83,2,2,2,2,2,0,1,1,1,0,1,0,1,0,0,0
22,2,83,2,7,1,1,1,0,1,0,0,1,0,0,0,0,0,1
19,3,87,1,5,1,2,2,0,1,0,0,0,0,0,0,0,0,1
17,4,95,3,6,2,2,2,0,1,1,1,1,0,0,0,0,0,0
20,5,86,2,5,2,2,2,0,0,1,0,1,0,0,0,0,0,0
21,0,80,3,5,1,1,1,1,0,1,1,0,0,1,0,1,0,0
23,4,88,1,6,2,2,2,0,0,0,0,0,0,0,1,0,0,0
18,3,84,3,6,2,3,3,0,1,0,0,0,0,1,0,1,0,0
23,5,64,1,4,1,1,1,0,1,0,0,0,0,0,0,0,0,1
19,5,72,0,9,0,1,1,0,0,0,1,1,0,0,0,0,0,0
21,3,80,1,5,2,2,2,0,1,0,0,0,0,1,1,0,0,0
19,5,77,2,5,4,3,3,0,1,0,1,0,0,1,0,0,0,1
21,5,81,2,4,1,1,1,1,1,0,0,0,1,0,0,0,1,0
23,4,62,1,6,0,0,0,1,1,0,0,0,1,0,0,0,0,1
18,1,88,3,5,2,1,1,0,1,0,0,0,1,0,0,0,0,0
19,4,81,2,1,3,4,4,0,1,1,0,0,0,0,0,1,0,0
21,2,91,3,5,3,3,3,0,1,1,1,0,0,1,0,0,0,1
26,0,82,3,3,0,0,0,1,1,0,0,0,0,1,0,0,0,0
19,2,83,1,6,1,1,1,1,1,1,0,0,1,0,1,0,0,0
25,5,73,3,5,0,0,0,0,1,1,0,0,0,1,0,0,0,1
25,4,72,2,4,2,1,1,0,1,0,1,0,1,0,0,1,0,0
20,5,83,2,7,2,2,2,0,1,0,1,0,0,1,0,1,0,0
20,6,82,2,5,2,2,2,0,1,1,1,0,0,0,0,0,0,0
19,4,68,2,4,0,0,0,1,1,0,1,0,1,0,0,1,0,0
20,3,89,1,4,1,2,2,0,1,0,1,0,1,0,0,0,1,0
17,2,82,4,4,2,2,2,0,1,0,1,0,0,0,0,0,1,0
20,3,78,2,6,0,0,0,1,1,0,0,0,1,0,0,0,1,0
24,2,75,1,4,3,3,3,0,1,0,1,0,1,0,0,1,0,0
19,2,88,2,5,2,2,2,1,1,1,0,0,0,1,0,0,0,1
20,3,76,1,4,3,3,3,0,0,1,1,0,0,0,1,0,0,0
17,3,83,1,4,3,3,3,0,1,1,0,0,0,1,0,0,0,1
21,3,80,2,6,2,2,2,1,1,1,1,0,0,1,1,0,0,0
21,3,77,2,3,3,3,3,1,0,0,1,0,0,1,0,0,1,0
21,4,71,1,5,3,4,3,0,1,0,0,1,0,0,0,1,0,0
20,4,92,1,5,0,0,0,0,1,0,0,1,0,0,1,0,0,0
20,4,74,2,7,1,2,2,0,1,1,0,1,0,0,0,0,1,0
22,4,75,3,2,3,2,2,0,1,1,1,0,0,1,0,1,0,0
20,5,92,0,7,2,2,2,0,1,1,0,0,1,0,0,0,1,0
21,3,81,4,5,1,1,1,0,1,0,0,0,0,1,0,1,0,0
21,2,84,2,2,3,3,3,0,1,0,0,0,1,0,0,0,1,0
23,3,94,0,4,4,4,4,0,1,0,0,0,0,1,0,0,1,0
22,2,93,3,6,1,2,2,0,1,0,0,0,0,0,1,0,0,0
21,5,77,1,5,1,2,2,0,1,0,0,0,0,0,0,0,0,1
24,2,91,3,7,3,2,2,0,1,0,0,0,0,1,1,0,0,0
21,4,69,1,4,2,3,3,0,1,1,0,0,0,1,1,0,0,0
23,4,52,0,5,0,0,0,1,1,0,0,0,1,0,1,0,0,0
22,4,82,0,5,1,1,1,0,1,0,0,0,1,0,0,1,0,0
17,4,81,0,3,2,2,2,0,1,0,0,0,0,1,1,0,0,0
23,3,87,2,5,2,2,2,0,1,0,1,0,1,0,0,0,0,0
21,2,86,1,5,2,3,2,0,0,0,0,0,1,0,0,0,1,0
20,6,87,3,5,3,3,3,0,1,1,0,0,1,0,1,0,0,0
21,3,94,3,5,0,0,0,1,1,0,0,0,0,0,0,1,0,0
20,3,97,2,5,3,3,3,0,1,1,0,0,1,0,0,1,0,0
21,4,89,2,5,2,2,2,0,1,0,0,0,0,1,0,0,0,1
19,5,81,4,7,1,2,2,0,0,1,0,0,0,1,0,0,0,0
23,3,80,1,3,2,3,3,0,1,0,0,0,0,0,0,1,0,0
20,5,81,1,4,2,2,2,0,0,1,1,1,0,0,0,0,0,1
20,4,77,3,8,2,2,2,0,1,1,1,0,1,0,0,0,0,0
19,4,89,2,7,3,3,3,0,1,0,0,1,0,0,0,1,0,0
21,4,90,2,6,0,0,0,1,0,0,0,0,0,0,0,0,0,1
21,4,76,1,9,0,0,0,1,1,0,0,0,1,0,0,1,0,0
21,5,80,3,6,3,3,3,1,0,1,0,1,0,0,0,1,0,0
18,4,67,7,8,0,0,0,1,1,0,0,0,0,1,0,0,0,1
17,6,81,1,8,3,3,3,0,1,1,0,0,0,0,0,0,0,1
22,3,82,1,8,0,1,1,1,1,0,0,0,0,1,0,0,1,0
24,5,73,1,3,3,3,3,0,0,1,0,0,0,0,0,0,1,0
18,3,77,2,6,2,2,2,0,1,0,0,0,0,0,0,0,1,0
24,4,72,2,5,1,0,0,1,1,1,0,0,1,0,0,0,0,1
21,2,69,1,3,1,0,0,0,1,1,1,0,1,0,0,0,0,0
21,2,93,0,7,3,3,3,0,0,0,1,0,0,0,1,0,0,0
20,5,69,1,7,0,0,0,1,1,0,0,0,0,0,0,0,0,0
18,6,82,0,5,2,1,1,0,1,1,0,0,0,1,0,0,0,0
23,3,89,4,4,4,3,3,0,1,1,0,1,0,0,0,0,0,1
19,2,93,4,5,2,2,2,0,1,0,1,1,0,0,0,0,0,0
19,3,73,1,2,3,2,2,0,1,0,1,0,0,1,0,0,0,1
23,3,92,5,3,1,2,2,0,1,0,0,1,0,0,0,0,0,1
17,5,83,0,5,1,1,1,0,1,1,0,0,1,0,0,0,1,0
17,4,86,1,6,0,0,0,1,1,1,1,1,0,0,0,0,1,0
21,4,96,1,5,2,2,2,0,1,1,0,0,1,0,0,0,0,0
21,3,86,0,4,2,2,2,0,1,0,1,0,0,0,0,0,0,0
22,3,74,0,4,2,2,2,0,1,0,0,0,1,0,0,1,0,0
20,5,65,3,9,0,1,1,1,1,0,0,1,0,0,1,0,0,0
26,3,87,4,3,3,3,3,1,1,0,0,0,1,0,0,0,0,1
20,2,85,4,2,3,3,3,0,1,1,0,0,1,0,0,0,1,0
20,6,75,2,4,1,1,1,0,1,0,0,0,0,0,0,1,0,0
19,7,83,2,6,4,4,4,0,1,0,0,0,0,0,0,0,0,1
21,4,71,0,5,1,1,1,1,0,0,0,0,1,0,0,0,0,1
22,4,84,1,4,3,3,3,0,1,0,1,1,0,0,0,0,1,0
23,6,71,1,5,1,1,1,1,1,0,0,0,1,0,0,0,0,1
17,3,91,3,7,1,2,2,0,1,0,0,1,0,0,0,0,0,0
20,5,98,6,5,3,3,3,0,1,0,1,0,0,0,0,1,0,0
22,4,84,4,5,4,4,4,0,0,1,1,0,0,0,0,0,0,0
22,4,85,3,5,1,1,1,1,1,0,0,0,0,0,0,1,0,0
21,2,86,3,4,1,1,1,0,1,0,1,0,0,0,0,0,0,1
22,3,84,1,6,3,3,3,0,1,1,0,0,0,0,1,0,0,0
19,1,73,0,7,1,1,1,0,1,0,1,0,1,0,0,0,1,0
24,4,93,2,7,3,4,4,0,1,0,1,0,0,0,0,0,0,1
23,4,85,2,6,0,0,0,0,0,0,0,0,0,0,0,0,1,0
18,2,86,1,5,1,1,1,0,1,0,1,1,0,0,0,0,0,0
18,6,90,2,8,1,1,1,1,1,0,0,1,0,0,0,0,1,0
18,4,89,2,5,3,2,2,0,1,0,1,0,1,0,0,1,0,0
22,3,91,1,4,3,3,3,0,0,1,0,0,1,0,0,0,0,1
18,2,85,0,4,3,3,3,0,0,1,1,0,1,0,0,0,0,0
20,5,75,4,4,3,2,2,0,0,1,1,0,1,0,0,1,0,0
22,2,85,2,4,2,2,2,1,1,1,0,1,0,0,0,0,1,0
20,4,81,1,9,3,2,2,0,1,0,0,1,0,0,0,0,1,0
21,2,75,4,4,0,0,0,0,1,0,1,1,0,0,0,0,0,0
18,4,93,0,8,3,3,3,0,1,1,1,0,0,1,0,1,0,0
22,3,80,1,5,2,2,2,0,1,0,0,1,0,0,0,0,0,0
19,5,83,3,7,1,1,1,1,1,0,0,1,0,0,0,0,1,0
20,2,76,0,3,1,2,2,1,1,1,0,0,1,0,0,0,0,0
21,4,81,4,5,2,2,2,0,1,1,0,0,0,1,1,0,0,0
21,2,89,0,2,3,3,3,0,1,0,1,0,0,0,1,0,0,0
21,3,98,0,5,2,2,2,0,1,0,0,1,0,0,1,0,0,0
19,4,70,1,6,1,2,2,0,1,1,1,0,0,0,0,0,0,0
20,4,82,4,7,1,1,1,0,1,1,1,0,0,0,0,0,0,0
21,4,57,3,5,3,3,3,0,1,0,0,0,1,0,0,0,1,0
18,4,78,3,4,2,1,1,0,1,1,0,1,0,0,1,0,0,0
20,4,82,0,5,1,1,1,0,1,0,0,1,0,0,0,0,1,0
21,3,83,2,4,4,3,3,0,1,1,0,1,0,0,1,0,0,0
18,2,95,3,4,0,1,1,0,1,0,0,1,0,0,0,1,0,0
23,4,80,4,5,3,3,3,0,1,0,0,0,0,1,0,1,0,0
23,4,94,1,5,3,2,2,0,0,0,0,1,0,0,0,0,0,0
18,4,84,2,5,2,1,1,0,1,1,0,0,0,0,1,0,0,0
24,3,77,1,7,1,1,1,0,1,1,1,0,1,0,0,0,0,0
20,4,83,0,4,2,1,1,0,0,0,1,1,0,0,0,0,0,0
21,3,83,4,4,2,2,2,0,1,1,0,0,0,1,0,0,1,0
19,4,83,1,4,3,4,4,0,1,0,1,0,1,0,0,0,0,0
23,3,76,0,2,2,2,2,0,0,0,1,1,0,0,1,0,0,0
21,6,76,2,6,0,0,0,1,1,0,1,0,0,1,0,0,1,0
19,4,91,0,3,3,3,3,0,1,1,0,0,0,0,0,0,0,0
18,1,90,1,1,3,3,3,0,0,0,0,0,0,0,0,0,0,0
17,4,75,0,6,1,1,1,0,1,0,1,1,0,0,1,0,0,0
21,5,80,3,6,2,2,2,0,1,1,0,0,0,0,0,0,1,0
22,2,85,2,3,3,4,4,0,1,1,0,0,0,1,0,0,0,1
22,5,88,2,6,2,2,2,1,1,1,1,0,0,0,0,0,1,0
20,4,83,2,3,2,1,1,0,1,0,0,0,0,1,1,0,0,0
18,2,91,2,5,2,2,2,0,0,0,0,0,0,0,1,0,0,0
19,3,81,2,6,1,1,1,1,1,0,0,0,0,1,0,0,0,1
23,2,94,2,6,0,0,0,1,1,0,0,1,0,0,1,0,0,0
19,5,100,2,6,2,3,3,0,1,0,1,1,0,0,0,1,0,0
21,2,82,2,2,2,2,2,0,1,0,0,0,0,0,0,1,0,0
18,2,85,2,6,3,3,3,0,1,0,0,0,1,0,0,1,0,0
21,4,59,4,5,1,0,1,1,1,0,1,1,0,0,1,0,0,0
20,6,80,0,6,3,3,3,0,1,0,1,0,1,0,0,0,0,1
23,5,83,4,3,4,4,4,0,1,1,0,0,0,0,0,0,0,1
22,2,87,2,4,1,2,2,0,1,1,1,0,1,0,0,1,0,0
19,2,80,3,4,1,1,1,1,1,0,0,0,1,0,0,0,0,0
20,3,88,4,1,4,4,4,0,1,0,0,0,0,1,0,1,0,0
19,2,79,1,5,1,1,1,0,1,1,1,1,0,0,0,0,1,0
17,5,90,0,4,2,2,2,0,1,0,0,0,0,1,0,0,0,1
19,4,85,2,5,4,4,4,0,1,0,0,0,0,0,1,0,0,0
21,5,85,2,5,2,1,1,0,1,0,0,0,0,0,0,0,0,0
21,4,78,0,4,2,2,2,0,1,1,0,0,1,0,0,0,0,1
21,4,81,2,7,1,1,1,0,0,0,0,0,0,1,0,0,0,0
20,2,79,1,5,1,2,2,0,1,0,1,0,1,0,1,0,0,0
23,4,89,7,4,2,2,2,0,1,0,0,0,0,1,0,0,0,0
21,5,71,4,6,2,1,1,0,1,0,0,0,1,0,1,0,0,0
22,3,76,2,6,1,1,1,0,1,0,1,0,0,1,0,1,0,0
17,4,91,0,3,2,1,1,0,1,0,1,0,0,0,1,0,0,0
17,4,83,1,5,4,4,4,1,1,0,0,1,0,0,0,0,0,1
21,3,91,5,5,3,3,3,0,1,0,0,1,0,0,0,0,0,1
17,4,88,4,4,2,2,2,0,1,1,0,0,1,0,0,1,0,0
20,6,89,2,3,4,4,3,0,1,1,1,1,0,0,0,0,0,0
20,5,85,3,4,3,3,3,0,1,1,1,0,1,0,0,0,1,0
24,2,76,4,7,0,0,0,1,1,0,0,1,0,0,0,1,0,0
21,4,82,4,4,2,2,2,0,1,1,0,0,0,1,1,0,0,0
21,4,72,2,7,1,1,1,0,1,1,0,0,0,1,0,0,0,1
22,4,80,1,5,3,3,3,0,1,0,0,0,1,0,0,0,1,0
21,2,77,1,5,1,1,1,0,1,0,1,0,0,1,0,0,0,0
20,3,67,0,3,1,1,1,0,1,0,0,0,1,0,0,0,0,1
23,4,85,1,7,1,1,1,1,1,0,1,0,0,0,0,1,0,0
18,6,84,1,9,2,1,1,1,1,1,1,0,0,0,1,0,0,0
21,4,92,2,5,3,3,3,0,1,0,1,0,0,1,0,1,0,0
17,2,72,3,7,0,1,1,1,1,1,0,0,0,1,0,1,0,0
21,5,90,1,3,1,1,1,0,0,0,1,0,0,1,0,0,0,1
21,4,63,0,5,2,1,1,1,1,1,1,0,0,1,0,1,0,0
24,3,80,0,3,4,3,3,0,1,1,1,0,0,1,0,0,0,0
17,3,97,0,6,3,3,2,0,1,1,1,0,0,1,0,0,0,0
19,3,81,2,5,2,2,2,0,1,0,1,0,0,0,1,0,0,0
22,4,76,1,5,2,2,2,0,1,0,0,0,1,0,1,0,0,0
21,4,81,2,7,2,2,2,0,1,1,1,0,0,0,1,0,0,0
21,2,88,1,7,3,3,3,0,1,0,1,0,1,0,0,0,1,0
18,3,79,1,5,1,1,1,0,1,0,0,0,1,0,0,0,0,0
19,6,85,1,7,3,3,3,0,1,0,0,0,0,0,1,0,0,0
23,5,85,4,7,1,1,1,1,1,0,1,0,0,0,0,0,0,1
20,5,86,3,7,3,3,3,0,1,1,0,1,0,0,0,1,0,0
21,2,90,1,5,2,2,2,0,1,1,0,0,1,0,0,0,0,0
20,4,97,0,6,2,3,2,0,1,1,0,0,0,1,0,0,0,1
18,5,82,0,5,0,0,1,0,1,0,0,0,1,0,0,0,1,0
23,4,84,3,9,0,0,0,1,0,1,0,1,0,0,0,0,1,0
22,5,72,2,6,2,2,2,1,1,1,0,1,0,0,0,1,0,0
26,2,89,0,5,3,4,4,0,1,0,0,0,1,0,0,0,1,0
18,4,92,4,6,3,3,3,0,1,1,1,1,0,0,1,0,0,0
22,3,87,2,6,2,3,3,0,1,0,0,0,1,0,0,0,0,0
18,5,70,5,9,1,1,1,1,0,0,0,1,0,0,0,0,0,0
21,3,78,2,5,0,0,0,1,0,0,0,0,0,1,0,1,0,0
23,3,82,0,6,1,1,1,0,1,0,1,0,0,0,0,0,0,0
17,2,75,6,5,2,2,2,1,0,1,0,1,0,0,0,0,1,0
20,5,99,2,2,4,3,3,0,1,0,0,0,0,1,0,0,0,0
19,4,85,3,5,2,2,2,0,1,0,0,0,0,0,0,0,0,0
19,3,89,0,7,1,0,0,0,1,0,0,1,0,0,0,0,1,0
21,4,89,2,5,3,3,3,0,1,0,0,1,0,0,0,1,0,0
23,5,82,3,3,2,2,2,0,1,0,1,0,0,0,0,0,0,0
20,4,72,4,8,0,0,0,1,1,1,0,0,0,1,0,0,0,0
21,4,88,3,3,3,3,3,0,1,1,1,0,0,1,0,0,0,0
21,4,98,1,4,4,4,3,0,0,0,0,0,0,1,0,1,0,0
21,1,79,2,3,2,2,2,0,1,1,1,0,1,0,1,0,0,0
18,4,77,3,3,4,3,3,0,1,0,0,0,1,0,0,0,0,1
23,1,88,3,5,1,2,2,1,1,0,1,1,0,0,0,1,0,0
21,4,89,0,6,1,0,0,1,1,0,1,0,0,0,0,0,1,0
21,4,91,2,4,4,4,4,0,1,0,1,0,1,0,0,1,0,0
19,1,80,0,6,1,1,1,1,1,0,0,0,0,1,0,1,0,0
20,4,80,0,6,1,1,1,0,1,0,0,0,0,0,1,0,0,0
20,3,61,1,4,2,2,2,0,1,0,0,0,0,0,0,0,1,0
17,3,82,3,2,4,4,3,1,1,0,0,0,0,1,0,0,1,0
17,5,77,1,8,0,0,0,1,0,0,0,0,0,0,0,0,0,0
19,6,64,1,4,2,2,2,0,1,0,1,0,0,0,0,0,0,1
22,4,97,1,1,3,3,3,0,1,1,0,0,0,1,0,0,0,1
19,4,83,1,4,3,3,3,0,1,0,0,0,0,0,0,0,0,1
18,2,67,1,6,1,1,1,0,1,0,0,0,1,0,0,0,1,0
19,5,85,1,6,2,3,3,0,1,0,0,1,0,0,1,0,0,0
20,3,96,1,3,3,3,3,0,1,0,0,0,0,0,0,0,0,0
20,1,91,5,2,2,2,2,0,1,0,0,0,0,0,0,0,1,0
25,2,89,0,6,1,2,1,0,0,1,1,1,0,0,0,0,0,0
23,2,72,5,6,1,0,0,1,1,1,1,0,1,0,0,0,0,0
23,2,77,1,7,0,0,0,1,1,0,0,0,0,0,0,0,0,0
23,5,75,2,7,1,1,1,0,1,0,0,0,0,1,0,1,0,0
18,4,82,2,5,1,1,1,1,1,1,0,0,1,0,1,0,0,0
18,4,88,2,3,2,2,2,0,1,0,0,0,0,0,1,0,0,0
18,0,85,0,4,1,1,1,0,1,1,0,0,0,1,0,0,0,1
23,5,74,2,5,1,1,1,0,1,0,0,0,0,1,0,1,0,0
19,4,80,1,3,2,1,1,0,1,0,1,0,0,0,0,0,0,0
18,1,90,0,7,2,2,2,0,0,0,0,0,0,0,0,0,0,1
20,2,86,1,7,2,2,2,0,0,1,0,0,0,1,0,0,1,0
20,5,85,0,3,3,3,3,0,0,0,0,0,0,1,0,0,0,0
21,3,75,2,4,3,3,3,0,1,0,0,0,1,0,0,0,1,0
21,5,83,2,9,1,2,2,0,1,0,1,1,0,0,1,0,0,0
19,4,72,0,7,1,1,1,0,1,0,0,0,0,0,0,1,0,0
22,3,75,1,5,2,2,2,0,1,0,1,0,0,0,0,1,0,0
19,3,70,3,7,0,0,0,1,1,1,0,0,1,0,0,0,0,1
20,1,95,3,8,1,1,1,1,1,1,1,0,0,0,0,0,0,0
22,4,96,0,5,2,2,2,0,1,0,1,0,0,1,0,0,0,0
19,2,74,2,3,0,0,0,1,1,1,0,0,0,1,0,0,1,0
19,1,75,5,7,2,2,2,1,1,1,0,0,0,0,1,0,0,0
22,2,79,6,7,1,1,1,0,1,0,0,0,0,0,1,0,0,0
19,2,91,1,3,4,3,4,0,1,0,0,1,0,0,0,0,0,1
20,4,86,0,6,1,0,0,0,1,0,0,0,1,0,0,1,0,0
22,2,93,3,4,2,2,2,0,0,1,0,0,0,1,0,0,1,0
25,4,95,3,2,2,3,3,1,1,0,0,0,0,1,0,0,0,1
22,5,85,0,5,1,1,1,0,1,1,1,1,0,0,0,0,1,0
22,5,84,0,8,0,1,1,0,0,0,1,1,0,0,1,0,0,0
22,6,92,3,6,3,3,3,0,1,1,1,0,0,0,0,0,0,1
18,4,90,3,5,4,3,3,0,0,0,1,1,0,0,1,0,0,0
21,4,90,0,3,3,3,3,0,1,0,0,0,1,0,0,0,0,1
20,3,85,0,6,1,1,1,0,1,0,0,0,0,0,1,0,0,0
21,0,90,2,4,2,2,2,0,1,1,0,0,0,1,0,0,0,1
21,4,79,4,4,3,2,2,0,1,0,0,0,0,0,0,1,0,0
21,2,77,0,7,2,1,1,0,1,0,1,1,0,0,0,0,1,0
20,2,79,2,3,2,2,2,0,1,1,1,0,0,0,1,0,0,0
21,2,100,2,5,2,2,2,0,1,0,1,1,0,0,1,0,0,0
18,4,73,1,3,3,3,3,0,1,1,0,0,0,0,0,0,0,0
20,5,89,1,5,1,1,1,0,1,0,0,0,0,1,0,0,0,0
24,4,97,1,1,4,4,4,0,1,1,1,0,0,1,0,0,0,0
21,2,85,3,6,3,2,2,0,1,1,0,0,0,1,0,0,1,0
21,3,79,0,6,2,3,3,0,1,0,0,0,1,0,0,0,0,1
25,5,86,0,9,2,2,2,0,1,1,0,0,0,0,0,0,1,0
18,3,78,1,5,1,1,1,1,1,1,1,1,0,0,0,0,0,0
18,3,74,4,3,2,1,1,0,0,0,1,0,0,0,0,0,0,0
24,5,92,0,7,2,2,2,0,1,1,0,0,1,0,1,0,0,0
21,6,92,2,7,2,2,2,1,1,0,0,0,0,0,0,0,1,0
20,3,79,1,7,1,1,2,1,1,0,0,0,1,0,0,0,0,1
18,1,78,2,2,2,1,1,0,1,0,1,0,0,1,0,1,0,0
22,4,83,2,4,3,2,2,0,1,0,0,0,0,0,0,0,0,1
22,3,81,0,3,1,2,2,0,1,0,1,0,0,0,1,0,0,0
18,5,75,1,8,3,3,3,0,1,0,0,0,1,0,0,0,0,1
20,2,69,5,6,0,0,0,1,0,1,1,1,0,0,0,0,0,0
20,2,70,2,7,1,2,2,0,1,1,1,0,0,1,0,0,1,0
21,3,72,3,3,3,2,2,0,1,0,0,0,0,1,1,0,0,0
18,4,73,4,5,2,2,2,0,1,0,0,0,1,0,0,1,0,0
23,2,83,0,2,0,0,0,1,1,1,0,1,0,0,0,0,0,0
23,5,75,4,3,2,2,2,0,1,0,0,0,0,0,0,0,0,0
20,3,75,2,5,2,2,2,1,1,1,0,0,0,1,0,0,1,0
20,2,72,4,5,1,1,1,1,0,0,0,1,0,0,0,0,0,0
20,2,72,3,6,1,0,0,0,1,0,1,0,0,1,0,1,0,0
19,2,71,2,4,0,0,0,1,1,0,0,0,0,1,0,0,0,0
20,4,66,3,5,3,3,3,0,1,1,0,1,0,0,0,0,0,1
20,6,90,3,5,1,2,2,0,1,0,0,0,0,1,0,1,0,0
24,4,94,1,8,2,2,2,0,1,1,1,0,1,0,0,0,1,0
23,5,82,3,4,4,4,4,0,1,0,1,1,0,0,0,0,0,0
23,3,90,2,2,4,4,4,0,1,0,1,0,0,0,0,0,1,0
21,4,75,3,6,2,2,2,0,1,0,1,0,0,1,0,1,0,0
18,2,86,4,6,0,0,0,0,1,1,0,0,0,0,0,0,0,1
20,6,75,2,3,2,2,2,0,0,0,0,0,0,0,1,0,0,0
23,3,85,2,4,3,3,3,0,1,0,0,0,0,0,0,0,0,1
18,2,75,3,5,1,1,1,0,1,0,1,1,0,0,1,0,0,0
22,2,76,0,4,3,3,3,0,1,1,0,1,0,0,0,1,0,0
26,2,81,0,3,3,3,3,0,0,1,0,0,0,1,1,0,0,0
23,2,95,0,5,2,2,2,0,1,0,1,1,0,0,0,0,1,0
24,4,88,3,5,3,2,2,0,1,0,0,0,0,0,0,1,0,0
21,3,76,0,4,4,4,4,0,1,0,0,1,0,0,0,0,0,1
23,3,73,2,5,1,1,1,0,1,0,1,0,0,1,0,1,0,0
19,8,75,1,5,2,2,2,0,0,0,1,1,0,0,0,1,0,0
22,5,87,2,3,4,3,3,0,1,0,0,0,1,0,1,0,0,0
22,2,83,3,5,3,2,2,1,1,1,1,0,0,0,0,0,0,0
21,5,87,0,4,3,3,3,0,0,0,1,0,0,0,0,0,0,0
23,3,77,5,6,2,2,2,0,1,0,1,0,0,0,0,0,0,1
19,3,84,4,7,2,2,2,0,1,0,0,0,0,0,0,0,0,1
20,3,84,1,7,2,3,3,0,1,0,0,1,0,0,0,1,0,0
21,3,92,1,4,3,3,3,1,1,1,0,0,0,1,0,0,0,0
18,4,79,2,5,4,3,3,0,1,0,0,0,0,1,0,0,0,1
21,3,89,4,2,4,4,3,0,1,1,0,1,0,0,0,0,0,1
17,3,92,0,5,1,0,0,1,1,1,0,0,0,0,1,0,0,0
23,4,81,3,4,1,1,1,0,1,1,1,0,1,0,0,0,0,1
21,4,76,1,3,2,2,2,0,1,1,0,1,0,0,0,0,1,0
19,4,81,2,9,0,0,0,1,1,0,1,0,1,0,0,0,1,0
19,5,80,2,6,2,2,2,0,1,0,0,0,0,0,0,1,0,0
20,5,80,7,6,2,2,2,1,1,1,0,0,0,1,0,0,1,0
22,5,81,1,6,3,3,3,0,0,0,1,0,0,0,0,0,0,0
22,3,80,3,8,0,0,0,1,0,1,0,0,0,1,0,0,0,0
19,4,63,2,5,1,2,2,0,1,1,1,0,0,0,0,0,0,0
19,4,81,1,6,2,2,2,0,1,0,0,0,0,1,0,0,0,0
22,4,88,0,7,2,2,2,0,1,1,0,0,0,0,0,0,0,1
19,2,75,4,8,1,1,2,0,1,0,0,0,0,1,0,1,0,0
21,4,92,0,5,2,3,3,1,1,1,0,0,1,0,0,1,0,0
21,1,90,5,7,2,2,2,1,1,0,1,0,0,1,0,0,0,0
21,3,82,0,2,4,3,3,0,1,1,0,0,1,0,0,0,0,0
22,2,62,1,9,1,1,1,1,1,1,0,1,0,0,0,1,0,0
18,4,64,3,6,0,0,0,1,1,1,0,0,0,0,1,0,0,0
17,5,82,3,6,1,1,1,1,1,0,0,0,1,0,0,0,0,1
19,1,87,1,3,3,2,2,0,1,1,1,0,0,0,0,0,0,0
25,0,96,2,3,2,1,1,0,1,1,0,0,0,1,0,0,1,0
25,6,78,2,4,0,0,0,1,1,1,0,0,0,0,0,0,1,0
25,2,77,4,5,1,0,0,1,1,0,0,0,0,1,0,0,0,0
20,3,72,2,5,1,1,1,1,1,1,1,0,0,0,0,0,0,1
17,2,86,0,4,0,0,0,0,1,1,0,0,1,0,0,1,0,0
17,5,82,0,5,2,2,2,0,1,0,0,0,1,0,0,1,0,0
19,5,78,3,1,3,3,3,1,0,1,1,1,0,0,0,1,0,0
20,3,82,0,6,1,1,1,1,0,0,1,1,0,0,0,0,0,1
23,4,81,4,5,1,1,1,0,1,0,1,0,1,0,0,0,0,1
22,4,89,3,7,3,3,3,1,1,1,0,1,0,0,0,0,1,0
21,4,78,3,4,1,2,2,0,1,0,1,1,0,0,0,0,0,1
19,4,82,1,4,1,0,1,0,1,1,0,1,0,0,0,0,0,1
18,3,88,2,5,1,1,1,1,1,0,0,0,0,0,1,0,0,0
21,3,79,1,6,2,2,2,0,1,0,0,1,0,0,1,0,0,0
22,5,76,4,7,2,2,2,0,1,1,0,0,1,0,1,0,0,0
21,4,71,1,5,2,2,2,0,1,1,1,0,0,0,0,1,0,0
18,3,73,1,6,3,3,3,0,0,0,0,1,0,0,0,0,1,0
22,4,76,2,5,2,2,2,1,1,0,0,1,0,0,1,0,0,0
21,3,89,0,5,3,3,3,0,1,1,1,0,1,0,0,0,0,0
18,2,76,3,2,3,2,2,0,1,0,0,0,0,0,1,0,0,0
19,3,80,0,5,1,1,1,0,1,0,0,0,1,0,0,1,0,0
22,4,73,2,3,3,3,3,0,1,1,0,0,0,1,0,0,1,0
20,3,82,2,7,2,2,2,1,0,0,0,0,0,1,1,0,0,0
24,2,84,1,3,2,2,2,0,1,1,0,1,0,0,0,0,1,0
22,2,84,1,4,3,3,3,0,1,0,0,0,0,1,0,0,0,0
19,2,96,1,4,3,3,3,0,0,1,0,1,0,0,0,0,0,1
21,3,81,0,6,2,2,2,0,1,0,0,0,0,0,0,0,0,1
21,6,84,0,5,3,2,2,0,1,0,1,0,0,1,0,1,0,0
19,2,77,0,6,1,1,1,1,1,0,1,0,0,1,0,0,1,0
19,4,99,1,1,4,3,3,0,1,0,1,0,1,0,0,1,0,0
22,2,88,0,9,0,0,0,1,1,0,1,0,0,1,0,0,1,0
22,5,89,2,3,3,3,3,0,1,0,0,0,0,1,1,0,0,0
22,3,90,1,6,1,1,1,0,1,0,1,0,0,1,1,0,0,0
24,3,88,2,6,2,2,2,0,1,0,1,0,1,0,0,1,0,0
19,4,91,1,6,3,3,3,0,0,1,1,0,0,1,0,0,0,1
24,4,80,5,4,1,1,1,1,1,1,0,0,0,1,0,0,0,0
19,4,100,2,4,3,3,3,0,1,1,1,0,0,1,0,0,0,1
18,4,69,2,6,1,1,1,1,1,0,0,0,0,0,0,1,0,0
17,6,79,4,5,2,2,2,1,1,0,1,1,0,0,0,0,0,0
20,2,95,2,3,4,3,3,0,1,0,0,0,0,0,0,0,1,0
19,3,80,2,6,3,3,3,0,1,0,1,0,0,1,0,0,0,1
22,4,87,1,9,0,0,0,1,1,1,1,1,0,0,0,1,0,0
21,2,78,2,4,2,1,1,0,1,0,1,0,0,1,0,0,1,0
18,5,85,1,6,3,2,2,0,1,0,0,1,0,0,0,0,0,1
20,3,79,0,5,1,0,0,0,1,0,0,0,0,0,0,0,0,1
20,5,91,3,4,1,1,1,0,1,0,0,1,0,0,0,0,0,1
17,4,84,1,7,0,0,0,0,1,0,0,1,0,0,1,0,0,0
18,3,68,3,6,2,2,2,0,1,0,1,1,0,0,0,0,0,1
19,6,75,4,4,3,3,3,0,0,0,0,1,0,0,0,0,0,1
24,1,74,0,8,0,0,0,1,1,0,0,0,0,0,0,0,0,0
21,4,93,2,5,2,2,2,0,0,0,1,0,1,0,1,0,0,0
22,5,72,3,7,3,3,3,1,1,1,0,0,0,1,1,0,0,0
17,2,79,1,6,1,1,1,0,1,0,1,1,0,0,0,1,0,0
23,3,98,3,5,1,1,1,0,1,0,0,1,0,0,0,0,0,0
23,4,92,0,5,1,0,0,0,0,1,1,1,0,0,0,0,0,0
17,2,75,3,6,3,3,3,1,1,0,1,0,0,0,1,0,0,0
19,4,74,4,3,3,3,3,0,1,0,0,0,0,1,1,0,0,0
22,5,74,1,6,3,3,3,0,1,0,1,0,0,0,0,1,0,0
22,4,83,1,7,2,2,2,0,1,1,0,0,0,0,0,0,0,0
