Age,Study_Hours_per_Day,Attendance_Rate,Assignment_Delay_Days,Stress_Index,GPA,Semester_GPA,CGPA,Dropout,Internet_Access_Yes,Part_Time_Job_Yes,Scholarship_Yes,Semester_Year 2,Semester_Year 3,Semester_Year 4,Department_Business,Department_CS,Department_Engineering,Department_Science,Exam_Score,Absence_Rate,Academic_Performance,Dropout_Risk_Index
22,3,86,2,5,0,0,0,0,1,1,0,0,0,0,0,0,0,0,51.0,14,53.699999999999996,29.6
20,4,68,2,6,1,1,1,1,1,0,0,0,1,0,0,0,1,0,48.0,32,49.199999999999996,38.8
22,4,70,0,5,1,1,1,0,1,1,0,0,0,0,0,0,0,0,57.0,30,57.9,25.0
24,4,82,2,5,1,1,1,0,1,0,0,0,0,0,0,1,0,0,57.0,18,57.9,28.200000000000003
20,4,75,1,7,1,0,0,0,1,0,0,0,0,1,1,0,0,0,52.5,25,49.95,37.0
20,4,89,2,6,2,2,2,0,1,0,1,0,1,0,1,0,0,0,58.5,11,56.55,30.4
24,3,78,1,7,0,0,0,0,1,1,1,0,0,1,0,1,0,0,46.0,22,45.39999999999999,38.8
22,2,86,1,6,1,1,1,0,1,0,1,0,0,0,0,0,0,0,44.0,14,46.4,33.6
20,4,97,3,4,3,2,2,0,1,0,0,0,0,0,0,1,0,0,63.5,3,64.85,21.200000000000003
22,2,82,1,6,1,1,1,0,1,0,0,0,0,0,0,0,0,1,42.0,18,45.0,35.2
20,5,73,3,7,1,1,1,0,1,1,0,0,1,0,1,0,0,0,53.5,27,50.64999999999999,42.8
20,2,85,6,8,0,0,0,1,1,1,1,1,0,0,0,0,1,0,24.5,15,27.949999999999996,64.0
21,3,84,1,4,2,2,2,0,1,0,1,0,0,1,0,1,0,0,55.0,16,58.9,21.4
17,4,84,1,4,2,2,2,0,1,0,1,0,0,0,1,0,0,0,63.0,16,64.5,18.4
17,4,92,1,5,2,2,2,0,1,1,0,0,1,0,0,0,1,0,65.0,8,63.5,20.200000000000003
19,3,72,2,7,2,3,3,0,0,0,0,0,0,0,0,0,0,0,40.0,28,41.2,45.2
18,4,90,2,4,2,2,2,0,1,0,1,0,0,0,0,0,1,0,63.0,10,64.5,20.0
21,4,77,0,4,1,1,1,0,1,1,1,0,0,1,1,0,0,0,62.5,23,64.15,17.200000000000003
19,4,93,2,4,3,3,3,0,1,0,0,0,0,0,0,0,0,0,64.5,7,65.55,18.8
17,4,65,1,5,1,1,1,1,1,0,0,0,0,0,1,0,0,0,51.5,35,54.05,31.0
24,6,99,2,3,2,2,2,0,1,0,1,0,0,0,0,1,0,0,85.5,1,82.64999999999999,5.399999999999999
20,3,79,0,6,2,2,2,0,1,1,0,0,1,0,0,0,0,0,51.5,21,51.65,29.4
21,6,72,2,2,4,4,3,0,1,1,1,0,1,0,0,1,0,0,74.0,28,77.0,11.200000000000003
17,4,89,3,4,3,3,3,0,1,0,1,0,0,1,1,0,0,0,59.5,11,62.05,24.4
19,4,86,3,5,0,0,0,0,1,1,0,0,0,1,1,0,0,0,56.0,14,57.199999999999996,30.6
21,4,85,2,3,3,3,3,0,1,0,0,1,0,0,0,1,0,0,62.5,15,66.55,17.0
18,5,89,0,4,1,1,1,0,1,0,0,0,1,0,0,0,0,1,76.5,11,73.94999999999999,9.399999999999999
21,3,82,4,5,1,0,0,0,1,0,0,0,1,0,0,1,0,0,43.0,18,48.099999999999994,39.2
19,4,79,1,9,1,0,0,1,1,1,0,0,1,0,1,0,0,0,50.5,21,43.74999999999999,45.4
20,4,72,3,5,2,3,3,0,0,0,0,0,0,0,0,1,0,0,49.0,28,52.3,36.2
19,6,81,7,5,3,3,3,1,1,1,0,0,0,1,0,1,0,0,57.5,19,58.25,42.6
25,4,77,3,5,2,2,2,0,1,0,1,0,1,0,0,0,0,1,51.5,23,54.05,34.2
21,6,81,2,3,3,3,3,0,1,0,0,0,0,1,0,0,0,0,76.5,19,76.35,12.600000000000001
18,4,67,1,5,1,1,1,1,1,1,1,0,1,0,0,0,0,0,52.5,33,54.75,30.200000000000003
22,2,95,2,5,0,0,0,0,1,1,1,0,1,0,0,0,0,1,47.5,5,51.25,29.0
18,4,61,1,5,0,0,0,1,1,0,1,0,1,0,0,0,0,0,49.5,39,52.65,32.6
21,2,80,1,7,1,1,1,0,0,0,1,0,0,1,1,0,0,0,39.0,20,40.5,41.0
17,6,78,0,4,3,3,3,0,1,0,0,1,0,0,0,0,0,1,79.0,22,75.69999999999999,10.8
18,2,70,1,5,2,1,2,0,1,0,0,1,0,0,1,0,0,0,38.0,30,44.599999999999994,35.0
21,4,85,3,5,3,3,3,0,1,1,0,1,0,0,1,0,0,0,55.5,15,56.849999999999994,31.0
22,5,74,2,5,2,2,2,0,0,0,0,1,0,0,0,0,1,0,61.0,26,60.699999999999996,28.4
21,7,85,1,4,1,1,1,0,1,1,1,0,0,0,1,0,0,0,87.5,15,81.64999999999999,9.0
20,3,95,6,6,2,2,2,1,1,0,1,0,0,0,1,0,0,0,41.5,5,44.65,47.0
20,4,72,2,8,2,2,2,1,1,1,1,0,1,0,1,0,0,0,46.0,28,42.99999999999999,47.2
17,2,89,1,7,0,0,0,0,1,0,1,0,0,1,0,0,1,0,43.5,11,43.65,37.4
19,3,69,2,7,1,1,1,1,1,0,0,0,0,0,1,0,0,0,38.5,31,40.15,46.4
20,6,75,1,5,3,3,3,0,1,1,0,0,0,1,1,0,0,0,72.5,25,68.75,21.0
23,5,86,1,3,4,3,4,0,1,1,0,0,0,1,0,1,0,0,74.0,14,74.6,9.600000000000001
21,5,79,2,1,4,3,3,0,1,1,0,1,0,0,1,0,0,0,71.5,21,77.64999999999999,6.399999999999999
17,4,93,3,1,2,3,3,0,1,0,0,0,0,0,0,0,1,0,67.5,7,74.85,7.800000000000001
21,5,83,1,5,4,4,3,0,1,1,0,0,0,1,0,1,0,0,68.5,17,65.94999999999999,20.799999999999997
20,6,86,1,6,2,2,2,0,1,0,0,0,1,0,1,0,0,0,76.0,14,68.8,21.6
19,3,76,2,7,2,2,2,0,1,1,0,0,1,0,1,0,0,0,42.0,24,42.599999999999994,43.6
22,4,73,4,5,2,2,2,0,1,0,0,0,0,1,1,0,0,0,46.5,27,50.55,39.8
23,3,72,0,4,0,0,0,0,1,0,1,0,0,0,1,0,0,0,52.0,28,56.8,22.200000000000003
23,1,74,0,6,0,0,0,1,1,1,1,0,0,0,0,0,0,1,33.0,26,38.699999999999996,37.4
19,4,76,1,3,2,2,2,0,1,0,0,0,0,1,0,0,0,1,61.0,24,65.5,16.6
20,4,91,3,3,2,2,2,0,1,0,1,0,0,1,0,0,1,0,62.5,9,66.55,18.6
21,3,85,5,6,0,0,0,1,1,0,0,1,0,0,1,0,0,0,39.5,15,43.25,47.0
23,3,71,2,3,0,0,0,0,1,0,0,0,0,0,0,0,0,1,47.5,29,56.05,25.6
19,4,78,2,4,3,4,4,0,1,1,0,0,1,0,0,0,0,0,57.0,22,60.3,24.799999999999997
20,4,81,3,3,2,2,2,0,1,1,1,1,0,0,0,0,0,1,57.5,19,63.05,22.6
18,6,100,0,5,3,3,3,0,1,1,1,0,0,0,0,0,1,0,88.0,0,79.6,7.0
18,4,82,1,6,1,1,1,0,1,0,0,0,1,0,0,0,1,0,58.0,18,56.199999999999996,29.200000000000003
22,4,85,1,6,1,1,1,0,0,0,0,1,0,0,0,0,0,0,59.5,15,57.25,28.0
24,3,74,2,4,3,3,3,0,1,0,1,0,0,1,0,1,0,0,47.0,26,53.3,29.4
20,2,87,0,5,3,3,3,0,1,0,0,0,0,1,0,0,0,1,49.5,13,52.65,24.2
23,2,93,2,6,4,4,4,0,1,1,0,0,1,0,0,0,0,0,44.5,7,46.75,34.8
21,3,80,1,4,1,1,1,0,1,0,0,0,0,0,0,0,1,0,53.0,20,57.49999999999999,23.0
19,4,86,4,3,2,2,2,0,1,0,0,0,0,0,0,0,1,0,57.0,14,62.7,24.6
21,4,86,3,4,2,2,2,0,1,0,1,0,0,1,1,0,0,0,58.0,14,60.99999999999999,25.6
24,2,82,1,4,3,3,3,0,1,0,0,0,1,0,0,1,0,0,46.0,18,52.599999999999994,25.2
20,1,92,1,5,2,2,2,1,1,1,0,0,0,0,0,0,0,0,41.0,8,46.7,29.200000000000003
24,3,75,2,5,4,4,4,0,1,1,0,0,0,0,0,0,1,0,45.5,25,49.849999999999994,34.0
17,5,75,1,5,4,4,3,0,0,0,0,0,0,1,0,1,0,0,64.5,25,63.15,24.0
22,3,82,2,4,2,2,2,0,1,1,0,1,0,0,0,0,0,1,51.0,18,56.099999999999994,26.200000000000003
21,4,79,2,5,3,3,3,0,1,0,0,0,1,0,0,0,0,1,55.5,21,56.849999999999994,29.4
20,1,58,3,6,1,1,1,1,1,1,0,0,0,0,0,0,0,1,16.0,42,26.799999999999997,55.8
21,4,76,2,6,0,1,1,0,1,0,0,0,0,1,0,0,1,0,52.0,24,52.0,35.6
17,4,65,0,4,1,1,1,1,1,0,1,0,0,0,0,1,0,0,56.5,35,59.949999999999996,22.0
20,4,79,2,5,2,1,1,0,0,0,0,0,0,0,0,1,0,0,55.5,21,56.849999999999994,29.4
21,5,87,1,7,0,0,0,0,1,0,0,0,0,0,0,1,0,0,66.5,13,59.75,29.200000000000003
24,5,82,2,5,0,0,0,0,1,0,1,0,1,0,0,0,1,0,65.0,18,63.5,25.200000000000003
19,6,83,0,5,1,1,1,0,1,0,0,0,0,1,0,0,0,1,79.5,17,73.65,13.8
19,2,80,2,8,3,3,3,1,1,0,0,0,0,1,0,0,0,0,34.0,20,34.599999999999994,50.0
19,4,83,0,7,3,2,2,0,1,0,0,1,0,0,0,0,1,0,59.5,17,54.849999999999994,29.799999999999997
23,2,100,1,4,3,3,3,0,1,0,1,0,1,0,0,0,0,0,55.0,0,58.9,18.0
21,4,79,3,7,1,1,1,0,1,1,0,0,0,1,0,1,0,0,48.5,21,47.14999999999999,43.4
19,4,81,0,5,2,2,2,0,1,0,0,0,1,0,0,0,0,0,62.5,19,61.75,20.6
22,1,75,1,3,2,2,2,1,1,0,0,0,0,0,0,0,0,1,36.5,25,48.349999999999994,26.0
21,4,66,1,7,2,2,2,1,1,0,0,0,1,0,0,0,0,0,48.0,34,46.8,40.6
23,3,84,0,4,0,0,0,0,0,1,0,0,0,1,1,0,0,0,58.0,16,60.99999999999999,17.4
19,4,91,3,5,3,3,3,0,0,0,0,0,0,0,0,1,0,0,58.5,9,58.949999999999996,28.6
20,3,100,0,4,3,3,3,0,1,0,0,0,1,0,1,0,0,0,66.0,0,66.6,11.0
20,6,80,3,9,0,0,0,1,1,0,1,0,0,0,0,0,0,0,61.0,20,51.099999999999994,47.0
17,4,79,0,3,0,0,0,0,1,0,0,0,0,1,0,1,0,0,65.5,21,68.64999999999999,11.399999999999999
21,4,74,0,5,1,1,1,0,1,1,0,0,0,1,0,1,0,0,59.0,26,59.3,23.4
21,3,95,4,4,2,2,2,0,0,0,0,1,0,0,1,0,0,0,51.5,5,56.449999999999996,29.0
21,1,72,2,6,1,2,2,1,1,0,1,0,0,0,0,0,1,0,26.0,28,33.8,46.2
20,2,87,0,5,1,1,1,0,1,1,1,1,0,0,0,1,0,0,49.5,13,52.65,24.2
17,6,96,1,4,4,4,4,0,1,0,1,0,1,0,1,0,0,0,85.0,4,79.89999999999999,7.600000000000001
20,4,80,2,5,2,2,2,0,1,1,1,0,1,0,0,0,0,1,56.0,20,57.199999999999996,29.0
20,4,72,1,7,2,2,2,0,1,1,0,0,0,0,0,0,1,0,51.0,28,48.89999999999999,38.2
19,4,88,2,2,3,3,3,0,1,0,1,0,0,1,1,0,0,0,66.0,12,71.39999999999999,10.8
20,5,71,2,4,1,1,1,0,1,0,0,0,0,1,0,0,0,1,61.5,29,63.449999999999996,24.6
21,4,91,0,6,1,1,1,0,1,1,0,0,0,0,0,0,0,0,65.5,9,61.449999999999996,21.6
25,4,97,4,5,3,3,3,0,1,1,1,0,0,0,0,0,1,0,58.5,3,58.949999999999996,30.200000000000003
21,4,63,3,5,1,1,1,1,1,1,0,1,0,0,0,0,1,0,44.5,37,49.15,39.8
21,4,95,1,5,1,1,1,0,0,0,0,1,0,0,0,0,0,1,66.5,5,64.55,19.0
20,3,87,2,6,1,1,1,0,1,0,0,1,0,0,1,0,0,0,49.5,13,50.25,34.2
17,6,93,0,6,3,4,4,0,0,0,1,0,0,0,1,0,0,0,82.5,7,73.35,14.799999999999997
20,2,76,1,6,0,1,1,0,0,1,0,0,0,0,1,0,0,0,39.0,24,42.9,37.6
21,3,87,2,6,2,2,2,0,1,1,0,0,1,0,0,0,0,1,49.5,13,50.25,34.2
26,1,83,2,4,1,2,2,1,1,0,0,1,0,0,0,0,0,0,35.5,17,45.25,31.799999999999997
20,5,75,1,7,1,1,1,0,1,1,0,0,0,1,1,0,0,0,60.5,25,55.55,34.0
21,4,79,3,4,3,2,2,0,1,0,1,0,0,0,1,0,0,0,54.5,21,58.55,28.4
20,6,86,0,5,2,2,2,0,1,0,1,0,0,1,0,1,0,0,81.0,14,74.69999999999999,12.600000000000001
18,3,73,2,2,3,2,2,0,0,1,0,0,0,1,0,0,0,1,50.5,27,60.55,19.8
23,2,72,2,4,2,2,2,0,1,1,1,0,1,0,0,0,0,1,38.0,28,47.0,33.2
22,4,56,0,5,0,0,0,1,1,1,1,0,0,0,0,0,1,0,50.0,44,53.0,30.6
22,4,75,3,5,2,1,1,0,0,0,1,1,0,0,0,0,0,0,50.5,25,53.349999999999994,35.0
19,3,84,4,7,2,2,2,0,1,0,0,1,0,0,0,0,1,0,40.0,16,41.2,48.4
24,4,77,0,4,0,0,0,0,1,0,0,0,0,1,0,0,0,0,62.5,23,64.15,17.200000000000003
17,3,92,1,4,1,1,1,0,1,1,0,0,0,0,0,1,0,0,59.0,8,61.699999999999996,18.2
22,5,70,2,4,1,1,1,0,1,0,0,0,0,1,0,0,0,0,61.0,30,63.099999999999994,25.0
25,5,86,3,5,3,3,3,0,1,1,0,0,0,1,0,0,0,1,64.0,14,62.8,27.6
18,4,79,1,8,2,1,1,1,1,1,0,1,0,0,0,1,0,0,52.5,21,47.55,40.4
19,5,81,0,1,3,4,4,0,1,0,0,0,0,0,0,0,0,1,78.5,19,82.55,0.0
21,3,87,1,4,1,1,1,0,1,0,1,1,0,0,0,0,0,0,56.5,13,59.949999999999996,20.2
19,3,60,2,4,1,1,1,1,1,0,0,0,1,0,0,0,0,0,40.0,40,48.4,35.0
17,1,64,1,1,1,1,1,1,1,0,0,0,1,0,1,0,0,0,35.0,36,52.099999999999994,20.4
21,4,81,2,5,1,1,1,0,1,0,0,0,0,1,0,1,0,0,56.5,19,57.55,28.6
18,4,80,2,4,2,2,2,0,1,0,1,0,0,0,0,0,0,0,58.0,20,60.99999999999999,24.0
22,5,70,3,4,2,2,2,0,1,0,0,0,0,0,0,0,1,0,58.0,30,60.99999999999999,29.0
19,4,98,1,3,2,2,2,0,1,0,0,0,0,1,0,0,0,1,72.0,2,73.2,7.800000000000001
24,3,72,1,5,1,1,1,0,1,1,1,0,1,0,0,0,1,0,47.0,28,50.9,31.200000000000003
19,3,77,2,3,2,2,2,0,1,1,0,0,1,0,0,1,0,0,50.5,23,58.14999999999999,23.200000000000003
20,3,91,2,4,1,1,1,0,0,0,1,1,0,0,0,1,0,0,55.5,9,59.24999999999999,22.6
22,5,76,3,5,3,3,3,0,1,0,0,0,1,0,0,0,0,0,59.0,24,59.3,31.6
18,6,75,1,7,1,0,1,0,1,0,0,0,1,0,1,0,0,0,68.5,25,61.14999999999999,31.0
21,5,85,1,6,0,0,0,0,1,1,0,0,1,0,0,1,0,0,67.5,15,62.85,25.0
23,6,76,1,6,3,3,3,0,0,0,0,0,0,0,0,1,0,0,71.0,24,65.3,25.6
17,4,85,2,9,3,3,2,1,1,0,0,1,0,0,0,0,0,1,50.5,15,43.74999999999999,47.0
21,2,86,1,6,2,2,2,0,1,0,1,0,1,0,1,0,0,0,44.0,14,46.4,33.6
21,2,85,4,3,0,0,0,0,1,1,0,0,0,1,0,0,0,0,40.5,15,51.15,31.0
22,2,91,3,4,2,2,2,0,1,0,1,1,0,0,0,0,1,0,44.5,9,51.55,29.6
18,3,78,1,4,1,1,1,0,1,0,1,1,0,0,1,0,0,0,52.0,22,56.8,23.799999999999997
18,3,78,0,5,2,2,2,0,1,0,1,1,0,0,0,0,1,0,53.0,22,55.099999999999994,24.799999999999997
22,4,81,3,4,2,3,3,0,1,0,0,1,0,0,0,0,0,1,55.5,19,59.24999999999999,27.6
21,3,59,5,3,3,3,3,1,1,0,0,0,0,0,0,1,0,0,32.5,41,45.55,42.400000000000006
21,4,83,0,7,2,2,2,0,1,1,1,0,0,1,0,1,0,0,59.5,17,54.849999999999994,29.799999999999997
21,7,79,2,7,0,1,1,0,1,1,1,0,0,0,1,0,0,0,75.5,21,66.05,30.4
19,5,85,1,5,3,3,3,0,1,1,1,0,0,1,0,0,1,0,69.5,15,66.65,20.0
21,4,74,1,3,3,3,3,0,1,0,0,1,0,0,0,0,0,0,60.0,26,64.8,17.4
21,5,92,4,5,4,4,4,0,1,0,1,0,0,0,1,0,0,0,64.0,8,62.8,29.200000000000003
19,2,80,2,4,3,3,3,0,0,1,0,0,0,0,1,0,0,0,42.0,20,49.8,30.0
25,2,88,1,7,0,0,0,0,1,0,0,0,0,0,1,0,0,0,43.0,12,43.3,37.8
22,5,77,2,3,3,3,3,0,1,0,0,0,0,0,0,0,0,1,66.5,23,69.35,17.200000000000003
18,4,85,2,6,2,2,2,0,1,0,0,0,1,0,0,0,1,0,56.5,15,55.15,32.0
22,4,69,0,6,1,1,1,1,1,1,1,0,0,0,1,0,0,0,54.5,31,53.75,30.4
18,2,64,4,7,2,2,2,1,1,0,1,0,0,0,0,0,0,1,22.0,36,28.599999999999998,59.400000000000006
22,3,80,1,5,2,2,2,0,1,0,0,0,1,0,1,0,0,0,51.0,20,53.699999999999996,28.0
23,3,81,1,4,1,1,1,0,1,1,0,1,0,0,0,1,0,0,53.5,19,57.849999999999994,22.6
19,3,81,1,9,1,1,1,1,1,0,0,1,0,0,1,0,0,0,43.5,19,38.85,47.6
23,6,79,3,3,2,2,2,0,1,1,0,0,1,0,0,0,0,1,72.5,21,73.55,17.4
21,6,78,2,6,2,2,2,0,1,0,0,0,1,0,0,1,0,0,69.0,22,63.9,28.799999999999997
22,5,87,1,5,2,3,3,0,1,1,1,0,0,0,0,0,0,0,70.5,13,67.35,19.200000000000003
25,4,96,0,6,2,2,2,0,1,0,0,0,1,0,0,0,1,0,68.0,4,63.199999999999996,19.6
20,3,100,2,6,4,4,4,0,1,0,1,1,0,0,0,0,0,0,56.0,0,54.8,29.0
19,2,90,1,3,4,3,3,0,1,1,0,0,1,0,0,0,0,0,52.0,10,59.2,17.0
19,4,63,0,3,0,1,0,1,1,1,1,0,1,0,0,0,0,1,57.5,37,63.05,17.8
19,5,90,0,3,4,3,3,0,0,1,1,0,0,1,0,0,1,0,79.0,10,78.1,4.0
20,5,90,3,4,4,3,3,0,1,0,0,1,0,0,0,1,0,0,68.0,10,68.0,21.0
21,4,81,1,5,1,0,0,0,1,1,1,0,0,0,0,0,1,0,59.5,19,59.65,24.6
21,4,89,2,4,3,3,3,0,1,0,1,0,1,0,0,0,1,0,62.5,11,64.15,20.4
22,3,84,1,2,2,2,2,0,0,0,0,0,0,0,0,0,0,1,59.0,16,66.5,11.399999999999999
21,3,81,0,7,2,2,2,0,1,0,0,1,0,0,1,0,0,0,50.5,19,48.55,33.6
24,2,84,4,2,1,1,1,0,1,0,0,1,0,0,1,0,0,0,42.0,16,54.599999999999994,26.4
20,3,77,1,6,2,2,1,0,1,0,0,0,0,1,1,0,0,0,47.5,23,48.85,34.2
27,4,67,2,4,3,3,3,1,1,1,0,0,1,0,1,0,0,0,51.5,33,56.449999999999996,29.200000000000003
22,3,67,6,7,0,0,0,1,1,0,1,0,0,0,0,0,1,0,25.5,33,31.049999999999997,63.2
19,2,89,5,4,2,2,2,1,1,0,0,0,1,0,0,0,0,1,37.5,11,46.65,38.4
18,4,73,1,2,2,2,2,0,1,0,0,0,0,0,0,0,0,0,61.5,27,68.25,12.8
22,4,69,2,5,3,2,2,1,0,0,0,1,0,0,1,0,0,0,50.5,31,53.349999999999994,33.4
20,3,69,3,4,1,1,1,1,1,1,1,1,0,0,0,0,0,1,41.5,31,49.449999999999996,35.4
22,3,78,0,7,2,2,2,0,1,0,1,1,0,0,0,0,1,0,49.0,22,47.5,34.8
22,0,94,1,6,1,1,1,1,1,0,1,0,1,0,0,0,0,0,32.0,6,38.0,36.4
20,4,80,1,4,3,3,3,0,1,1,0,1,0,0,0,1,0,0,61.0,20,63.099999999999994,20.0
19,4,70,2,3,4,3,4,0,1,0,1,1,0,0,0,0,0,0,55.0,30,61.3,23.0
17,5,93,1,3,3,3,3,0,0,1,0,0,0,1,0,0,1,0,77.5,7,77.05,6.800000000000001
20,3,84,1,4,2,2,2,0,1,0,0,0,0,0,1,0,0,0,55.0,16,58.9,21.4
22,4,79,1,8,1,1,2,1,1,0,0,0,0,1,1,0,0,0,52.5,21,47.55,40.4
21,5,85,3,5,2,2,2,0,0,0,0,0,0,0,0,1,0,0,63.5,15,62.449999999999996,28.0
18,4,82,0,7,2,2,2,0,1,1,1,0,0,1,0,1,0,0,59.0,18,54.5,30.200000000000003
21,4,76,1,2,2,2,2,0,1,1,0,0,1,0,0,0,0,1,63.0,24,69.3,11.600000000000001
21,4,77,2,2,3,2,2,0,1,0,0,0,0,0,0,0,0,0,60.5,23,67.55,15.200000000000003
19,1,72,4,3,3,3,3,1,1,1,1,0,0,1,0,0,0,0,26.0,28,41.0,39.2
21,4,78,3,6,0,0,0,0,1,1,1,0,0,1,1,0,0,0,50.0,22,50.6,38.8
21,2,89,0,5,2,3,3,0,0,0,0,0,1,0,0,0,0,0,50.5,11,53.349999999999994,23.4
18,2,89,0,7,1,1,1,0,1,1,0,0,0,0,0,0,0,0,46.5,11,45.75,33.4
21,4,80,2,7,1,2,2,0,1,0,0,1,0,0,0,0,1,0,52.0,20,49.599999999999994,39.0
22,5,80,3,3,2,2,2,0,1,1,0,0,0,0,0,0,0,1,65.0,20,68.3,20.0
23,5,73,1,7,2,2,2,0,1,0,0,0,0,0,0,0,0,1,59.5,27,54.849999999999994,34.8
23,4,85,1,8,3,2,2,1,1,1,1,0,1,0,0,0,0,0,55.5,15,49.64999999999999,38.0
18,4,70,4,7,2,2,2,0,0,0,0,0,0,0,0,1,0,0,41.0,30,41.9,51.0
18,5,88,5,2,2,2,2,1,0,0,0,0,0,1,0,1,0,0,65.0,12,70.7,19.799999999999997
22,6,85,2,2,4,3,3,0,0,0,1,1,0,0,0,0,0,0,80.5,15,81.55,6.0
22,3,79,2,4,1,2,2,0,1,0,0,0,0,1,1,0,0,0,49.5,21,55.05,27.4
22,3,85,0,4,1,1,1,0,1,1,0,0,0,0,0,0,0,0,58.5,15,61.349999999999994,17.0
29,4,79,2,7,2,2,2,0,1,1,0,0,1,0,1,0,0,0,51.5,21,49.25,39.4
22,1,83,1,3,2,2,2,1,1,0,0,1,0,0,0,0,1,0,40.5,17,51.15,22.8
23,3,83,1,6,1,1,1,0,1,0,0,1,0,0,0,0,1,0,50.5,17,50.949999999999996,31.799999999999997
23,4,91,2,3,3,3,3,0,1,0,1,0,0,1,0,0,0,0,65.5,9,68.64999999999999,14.600000000000001
22,3,85,2,6,1,1,1,0,0,0,0,1,0,0,0,0,0,0,48.5,15,49.55,35.0
20,1,90,1,4,1,2,2,1,1,1,1,0,0,0,0,0,0,0,42.0,10,49.8,25.0
22,5,85,5,6,4,4,4,1,1,0,1,0,0,1,0,0,0,1,55.5,15,54.449999999999996,41.0
19,3,81,0,4,2,2,2,0,1,1,1,0,1,0,0,0,0,0,56.5,19,59.949999999999996,18.6
20,3,86,1,1,3,3,3,0,1,1,0,0,0,0,0,0,1,0,62.0,14,71.0,5.600000000000001
19,5,84,2,6,1,1,1,0,1,1,0,0,0,0,0,0,1,0,64.0,16,60.4,29.4
21,0,79,0,7,1,1,1,1,1,0,0,0,0,0,1,0,0,0,25.5,21,31.049999999999997,43.4
26,5,70,3,4,2,1,1,0,1,1,0,0,0,0,0,0,0,0,58.0,30,60.99999999999999,29.0
17,6,77,3,7,3,3,3,0,0,1,0,0,1,0,0,0,1,0,63.5,23,57.64999999999999,38.2
22,2,77,0,4,2,2,2,0,1,1,0,0,0,1,0,1,0,0,46.5,23,52.949999999999996,23.200000000000003
17,3,86,1,3,2,2,2,0,1,1,1,0,0,0,0,1,0,0,58.0,14,63.39999999999999,15.600000000000001
20,4,81,2,4,3,4,4,0,1,0,1,0,0,0,0,0,0,0,58.5,19,61.349999999999994,23.6
23,4,75,2,5,2,2,2,0,1,0,1,0,1,0,0,1,0,0,53.5,25,55.449999999999996,31.0
21,5,80,1,3,4,3,3,0,1,0,1,0,0,1,1,0,0,0,71.0,20,72.5,12.0
18,4,79,1,7,3,3,3,0,1,0,1,0,0,1,0,0,0,1,54.5,21,51.349999999999994,35.4
19,5,74,0,2,4,3,3,0,1,0,0,1,0,0,1,0,0,0,73.0,26,76.3,5.399999999999999
22,8,93,1,4,3,4,3,0,1,1,1,0,0,1,0,1,0,0,99.5,7,90.04999999999998,2.8000000000000007
19,1,80,2,3,2,2,2,1,1,1,0,0,0,0,0,0,0,0,36.0,20,48.0,28.0
21,5,75,3,7,2,2,2,0,1,0,0,1,0,0,1,0,0,0,54.5,25,51.349999999999994,42.0
21,5,68,0,2,2,3,3,1,1,0,0,0,0,1,0,0,1,0,70.0,32,74.2,7.800000000000001
19,2,82,0,7,0,0,0,0,1,0,0,1,0,0,0,0,1,0,43.0,18,43.3,36.2
25,2,86,4,5,2,2,1,0,1,1,0,0,1,0,0,0,1,0,37.0,14,43.9,40.6
22,4,76,2,3,4,4,4,0,1,0,0,0,0,0,0,1,0,0,58.0,24,63.39999999999999,20.6
17,2,83,0,4,1,2,2,0,1,1,0,0,1,0,1,0,0,0,49.5,17,55.05,20.8
21,3,73,2,5,1,1,1,0,1,1,0,1,0,0,1,0,0,0,44.5,27,49.15,34.8
19,4,80,0,6,2,2,2,0,0,0,0,0,1,0,1,0,0,0,60.0,20,57.6,26.0
22,3,90,1,4,3,3,3,0,1,1,0,1,0,0,0,1,0,0,58.0,10,60.99999999999999,19.0
19,3,80,4,6,1,0,0,0,1,1,0,0,1,0,0,0,0,1,40.0,20,43.6,45.0
20,2,76,1,5,0,0,0,0,1,1,0,0,1,0,0,0,1,0,41.0,24,46.7,32.6
22,2,92,1,6,0,0,0,0,1,1,0,1,0,0,0,0,0,0,47.0,8,48.5,31.200000000000003
22,4,83,0,3,3,3,3,0,1,1,1,0,1,0,0,0,1,0,67.5,17,70.05,9.8
18,3,78,0,5,1,1,1,0,0,1,0,0,0,1,0,0,1,0,53.0,22,55.099999999999994,24.799999999999997
20,4,75,1,5,0,0,0,0,1,0,0,0,0,1,0,0,1,0,56.5,25,57.55,27.0
20,4,72,1,5,1,1,1,0,0,0,0,0,1,0,0,0,0,0,55.0,28,56.5,28.200000000000003
19,4,85,4,5,2,2,2,0,1,0,1,1,0,0,0,1,0,0,52.5,15,54.75,35.0
24,3,88,3,9,1,1,1,1,1,0,0,0,0,0,0,0,0,0,41.0,12,37.1,52.8
21,2,82,0,6,3,3,3,0,0,1,0,0,0,0,0,0,0,0,45.0,18,47.099999999999994,31.200000000000003
18,4,80,2,6,2,2,2,0,1,1,0,0,0,1,0,0,0,0,54.0,20,53.4,34.0
23,4,71,1,5,3,2,3,0,1,0,0,0,1,0,0,1,0,0,54.5,29,56.15,28.6
25,5,70,1,6,2,2,2,0,0,0,0,0,0,1,1,0,0,0,60.0,30,57.6,31.0
23,2,82,1,5,0,0,0,0,0,1,0,1,0,0,0,0,0,1,44.0,18,48.8,30.200000000000003
17,1,82,3,8,0,0,0,1,1,0,0,0,0,1,0,0,0,0,24.0,18,27.599999999999994,56.2
19,3,85,2,5,1,1,1,0,1,0,0,0,1,0,0,0,1,0,50.5,15,53.349999999999994,30.0
23,2,85,3,7,2,2,2,0,1,1,0,0,0,1,0,1,0,0,35.5,15,38.05,47.0
19,2,78,0,9,0,0,0,1,1,0,1,1,0,0,0,0,0,1,37.0,22,34.3,47.8
22,0,96,2,6,1,1,1,1,1,1,0,1,0,0,0,0,0,0,30.0,4,36.6,39.6
22,4,73,2,5,1,1,1,0,0,0,1,0,0,0,0,0,0,1,52.5,27,54.75,31.799999999999997
19,2,78,1,4,4,3,3,0,1,1,0,0,0,0,1,0,0,0,44.0,22,51.199999999999996,26.799999999999997
20,2,88,2,4,3,3,3,0,1,1,0,0,1,0,0,0,1,0,46.0,12,52.599999999999994,26.799999999999997
17,3,76,3,6,1,1,1,0,1,0,0,0,1,0,0,0,0,0,41.0,24,44.3,42.6
18,4,82,1,5,2,2,2,0,1,1,1,1,0,0,0,1,0,0,60.0,18,60.0,24.200000000000003
20,3,77,2,6,2,2,2,0,1,1,0,0,0,0,1,0,0,0,44.5,23,46.75,38.2
18,2,78,1,4,3,3,3,0,1,0,1,1,0,0,0,0,0,0,44.0,22,51.199999999999996,26.799999999999997
24,5,71,3,5,1,2,2,0,1,1,0,0,1,0,0,0,1,0,56.5,29,57.55,33.6
17,4,88,3,5,3,3,3,0,1,0,0,0,1,0,0,0,0,1,57.0,12,57.9,29.799999999999997
20,4,88,0,3,3,4,4,0,1,0,0,0,1,0,1,0,0,0,70.0,12,71.8,7.800000000000001
21,3,88,2,4,1,1,1,0,1,0,0,1,0,0,0,0,1,0,54.0,12,58.199999999999996,23.799999999999997
24,5,78,2,4,4,3,3,0,1,0,1,1,0,0,0,0,0,0,65.0,22,65.9,21.799999999999997
17,4,84,2,10,0,0,0,1,1,0,0,1,0,0,1,0,0,0,48.0,16,39.599999999999994,52.400000000000006
23,4,98,0,7,1,1,1,0,1,1,0,0,1,0,0,0,1,0,67.0,2,60.099999999999994,23.799999999999997
21,5,84,3,3,4,3,3,0,1,0,0,0,0,1,0,0,0,1,67.0,16,69.7,18.4
18,1,72,2,2,1,1,1,1,1,1,0,0,0,0,0,0,1,0,34.0,28,49.0,26.200000000000003
22,4,75,1,3,0,1,1,0,1,1,0,0,0,1,1,0,0,0,60.5,25,65.14999999999999,17.0
21,3,74,0,8,2,2,2,1,0,1,1,0,1,0,1,0,0,0,45.0,26,42.3,41.4
19,3,92,3,3,3,3,3,0,1,1,0,0,1,0,0,1,0,0,55.0,8,61.3,21.2
21,5,85,1,8,2,2,2,1,1,1,0,0,1,0,1,0,0,0,63.5,15,55.24999999999999,35.0
20,5,69,1,5,3,3,3,1,1,0,1,0,0,1,0,0,1,0,61.5,31,61.05,26.4
21,5,92,1,5,3,3,3,0,1,1,0,1,0,0,0,0,1,0,73.0,8,69.1,17.200000000000003
22,4,86,0,3,3,3,3,0,1,1,0,1,0,0,0,1,0,0,69.0,14,71.1,8.600000000000001
24,3,83,1,7,2,2,2,0,1,0,1,0,1,0,0,0,0,0,48.5,17,47.14999999999999,36.8
18,5,94,0,6,2,3,3,0,1,0,0,0,1,0,0,0,1,0,75.0,6,68.1,17.4
25,2,80,2,7,3,2,2,0,1,0,0,0,1,0,0,1,0,0,36.0,20,38.4,45.0
17,6,92,1,5,1,1,1,0,1,0,0,0,1,0,0,0,0,0,81.0,8,74.69999999999999,14.200000000000003
20,3,64,1,6,0,0,0,1,1,1,1,0,0,1,0,0,0,1,41.0,36,44.3,39.4
22,3,76,0,8,2,2,2,1,1,0,1,0,1,0,0,0,0,0,46.0,24,42.99999999999999,40.6
21,3,88,1,6,2,1,1,0,1,1,0,1,0,0,1,0,0,0,53.0,12,52.699999999999996,29.799999999999997
19,4,95,1,3,2,2,2,0,1,0,1,0,1,0,1,0,0,0,70.5,5,72.14999999999999,9.0
20,4,72,3,5,1,1,1,0,1,0,1,0,0,0,1,0,0,0,49.0,28,52.3,36.2
19,3,78,2,6,1,1,1,0,0,0,0,0,0,1,0,1,0,0,45.0,22,47.099999999999994,37.8
19,4,83,1,8,1,1,1,1,1,0,0,0,0,1,0,0,0,0,54.5,17,48.949999999999996,38.8
22,3,74,2,6,4,3,3,0,1,0,0,0,0,0,0,0,0,1,43.0,26,45.699999999999996,39.4
21,0,79,3,7,1,1,1,1,1,0,1,0,0,0,0,0,0,0,16.5,21,24.75,55.4
19,7,94,3,6,3,3,3,0,1,0,1,0,0,1,1,0,0,0,82.0,6,73.0,23.4
23,6,73,1,3,4,4,4,0,1,1,1,0,0,0,0,0,1,0,75.5,27,75.64999999999999,11.8
21,2,80,4,7,2,2,2,0,1,0,0,0,0,1,0,0,0,0,30.0,20,34.2,53.0
22,3,84,4,5,3,3,3,0,1,1,0,1,0,0,0,1,0,0,44.0,16,48.8,38.4
22,3,85,4,9,2,2,2,1,1,0,1,0,0,0,1,0,0,0,36.5,15,33.949999999999996,58.0
19,4,75,3,2,2,2,2,0,1,0,1,1,0,0,0,0,0,1,56.5,25,64.75,20.0
19,4,80,0,3,1,2,2,0,1,1,0,1,0,0,0,0,0,1,66.0,20,69.0,11.0
22,2,79,2,6,1,1,1,0,0,0,0,0,0,0,0,1,0,0,37.5,21,41.85,40.4
22,4,84,0,5,2,2,2,0,1,0,0,0,0,1,0,0,1,0,64.0,16,62.8,19.4
21,4,72,4,5,1,1,1,0,0,0,1,0,1,0,0,0,1,0,46.0,28,50.199999999999996,40.2
21,6,92,0,5,3,4,3,0,1,1,0,0,1,0,0,0,0,0,84.0,8,76.8,10.2
23,3,84,0,5,2,2,2,0,1,0,0,1,0,0,0,0,0,0,56.0,16,57.199999999999996,22.4
19,5,90,4,4,2,3,3,0,1,0,0,1,0,0,0,0,0,0,65.0,10,65.9,25.0
22,4,77,2,7,3,3,3,0,1,0,0,1,0,0,0,1,0,0,50.5,23,48.55,40.2
20,2,72,7,4,1,1,1,1,0,0,1,0,0,0,0,0,1,0,23.0,28,36.5,53.2
20,4,74,2,6,1,0,1,0,1,0,0,0,0,1,0,0,0,0,51.0,26,51.3,36.4
23,4,87,1,5,4,3,4,0,1,1,0,1,0,0,0,0,0,0,62.5,13,61.75,22.200000000000003
22,5,78,0,8,0,0,0,1,1,0,1,0,0,1,0,0,1,0,63.0,22,54.89999999999999,33.8
22,2,69,2,1,3,3,3,1,1,0,0,0,0,0,0,1,0,0,42.5,31,57.349999999999994,19.4
23,3,83,2,3,1,2,2,0,1,0,0,0,1,0,0,0,1,0,53.5,17,60.25,20.8
21,5,79,4,9,1,1,1,1,1,0,1,0,1,0,0,0,1,0,49.5,21,43.05,54.400000000000006
22,1,79,4,5,0,0,0,1,0,0,0,0,0,0,1,0,0,0,25.5,21,35.849999999999994,46.4
20,2,68,2,4,2,2,2,1,1,0,0,1,0,0,0,0,0,0,36.0,32,45.599999999999994,34.8
21,4,69,2,3,1,1,1,1,1,1,0,0,0,1,0,0,1,0,54.5,31,60.95,23.4
20,4,77,0,4,2,2,2,0,1,1,0,0,1,0,0,0,0,0,62.5,23,64.15,17.200000000000003
21,3,74,2,6,2,2,2,0,1,0,1,0,0,0,0,0,1,0,43.0,26,45.699999999999996,39.4
22,4,62,1,5,3,3,3,1,1,1,1,0,0,1,0,0,1,0,50.0,38,53.0,32.2
19,3,88,1,6,3,3,3,0,1,1,0,1,0,0,0,0,0,1,53.0,12,52.699999999999996,29.799999999999997
25,5,73,2,2,2,1,1,0,1,0,0,0,1,0,0,1,0,0,66.5,27,71.75,13.8
18,4,74,1,5,2,2,2,0,1,0,1,0,0,1,0,0,1,0,56.0,26,57.199999999999996,27.4
18,2,77,2,6,3,3,3,0,1,0,0,0,1,0,0,0,1,0,36.5,23,41.15,41.2
23,4,74,3,6,2,2,2,0,1,0,0,0,0,1,0,0,1,0,48.0,26,49.199999999999996,40.4
22,3,80,2,5,2,2,2,0,1,1,1,0,0,1,0,1,0,0,48.0,20,51.599999999999994,32.0
22,3,90,3,3,2,2,2,0,1,1,0,0,0,0,0,1,0,0,54.0,10,60.599999999999994,22.0
22,2,79,4,3,1,1,1,0,1,0,1,1,0,0,1,0,0,0,37.5,21,49.05,33.4
21,2,84,1,7,2,2,2,0,1,0,0,0,0,0,0,1,0,0,41.0,16,41.9,39.4
19,2,63,5,4,1,2,2,1,0,0,1,0,0,0,0,0,0,0,24.5,37,37.55,48.8
21,5,82,4,4,4,4,4,0,1,1,0,0,0,0,0,0,0,0,61.0,18,63.099999999999994,28.200000000000003
19,4,93,2,5,1,1,1,0,1,0,0,1,0,0,0,0,0,0,62.5,7,61.75,23.799999999999997
23,5,82,4,3,2,2,2,0,1,0,0,0,1,0,0,0,1,0,63.0,18,66.89999999999999,23.200000000000003
20,2,83,2,6,1,1,1,0,1,1,0,0,1,0,0,0,0,1,39.5,17,43.25,38.8
19,3,84,2,3,3,3,3,0,1,1,1,1,0,0,0,1,0,0,54.0,16,60.599999999999994,20.4
20,3,94,3,7,0,0,0,0,1,0,0,0,0,1,0,1,0,0,48.0,6,46.8,40.4
21,3,92,1,3,3,3,3,0,1,1,0,0,1,0,0,0,1,0,61.0,8,65.5,13.2
19,4,73,1,5,2,2,2,0,1,0,0,1,0,0,1,0,0,0,55.5,27,56.849999999999994,27.799999999999997
19,4,91,2,6,3,3,3,0,1,1,0,1,0,0,0,0,0,1,59.5,9,57.25,29.6
21,5,93,2,6,2,1,1,0,1,1,1,0,1,0,0,0,0,0,68.5,7,63.55,25.799999999999997
21,1,68,3,5,2,2,2,1,1,1,1,1,0,0,0,0,1,0,23.0,32,34.099999999999994,46.8
19,6,82,2,4,4,3,3,0,1,1,0,0,0,1,0,0,1,0,75.0,18,72.9,17.200000000000003
20,2,86,3,8,0,0,0,1,0,1,1,0,0,1,1,0,0,0,34.0,14,34.599999999999994,51.6
21,4,59,0,5,1,2,2,1,1,0,0,1,0,0,0,0,0,0,51.5,41,54.05,29.400000000000006
17,4,76,2,5,2,2,2,0,1,1,0,1,0,0,0,0,1,0,54.0,24,55.8,30.6
17,4,76,0,2,3,3,3,0,1,0,0,0,1,0,0,0,0,1,66.0,24,71.39999999999999,7.600000000000001
19,5,76,2,5,3,3,3,0,1,0,1,0,0,0,0,1,0,0,62.0,24,61.4,27.6
20,5,90,0,5,3,3,3,0,1,1,0,0,1,0,0,0,1,0,75.0,10,70.5,14.0
21,4,81,2,3,2,3,3,0,1,1,1,0,0,1,0,0,1,0,60.5,19,65.14999999999999,18.6
24,4,85,0,4,3,3,3,0,1,0,0,0,0,1,0,0,0,0,66.5,15,66.94999999999999,14.0
22,2,82,2,5,3,3,3,0,1,1,1,0,1,0,0,0,1,0,41.0,18,46.7,34.2
20,3,100,3,6,2,3,3,0,1,0,0,0,1,0,1,0,0,0,53.0,0,52.699999999999996,33.0
21,2,90,0,3,2,2,2,0,1,0,0,1,0,0,0,1,0,0,55.0,10,61.3,13.0
18,0,81,3,3,1,1,1,1,1,1,0,1,0,0,1,0,0,0,25.5,19,40.65,34.6
21,2,79,1,5,3,3,3,0,1,0,1,0,0,1,1,0,0,0,42.5,21,47.75,31.4
20,2,76,2,4,4,3,3,0,1,0,1,0,0,1,0,1,0,0,40.0,24,48.4,31.6
21,2,74,3,5,2,2,2,0,1,1,1,1,0,0,0,1,0,0,34.0,26,41.8,41.4
19,4,72,1,8,0,0,0,1,1,1,0,1,0,0,1,0,0,0,49.0,28,45.099999999999994,43.2
22,4,89,2,5,1,0,0,0,0,0,1,0,0,0,0,1,0,0,60.5,11,60.349999999999994,25.4
24,5,74,2,7,0,1,1,0,1,0,1,1,0,0,0,0,0,1,57.0,26,53.099999999999994,38.4
20,1,87,1,3,2,2,2,1,0,1,1,1,0,0,0,0,0,0,42.5,13,52.55,21.2
21,3,78,1,4,0,0,0,0,1,1,0,1,0,0,0,0,0,0,52.0,22,56.8,23.799999999999997
22,3,76,1,4,2,3,3,0,1,1,0,0,1,0,0,0,0,1,51.0,24,56.099999999999994,24.6
20,5,79,0,3,4,3,3,0,1,1,0,1,0,0,0,1,0,0,73.5,21,74.25,8.399999999999999
21,4,96,3,2,4,4,3,0,1,1,0,0,0,1,0,0,0,1,67.0,4,72.1,11.600000000000001
21,4,100,1,5,2,3,3,0,1,1,1,0,0,1,0,0,0,0,69.0,0,66.3,17.0
21,2,79,0,6,1,1,1,0,1,0,0,0,0,1,0,0,0,0,43.5,21,46.05,32.4
19,5,78,4,3,3,3,3,0,1,0,0,0,0,1,0,0,1,0,61.0,22,65.5,24.799999999999997
21,3,89,2,4,2,2,2,0,1,0,0,0,1,0,1,0,0,0,54.5,11,58.55,23.4
22,1,83,0,5,2,1,1,1,1,0,0,0,1,0,0,0,1,0,39.5,17,45.65,28.8
24,4,76,0,5,1,1,1,0,1,1,0,0,0,0,0,1,0,0,60.0,24,60.0,22.6
23,4,85,2,7,2,2,2,0,1,1,0,0,0,0,0,0,0,0,54.5,15,51.349999999999994,37.0
25,3,88,0,7,1,1,1,0,1,0,0,1,0,0,0,1,0,0,54.0,12,51.0,30.799999999999997
19,3,80,3,4,3,3,3,0,1,0,0,0,1,0,0,0,0,0,47.0,20,53.3,31.0
22,2,80,0,5,0,0,0,0,1,0,0,1,0,0,0,0,0,0,46.0,20,50.199999999999996,27.0
21,5,95,0,3,2,2,2,0,0,1,1,0,1,0,0,0,0,0,81.5,5,79.85,2.0
25,4,75,2,8,1,1,1,1,1,0,0,0,0,0,0,0,1,0,47.5,25,44.05,46.0
19,2,77,4,6,1,1,1,0,0,1,0,1,0,0,1,0,0,0,30.5,23,36.949999999999996,49.2
19,4,78,3,7,3,3,3,0,1,0,1,0,0,1,0,0,0,0,48.0,22,46.8,43.8
19,3,95,2,4,3,3,3,0,0,1,0,0,0,1,1,0,0,0,57.5,5,60.65,21.0
17,2,66,1,7,1,1,1,1,1,0,0,0,0,1,0,0,0,1,32.0,34,35.599999999999994,46.6
19,6,88,0,6,2,2,2,0,0,1,1,0,0,1,1,0,0,0,80.0,12,71.6,16.799999999999997
19,3,81,2,7,0,0,0,0,1,0,1,0,1,0,0,1,0,0,44.5,19,44.349999999999994,41.6
21,2,96,1,3,2,2,2,0,1,0,0,0,0,0,0,0,1,0,55.0,4,61.3,14.600000000000001
21,2,84,2,5,2,2,2,0,1,0,1,1,0,0,0,0,0,1,42.0,16,47.4,33.4
25,3,64,1,7,0,1,1,1,1,0,1,0,1,0,0,1,0,0,39.0,36,40.5,44.4
23,4,94,1,5,2,2,2,0,1,1,0,0,0,0,0,0,1,0,66.0,6,64.19999999999999,19.4
19,3,80,2,6,1,0,0,0,1,0,0,0,0,1,1,0,0,0,46.0,20,47.8,37.0
19,5,65,0,6,2,2,2,1,0,0,0,0,1,0,0,0,0,1,60.5,35,57.949999999999996,29.0
22,5,78,2,6,1,1,1,0,1,1,0,0,0,0,0,0,1,0,61.0,22,58.3,31.799999999999997
18,4,82,2,6,3,3,3,0,1,0,0,0,0,1,0,1,0,0,55.0,18,54.1,33.2
25,7,73,1,6,2,2,2,0,1,1,0,0,0,0,0,0,0,0,77.5,27,69.85,23.799999999999997
23,4,69,1,6,1,1,0,1,1,0,0,1,0,0,1,0,0,0,51.5,31,51.65,34.4
20,2,84,2,7,2,2,2,0,1,0,0,0,0,0,0,1,0,0,38.0,16,39.8,43.4
17,5,72,4,4,3,3,3,0,1,0,0,0,0,0,0,1,0,0,56.0,28,59.599999999999994,32.2
24,4,73,3,6,1,2,2,0,1,1,0,0,0,1,0,1,0,0,47.5,27,48.85,40.8
20,4,92,2,7,2,2,2,0,1,0,0,1,0,0,0,0,1,0,58.0,8,53.8,34.2
23,4,79,3,4,1,1,1,0,1,1,0,0,1,0,1,0,0,0,54.5,21,58.55,28.4
17,3,72,0,4,3,3,4,0,1,0,1,0,0,1,0,0,0,0,52.0,28,56.8,22.200000000000003
19,6,74,3,6,4,3,3,0,1,0,1,0,0,0,1,0,0,0,64.0,26,60.4,34.4
21,1,85,2,8,2,2,2,1,1,0,1,1,0,0,0,0,0,1,28.5,15,30.75,51.0
21,5,85,3,5,2,2,2,0,1,0,1,1,0,0,0,1,0,0,63.5,15,62.449999999999996,28.0
20,4,87,2,5,1,1,1,0,1,0,1,0,1,0,0,0,0,0,59.5,13,59.65,26.200000000000003
22,4,88,4,6,1,2,2,0,1,0,1,0,0,1,0,0,0,1,52.0,12,52.0,38.8
18,3,84,3,4,3,3,3,0,1,0,0,0,1,0,0,0,0,0,49.0,16,54.699999999999996,29.4
20,5,86,1,9,2,2,2,1,1,1,1,0,0,0,0,0,1,0,62.0,14,51.8,39.6
21,5,78,1,3,2,2,2,0,1,1,0,0,0,1,0,0,0,1,70.0,22,71.8,12.8
22,3,73,1,5,1,1,1,0,1,0,0,1,0,0,0,0,1,0,47.5,27,51.25,30.799999999999997
22,5,92,2,5,2,2,2,0,1,0,1,0,0,0,0,1,0,0,70.0,8,67.0,21.200000000000003
18,4,89,2,1,3,3,3,0,1,0,1,0,0,0,0,0,1,0,68.5,11,75.55,5.399999999999999
17,3,79,2,4,3,3,3,0,1,0,1,1,0,0,0,0,0,1,49.5,21,55.05,27.4
23,1,76,3,3,1,1,1,1,0,0,1,1,0,0,0,0,0,1,31.0,24,44.5,33.6
21,5,100,4,6,1,1,1,0,1,0,0,0,1,0,0,0,1,0,66.0,0,61.8,31.0
19,3,74,3,2,2,2,2,0,1,1,0,0,0,0,0,0,1,0,48.0,26,58.8,23.4
24,4,83,2,5,2,1,1,0,1,1,0,0,0,0,0,0,0,1,57.5,17,58.25,27.799999999999997
21,5,76,1,3,4,3,3,0,0,1,0,1,0,0,0,0,0,1,69.0,24,71.1,13.600000000000001
23,2,78,0,7,2,1,2,0,1,0,1,0,1,0,1,0,0,0,41.0,22,41.9,37.8
21,5,76,0,3,2,2,2,0,1,1,0,0,1,0,1,0,0,0,72.0,24,73.2,9.600000000000001
25,2,64,1,6,1,0,0,1,1,0,0,1,0,0,0,0,1,0,33.0,36,38.699999999999996,42.4
24,5,85,0,7,2,1,1,0,1,1,0,0,1,0,0,0,0,0,68.5,15,61.14999999999999,26.0
20,6,87,7,6,2,2,2,1,1,1,1,1,0,0,0,0,0,1,58.5,13,56.55,45.2
23,5,76,0,3,3,3,3,0,1,0,0,0,0,1,0,1,0,0,72.0,24,73.2,9.600000000000001
22,4,100,2,7,3,3,3,0,1,1,1,1,0,0,1,0,0,0,62.0,0,56.599999999999994,31.0
24,5,84,1,6,3,3,3,0,1,0,1,1,0,0,0,0,1,0,67.0,16,62.5,25.4
18,3,83,0,1,3,4,4,0,1,0,0,1,0,0,0,1,0,0,63.5,17,72.05,2.8000000000000007
22,2,85,4,5,0,0,0,0,1,0,1,1,0,0,0,0,0,1,36.5,15,43.55,41.0
23,3,77,5,10,0,1,1,1,0,0,0,0,0,0,0,0,0,0,27.5,23,25.25,70.2
17,6,74,1,7,1,1,1,0,1,0,0,0,0,0,0,1,0,0,68.0,26,60.8,31.4
18,2,75,4,4,2,2,2,0,1,1,1,0,0,0,0,0,0,1,33.5,25,43.849999999999994,40.0
17,5,77,2,6,3,3,3,0,1,0,1,1,0,0,1,0,0,0,60.5,23,57.949999999999996,32.2
20,3,86,0,4,3,3,3,0,0,1,0,1,0,0,0,0,1,0,59.0,14,61.699999999999996,16.6
22,3,79,3,7,0,1,1,0,1,1,0,0,0,1,0,0,1,0,40.5,21,41.55,46.4
24,6,86,5,4,1,1,1,1,1,1,0,0,0,0,0,0,1,0,68.0,14,68.0,27.6
21,4,71,1,7,0,0,0,0,0,0,0,1,0,0,0,1,0,0,50.5,29,48.55,38.6
24,5,76,1,7,2,2,2,0,1,0,1,0,1,0,0,0,0,1,61.0,24,55.89999999999999,33.6
18,7,76,2,6,0,0,0,0,1,0,1,0,0,0,0,1,0,0,76.0,24,68.8,26.6
17,3,51,4,9,0,0,0,1,1,0,1,0,0,1,0,0,0,0,19.5,49,22.049999999999997,71.6
20,4,63,2,5,1,1,1,1,0,1,0,1,0,0,0,0,0,0,47.5,37,51.25,35.8
21,4,73,2,7,2,1,1,0,1,0,0,1,0,0,0,0,0,1,48.5,27,47.14999999999999,41.8
20,3,85,1,7,1,1,1,0,1,0,1,0,0,0,0,1,0,0,49.5,15,47.849999999999994,36.0
17,4,87,0,6,1,1,1,0,1,1,1,1,0,0,0,0,1,0,63.5,13,60.05,23.200000000000003
20,5,70,2,6,2,1,1,0,1,1,0,0,0,0,0,0,0,1,57.0,30,55.5,35.0
18,5,80,1,4,4,3,3,0,1,0,0,0,0,0,0,0,0,0,69.0,20,68.69999999999999,17.0
22,4,71,0,4,1,1,1,0,1,0,0,0,0,1,0,1,0,0,59.5,29,62.05,19.6
21,0,84,1,6,2,2,2,1,1,0,1,0,1,0,0,0,1,0,27.0,16,34.5,40.4
18,2,76,2,6,1,1,1,0,1,0,0,0,0,1,1,0,0,0,36.0,24,40.8,41.6
19,6,77,3,5,2,2,2,0,1,1,0,0,0,1,0,0,0,1,67.5,23,65.25,28.200000000000003
18,2,80,0,4,3,4,4,0,1,1,0,0,1,0,0,0,0,1,48.0,20,53.99999999999999,22.0
20,5,84,2,5,3,3,3,0,1,0,1,0,0,0,1,0,0,0,66.0,16,64.19999999999999,24.4
23,2,82,2,5,3,3,3,0,1,1,1,0,0,1,0,0,1,0,41.0,18,46.7,34.2
18,2,85,5,6,3,3,3,1,1,1,1,0,0,1,1,0,0,0,31.5,15,37.65,50.0
22,4,87,2,5,2,1,1,0,1,0,0,1,0,0,0,0,1,0,59.5,13,59.65,26.200000000000003
19,6,80,0,7,2,1,1,0,1,0,0,1,0,0,0,0,1,0,74.0,20,65.0,25.0
19,4,73,3,5,3,3,3,0,1,0,0,0,0,0,1,0,0,0,49.5,27,52.65,35.8
20,4,69,3,4,3,3,3,1,1,0,1,1,0,0,0,0,0,0,49.5,31,55.05,32.4
18,2,75,0,5,2,1,1,0,1,0,0,1,0,0,0,1,0,0,43.5,25,48.45,29.0
19,1,83,0,3,2,2,2,1,1,1,1,0,0,0,0,0,0,0,43.5,17,53.25,18.8
18,3,70,3,9,2,2,2,1,1,0,0,0,0,1,0,0,0,0,32.0,30,30.799999999999997,60.0
25,4,90,2,6,0,1,1,0,1,0,0,0,1,0,0,0,0,1,59.0,10,56.9,30.0
21,3,73,5,5,0,0,0,1,1,1,0,0,0,0,0,0,0,0,35.5,27,42.849999999999994,46.8
19,6,81,3,8,2,1,2,1,1,0,0,0,0,1,0,0,0,0,63.5,19,55.24999999999999,41.6
21,2,93,4,5,3,2,2,0,1,0,1,0,1,0,0,0,1,0,40.5,7,46.349999999999994,37.8
20,3,80,3,5,1,1,1,0,1,0,0,0,1,0,0,0,0,0,45.0,20,49.5,36.0
20,6,73,1,4,2,1,1,0,1,0,1,0,1,0,0,0,0,0,73.5,27,71.85,16.799999999999997
22,4,61,4,3,1,1,1,1,1,0,0,0,1,0,0,1,0,0,44.5,39,53.95,34.6
22,2,85,3,5,4,4,3,0,1,0,0,1,0,0,0,1,0,0,39.5,15,45.65,37.0
19,1,84,1,7,2,2,2,1,1,0,1,1,0,0,0,0,0,1,33.0,16,36.3,42.4
19,3,86,3,3,2,2,2,0,0,0,0,0,0,1,1,0,0,0,52.0,14,59.2,23.6
20,2,82,0,5,3,2,2,0,1,0,1,1,0,0,1,0,0,0,47.0,18,50.9,26.200000000000003
17,3,77,0,5,2,2,2,0,1,0,1,1,0,0,0,0,1,0,52.5,23,54.75,25.200000000000003
17,6,75,0,6,2,2,2,0,1,0,0,1,0,0,0,0,1,0,73.5,25,67.05,22.0
24,2,82,1,4,1,2,2,0,1,0,0,0,1,0,1,0,0,0,46.0,18,52.599999999999994,25.2
24,3,89,1,6,3,3,3,0,1,1,0,0,1,0,0,0,1,0,53.5,11,53.05,29.4
20,5,58,4,6,0,0,0,1,1,0,0,0,0,1,0,1,0,0,45.0,42,47.099999999999994,47.8
22,4,89,1,4,2,2,2,0,1,1,0,0,1,0,0,0,1,0,65.5,11,66.25,16.4
21,5,79,1,5,3,3,3,0,1,0,0,0,0,0,0,0,0,1,66.5,21,64.55,22.4
27,5,80,2,5,2,3,3,0,1,1,1,1,0,0,0,0,1,0,64.0,20,62.8,26.0
23,3,87,1,4,2,1,1,0,1,0,0,1,0,0,0,0,1,0,56.5,13,59.949999999999996,20.2
20,4,80,2,3,3,3,3,0,1,0,0,0,0,1,0,1,0,0,60.0,20,64.8,19.0
18,4,83,4,8,2,1,1,1,1,0,0,1,0,0,0,1,0,0,45.5,17,42.65,50.8
17,1,68,1,2,1,1,1,1,1,0,1,0,1,0,0,0,0,1,35.0,32,49.7,23.8
21,4,79,2,5,3,2,2,0,1,0,1,0,0,0,0,1,0,0,55.5,21,56.849999999999994,29.4
19,2,86,5,8,1,1,1,1,1,0,0,0,0,1,0,0,1,0,28.0,14,30.4,59.599999999999994
17,3,78,3,4,1,1,1,0,1,1,0,1,0,0,0,0,0,0,46.0,22,52.599999999999994,31.799999999999997
19,3,79,2,5,2,3,3,0,1,1,0,0,0,1,0,0,1,0,47.5,21,51.25,32.4
18,4,83,2,5,1,2,2,0,1,0,0,1,0,0,0,0,0,0,57.5,17,58.25,27.799999999999997
24,4,85,4,1,3,3,3,0,1,0,0,0,1,0,1,0,0,0,60.5,15,69.94999999999999,15.0
22,4,94,1,5,2,2,2,0,1,0,1,1,0,0,0,0,0,1,66.0,6,64.19999999999999,19.4
21,3,85,1,2,1,2,2,0,1,0,1,0,0,1,0,1,0,0,59.5,15,66.85,11.0
24,5,92,0,7,2,2,2,0,1,0,0,0,0,1,1,0,0,0,72.0,8,63.599999999999994,23.200000000000003
21,3,81,1,4,1,1,1,0,1,0,1,0,0,0,0,0,1,0,53.5,19,57.849999999999994,22.6
19,3,63,3,8,0,0,0,1,1,1,0,0,1,0,1,0,0,0,30.5,37,32.15,57.8
24,1,78,0,3,3,2,2,1,1,1,0,1,0,0,0,0,0,1,41.0,22,51.5,20.8
22,4,75,5,6,2,2,2,1,1,1,1,0,0,0,0,0,0,1,42.5,25,45.349999999999994,48.0
18,5,81,1,3,1,1,1,0,1,0,1,0,0,1,0,1,0,0,71.5,19,72.85,11.600000000000001
20,3,79,2,5,2,2,2,0,1,1,0,0,0,1,0,1,0,0,47.5,21,51.25,32.4
19,6,84,3,5,2,2,2,0,1,0,1,1,0,0,1,0,0,0,71.0,16,67.69999999999999,25.4
18,2,76,2,5,2,2,2,0,1,0,0,0,0,1,0,1,0,0,38.0,24,44.599999999999994,36.6
23,4,83,2,5,1,1,1,0,1,1,0,1,0,0,0,0,0,0,57.5,17,58.25,27.799999999999997
25,5,85,1,8,1,0,0,1,1,1,1,1,0,0,0,1,0,0,63.5,15,55.24999999999999,35.0
17,3,82,1,4,1,2,2,0,1,0,0,0,0,0,0,0,1,0,54.0,18,58.199999999999996,22.2
22,2,70,2,5,2,2,2,0,1,1,0,0,0,0,0,0,0,0,35.0,30,42.5,39.0
19,4,89,0,3,4,3,3,0,1,0,1,0,0,0,0,1,0,0,70.5,11,72.14999999999999,7.399999999999999
19,4,87,2,3,3,3,3,0,1,0,0,0,0,1,1,0,0,0,63.5,13,67.25,16.2
19,5,80,1,4,4,3,3,0,1,0,0,0,0,1,0,1,0,0,69.0,20,68.69999999999999,17.0
19,3,67,1,8,0,0,0,1,1,0,0,0,0,1,1,0,0,0,38.5,33,37.75,48.2
21,2,84,2,2,2,2,2,0,1,1,0,0,1,0,0,0,0,1,48.0,16,58.8,18.4
19,3,77,1,6,2,2,2,0,1,1,1,0,0,1,0,0,1,0,47.5,23,48.85,34.2
21,4,62,1,5,2,2,2,1,1,0,1,1,0,0,0,1,0,0,50.0,38,53.0,32.2
20,5,81,0,4,2,2,2,0,1,1,1,0,1,0,0,0,0,0,72.5,19,71.15,12.600000000000001
20,2,93,3,6,1,0,0,0,1,1,1,0,1,0,1,0,0,0,41.5,7,44.65,38.8
19,3,83,0,6,0,0,0,0,0,0,1,1,0,0,0,0,0,0,53.5,17,53.05,27.799999999999997
19,4,81,3,5,1,1,1,0,1,1,1,0,1,0,0,1,0,0,53.5,19,55.449999999999996,32.6
22,6,77,2,5,2,2,2,0,1,1,1,0,0,0,1,0,0,0,70.5,23,67.35,24.200000000000003
22,3,82,3,5,3,3,3,0,1,0,1,0,0,1,0,0,0,1,46.0,18,50.199999999999996,35.2
18,2,82,4,4,1,1,1,0,1,1,0,0,0,1,0,1,0,0,37.0,18,46.3,37.2
21,4,86,2,5,1,1,1,0,1,0,1,1,0,0,0,1,0,0,59.0,14,59.3,26.6
22,1,77,2,4,0,0,0,1,1,0,0,0,0,1,0,0,0,1,32.5,23,43.15,34.2
17,3,75,1,5,2,2,2,0,1,0,0,1,0,0,0,0,0,0,48.5,25,51.949999999999996,30.0
22,4,78,4,4,1,1,1,0,1,1,0,1,0,0,0,0,1,0,51.0,22,56.099999999999994,32.8
19,4,81,1,4,3,3,3,0,0,0,0,0,1,0,0,0,0,0,61.5,19,63.449999999999996,19.6
22,4,81,1,4,2,2,2,0,1,1,0,0,1,0,0,0,1,0,61.5,19,63.449999999999996,19.6
19,1,81,0,7,2,2,2,1,1,0,0,0,0,0,0,0,0,0,34.5,19,37.349999999999994,39.6
17,2,74,2,3,2,1,1,0,1,0,1,0,0,1,0,0,0,1,41.0,26,51.5,27.4
17,5,81,2,8,2,2,2,1,1,0,0,0,0,0,0,0,1,0,58.5,19,51.74999999999999,40.6
21,3,87,1,6,2,2,2,0,1,1,0,0,1,0,0,0,0,0,52.5,13,52.35,30.200000000000003
21,3,92,3,2,2,3,3,0,1,1,0,0,0,1,0,0,0,1,57.0,8,65.1,16.2
19,2,89,2,4,4,4,4,0,1,0,0,0,0,0,0,1,0,0,46.5,11,52.949999999999996,26.4
22,4,81,0,2,0,0,0,0,1,0,0,0,0,1,0,1,0,0,68.5,19,73.14999999999999,5.600000000000001
17,3,80,2,6,0,0,0,0,1,0,1,0,0,0,0,0,0,0,46.0,20,47.8,37.0
20,5,91,1,7,1,1,1,0,0,0,0,0,0,0,0,1,0,0,68.5,9,61.14999999999999,27.6
18,2,81,1,5,1,1,1,0,1,1,0,0,1,0,0,1,0,0,43.5,19,48.45,30.6
19,5,88,3,7,2,1,1,0,1,1,0,0,1,0,0,1,0,0,61.0,12,55.89999999999999,36.8
21,6,81,2,5,2,3,3,0,1,0,0,1,0,0,0,0,1,0,72.5,19,68.75,22.6
19,4,62,2,7,1,1,1,1,1,0,0,0,1,0,0,0,0,1,43.0,38,43.3,46.2
20,2,87,1,6,1,1,1,0,1,1,0,0,1,0,0,0,0,0,44.5,13,46.75,33.2
23,5,89,2,5,2,2,2,0,1,0,0,0,0,1,0,1,0,0,68.5,11,65.94999999999999,22.4
19,3,79,2,6,1,1,1,0,1,1,0,0,1,0,0,0,1,0,45.5,21,47.449999999999996,37.4
22,3,72,3,5,0,0,0,0,1,1,0,1,0,0,1,0,0,0,41.0,28,46.7,39.2
18,4,94,1,8,2,1,1,1,1,0,0,1,0,0,0,0,0,0,60.0,6,52.8,34.4
22,3,80,2,4,3,3,3,0,1,1,1,0,0,0,0,0,0,1,50.0,20,55.4,27.0
24,3,79,1,6,1,0,0,0,1,1,0,0,0,1,0,0,0,0,48.5,21,49.55,33.4
17,4,85,2,4,3,3,3,0,1,0,1,0,0,0,0,0,0,0,60.5,15,62.74999999999999,22.0
19,4,100,1,2,3,3,3,0,1,0,0,0,1,0,1,0,0,0,75.0,0,77.7,2.0
22,1,85,1,6,1,1,1,1,1,1,1,0,1,0,1,0,0,0,35.5,15,40.449999999999996,37.0
20,5,83,3,2,4,4,4,0,1,1,0,0,0,1,0,0,1,0,68.5,17,73.14999999999999,13.8
21,5,82,2,9,1,1,1,1,1,0,1,1,0,0,1,0,0,0,57.0,18,48.3,45.2
19,4,95,4,4,3,3,3,0,1,1,1,0,0,0,0,0,1,0,59.5,5,62.05,26.0
21,4,86,1,5,2,2,2,0,1,1,0,0,1,0,0,1,0,0,62.0,14,61.4,22.6
20,3,88,3,4,0,0,0,0,1,1,1,1,0,0,1,0,0,0,51.0,12,56.099999999999994,27.799999999999997
23,2,84,3,5,3,3,3,0,1,1,1,1,0,0,1,0,0,0,39.0,16,45.3,37.4
21,4,86,3,6,3,3,3,0,1,0,1,1,0,0,0,0,0,1,54.0,14,53.4,35.6
21,6,79,1,4,3,3,3,0,1,0,0,0,0,0,1,0,0,0,76.5,21,73.94999999999999,14.399999999999999
20,4,83,1,1,3,4,4,0,1,0,0,1,0,0,1,0,0,0,68.5,17,75.55,3.8000000000000007
19,6,76,1,3,4,3,3,0,0,0,0,0,1,0,0,0,0,1,77.0,24,76.7,10.600000000000001
20,6,77,2,4,4,4,4,0,1,0,1,1,0,0,0,0,0,0,72.5,23,71.15,19.200000000000003
21,3,85,1,6,3,3,3,0,1,1,0,1,0,0,0,0,0,0,51.5,15,51.65,31.0
20,3,76,2,5,1,1,1,0,1,0,0,0,0,0,0,0,0,0,46.0,24,50.199999999999996,33.6
21,3,83,2,6,0,0,0,0,1,0,0,0,0,0,1,0,0,0,47.5,17,48.85,35.8
25,3,79,0,2,4,4,4,0,1,1,0,1,0,0,1,0,0,0,59.5,21,66.85,9.399999999999999
22,2,73,3,3,1,1,1,0,1,0,0,0,0,1,1,0,0,0,37.5,27,49.05,31.799999999999997
20,4,83,1,4,4,4,4,0,1,0,1,0,0,1,0,1,0,0,62.5,17,64.15,18.8
23,5,88,4,8,0,0,0,1,1,0,1,0,0,1,0,0,1,0,56.0,12,49.99999999999999,45.8
20,1,71,1,10,0,0,0,1,1,1,0,0,0,0,1,0,0,0,20.5,29,20.35,62.599999999999994
17,6,86,3,3,4,3,3,0,1,1,0,0,0,1,0,1,0,0,76.0,14,76.0,14.600000000000001
18,3,73,1,7,2,2,2,0,1,1,0,0,1,0,0,0,0,1,43.5,27,43.65,40.8
17,4,92,1,5,2,2,2,0,1,1,0,0,0,1,1,0,0,0,65.0,8,63.5,20.200000000000003
20,4,86,0,6,3,4,3,0,1,0,0,1,0,0,1,0,0,0,63.0,14,59.699999999999996,23.6
21,2,71,1,3,2,2,2,0,1,1,0,1,0,0,0,0,0,1,42.5,29,52.55,24.6
24,3,88,3,7,1,1,1,0,1,0,1,0,1,0,0,0,1,0,45.0,12,44.699999999999996,42.8
21,2,77,3,1,4,3,3,0,1,1,0,0,0,0,1,0,0,0,43.5,23,58.05,20.200000000000003
20,4,74,0,3,2,1,1,0,1,0,1,0,0,0,1,0,0,0,63.0,26,66.89999999999999,13.399999999999999
22,3,87,2,5,2,2,2,0,1,0,0,0,0,0,0,0,0,0,51.5,13,54.05,29.200000000000003
17,4,91,4,4,3,3,3,0,1,0,0,0,0,0,1,0,0,0,57.5,9,60.65,27.6
21,4,70,2,5,2,2,2,0,1,0,0,0,0,1,0,0,0,1,51.0,30,53.699999999999996,33.0
22,4,79,1,4,2,2,2,0,1,1,0,1,0,0,1,0,0,0,60.5,21,62.74999999999999,20.4
17,2,83,0,4,2,1,1,0,1,1,1,1,0,0,0,0,1,0,49.5,17,55.05,20.8
23,5,77,3,5,2,2,2,0,0,0,1,1,0,0,0,0,1,0,59.5,23,59.65,31.200000000000003
21,5,80,1,5,2,2,2,0,1,0,1,1,0,0,0,0,0,1,67.0,20,64.9,22.0
20,1,85,3,5,0,1,1,1,1,0,1,1,0,0,0,0,1,0,31.5,15,40.05,40.0
22,4,55,1,5,3,3,3,1,1,0,0,0,0,0,0,1,0,0,46.5,45,50.55,35.0
26,0,85,2,4,0,0,0,1,1,0,0,0,1,0,0,0,1,0,28.5,15,40.349999999999994,34.0
21,2,70,1,7,1,1,1,0,1,0,1,1,0,0,1,0,0,0,34.0,30,37.0,45.0
21,5,71,1,5,2,2,2,0,0,0,1,0,0,0,0,1,0,0,62.5,29,61.75,25.6
20,3,87,2,7,2,2,2,0,1,1,0,0,1,0,0,0,0,1,47.5,13,46.45,39.2
19,6,75,1,4,2,2,2,0,1,1,0,0,1,0,1,0,0,0,74.5,25,72.55,16.0
22,4,74,3,3,0,0,0,0,0,0,0,0,0,0,0,0,1,0,54.0,26,60.599999999999994,25.4
19,3,79,3,5,3,3,3,0,1,0,0,0,0,0,0,0,1,0,44.5,21,49.15,36.4
21,3,77,1,10,0,0,0,1,1,0,0,0,1,0,1,0,0,0,39.5,23,33.65,54.2
19,5,83,0,3,2,2,2,0,1,0,0,0,0,0,0,1,0,0,75.5,17,75.64999999999999,6.800000000000001
22,3,83,2,6,0,0,0,0,1,1,0,0,1,0,0,0,0,0,47.5,17,48.85,35.8
21,1,74,1,5,1,1,1,1,1,0,1,0,0,1,0,0,1,0,32.0,26,40.4,36.4
23,2,68,1,6,0,0,0,1,1,1,0,1,0,0,0,0,0,1,35.0,32,40.1,40.8
19,4,80,0,3,0,1,1,0,1,0,1,1,0,0,0,0,0,1,66.0,20,69.0,11.0
20,2,90,1,6,3,3,3,0,0,0,0,0,0,0,0,0,1,0,46.0,10,47.8,32.0
18,7,81,2,6,2,2,2,0,1,0,1,0,1,0,0,0,0,1,78.5,19,70.55,24.6
20,3,79,4,2,3,3,3,0,1,1,0,0,1,0,0,0,1,0,47.5,21,58.45,25.4
21,3,95,4,5,0,0,0,0,1,0,0,0,0,0,0,0,1,0,49.5,5,52.65,34.0
22,2,88,3,5,1,1,1,0,1,1,1,1,0,0,0,0,1,0,41.0,12,46.7,35.8
19,5,68,2,4,2,1,1,1,1,1,1,1,0,0,0,0,1,0,60.0,32,62.4,25.799999999999997
22,3,79,2,5,0,0,0,0,1,0,0,0,0,1,0,0,0,1,47.5,21,51.25,32.4
24,5,83,2,7,3,2,2,0,1,0,0,1,0,0,1,0,0,0,61.5,17,56.25,34.8
21,5,73,0,6,3,3,3,0,1,1,0,0,0,1,0,0,1,0,64.5,27,60.75,25.799999999999997
25,4,79,1,3,3,2,2,0,1,0,0,0,0,1,0,0,0,0,62.5,21,66.55,15.399999999999999
19,4,82,0,6,1,1,1,0,1,0,1,0,0,0,0,1,0,0,61.0,18,58.3,25.200000000000003
18,2,80,4,5,1,1,1,0,1,0,0,1,0,0,0,0,1,0,34.0,20,41.8,43.0
17,2,72,1,4,0,0,0,0,1,0,0,0,0,0,0,0,1,0,41.0,28,49.099999999999994,29.200000000000003
24,2,93,3,3,1,1,1,0,1,0,0,0,0,0,0,0,1,0,47.5,7,56.05,23.8
22,4,84,0,7,3,3,3,0,1,0,0,0,0,0,1,0,0,0,60.0,16,55.2,29.4
20,7,75,1,4,2,2,2,0,0,0,0,0,1,0,1,0,0,0,82.5,25,78.14999999999999,13.0
21,3,89,0,7,0,0,0,0,1,0,0,0,0,1,0,0,1,0,54.5,11,51.349999999999994,30.4
18,5,81,1,3,2,2,2,0,1,0,0,0,1,0,0,1,0,0,71.5,19,72.85,11.600000000000001
26,4,89,2,9,0,1,1,1,1,0,1,0,0,0,0,1,0,0,52.5,11,45.15,45.4
21,4,81,1,10,1,1,1,1,1,1,0,1,0,0,0,0,1,0,49.5,19,40.65,49.6
21,3,70,3,6,1,1,1,0,1,1,1,0,0,1,0,0,1,0,38.0,30,42.199999999999996,45.0
22,3,73,4,7,0,0,0,0,1,0,1,0,0,1,0,1,0,0,34.5,27,37.349999999999994,52.8
22,3,91,0,4,3,3,3,0,1,0,1,1,0,0,0,0,0,1,61.5,9,63.449999999999996,14.600000000000001
21,4,90,1,4,3,3,3,0,1,0,0,0,0,1,0,0,0,0,66.0,10,66.6,16.0
19,5,71,0,7,3,2,3,0,1,0,0,0,0,1,0,0,0,0,61.5,29,56.25,31.6
22,4,93,1,5,1,2,2,0,1,1,1,1,0,0,0,0,1,0,65.5,7,63.849999999999994,19.8
25,3,90,2,3,4,4,4,0,1,0,0,0,0,0,0,0,0,1,57.0,10,62.7,18.0
24,4,76,1,5,1,1,1,0,1,0,1,0,1,0,1,0,0,0,57.0,24,57.9,26.6
24,4,81,2,5,2,2,2,0,1,0,1,0,1,0,1,0,0,0,56.5,19,57.55,28.6
19,5,64,1,5,2,1,1,1,1,1,0,0,0,1,0,0,0,1,59.0,36,59.3,28.4
18,5,76,3,7,2,2,2,0,1,0,1,0,1,0,0,0,1,0,55.0,24,51.7,41.6
20,2,80,2,8,2,1,2,1,1,0,1,0,0,1,1,0,0,0,34.0,20,34.599999999999994,50.0
21,3,84,5,6,2,1,1,1,1,0,1,1,0,0,0,0,0,1,39.0,16,42.9,47.4
23,6,81,1,7,0,0,0,0,1,0,1,0,0,0,0,0,1,0,71.5,19,63.25,28.6
17,5,83,2,4,1,0,0,0,1,1,0,0,0,1,0,0,0,0,67.5,17,67.65,19.799999999999997
24,2,74,3,8,1,2,2,1,0,0,1,0,0,0,0,0,0,1,28.0,26,30.4,56.4
20,2,84,2,4,2,2,2,0,1,0,0,0,0,1,1,0,0,0,44.0,16,51.199999999999996,28.4
20,4,95,3,4,2,2,2,0,1,0,0,1,0,0,0,0,0,0,62.5,5,64.15,22.0
18,5,85,0,4,2,2,2,0,1,0,0,0,0,0,0,0,0,1,74.5,15,72.55,11.0
17,2,82,4,4,2,3,3,0,1,0,0,0,1,0,1,0,0,0,37.0,18,46.3,37.2
22,4,76,1,6,2,2,2,0,1,1,1,0,0,0,0,0,0,1,55.0,24,54.1,31.6
21,5,79,1,7,0,0,0,0,1,1,0,0,0,1,0,0,0,1,62.5,21,56.95,32.4
18,3,71,1,5,0,0,0,0,1,0,0,0,0,1,0,0,0,1,46.5,29,50.55,31.6
18,3,70,0,6,0,1,1,0,0,0,1,1,0,0,0,0,0,1,47.0,30,48.5,33.0
20,5,81,2,3,2,2,2,0,1,1,0,1,0,0,0,1,0,0,68.5,19,70.75,15.600000000000001
24,3,86,1,5,2,2,2,0,1,0,0,1,0,0,0,1,0,0,54.0,14,55.8,25.6
20,5,75,4,8,2,1,1,1,1,1,1,0,0,1,1,0,0,0,49.5,25,45.449999999999996,51.0
17,3,91,0,8,2,2,1,1,1,1,1,0,1,0,1,0,0,0,53.5,9,48.24999999999999,34.6
20,2,77,2,3,1,1,1,0,1,1,1,0,0,0,0,0,1,0,42.5,23,52.55,26.200000000000003
20,4,81,0,4,2,2,2,0,1,1,0,1,0,0,0,0,0,0,64.5,19,65.55,15.600000000000001
17,3,89,3,10,2,2,2,1,1,0,0,0,0,0,0,0,0,0,39.5,11,33.65,57.400000000000006
20,2,79,1,6,1,1,1,0,1,0,0,0,0,1,0,1,0,0,40.5,21,43.949999999999996,36.4
20,6,87,1,8,2,2,2,1,0,0,1,0,0,0,0,0,0,0,72.5,13,61.55,31.200000000000003
22,4,86,0,8,1,1,1,1,1,0,0,0,1,0,0,0,0,1,59.0,14,52.099999999999994,33.6
25,3,76,4,3,2,2,2,0,0,1,0,1,0,0,0,1,0,0,44.0,24,53.599999999999994,31.6
23,3,76,2,6,0,0,0,0,1,0,0,0,0,0,0,0,0,1,44.0,24,46.4,38.6
20,5,91,1,5,2,2,2,0,1,0,1,1,0,0,0,0,0,0,72.5,9,68.75,17.6
18,6,92,1,8,2,2,2,1,1,0,1,0,0,0,0,0,0,1,75.0,8,63.3,29.200000000000003
26,3,87,1,9,0,0,0,1,1,1,1,0,0,1,0,1,0,0,46.5,13,40.949999999999996,45.2
21,4,75,0,4,2,3,3,0,1,0,1,0,0,0,0,1,0,0,61.5,25,63.449999999999996,18.0
21,3,88,0,10,1,1,1,1,1,0,0,0,0,1,0,0,1,0,48.0,12,39.599999999999994,45.8
20,5,79,1,5,1,2,2,0,1,1,1,0,1,0,0,0,0,1,66.5,21,64.55,22.4
21,3,71,4,6,2,2,2,0,1,1,0,0,0,0,0,0,1,0,35.5,29,40.449999999999996,48.6
20,1,76,2,1,1,2,2,1,1,1,0,0,1,0,0,0,0,1,38.0,24,54.199999999999996,19.6
19,2,80,0,7,1,1,1,0,1,1,0,0,1,0,0,0,0,1,42.0,20,42.599999999999994,37.0
19,5,90,2,1,3,4,4,0,0,0,0,0,1,0,1,0,0,0,77.0,10,81.5,2.0
20,3,75,7,5,1,1,1,1,1,0,1,0,0,0,0,0,0,0,30.5,25,39.349999999999994,54.0
19,5,74,2,4,2,3,3,0,1,0,1,0,1,0,0,0,0,0,63.0,26,64.5,23.4
19,4,78,2,6,3,2,2,0,1,0,0,0,0,1,0,0,0,0,53.0,22,52.699999999999996,34.8
21,3,81,2,5,0,0,0,0,1,0,0,0,1,0,0,1,0,0,48.5,19,51.949999999999996,31.6
20,3,87,2,6,0,0,0,0,0,1,1,0,1,0,0,0,0,1,49.5,13,50.25,34.2
24,3,86,1,7,1,1,1,0,0,0,1,0,0,0,1,0,0,0,50.0,14,48.2,35.6
17,4,64,1,5,3,3,3,1,0,0,1,0,1,0,0,0,0,0,51.0,36,53.699999999999996,31.4
23,1,79,1,5,0,0,0,1,1,0,1,0,1,0,0,0,0,1,34.5,21,42.15,34.4
23,3,83,2,4,2,3,3,0,0,1,1,0,0,0,1,0,0,0,51.5,17,56.449999999999996,25.799999999999997
17,3,75,3,3,2,2,2,0,1,0,1,0,0,1,1,0,0,0,46.5,25,55.349999999999994,28.0
20,4,75,2,9,2,2,2,1,0,1,0,0,0,1,1,0,0,0,45.5,25,40.25,51.0
20,4,87,3,5,3,3,3,0,1,0,0,0,0,0,0,0,0,1,56.5,13,57.55,30.200000000000003
17,4,87,3,4,3,4,4,0,1,0,1,0,1,0,0,0,1,0,58.5,13,61.349999999999994,25.200000000000003
19,3,80,4,9,0,0,0,1,1,1,0,0,0,0,0,0,0,0,34.0,20,32.199999999999996,60.0
18,3,85,4,5,1,1,1,0,1,0,1,0,0,0,0,1,0,0,44.5,15,49.15,38.0
24,3,85,3,5,0,0,0,0,1,0,1,1,0,0,0,1,0,0,47.5,15,51.25,34.0
23,5,73,1,6,0,0,0,0,1,1,0,0,1,0,0,0,1,0,61.5,27,58.65,29.799999999999997
23,3,73,3,3,3,3,3,0,1,0,0,0,0,1,0,0,1,0,45.5,27,54.65,28.799999999999997
22,3,78,0,3,2,1,1,0,1,1,1,0,1,0,0,0,1,0,57.0,22,62.7,14.8
18,2,76,2,4,0,1,1,0,1,1,0,0,0,0,1,0,0,0,40.0,24,48.4,31.6
19,4,77,1,7,1,1,1,0,1,1,0,1,0,0,0,0,0,0,53.5,23,50.64999999999999,36.2
22,3,81,1,6,3,4,4,0,1,1,0,0,0,1,0,0,0,1,49.5,19,50.25,32.6
18,2,81,0,4,1,2,2,0,0,0,1,0,0,0,0,1,0,0,48.5,19,54.349999999999994,21.6
22,2,61,3,5,1,1,1,1,1,0,1,0,0,0,0,0,0,1,27.5,39,37.25,46.6
20,4,82,3,6,2,1,1,0,0,0,0,1,0,0,1,0,0,0,52.0,18,52.0,37.2
20,4,80,1,1,3,3,3,0,1,1,1,0,0,0,0,0,0,1,67.0,20,74.5,5.0
22,3,83,4,6,2,2,2,0,1,1,0,1,0,0,0,0,1,0,41.5,17,44.65,43.8
22,4,76,2,6,3,3,3,0,1,0,0,0,1,0,0,0,0,1,52.0,24,52.0,35.6
20,5,76,4,3,3,3,3,0,1,0,0,0,1,0,0,0,0,1,60.0,24,64.8,25.6
23,4,78,2,6,1,2,2,0,0,1,1,0,1,0,1,0,0,0,53.0,22,52.699999999999996,34.8
18,4,90,4,5,2,2,2,0,1,1,0,0,0,0,1,0,0,0,55.0,10,56.5,33.0
22,6,78,2,8,0,0,0,1,0,1,1,0,1,0,0,0,0,1,65.0,22,56.3,38.8
22,5,90,1,4,3,3,3,0,1,1,0,0,0,0,0,0,0,0,74.0,10,72.19999999999999,13.0
20,4,89,3,6,2,2,2,0,1,1,0,0,0,1,0,0,0,1,55.5,11,54.449999999999996,34.4
21,5,79,2,2,3,3,3,0,1,0,1,0,0,1,0,0,0,0,69.5,21,73.85,11.399999999999999
18,4,77,0,5,3,3,3,0,1,1,0,1,0,0,0,0,0,1,60.5,23,60.349999999999994,22.200000000000003
23,3,78,2,7,0,0,0,0,0,1,0,0,1,0,0,0,0,1,43.0,22,43.3,42.8
20,6,80,1,4,3,3,3,0,1,0,0,0,0,0,0,0,0,1,77.0,20,74.3,14.0
19,6,77,1,7,3,3,3,0,1,0,1,0,1,0,0,1,0,0,69.5,23,61.849999999999994,30.200000000000003
23,5,87,1,7,2,1,1,0,1,0,0,0,0,0,0,0,0,1,66.5,13,59.75,29.200000000000003
19,4,76,0,5,3,3,3,0,1,1,0,0,1,0,0,0,0,0,60.0,24,60.0,22.6
17,5,88,2,5,2,2,2,0,1,0,0,0,0,1,0,0,0,1,68.0,12,65.6,22.799999999999997
17,3,74,0,1,3,2,2,0,1,0,0,1,0,0,0,1,0,0,59.0,26,68.89999999999999,6.4
22,5,68,0,4,1,1,1,1,1,1,0,1,0,0,1,0,0,0,66.0,32,66.6,17.799999999999997
18,2,67,2,7,0,0,0,1,0,1,1,1,0,0,0,0,0,1,29.5,33,33.849999999999994,50.2
24,3,77,1,5,2,2,2,0,1,1,0,0,0,1,0,0,1,0,49.5,23,52.65,29.200000000000003
17,0,75,0,6,1,1,1,1,1,0,1,0,0,0,0,1,0,0,25.5,25,33.449999999999996,40.0
24,4,75,0,4,3,2,2,0,1,0,0,1,0,0,0,1,0,0,61.5,25,63.449999999999996,18.0
21,5,89,0,2,4,3,3,0,1,1,0,0,0,0,0,0,1,0,80.5,11,81.55,0.0
20,6,76,1,6,2,2,2,0,1,1,0,1,0,0,0,0,0,0,71.0,24,65.3,25.6
19,3,66,4,3,2,2,2,1,1,0,0,1,0,0,0,0,0,0,39.0,34,50.099999999999994,35.6
21,4,86,1,5,3,3,3,0,1,0,0,0,0,0,0,1,0,0,62.0,14,61.4,22.6
20,3,92,1,6,1,1,1,0,1,1,0,0,0,1,0,0,1,0,55.0,8,54.1,28.200000000000003
23,6,85,2,4,3,3,3,0,1,0,0,1,0,0,0,0,1,0,76.5,15,73.94999999999999,16.0
21,4,76,1,8,1,1,1,1,1,1,1,0,0,0,1,0,0,0,51.0,24,46.49999999999999,41.6
21,6,83,3,9,0,0,0,1,1,0,0,0,0,1,1,0,0,0,62.5,17,52.15,45.8
20,5,75,2,4,3,4,4,0,1,0,1,0,0,0,0,0,0,0,63.5,25,64.85,23.0
20,4,74,1,4,4,3,3,0,1,0,0,0,0,1,1,0,0,0,58.0,26,60.99999999999999,22.4
21,3,80,1,4,4,4,4,0,1,0,1,1,0,0,0,1,0,0,53.0,20,57.49999999999999,23.0
17,2,81,0,7,1,1,1,0,1,1,1,0,1,0,0,1,0,0,42.5,19,42.949999999999996,36.6
18,4,80,3,6,3,3,3,0,0,0,0,0,0,1,0,0,0,1,51.0,20,51.3,38.0
22,4,95,4,6,4,3,3,0,1,0,1,1,0,0,0,1,0,0,55.5,5,54.449999999999996,36.0
21,2,82,2,7,0,0,0,0,1,0,0,1,0,0,1,0,0,0,37.0,18,39.099999999999994,44.2
20,5,89,0,3,3,3,3,0,1,1,1,0,0,0,0,0,1,0,78.5,11,77.75,4.399999999999999
21,4,99,1,6,2,2,2,0,1,0,1,0,0,0,1,0,0,0,66.5,1,62.15,22.4
21,4,78,0,5,3,3,3,0,1,1,0,0,1,0,0,1,0,0,61.0,22,60.699999999999996,21.799999999999997
19,6,83,3,6,3,3,3,0,1,1,0,0,0,0,0,0,0,0,68.5,17,63.55,30.799999999999997
19,2,88,2,7,0,0,0,0,1,1,0,0,0,0,0,0,0,1,40.0,12,41.2,41.8
21,1,83,6,5,2,2,2,1,1,1,1,0,0,1,0,0,0,1,21.5,17,33.05,52.8
18,3,79,0,4,3,3,3,0,1,0,0,1,0,0,0,1,0,0,55.5,21,59.24999999999999,19.4
21,6,100,2,3,3,3,3,0,1,1,0,0,0,0,1,0,0,0,86.0,0,83.0,5.0
17,4,91,2,5,0,0,0,0,1,1,0,0,0,1,0,0,0,0,61.5,9,61.05,24.6
23,3,65,4,5,3,3,3,1,1,0,0,0,0,0,1,0,0,0,34.5,35,42.15,46.0
22,4,92,3,5,1,1,1,0,1,0,0,1,0,0,0,0,1,0,59.0,8,59.3,28.200000000000003
21,3,94,1,8,1,1,1,1,1,0,0,1,0,0,1,0,0,0,52.0,6,47.199999999999996,37.4
23,3,91,3,2,1,0,0,0,1,1,0,1,0,0,0,0,0,0,56.5,9,64.75,16.6
24,3,88,3,2,4,4,4,0,1,1,0,0,0,1,0,0,1,0,55.0,12,63.7,17.8
23,5,94,1,4,2,2,2,0,0,0,0,0,0,1,0,1,0,0,76.0,6,73.6,11.399999999999999
17,7,89,1,4,4,3,3,0,1,1,1,0,1,0,0,0,1,0,89.5,11,83.05,7.399999999999999
18,2,86,3,6,2,2,2,0,1,1,1,0,0,0,0,1,0,0,38.0,14,42.199999999999996,41.6
19,3,83,1,2,4,3,3,0,1,0,1,1,0,0,0,1,0,0,58.5,17,66.14999999999999,11.8
21,3,73,2,6,1,1,1,0,1,0,0,0,1,0,0,0,1,0,42.5,27,45.349999999999994,39.8
22,6,71,3,7,1,0,0,0,1,0,0,1,0,0,1,0,0,0,60.5,29,55.55,40.6
19,4,88,1,3,2,1,1,0,1,0,0,0,0,0,0,0,0,1,67.0,12,69.7,11.8
21,3,88,1,4,2,2,2,0,1,0,0,0,0,1,0,0,0,0,57.0,12,60.3,19.8
19,3,81,0,4,1,2,2,0,1,1,0,0,0,1,0,0,0,1,56.5,19,59.949999999999996,18.6
19,6,75,2,6,1,1,1,0,1,1,1,0,0,1,0,0,0,0,67.5,25,62.85,30.0
17,4,73,1,3,3,4,4,0,1,1,1,0,0,1,0,1,0,0,59.5,27,64.45,17.8
19,3,79,0,3,1,2,2,0,1,0,1,0,1,0,0,0,0,0,57.5,21,63.05,14.399999999999999
18,1,87,3,5,2,2,2,1,1,0,1,0,1,0,0,0,0,0,32.5,13,40.75,39.2
18,5,99,4,6,4,3,3,0,1,0,1,0,1,0,1,0,0,0,65.5,1,61.449999999999996,31.4
23,3,81,4,5,2,1,2,0,1,1,0,0,1,0,0,0,1,0,42.5,19,47.75,39.6
18,4,84,4,4,3,3,3,0,1,1,1,0,0,1,0,0,0,1,54.0,16,58.199999999999996,30.4
26,4,91,5,6,3,3,3,1,1,0,1,0,0,0,0,0,0,0,50.5,9,50.949999999999996,41.6
22,5,81,3,5,1,1,1,0,1,0,0,0,0,1,0,0,0,0,61.5,19,61.05,29.6
21,1,84,0,3,1,1,1,1,1,1,0,0,0,0,0,1,0,0,44.0,16,53.599999999999994,18.4
19,2,88,1,1,4,4,3,0,1,0,0,0,0,1,0,0,1,0,55.0,12,66.1,7.800000000000001
22,6,90,5,6,0,1,1,1,1,1,1,1,0,0,1,0,0,0,66.0,10,61.8,36.0
19,2,82,0,5,2,2,2,0,1,1,0,0,0,1,0,0,0,0,47.0,18,50.9,26.200000000000003
21,3,78,1,3,2,2,2,0,1,1,0,1,0,0,1,0,0,0,54.0,22,60.599999999999994,18.8
26,5,83,1,8,3,3,3,1,1,0,1,1,0,0,0,0,0,1,62.5,17,54.55,35.8
20,4,68,3,8,0,0,0,1,1,0,0,0,0,1,0,1,0,0,41.0,32,39.5,52.8
23,4,69,3,5,2,1,1,1,1,0,1,0,0,1,0,1,0,0,47.5,31,51.25,37.4
19,4,73,3,5,3,3,3,0,1,1,0,1,0,0,0,0,1,0,49.5,27,52.65,35.8
20,3,95,1,1,3,3,3,0,0,0,0,1,0,0,1,0,0,0,66.5,5,74.14999999999999,2.0
24,3,89,2,7,2,2,2,0,1,1,1,0,1,0,0,0,0,1,48.5,11,47.14999999999999,38.4
19,4,61,4,3,2,2,2,1,1,1,0,1,0,0,0,1,0,0,44.5,39,53.95,34.6
25,4,93,0,4,3,3,3,0,1,1,0,0,0,0,0,0,0,0,70.5,7,69.75,10.8
22,5,93,4,7,2,3,3,0,1,0,0,0,1,0,1,0,0,0,60.5,7,55.55,38.8
19,3,74,3,9,2,2,2,1,1,0,0,0,0,1,1,0,0,0,34.0,26,32.199999999999996,58.400000000000006
22,4,78,1,8,2,2,2,1,0,1,1,0,0,1,0,0,0,0,52.0,22,47.199999999999996,40.8
23,3,93,0,5,3,3,3,0,1,1,1,0,0,0,1,0,0,0,60.5,7,60.349999999999994,18.8
22,3,82,3,6,2,2,2,0,1,0,1,0,0,1,0,0,0,1,44.0,18,46.4,40.2
17,2,77,1,3,2,2,2,0,1,1,0,1,0,0,0,0,1,0,45.5,23,54.65,22.200000000000003
19,3,76,1,2,2,1,1,0,1,0,0,0,0,0,0,0,0,1,55.0,24,63.7,14.600000000000001
20,3,100,0,7,0,0,0,0,1,0,1,0,0,1,0,1,0,0,60.0,0,55.2,26.0
20,5,88,2,6,3,3,3,0,1,0,1,0,0,1,0,0,0,0,66.0,12,61.8,27.799999999999997
22,4,79,0,2,2,1,1,0,1,0,0,0,0,0,0,0,1,0,67.5,21,72.45,6.399999999999999
21,4,93,1,5,1,2,2,0,1,0,0,0,1,0,0,1,0,0,65.5,7,63.849999999999994,19.8
18,3,81,0,6,3,3,3,0,0,1,1,0,0,1,0,1,0,0,52.5,19,52.35,28.6
21,2,91,3,7,2,3,3,0,0,1,0,0,1,0,0,0,1,0,38.5,9,40.15,44.6
22,4,86,1,6,3,3,3,0,0,1,1,0,1,0,0,1,0,0,60.0,14,57.6,27.6
22,5,79,2,4,1,1,1,0,1,0,1,0,0,0,0,1,0,0,65.5,21,66.25,21.4
23,2,86,3,4,0,0,1,0,0,0,0,0,1,0,1,0,0,0,42.0,14,49.8,31.6
22,4,86,5,5,3,3,3,1,1,1,0,1,0,0,0,0,0,1,50.0,14,53.0,38.6
22,3,88,3,6,1,1,1,0,1,0,0,0,1,0,0,0,0,0,47.0,12,48.5,37.8
20,3,95,1,7,1,1,1,0,1,1,0,0,0,0,1,0,0,0,54.5,5,51.349999999999994,32.0
17,3,99,2,8,2,2,2,1,1,0,0,1,0,0,0,0,1,0,51.5,1,46.849999999999994,39.4
21,4,85,0,5,3,3,3,0,1,1,1,1,0,0,0,0,1,0,64.5,15,63.15,19.0
21,3,66,3,3,0,0,0,1,1,0,0,1,0,0,0,0,1,0,42.0,34,52.2,31.6
21,3,89,4,7,0,0,0,0,0,1,0,0,1,0,0,0,0,0,42.5,11,42.949999999999996,46.4
18,1,79,3,5,2,2,2,1,1,0,0,1,0,0,0,0,0,1,28.5,21,37.95,42.4
18,4,68,3,5,4,3,3,1,1,1,0,1,0,0,0,0,1,0,47.0,32,50.9,37.8
23,4,87,2,5,2,2,2,0,1,1,1,0,0,1,0,1,0,0,59.5,13,59.65,26.200000000000003
20,4,85,1,8,2,2,2,1,1,0,1,0,0,1,0,1,0,0,55.5,15,49.64999999999999,38.0
22,3,75,0,6,1,1,1,0,1,0,1,0,1,0,0,0,1,0,49.5,25,50.25,31.0
21,5,72,2,8,1,1,1,1,1,0,0,0,1,0,0,1,0,0,54.0,28,48.599999999999994,44.2
21,4,78,2,5,1,0,0,0,1,0,0,0,0,1,0,0,1,0,55.0,22,56.5,29.799999999999997
23,5,86,2,4,2,2,2,0,1,0,0,0,0,0,0,1,0,0,69.0,14,68.69999999999999,18.6
19,4,75,2,7,2,2,2,0,0,0,0,1,0,0,0,1,0,0,49.5,25,47.849999999999994,41.0
21,4,87,5,4,3,3,3,1,1,0,0,0,0,0,0,1,0,0,52.5,13,57.15,33.2
20,2,78,0,7,1,1,1,0,1,0,0,0,0,0,1,0,0,0,41.0,22,41.9,37.8
20,1,86,5,5,1,1,1,1,0,0,0,1,0,0,1,0,0,0,26.0,14,36.2,47.6
20,5,84,2,7,2,2,2,0,0,0,0,0,0,0,0,0,0,1,62.0,16,56.599999999999994,34.4
21,4,61,1,6,2,1,1,1,0,0,0,0,1,0,1,0,0,0,47.5,39,48.85,37.6
19,8,82,0,3,2,3,3,0,1,0,0,0,1,0,0,0,1,0,99.0,18,92.1,0.0
23,3,80,4,1,3,3,4,0,1,1,1,0,1,0,0,0,0,1,50.0,20,62.599999999999994,20.0
19,4,76,3,6,1,2,2,0,1,0,0,0,0,1,0,0,0,1,49.0,24,49.9,39.6
20,5,71,0,6,1,1,1,0,1,1,0,0,0,1,0,1,0,0,63.5,29,60.05,26.6
20,3,80,0,3,1,1,1,0,1,1,0,0,1,0,0,0,0,0,58.0,20,63.39999999999999,14.0
24,3,79,2,6,1,1,1,0,1,0,0,0,0,1,0,0,0,0,45.5,21,47.449999999999996,37.4
21,3,87,2,8,3,3,3,1,1,0,0,0,0,0,0,0,0,0,45.5,13,42.65,44.2
23,3,80,2,4,3,3,3,0,0,0,0,0,0,0,0,1,0,0,50.0,20,55.4,27.0
17,4,82,2,2,3,3,3,0,0,0,0,0,0,1,1,0,0,0,63.0,18,69.3,13.2
21,4,84,3,7,1,1,1,0,1,1,0,0,0,1,0,0,1,0,51.0,16,48.89999999999999,41.4
23,1,78,2,7,0,1,1,1,1,1,0,1,0,0,0,0,0,0,27.0,22,32.099999999999994,48.8
21,4,74,3,4,1,2,2,0,1,1,0,0,0,1,1,0,0,0,52.0,26,56.8,30.4
23,4,99,0,6,4,4,4,0,1,1,0,0,0,0,0,0,1,0,69.5,1,64.25,18.4
19,3,81,1,6,0,0,0,0,1,0,0,1,0,0,0,0,0,1,49.5,19,50.25,32.6
24,6,80,1,5,2,1,1,0,1,0,0,0,1,0,1,0,0,0,75.0,20,70.5,19.0
26,4,93,2,6,2,2,2,0,1,1,1,1,0,0,0,1,0,0,60.5,7,57.949999999999996,28.799999999999997
20,4,97,1,4,2,3,3,0,1,1,0,0,0,0,1,0,0,0,69.5,3,69.05,13.2
20,5,93,4,3,4,3,3,0,1,0,1,0,1,0,1,0,0,0,68.5,7,70.75,18.799999999999997
24,6,78,2,6,4,4,4,0,1,0,0,0,0,0,0,1,0,0,69.0,22,63.9,28.799999999999997
24,3,84,3,6,2,1,1,0,1,1,0,0,0,0,0,1,0,0,45.0,16,47.099999999999994,39.4
19,5,86,3,1,4,4,3,0,1,1,1,0,1,0,0,0,0,0,72.0,14,78.0,7.600000000000001
20,6,99,1,3,4,3,4,0,0,0,0,0,0,1,0,1,0,0,88.5,1,84.75,1.3999999999999986
20,3,85,2,4,2,2,2,0,1,1,0,1,0,0,0,0,0,0,52.5,15,57.15,25.0
18,2,85,2,6,1,1,1,0,0,0,0,0,1,0,0,0,0,0,40.5,15,43.949999999999996,38.0
19,4,73,0,2,4,3,3,0,1,0,0,1,0,0,0,1,0,0,64.5,27,70.35,8.8
18,5,72,2,4,3,3,3,0,1,0,0,0,0,1,0,0,0,1,62.0,28,63.8,24.200000000000003
19,3,92,1,9,2,3,3,1,1,0,0,0,1,0,0,1,0,0,49.0,8,42.699999999999996,43.2
20,5,84,2,5,3,4,3,0,1,1,0,0,1,0,1,0,0,0,66.0,16,64.19999999999999,24.4
21,2,85,3,5,0,0,0,0,1,1,0,0,0,0,0,1,0,0,39.5,15,45.65,37.0
24,3,90,1,5,1,1,1,0,1,0,0,0,1,0,1,0,0,0,56.0,10,57.199999999999996,24.0
18,3,88,0,7,2,3,3,0,1,1,0,0,0,1,0,1,0,0,54.0,12,51.0,30.799999999999997
23,3,87,1,5,2,2,2,0,1,1,1,0,1,0,0,0,0,1,54.5,13,56.15,25.200000000000003
20,2,87,1,5,1,0,0,0,1,1,0,0,0,0,0,0,0,0,46.5,13,50.55,28.200000000000003
20,3,83,1,5,2,2,2,0,0,0,0,0,0,1,0,1,0,0,52.5,17,54.75,26.799999999999997
22,1,83,1,7,1,1,1,1,1,0,0,1,0,0,1,0,0,0,32.5,17,35.95,42.8
18,4,89,2,6,2,2,2,0,1,1,1,1,0,0,0,0,0,0,58.5,11,56.55,30.4
21,4,74,1,5,1,1,1,0,1,0,0,0,1,0,0,1,0,0,56.0,26,57.199999999999996,27.4
21,5,73,3,7,0,0,0,0,0,0,0,0,0,1,1,0,0,0,53.5,27,50.64999999999999,42.8
22,3,82,0,4,4,3,3,0,1,0,0,0,0,0,0,0,0,0,57.0,18,60.3,18.2
21,1,83,1,1,4,3,3,1,1,0,0,0,1,0,1,0,0,0,44.5,17,58.75,12.8
26,4,87,4,6,2,1,1,0,0,0,0,0,1,0,0,1,0,0,51.5,13,51.65,39.2
19,3,80,1,6,1,1,1,0,1,0,0,0,0,0,0,1,0,0,49.0,20,49.9,33.0
19,5,75,0,4,4,3,3,0,1,0,0,0,0,0,1,0,0,0,69.5,25,69.05,15.0
19,3,86,1,5,2,3,3,0,1,0,0,0,0,1,0,0,0,1,54.0,14,55.8,25.6
19,6,92,4,7,2,2,2,0,1,1,0,0,0,1,0,0,0,0,68.0,8,60.8,36.2
19,2,84,1,6,0,0,0,0,1,0,0,0,0,1,0,0,0,1,43.0,16,45.699999999999996,34.4
23,4,70,2,8,3,3,3,1,0,1,0,0,1,0,1,0,0,0,45.0,30,42.3,48.0
24,4,84,1,6,1,1,1,0,0,0,0,1,0,0,0,1,0,0,59.0,16,56.9,28.4
19,3,66,1,5,1,1,1,1,1,1,0,0,0,0,0,0,0,1,44.0,34,48.8,33.6
19,4,81,3,5,0,0,0,0,1,1,0,0,1,0,1,0,0,0,53.5,19,55.449999999999996,32.6
22,3,65,1,6,1,1,1,1,1,1,0,0,0,1,0,1,0,0,41.5,35,44.65,39.0
19,1,78,3,6,0,1,1,1,1,0,0,0,0,0,1,0,0,0,26.0,22,33.8,47.8
22,3,86,1,5,0,0,0,0,1,1,0,0,0,0,0,0,0,1,54.0,14,55.8,25.6
21,3,79,3,4,2,2,2,0,1,0,0,0,1,0,0,0,0,0,46.5,21,52.949999999999996,31.4
17,5,91,1,4,3,3,3,0,1,1,0,0,1,0,0,1,0,0,74.5,9,72.55,12.600000000000001
24,4,83,0,6,2,2,2,0,1,0,0,1,0,0,1,0,0,0,61.5,17,58.65,24.799999999999997
25,3,73,2,6,2,2,2,0,1,1,1,0,0,0,0,0,1,0,42.5,27,45.349999999999994,39.8
19,3,89,2,1,3,2,3,0,0,1,0,0,1,0,0,0,0,1,60.5,11,69.94999999999999,8.399999999999999
20,3,87,0,4,2,2,2,0,1,0,0,1,0,0,1,0,0,0,59.5,13,62.05,16.2
21,5,92,3,2,2,2,2,0,1,1,0,0,0,1,0,0,0,1,73.0,8,76.3,10.2
21,2,87,1,4,1,1,1,0,1,1,1,0,0,1,0,1,0,0,48.5,13,54.349999999999994,23.2
22,2,85,3,4,2,2,2,0,1,0,0,1,0,0,0,1,0,0,41.5,15,49.449999999999996,32.0
25,2,74,5,5,2,1,1,1,1,0,0,0,0,0,1,0,0,0,28.0,26,37.599999999999994,49.4
20,4,88,0,5,2,2,2,0,1,0,0,0,0,0,1,0,0,0,66.0,12,64.19999999999999,17.8
19,5,80,1,9,1,1,1,1,1,0,0,0,0,0,0,1,0,0,59.0,20,49.699999999999996,42.0
18,4,88,0,6,2,2,2,0,1,0,0,1,0,0,0,0,1,0,64.0,12,60.4,22.799999999999997
19,4,99,0,6,3,3,3,0,0,0,0,0,0,0,0,1,0,0,69.5,1,64.25,18.4
20,3,91,2,2,2,1,1,0,1,0,0,0,0,0,0,0,0,0,59.5,9,66.85,12.600000000000001
24,4,84,0,4,1,2,2,0,1,0,1,0,0,1,0,0,0,1,66.0,16,66.6,14.399999999999999
19,3,82,0,3,1,1,1,0,1,1,0,0,0,1,1,0,0,0,59.0,18,64.1,13.2
21,3,78,1,6,1,2,2,0,1,0,0,0,0,0,1,0,0,0,48.0,22,49.199999999999996,33.8
21,3,63,0,5,1,1,1,1,1,1,0,1,0,0,0,0,0,1,45.5,37,49.849999999999994,30.799999999999997
23,4,82,0,4,2,2,2,0,0,0,1,0,0,1,0,1,0,0,65.0,18,65.9,15.2
26,6,77,1,7,2,3,3,0,1,1,1,0,1,0,0,0,0,1,69.5,23,61.849999999999994,30.200000000000003
19,5,84,2,5,2,2,2,0,1,1,0,0,0,1,0,0,0,0,66.0,16,64.19999999999999,24.4
19,4,77,4,7,0,0,0,0,1,0,0,1,0,0,1,0,0,0,44.5,23,44.349999999999994,48.2
23,6,83,1,7,1,1,1,0,1,1,0,0,0,1,0,1,0,0,72.5,17,63.95,27.799999999999997
22,7,92,0,4,4,4,4,0,1,1,0,0,0,0,0,0,0,1,94.0,8,86.19999999999999,2.1999999999999993
25,4,83,0,7,0,1,1,0,1,1,1,0,1,0,0,1,0,0,59.5,17,54.849999999999994,29.799999999999997
22,4,73,2,5,2,2,2,0,1,1,0,0,0,0,1,0,0,0,52.5,27,54.75,31.799999999999997
20,2,75,1,4,2,2,2,0,1,1,0,1,0,0,1,0,0,0,42.5,25,50.14999999999999,28.0
22,4,87,2,6,3,3,3,0,1,0,1,0,0,0,0,0,0,1,57.5,13,55.85,31.200000000000003
23,3,88,1,2,0,0,0,0,1,0,1,0,0,1,0,0,1,0,61.0,12,67.89999999999999,9.8
22,1,75,1,4,1,1,1,1,1,0,1,0,0,0,1,0,0,0,34.5,25,44.55,31.0
22,5,81,4,6,3,3,3,0,1,0,1,0,0,0,0,0,0,0,56.5,19,55.15,38.6
23,4,89,0,5,1,1,1,0,1,0,0,0,0,1,0,0,0,0,66.5,11,64.55,17.4
23,2,95,3,7,1,0,0,0,1,1,0,1,0,0,0,1,0,0,40.5,5,41.55,43.0
24,1,83,3,4,2,2,2,1,1,0,1,0,1,0,0,0,0,1,32.5,17,43.15,35.8
22,3,80,3,5,1,0,0,0,1,0,0,0,0,1,0,1,0,0,45.0,20,49.5,36.0
20,3,79,5,5,1,2,2,1,1,1,0,0,1,0,1,0,0,0,38.5,21,44.95,44.4
21,3,83,1,2,3,2,2,0,1,0,0,0,0,1,0,0,0,1,58.5,17,66.14999999999999,11.8
23,1,93,2,6,2,2,2,1,1,1,0,0,0,1,0,1,0,0,36.5,7,41.15,37.8
19,4,83,3,6,2,2,2,0,1,1,1,0,0,1,1,0,0,0,52.5,17,52.35,36.8
21,4,86,1,2,2,2,2,0,1,1,1,0,0,0,0,1,0,0,68.0,14,72.8,7.600000000000001
20,2,70,5,1,3,4,4,1,1,0,0,0,0,0,1,0,0,0,34.0,30,51.39999999999999,31.0
21,1,94,3,4,2,2,2,1,1,0,0,0,1,0,0,1,0,0,38.0,6,47.0,31.4
23,5,92,5,7,2,2,2,1,0,0,0,1,0,0,0,0,0,1,57.0,8,53.099999999999994,43.2
21,3,79,4,10,0,0,0,1,1,0,0,1,0,0,1,0,0,0,31.5,21,28.049999999999997,65.4
21,4,81,2,2,4,4,3,0,1,0,0,0,1,0,0,0,0,0,62.5,19,68.95,13.600000000000001
18,4,91,0,8,4,4,4,1,1,1,0,0,0,0,0,0,1,0,61.5,9,53.849999999999994,31.6
22,3,100,2,7,0,0,0,0,1,0,0,0,0,0,0,0,0,1,54.0,0,51.0,34.0
22,5,68,1,4,1,1,1,1,1,0,1,1,0,0,1,0,0,0,63.0,32,64.5,21.799999999999997
25,5,77,0,8,1,1,1,1,0,0,0,0,1,0,0,0,1,0,62.5,23,54.55,34.2
20,4,78,0,6,2,2,2,0,1,0,0,0,0,1,0,0,0,1,59.0,22,56.9,26.799999999999997
21,4,90,2,5,1,1,1,0,1,0,1,0,0,0,0,0,0,1,61.0,10,60.699999999999996,25.0
21,3,84,0,2,2,3,3,0,1,0,1,0,1,0,0,1,0,0,62.0,16,68.6,7.399999999999999
24,4,77,3,5,2,1,1,0,1,1,0,0,0,0,0,0,0,1,51.5,23,54.05,34.2
20,6,70,1,5,2,1,1,0,1,0,0,0,1,0,0,0,1,0,70.0,30,67.0,23.0
21,5,90,1,9,2,2,2,1,1,1,1,1,0,0,0,0,0,0,64.0,10,53.199999999999996,38.0
22,1,80,0,3,3,3,3,1,0,0,1,0,0,0,1,0,0,0,42.0,20,52.2,20.0
21,4,72,0,3,2,2,2,0,1,0,0,0,0,1,0,0,0,1,62.0,28,66.2,14.200000000000003
20,4,76,3,4,2,2,2,0,1,1,1,0,0,1,0,0,0,0,53.0,24,57.49999999999999,29.6
21,5,78,2,10,1,0,0,1,1,0,1,1,0,0,0,0,1,0,53.0,22,43.099999999999994,51.8
23,5,79,1,3,4,4,3,0,1,1,0,0,0,1,0,1,0,0,70.5,21,72.14999999999999,12.399999999999999
18,4,73,2,7,1,1,1,0,1,0,0,0,0,1,0,0,0,1,48.5,27,47.14999999999999,41.8
21,2,73,4,2,3,3,3,0,1,1,0,0,0,1,0,0,0,1,36.5,27,50.75,30.799999999999997
19,3,100,1,6,3,3,3,0,1,1,1,1,0,0,0,0,0,1,59.0,0,56.9,25.0
23,2,84,0,5,2,2,2,0,1,1,0,0,1,0,1,0,0,0,48.0,16,51.599999999999994,25.4
17,2,78,0,4,2,2,2,0,0,1,1,0,0,0,0,1,0,0,47.0,22,53.3,22.8
19,5,85,4,6,2,2,3,0,1,1,1,0,1,0,1,0,0,0,58.5,15,56.55,37.0
21,3,83,2,4,2,3,3,0,1,0,1,0,1,0,0,1,0,0,51.5,17,56.449999999999996,25.799999999999997
24,6,74,2,2,2,2,2,0,1,1,0,0,1,0,0,0,1,0,75.0,26,77.7,10.399999999999999
20,3,66,1,4,0,0,0,1,1,1,0,0,0,1,0,0,0,1,46.0,34,52.599999999999994,28.6
19,3,77,0,3,1,0,0,0,1,0,0,0,0,0,0,0,1,0,56.5,23,62.349999999999994,15.200000000000003
25,4,80,1,6,3,3,3,0,1,0,1,0,1,0,0,1,0,0,57.0,20,55.5,30.0
17,3,81,2,5,3,3,3,0,1,0,0,0,0,0,1,0,0,0,48.5,19,51.949999999999996,31.6
17,4,67,1,8,1,2,2,1,0,1,0,1,0,0,0,0,1,0,46.5,33,43.349999999999994,45.2
22,3,100,3,4,2,2,2,0,1,0,1,1,0,0,0,0,0,0,57.0,0,60.3,23.0
19,3,100,2,6,3,3,3,0,1,1,1,1,0,0,0,0,1,0,56.0,0,54.8,29.0
18,3,85,2,3,2,1,1,0,0,0,0,0,0,1,1,0,0,0,54.5,15,60.95,20.0
22,2,82,4,4,2,2,2,0,1,0,0,1,0,0,0,0,0,1,37.0,18,46.3,37.2
21,5,77,2,3,4,3,3,0,1,0,0,0,0,1,1,0,0,0,66.5,23,69.35,17.200000000000003
19,4,86,2,7,1,1,1,0,0,1,0,0,1,0,0,1,0,0,55.0,14,51.7,36.6
18,4,81,4,4,2,2,2,0,1,1,0,0,1,0,1,0,0,0,52.5,19,57.15,31.6
22,4,92,1,4,2,2,2,0,1,0,0,0,1,0,0,0,1,0,67.0,8,67.3,15.2
22,4,89,1,6,1,0,0,0,1,0,0,0,0,0,1,0,0,0,61.5,11,58.65,26.4
20,6,75,3,4,3,2,2,0,1,1,1,1,0,0,1,0,0,0,68.5,25,68.35,24.0
25,4,76,2,8,1,2,2,1,0,1,0,0,0,0,0,0,0,1,48.0,24,44.39999999999999,45.6
18,1,89,0,9,0,0,0,1,1,0,1,1,0,0,0,0,1,0,34.5,11,32.55,46.4
17,3,87,0,3,3,3,3,0,1,0,0,1,0,0,0,0,0,0,61.5,13,65.85,11.2
19,2,73,1,7,1,0,0,0,0,0,1,0,1,0,0,1,0,0,35.5,27,38.05,43.8
20,4,78,0,4,0,0,0,0,1,1,0,1,0,0,1,0,0,0,63.0,22,64.5,16.8
21,3,80,1,4,1,1,1,0,1,0,1,0,0,1,1,0,0,0,53.0,20,57.49999999999999,23.0
20,4,81,1,6,1,2,1,0,0,1,0,0,0,1,1,0,0,0,57.5,19,55.85,29.6
21,3,81,2,5,2,2,2,0,1,0,0,0,0,1,1,0,0,0,48.5,19,51.949999999999996,31.6
18,4,74,3,5,3,3,3,0,1,1,0,0,0,0,1,0,0,0,50.0,26,53.0,35.4
24,3,83,2,7,1,1,1,0,1,0,1,0,0,1,0,0,0,1,45.5,17,45.05,40.8
20,3,82,1,7,2,2,2,0,1,1,0,0,0,0,0,0,0,1,48.0,18,46.8,37.2
23,4,75,4,5,2,3,3,0,1,1,0,0,1,0,0,0,1,0,47.5,25,51.25,39.0
21,4,83,0,4,1,1,1,0,1,0,1,1,0,0,0,0,0,1,65.5,17,66.25,14.8
22,5,81,2,5,0,0,0,0,1,0,1,0,0,1,0,0,0,0,64.5,19,63.15,25.6
22,4,78,1,5,3,3,3,0,1,1,0,0,0,1,0,0,0,1,58.0,22,58.599999999999994,25.799999999999997
22,5,72,3,6,2,2,2,0,1,0,0,1,0,0,0,0,0,0,55.0,28,54.1,38.2
22,4,92,3,5,2,1,1,0,1,0,1,0,1,0,0,0,1,0,59.0,8,59.3,28.200000000000003
23,3,96,1,3,1,1,1,0,1,0,0,1,0,0,0,0,1,0,63.0,4,66.89999999999999,11.600000000000001
21,4,84,4,7,1,1,1,0,0,0,0,0,0,1,0,0,1,0,48.0,16,46.8,45.4
22,5,93,1,5,3,2,3,0,1,1,0,0,0,1,1,0,0,0,73.5,7,69.44999999999999,16.8
20,5,83,3,4,1,2,2,0,1,0,1,0,0,1,1,0,0,0,64.5,17,65.55,23.799999999999997
24,4,70,2,7,0,1,1,0,1,0,1,0,1,0,0,0,1,0,47.0,30,46.099999999999994,43.0
19,3,84,2,7,1,1,1,0,1,0,1,0,1,0,0,1,0,0,46.0,16,45.39999999999999,40.4
25,5,79,1,2,4,4,4,0,1,0,0,0,1,0,0,0,0,1,72.5,21,75.95,7.399999999999999
20,0,85,1,7,0,0,0,1,1,0,0,0,0,1,0,1,0,0,25.5,15,31.049999999999997,45.0
17,6,94,2,5,3,3,3,0,1,1,1,0,0,1,1,0,0,0,79.0,6,73.3,17.4
21,4,77,0,5,2,2,2,0,1,0,0,1,0,0,1,0,0,0,60.5,23,60.349999999999994,22.200000000000003
19,4,70,0,5,2,1,1,0,1,0,0,0,1,0,0,0,0,1,57.0,30,57.9,25.0
22,3,88,1,6,0,0,0,0,1,1,1,0,1,0,0,0,1,0,53.0,12,52.699999999999996,29.799999999999997
19,6,92,2,5,3,3,3,0,1,0,0,0,0,1,0,0,0,0,78.0,8,72.6,18.200000000000003
20,2,89,2,7,4,3,4,0,0,1,1,0,1,0,0,1,0,0,40.5,11,41.55,41.4
17,3,73,1,4,2,2,2,0,1,1,0,0,0,0,1,0,0,0,49.5,27,55.05,25.799999999999997
20,6,73,4,7,1,1,1,0,0,1,0,0,1,0,0,1,0,0,58.5,27,54.14999999999999,43.8
17,2,88,0,5,2,2,2,0,1,1,0,0,0,0,0,0,1,0,50.0,12,53.0,23.8
17,4,78,2,6,1,0,0,0,1,0,1,0,0,1,0,1,0,0,53.0,22,52.699999999999996,34.8
22,3,74,5,3,4,3,3,1,1,0,1,0,0,1,0,1,0,0,40.0,26,50.8,36.4
22,6,91,0,6,3,4,4,0,1,1,1,1,0,0,0,0,0,1,81.5,9,72.64999999999999,15.600000000000001
21,3,79,1,6,1,1,1,0,1,0,1,0,0,1,0,0,0,1,48.5,21,49.55,33.4
18,2,95,2,8,2,2,2,1,1,1,0,0,0,0,1,0,0,0,41.5,5,39.849999999999994,44.0
20,4,78,0,6,2,2,2,0,1,0,0,0,1,0,0,1,0,0,59.0,22,56.9,26.799999999999997
21,3,76,3,4,2,2,2,0,1,1,0,1,0,0,1,0,0,0,45.0,24,51.89999999999999,32.6
18,4,81,1,4,4,4,4,0,1,0,1,1,0,0,0,0,1,0,61.5,19,63.449999999999996,19.6
24,4,88,0,6,1,1,1,0,0,1,0,0,0,1,0,0,0,0,64.0,12,60.4,22.799999999999997
22,2,84,2,4,3,3,3,0,1,0,1,0,0,1,0,0,0,1,44.0,16,51.199999999999996,28.4
20,6,97,2,4,2,2,2,0,1,0,0,0,0,1,0,0,0,0,82.5,3,78.14999999999999,11.2
21,3,83,1,4,1,1,1,0,1,0,1,1,0,0,0,0,0,0,54.5,17,58.55,21.8
21,3,80,0,5,1,1,1,0,1,1,0,0,0,1,0,0,0,1,54.0,20,55.8,24.0
17,4,94,1,5,2,2,2,0,1,0,1,0,0,1,0,0,0,0,66.0,6,64.19999999999999,19.4
20,6,86,2,4,1,1,0,0,0,0,1,0,1,0,0,0,1,0,77.0,14,74.3,15.600000000000001
19,4,78,2,5,2,2,2,0,1,0,0,1,0,0,0,1,0,0,55.0,22,56.5,29.799999999999997
18,3,83,0,6,2,2,2,0,1,0,0,0,0,1,0,0,0,1,53.5,17,53.05,27.799999999999997
20,5,83,2,8,2,2,2,1,1,1,0,0,0,1,0,0,0,0,59.5,17,52.449999999999996,39.8
25,3,80,2,5,0,1,1,0,1,0,1,0,0,0,1,0,0,0,48.0,20,51.599999999999994,32.0
22,4,83,0,4,2,2,1,0,1,1,0,1,0,0,0,0,0,0,65.5,17,66.25,14.8
19,3,71,0,3,1,1,1,0,1,0,1,0,0,1,0,0,0,1,53.5,29,60.25,17.6
22,4,79,2,5,0,0,0,0,1,0,0,0,0,0,0,0,0,0,55.5,21,56.849999999999994,29.4
24,2,85,3,6,3,3,3,0,0,0,1,0,0,1,0,0,0,0,37.5,15,41.85,42.0
23,4,77,1,5,2,2,2,0,1,0,0,1,0,0,0,0,1,0,57.5,23,58.25,26.200000000000003
21,4,74,2,7,2,3,3,0,1,0,0,0,1,0,0,0,1,0,49.0,26,47.5,41.4
19,4,81,2,8,2,2,2,1,1,0,0,1,0,0,0,0,0,1,50.5,19,46.14999999999999,43.6
22,3,78,1,4,2,2,2,0,1,0,0,0,0,0,0,0,1,0,52.0,22,56.8,23.799999999999997
21,5,71,2,3,1,1,1,0,1,1,0,1,0,0,1,0,0,0,63.5,29,67.25,19.6
23,1,71,2,7,2,2,2,1,1,0,1,0,0,0,0,0,1,0,23.5,29,29.65,51.6
22,3,85,2,6,3,2,2,0,1,1,1,0,1,0,0,0,0,1,48.5,15,49.55,35.0
23,7,82,2,6,1,0,0,0,1,1,1,1,0,0,0,0,1,0,79.0,18,70.89999999999999,24.200000000000003
19,4,84,1,6,2,2,2,0,1,0,0,0,1,0,0,0,0,0,59.0,16,56.9,28.4
23,5,79,5,2,3,3,3,1,1,0,1,1,0,0,0,1,0,0,60.5,21,67.55,23.4
21,4,69,1,6,2,2,2,1,0,0,0,1,0,0,1,0,0,0,51.5,31,51.65,34.4
25,6,75,2,5,1,1,1,0,1,0,1,0,0,0,0,0,1,0,69.5,25,66.65,25.0
19,3,79,1,6,1,1,1,0,1,0,0,0,0,1,0,0,0,1,48.5,21,49.55,33.4
24,4,85,5,3,3,3,3,1,1,1,0,1,0,0,0,1,0,0,53.5,15,60.25,29.0
21,5,68,1,5,1,2,2,1,1,1,0,0,1,0,0,1,0,0,61.0,32,60.699999999999996,26.799999999999997
19,5,63,0,4,0,0,0,1,1,0,1,0,0,1,1,0,0,0,63.5,37,64.85,19.799999999999997
19,1,93,2,7,2,2,2,1,0,0,0,0,0,1,0,0,0,0,34.5,7,37.349999999999994,42.8
20,4,86,3,5,3,3,3,0,1,0,0,0,0,0,0,1,0,0,56.0,14,57.199999999999996,30.6
21,2,75,2,4,2,2,2,0,1,1,1,0,0,1,0,1,0,0,39.5,25,48.05,32.0
22,3,80,1,3,4,3,3,0,1,0,0,1,0,0,1,0,0,0,55.0,20,61.3,18.0
19,3,78,2,7,0,0,0,0,1,0,1,0,1,0,1,0,0,0,43.0,22,43.3,42.8
20,1,84,1,7,0,1,1,1,1,1,1,1,0,0,0,0,1,0,33.0,16,36.3,42.4
25,5,77,2,9,1,1,1,1,1,1,0,0,1,0,0,0,1,0,54.5,23,46.55,47.2
24,2,72,3,4,1,0,0,0,1,0,1,0,1,0,0,1,0,0,35.0,28,44.9,37.2
22,3,85,1,3,3,3,3,0,1,1,0,1,0,0,0,0,0,0,57.5,15,63.05,16.0
21,4,96,4,5,4,3,3,0,1,1,1,1,0,0,0,0,0,1,58.0,4,58.599999999999994,30.6
21,2,86,1,4,3,4,3,0,1,0,0,0,1,0,0,1,0,0,48.0,14,53.99999999999999,23.6
22,4,82,1,4,2,2,2,0,1,1,0,1,0,0,0,1,0,0,62.0,18,63.8,19.2
18,3,80,3,6,0,0,0,0,0,1,0,0,0,0,0,0,0,0,43.0,20,45.699999999999996,41.0
20,3,75,1,7,1,1,1,0,0,1,1,1,0,0,1,0,0,0,44.5,25,44.349999999999994,40.0
17,2,78,0,6,1,1,1,0,1,1,0,0,0,0,1,0,0,0,43.0,22,45.699999999999996,32.8
21,2,85,3,5,1,1,1,0,1,0,1,0,1,0,0,0,0,1,39.5,15,45.65,37.0
22,4,91,0,7,2,2,2,0,1,0,0,0,0,0,0,0,0,0,63.5,9,57.64999999999999,26.6
19,1,91,2,5,2,2,2,1,1,1,0,0,1,0,1,0,0,0,37.5,9,44.25,33.6
24,6,83,3,8,1,0,0,1,0,1,1,0,0,1,1,0,0,0,64.5,17,55.949999999999996,40.8
18,3,83,3,10,1,1,1,1,1,1,1,1,0,0,0,1,0,0,36.5,17,31.549999999999997,59.8
17,2,82,1,4,1,0,0,0,1,1,0,1,0,0,1,0,0,0,46.0,18,52.599999999999994,25.2
21,4,86,4,7,2,1,1,0,1,0,1,1,0,0,0,0,0,0,49.0,14,47.5,44.6
23,3,82,2,7,0,0,0,0,0,1,1,0,0,0,0,0,0,1,45.0,18,44.699999999999996,41.2
24,5,82,2,6,1,2,2,0,1,0,1,0,1,0,0,0,0,1,63.0,18,59.699999999999996,30.200000000000003
20,2,75,1,7,2,2,2,0,1,0,0,0,0,1,0,1,0,0,36.5,25,38.75,43.0
23,2,74,4,6,1,1,1,0,1,1,1,0,0,0,0,0,1,0,29.0,26,35.9,50.4
20,4,76,1,6,2,2,2,0,1,1,0,0,0,1,0,0,0,0,55.0,24,54.1,31.6
20,5,83,1,5,2,3,3,0,0,0,0,1,0,0,0,0,0,1,68.5,17,65.94999999999999,20.799999999999997
22,4,79,2,5,1,1,1,0,0,0,0,0,1,0,0,1,0,0,55.5,21,56.849999999999994,29.4
22,4,100,3,6,1,1,1,0,1,0,0,0,1,0,0,0,0,0,61.0,0,58.3,30.0
17,2,85,1,6,3,3,3,0,1,0,0,0,1,0,1,0,0,0,43.5,15,46.05,34.0
24,3,94,0,3,2,2,2,0,1,0,0,0,1,0,1,0,0,0,65.0,6,68.3,8.399999999999999
24,3,93,2,6,3,3,3,0,1,0,1,0,0,0,0,0,1,0,52.5,7,52.35,31.799999999999997
19,5,85,0,5,3,3,3,0,1,0,0,0,1,0,0,0,0,1,72.5,15,68.75,16.0
21,5,81,2,4,2,2,2,0,1,0,0,0,1,0,1,0,0,0,66.5,19,66.94999999999999,20.6
22,4,74,0,7,1,1,1,0,1,1,0,0,0,0,0,0,0,0,55.0,26,51.7,33.4
21,6,77,2,3,3,3,3,0,1,0,1,0,0,0,0,1,0,0,74.5,23,74.95,14.200000000000003
19,4,88,3,5,3,3,3,0,1,1,0,0,0,1,1,0,0,0,57.0,12,57.9,29.799999999999997
19,5,84,1,3,3,3,3,0,1,1,0,0,0,0,0,0,1,0,73.0,16,73.89999999999999,10.399999999999999
20,4,61,5,5,1,2,2,1,0,1,1,0,1,0,0,1,0,0,37.5,39,44.25,48.6
23,3,80,1,9,1,1,1,1,1,1,0,0,0,1,0,0,0,1,43.0,20,38.5,48.0
22,3,84,2,4,1,2,2,0,1,0,1,0,0,0,0,0,0,0,52.0,16,56.8,25.4
20,2,82,1,5,3,3,3,0,1,0,0,0,0,0,0,1,0,0,44.0,18,48.8,30.200000000000003
22,3,80,3,8,3,3,3,1,1,1,1,0,0,1,1,0,0,0,39.0,20,38.099999999999994,51.0
17,4,81,0,6,3,3,3,0,1,0,1,1,0,0,0,0,0,0,60.5,19,57.949999999999996,25.6
23,3,62,1,5,2,2,2,1,1,0,0,0,0,1,0,0,0,1,42.0,38,47.4,35.2
17,4,82,1,4,1,2,2,0,1,0,0,0,0,1,0,0,0,0,62.0,18,63.8,19.2
20,3,73,1,6,1,1,1,0,0,1,1,0,0,0,0,1,0,0,45.5,27,47.449999999999996,35.8
18,2,84,2,4,2,2,2,0,1,0,1,0,0,0,0,0,0,1,44.0,16,51.199999999999996,28.4
18,4,83,3,9,1,1,1,1,1,0,0,1,0,0,1,0,0,0,46.5,17,40.949999999999996,51.8
23,1,88,1,5,1,1,1,1,0,0,0,1,0,0,0,0,0,0,39.0,12,45.3,30.799999999999997
20,4,73,1,5,2,2,2,0,0,1,1,0,1,0,0,0,0,1,55.5,27,56.849999999999994,27.799999999999997
21,4,95,7,7,0,0,0,1,0,1,0,0,0,0,0,0,0,1,44.5,5,44.349999999999994,53.0
20,5,66,4,7,1,1,1,1,1,1,0,0,1,0,0,0,1,0,47.0,34,46.099999999999994,49.599999999999994
22,4,81,2,5,2,2,2,0,1,1,0,0,0,0,0,0,0,0,56.5,19,57.55,28.6
21,3,65,2,4,3,3,3,1,1,1,1,0,0,1,0,0,0,1,42.5,35,50.14999999999999,33.0
18,4,85,0,5,2,2,2,0,1,0,1,0,1,0,0,0,0,1,64.5,15,63.15,19.0
23,4,80,0,7,2,2,2,0,1,0,1,1,0,0,0,0,0,0,58.0,20,53.8,31.0
19,2,78,4,6,1,0,0,0,1,1,1,0,0,1,0,1,0,0,31.0,22,37.3,48.8
17,4,84,2,2,3,3,3,0,1,0,0,1,0,0,0,0,1,0,64.0,16,70.0,12.399999999999999
20,3,73,1,3,1,1,1,0,1,1,1,0,0,1,1,0,0,0,51.5,27,58.849999999999994,20.8
24,6,96,1,5,4,3,3,0,1,1,1,0,0,0,0,0,0,1,83.0,4,76.1,12.600000000000001
22,3,80,4,6,2,2,2,0,1,0,0,1,0,0,1,0,0,0,40.0,20,43.6,45.0
20,3,82,2,5,1,0,0,0,1,0,0,1,0,0,0,1,0,0,49.0,18,52.3,31.200000000000003
20,2,81,2,4,0,0,0,0,1,0,1,0,1,0,1,0,0,0,42.5,19,50.14999999999999,29.6
20,3,89,1,3,2,3,3,0,1,1,0,0,1,0,0,0,1,0,59.5,11,64.45,14.399999999999999
25,1,72,5,7,0,0,0,1,1,1,0,0,0,1,0,0,1,0,15.0,28,23.7,63.2
21,4,88,1,5,1,1,1,0,1,0,0,0,0,0,1,0,0,0,63.0,12,62.099999999999994,21.799999999999997
21,4,77,1,8,1,1,1,1,1,0,0,0,0,1,0,0,0,1,51.5,23,46.849999999999994,41.2
23,3,77,1,3,2,2,2,0,1,1,1,1,0,0,0,0,0,0,53.5,23,60.25,19.200000000000003
21,4,89,2,6,2,2,2,0,1,0,0,0,1,0,0,1,0,0,58.5,11,56.55,30.4
20,2,79,1,6,2,2,2,0,1,1,0,0,0,0,0,0,0,0,40.5,21,43.949999999999996,36.4
20,3,86,0,7,1,1,1,0,1,1,0,1,0,0,0,0,0,1,53.0,14,50.3,31.6
20,4,87,3,5,3,3,3,0,1,0,1,0,0,0,0,0,0,0,56.5,13,57.55,30.200000000000003
20,2,79,4,4,1,0,0,0,1,0,1,0,0,1,0,0,0,0,35.5,21,45.25,38.4
22,4,83,3,5,2,2,2,0,1,0,1,0,0,0,0,0,0,0,54.5,17,56.15,31.799999999999997
21,3,78,0,5,2,3,3,0,0,0,0,0,0,0,0,0,0,0,53.0,22,55.099999999999994,24.799999999999997
22,1,81,1,3,2,2,2,1,1,0,0,0,0,1,0,0,0,1,39.5,19,50.45,23.6
20,2,85,1,7,1,1,1,0,1,1,0,0,1,0,0,0,0,1,41.5,15,42.25,39.0
21,5,74,2,1,4,3,3,0,1,0,1,0,0,0,0,0,0,1,69.0,26,75.89999999999999,8.399999999999999
17,3,85,2,3,3,3,3,0,1,0,1,1,0,0,0,0,1,0,54.5,15,60.95,20.0
23,4,84,1,2,3,3,3,0,1,0,0,0,0,1,0,0,0,1,67.0,16,72.1,8.399999999999999
21,3,70,1,7,0,0,0,0,1,1,0,1,0,0,0,0,0,0,42.0,30,42.599999999999994,42.0
23,4,76,2,5,1,1,1,0,1,0,0,1,0,0,0,0,0,0,54.0,24,55.8,30.6
17,4,76,5,4,2,3,2,1,1,1,0,1,0,0,0,0,0,0,47.0,24,53.3,37.6
25,3,78,2,5,1,1,1,0,1,0,0,0,0,0,0,0,0,1,47.0,22,50.9,32.8
20,3,74,1,6,3,2,2,0,1,1,0,0,0,0,0,0,0,0,46.0,26,47.8,35.4
23,4,89,1,3,4,3,3,0,1,1,0,0,1,0,0,0,1,0,67.5,11,70.05,11.399999999999999
18,3,90,3,5,2,2,2,0,0,1,1,0,0,1,0,1,0,0,50.0,10,53.0,32.0
22,3,75,1,8,2,2,2,1,1,0,0,0,1,0,1,0,0,0,42.5,25,40.55,45.0
18,2,72,3,8,1,1,1,1,1,0,0,0,0,1,1,0,0,0,27.0,28,29.699999999999996,57.2
19,4,81,0,7,2,2,2,0,1,0,0,0,0,1,1,0,0,0,58.5,19,54.14999999999999,30.6
25,5,92,2,6,2,2,2,0,0,0,0,0,1,0,0,1,0,0,68.0,8,63.199999999999996,26.200000000000003
20,2,99,5,7,2,2,2,1,1,0,1,0,0,1,0,0,0,0,36.5,1,38.75,49.4
21,3,76,2,6,1,1,1,0,1,0,0,1,0,0,0,0,0,1,44.0,24,46.4,38.6
22,4,63,0,5,2,2,2,1,1,0,0,1,0,0,0,0,0,0,53.5,37,55.449999999999996,27.799999999999997
22,4,70,1,3,1,1,1,0,1,1,0,1,0,0,0,0,0,1,58.0,30,63.39999999999999,19.0
21,1,67,1,6,1,1,1,1,1,1,1,0,0,0,0,0,0,1,26.5,33,34.15,44.2
21,4,85,3,4,2,2,2,0,0,0,0,0,0,0,0,1,0,0,57.5,15,60.65,26.0
26,4,82,1,3,4,4,4,0,1,1,1,0,0,0,0,0,0,1,64.0,18,67.6,14.2
20,5,83,2,7,0,0,1,0,1,0,1,0,1,0,0,1,0,0,61.5,17,56.25,34.8
21,4,91,2,5,0,0,0,0,0,1,1,0,0,0,0,0,1,0,61.5,9,61.05,24.6
23,2,95,0,5,2,2,2,0,1,0,0,0,1,0,0,0,1,0,53.5,5,55.449999999999996,21.0
23,3,88,0,3,2,2,2,0,1,1,0,0,1,0,0,1,0,0,62.0,12,66.2,10.8
23,4,87,0,5,4,4,3,0,1,0,1,0,0,1,0,0,1,0,65.5,13,63.849999999999994,18.2
22,4,70,5,4,2,2,2,1,1,1,1,0,1,0,0,0,1,0,44.0,30,51.199999999999996,40.0
18,4,62,0,5,2,3,3,1,1,0,1,0,0,1,0,0,0,1,53.0,38,55.099999999999994,28.200000000000003
24,3,93,1,3,3,3,3,0,1,0,0,0,0,0,0,0,0,0,61.5,7,65.85,12.8
18,3,77,0,8,2,3,3,1,1,1,1,0,1,0,0,1,0,0,46.5,23,43.349999999999994,40.2
21,3,90,5,8,1,1,1,1,1,1,0,0,0,1,0,0,1,0,38.0,10,37.4,55.0
19,2,83,1,5,1,1,1,0,0,0,0,0,0,1,0,0,0,0,44.5,17,49.15,29.799999999999997
20,2,88,1,3,2,2,2,0,1,0,0,0,1,0,0,0,1,0,51.0,12,58.5,17.8
21,3,75,4,2,2,3,3,0,1,1,0,1,0,0,1,0,0,0,45.5,25,57.05,27.0
21,2,88,0,4,1,1,1,0,1,0,0,0,1,0,0,1,0,0,52.0,12,56.8,18.8
21,2,76,0,1,3,3,3,0,1,1,0,0,1,0,0,0,0,0,52.0,24,64.0,8.600000000000001
24,2,83,2,4,2,2,2,0,1,1,0,0,0,1,0,1,0,0,43.5,17,50.849999999999994,28.799999999999997
22,4,81,2,1,3,3,3,0,1,0,1,1,0,0,1,0,0,0,64.5,19,72.75,8.600000000000001
20,4,91,3,5,2,2,3,0,1,1,0,0,0,1,0,0,1,0,58.5,9,58.949999999999996,28.6
23,4,88,1,5,2,2,2,0,0,0,0,1,0,0,0,0,1,0,63.0,12,62.099999999999994,21.799999999999997
23,3,67,0,5,1,1,1,1,1,1,1,1,0,0,1,0,0,0,47.5,33,51.25,29.200000000000003
18,3,75,1,9,1,0,0,1,1,0,0,0,0,1,0,0,1,0,40.5,25,36.75,50.0
22,1,76,4,5,1,0,0,1,1,0,1,0,0,1,0,0,0,1,24.0,24,34.8,47.6
22,4,87,2,8,3,3,3,1,1,0,0,1,0,0,0,0,0,1,53.5,13,48.24999999999999,41.2
20,3,78,0,6,0,0,0,0,1,1,0,1,0,0,0,0,0,1,51.0,22,51.3,29.799999999999997
24,4,73,1,9,0,0,0,1,0,1,1,0,0,0,0,0,0,0,47.5,27,41.65,47.8
20,2,71,2,2,2,1,1,0,1,0,1,0,0,1,0,0,1,0,41.5,29,54.25,23.6
21,6,87,1,3,4,3,3,0,0,1,0,1,0,0,0,0,0,0,82.5,13,80.55,6.199999999999999
20,4,65,2,5,2,2,2,1,1,1,0,0,0,1,0,0,1,0,48.5,35,51.949999999999996,35.0
21,3,90,2,8,0,0,0,1,1,0,1,0,0,0,0,1,0,0,47.0,10,43.699999999999996,43.0
18,2,71,2,5,2,3,3,0,1,1,0,0,0,1,0,0,0,0,35.5,29,42.849999999999994,38.6
17,4,78,0,5,3,4,3,0,0,0,0,1,0,0,0,1,0,0,61.0,22,60.699999999999996,21.799999999999997
24,4,72,1,6,2,2,2,0,1,0,1,0,0,0,0,0,0,0,53.0,28,52.699999999999996,33.2
19,1,74,1,7,0,0,0,1,1,0,0,0,1,0,0,0,0,1,28.0,26,32.8,46.4
18,3,80,2,4,3,3,3,0,1,0,0,0,0,1,0,0,0,1,50.0,20,55.4,27.0
17,3,80,3,4,4,4,3,0,1,0,1,1,0,0,0,0,0,1,47.0,20,53.3,31.0
19,4,69,2,8,0,0,0,1,1,1,0,0,0,0,1,0,0,0,44.5,31,41.949999999999996,48.4
18,1,78,0,7,0,0,0,1,1,1,1,1,0,0,0,1,0,0,33.0,22,36.3,40.8
24,5,82,3,8,2,2,2,1,1,0,0,0,1,0,0,1,0,0,56.0,18,49.99999999999999,44.2
23,4,85,5,7,1,1,1,1,1,0,1,0,1,0,0,0,0,1,45.5,15,45.05,49.0
19,5,65,2,4,1,1,1,1,1,1,0,0,0,1,1,0,0,0,58.5,35,61.349999999999994,27.0
26,3,78,0,5,0,0,0,0,1,1,1,1,0,0,0,0,0,0,53.0,22,55.099999999999994,24.799999999999997
23,5,65,1,3,3,3,3,1,1,0,1,0,0,0,0,0,0,0,63.5,35,67.25,18.0
20,2,77,1,7,1,1,1,0,1,0,1,0,0,1,0,0,0,1,37.5,23,39.45,42.2
17,1,78,3,4,1,0,0,1,1,1,1,0,0,1,0,1,0,0,30.0,22,41.4,37.8
26,4,87,6,2,2,2,2,1,1,0,0,1,0,0,0,0,1,0,53.5,13,62.64999999999999,27.200000000000003
17,3,89,1,5,0,0,0,0,1,0,0,1,0,0,0,0,0,1,55.5,11,56.849999999999994,24.4
17,5,73,3,7,0,1,1,0,1,0,0,0,0,0,1,0,0,0,53.5,27,50.64999999999999,42.8
23,2,84,1,3,3,3,3,0,1,1,0,0,0,1,1,0,0,0,49.0,16,57.099999999999994,19.4
26,3,87,2,5,2,1,1,0,1,1,1,0,1,0,0,0,0,0,51.5,13,54.05,29.200000000000003
24,3,76,3,4,3,2,2,0,1,0,1,0,0,1,0,0,0,0,45.0,24,51.89999999999999,32.6
22,5,88,4,7,1,1,1,0,1,0,1,0,0,0,0,0,0,1,58.0,12,53.8,40.8
22,2,83,3,1,2,2,2,0,1,0,0,0,0,0,0,0,0,0,46.5,17,60.14999999999999,17.8
22,5,79,0,7,3,3,3,0,1,0,1,0,1,0,0,0,1,0,65.5,21,59.05,28.4
22,3,83,4,4,1,1,1,0,1,1,0,0,0,1,0,0,0,1,45.5,17,52.25,33.8
21,3,69,1,5,1,0,0,1,1,0,0,1,0,0,0,0,0,0,45.5,31,49.849999999999994,32.4
21,4,83,1,7,0,0,0,0,1,0,0,0,1,0,0,0,0,1,56.5,17,52.75,33.8
20,2,75,2,8,1,2,1,1,1,0,0,1,0,0,0,0,0,0,31.5,25,32.849999999999994,52.0
19,4,82,4,5,1,1,1,0,1,0,0,1,0,0,0,0,0,0,51.0,18,53.699999999999996,36.2
20,4,78,4,4,1,1,1,0,1,0,1,0,0,0,0,0,0,1,51.0,22,56.099999999999994,32.8
17,3,84,1,4,0,1,1,0,1,0,0,1,0,0,0,1,0,0,55.0,16,58.9,21.4
20,4,91,1,7,2,2,2,0,1,0,0,0,1,0,0,1,0,0,60.5,9,55.55,30.6
18,4,83,2,3,3,3,3,0,1,0,1,0,0,0,0,0,0,1,61.5,17,65.85,17.8
18,4,90,1,6,3,3,3,0,0,1,1,1,0,0,0,1,0,0,62.0,10,59.0,26.0
21,5,73,0,5,0,0,0,0,1,0,1,0,0,1,0,0,0,1,66.5,27,64.55,20.799999999999997
24,4,93,0,6,1,1,1,0,1,0,0,0,1,0,0,0,0,0,66.5,7,62.15,20.799999999999997
23,4,73,1,5,2,2,2,0,1,0,1,0,0,1,0,0,0,0,55.5,27,56.849999999999994,27.799999999999997
17,2,72,2,4,2,2,2,0,1,0,0,1,0,0,0,0,0,0,38.0,28,47.0,33.2
18,2,79,2,4,2,2,2,0,1,0,1,0,1,0,0,0,0,1,41.5,21,49.449999999999996,30.4
23,3,78,2,4,1,1,1,0,1,0,0,0,1,0,0,1,0,0,49.0,22,54.699999999999996,27.799999999999997
18,4,69,2,3,3,3,3,1,0,1,0,0,0,1,0,0,0,0,54.5,31,60.95,23.4
20,4,73,4,6,2,2,2,0,1,0,1,0,0,0,0,0,0,0,44.5,27,46.75,44.8
22,4,38,3,5,0,0,0,1,1,0,0,0,1,0,0,0,0,1,32.0,62,40.4,49.8
18,4,71,2,2,1,1,1,0,1,0,0,1,0,0,0,0,0,1,57.5,29,65.45,17.6
21,5,76,1,4,2,2,2,0,1,0,0,0,0,1,1,0,0,0,67.0,24,67.3,18.6
18,6,93,1,5,2,2,2,0,1,0,0,0,0,1,0,0,0,0,81.5,7,75.05,13.8
19,5,87,3,4,2,2,2,0,1,0,1,0,0,1,1,0,0,0,66.5,13,66.94999999999999,22.200000000000003
21,3,84,4,5,2,2,2,0,1,1,0,0,0,0,0,0,0,0,44.0,16,48.8,38.4
17,3,99,1,5,4,4,3,0,1,0,1,0,1,0,0,0,1,0,60.5,1,60.349999999999994,20.4
22,4,67,2,7,1,2,2,1,1,1,1,0,0,1,0,0,1,0,45.5,33,45.05,44.2
21,5,81,1,5,0,1,1,0,1,1,1,0,0,1,0,0,1,0,67.5,19,65.25,21.6
22,5,98,4,6,3,3,3,0,1,0,1,1,0,0,0,1,0,0,65.0,2,61.1,31.799999999999997
21,4,77,1,3,1,1,1,0,1,0,0,0,0,0,0,1,0,0,61.5,23,65.85,16.200000000000003
24,2,75,4,3,0,1,1,0,1,0,0,0,0,0,0,0,0,1,35.5,25,47.65,35.0
21,2,88,1,3,4,4,4,0,1,1,0,0,1,0,0,0,0,0,51.0,12,58.5,17.8
20,5,77,1,4,3,3,3,0,1,0,1,0,0,1,0,0,0,0,67.5,23,67.65,18.200000000000003
21,3,92,3,5,2,2,2,0,1,0,1,0,0,1,0,1,0,0,51.0,8,53.699999999999996,31.200000000000003
22,2,88,2,8,0,0,0,1,1,1,0,0,0,0,0,0,0,1,38.0,12,37.4,46.8
21,2,80,1,4,2,3,3,0,1,1,0,0,0,1,0,0,0,1,45.0,20,51.89999999999999,26.0
21,3,89,0,7,0,0,0,0,1,0,1,0,1,0,0,0,1,0,54.5,11,51.349999999999994,30.4
19,6,80,1,4,3,3,3,0,0,0,0,1,0,0,1,0,0,0,77.0,20,74.3,14.0
19,3,83,2,5,2,2,2,0,1,1,1,0,0,0,1,0,0,0,49.5,17,52.65,30.799999999999997
17,4,86,1,5,1,1,1,0,1,0,0,0,0,1,0,0,0,1,62.0,14,61.4,22.6
24,4,78,1,3,2,2,2,0,1,0,0,1,0,0,0,0,1,0,62.0,22,66.2,15.8
18,3,94,3,4,4,3,3,0,1,1,1,0,0,0,1,0,0,0,54.0,6,58.199999999999996,25.4
19,1,82,1,8,2,2,2,1,1,0,0,0,0,0,0,0,1,0,30.0,18,31.799999999999997,48.2
19,5,84,1,4,1,1,1,0,1,0,0,0,0,1,0,0,0,0,71.0,16,70.1,15.399999999999999
23,3,71,0,7,2,1,1,0,1,1,1,0,1,0,0,0,0,1,45.5,29,45.05,37.6
20,1,76,1,6,0,0,0,1,1,0,0,0,1,0,0,1,0,0,31.0,24,37.3,40.6
23,1,83,2,4,1,1,1,1,1,0,0,0,0,0,0,0,0,1,35.5,17,45.25,31.799999999999997
19,4,88,4,5,3,3,3,0,1,1,0,0,0,1,1,0,0,0,54.0,12,55.8,33.8
21,5,93,3,5,1,1,1,0,1,0,0,0,0,0,0,0,0,0,67.5,7,65.25,24.799999999999997
19,1,73,0,6,1,1,1,1,1,1,0,1,0,0,1,0,0,0,32.5,27,38.35,37.8
25,3,75,2,4,1,2,1,0,0,1,0,0,0,1,1,0,0,0,47.5,25,53.65,29.0
18,4,72,2,2,2,2,2,0,1,1,0,0,1,0,0,1,0,0,58.0,28,65.8,17.200000000000003
21,4,85,3,4,2,2,2,0,1,0,0,0,1,0,1,0,0,0,57.5,15,60.65,26.0
22,3,93,2,7,0,0,0,0,1,1,1,0,1,0,0,0,0,0,50.5,7,48.55,36.8
21,3,80,2,5,1,1,1,0,1,1,0,0,1,0,0,0,0,1,48.0,20,51.599999999999994,32.0
20,4,67,2,5,2,2,2,1,1,1,0,0,0,0,0,0,0,1,49.5,33,52.65,34.2
20,4,83,2,2,3,2,2,0,1,0,1,1,0,0,0,0,0,0,63.5,17,69.64999999999999,12.8
21,4,78,4,7,1,0,0,0,1,0,0,0,0,0,0,1,0,0,45.0,22,44.699999999999996,47.8
20,3,72,2,5,2,2,2,0,1,1,0,1,0,0,1,0,0,0,44.0,28,48.8,35.2
23,2,90,1,7,1,1,1,0,1,0,0,0,0,0,0,0,0,0,44.0,10,44.0,37.0
25,4,83,2,6,1,2,1,0,1,0,0,0,1,0,0,0,0,0,55.5,17,54.449999999999996,32.8
19,5,77,1,6,2,2,2,0,1,0,0,0,0,0,0,0,1,0,63.5,23,60.05,28.200000000000003
18,3,100,2,8,0,0,0,1,0,0,1,0,0,1,0,1,0,0,52.0,0,47.199999999999996,39.0
20,4,82,3,5,2,2,2,0,1,1,0,0,0,0,1,0,0,0,54.0,18,55.8,32.2
26,4,68,2,5,0,0,0,1,1,0,0,0,1,0,0,0,1,0,50.0,32,53.0,33.8
19,1,87,1,8,1,0,0,1,0,1,1,0,0,1,0,0,0,1,32.5,13,33.55,46.2
24,3,67,1,7,2,3,3,1,1,0,1,0,0,1,0,1,0,0,40.5,33,41.55,43.2
24,4,85,3,4,2,1,1,0,1,0,1,0,0,0,0,1,0,0,57.5,15,60.65,26.0
19,3,85,0,7,2,2,3,0,1,0,1,1,0,0,0,0,0,1,52.5,15,49.95,32.0
22,5,93,1,8,2,1,1,1,0,1,0,1,0,0,0,0,1,0,67.5,7,58.05,31.799999999999997
24,2,74,3,1,2,3,3,0,1,0,1,0,1,0,0,1,0,0,42.0,26,57.0,21.4
20,6,79,2,3,3,3,3,0,1,0,0,0,0,0,0,0,0,0,75.5,21,75.64999999999999,13.399999999999999
20,4,81,2,4,2,2,2,0,0,1,0,0,0,0,0,0,1,0,58.5,19,61.349999999999994,23.6
19,3,88,3,6,2,2,2,0,1,1,0,0,1,0,1,0,0,0,47.0,12,48.5,37.8
18,5,85,4,6,2,2,2,0,1,1,1,1,0,0,0,0,1,0,58.5,15,56.55,37.0
19,2,86,2,6,2,2,2,0,0,1,0,0,0,0,0,0,1,0,41.0,14,44.3,37.6
18,6,91,2,7,3,3,3,0,1,1,0,1,0,0,1,0,0,0,73.5,9,64.64999999999999,28.6
21,3,80,2,3,2,2,2,0,1,0,1,0,0,0,0,0,0,1,52.0,20,59.2,22.0
19,4,93,3,5,3,3,3,0,1,0,1,1,0,0,0,0,0,0,59.5,7,59.65,27.799999999999997
21,4,81,2,7,1,1,1,0,1,0,0,0,1,0,0,0,0,1,52.5,19,49.95,38.6
17,2,89,1,5,2,2,2,0,1,0,0,0,1,0,0,0,0,0,47.5,11,51.25,27.4
21,5,78,0,7,1,1,1,0,1,1,0,0,1,0,0,0,1,0,65.0,22,58.7,28.799999999999997
22,4,86,0,4,2,2,2,0,1,0,0,0,0,0,0,0,0,0,67.0,14,67.3,13.600000000000001
17,7,91,2,3,3,3,3,0,1,0,0,0,0,0,0,0,1,0,89.5,9,85.45,5.600000000000001
21,4,73,5,5,2,2,2,1,1,0,0,0,0,0,0,0,0,0,43.5,27,48.45,43.8
23,3,89,5,6,0,0,0,1,1,1,0,0,1,0,0,0,1,0,41.5,11,44.65,45.4
18,1,83,1,7,0,0,0,1,1,0,1,1,0,0,0,1,0,0,32.5,17,35.95,42.8
24,3,98,2,6,2,3,3,0,1,1,1,0,0,0,0,0,1,0,55.0,2,54.1,29.799999999999997
21,4,79,1,4,2,2,2,0,1,1,0,1,0,0,0,1,0,0,60.5,21,62.74999999999999,20.4
19,3,84,2,6,1,1,1,0,1,0,1,0,0,1,0,1,0,0,48.0,16,49.199999999999996,35.4
20,4,80,3,6,2,2,2,0,1,0,0,0,0,0,0,0,1,0,51.0,20,51.3,38.0
22,4,87,3,1,4,3,3,0,1,1,1,1,0,0,0,0,0,0,64.5,13,72.75,10.2
21,4,64,6,5,2,2,2,1,1,0,0,0,0,1,0,0,0,1,36.0,36,43.2,51.4
22,3,70,1,6,1,1,1,0,1,0,0,1,0,0,0,0,1,0,44.0,30,46.4,37.0
19,2,87,3,7,1,0,0,0,1,0,0,1,0,0,0,0,0,1,36.5,13,38.75,46.2
21,4,82,0,5,2,3,3,0,1,1,0,0,0,0,0,0,0,0,63.0,18,62.099999999999994,20.200000000000003
17,4,66,0,5,0,0,0,1,1,1,0,0,0,0,1,0,0,0,55.0,34,56.5,26.6
20,3,76,3,5,2,1,1,0,1,0,0,0,0,1,0,0,1,0,43.0,24,48.099999999999994,37.6
19,1,78,1,6,0,0,0,1,1,0,1,1,0,0,0,1,0,0,32.0,22,38.0,39.8
19,7,78,4,3,3,3,3,0,1,1,0,1,0,0,0,1,0,0,77.0,22,76.7,18.799999999999997
23,4,89,0,4,2,2,3,0,1,0,0,1,0,0,0,1,0,0,68.5,11,68.35,12.399999999999999
23,4,92,3,1,3,4,3,0,1,1,1,1,0,0,0,0,0,1,67.0,8,74.5,8.2
22,1,64,1,4,2,2,2,1,1,1,0,0,0,0,0,1,0,0,29.0,36,40.699999999999996,35.4
18,4,81,3,6,2,1,1,0,1,0,0,1,0,0,0,0,0,1,51.5,19,51.65,37.6
20,5,82,3,4,3,3,3,0,1,1,0,0,0,0,1,0,0,0,64.0,18,65.19999999999999,24.200000000000003
23,4,70,1,5,1,1,1,0,1,0,0,0,0,1,0,0,1,0,54.0,30,55.8,29.0
21,4,92,3,6,3,3,3,0,1,1,0,0,0,0,0,0,1,0,57.0,8,55.5,33.2
26,4,85,3,10,0,0,0,1,1,1,1,0,0,0,0,1,0,0,45.5,15,37.849999999999994,56.0
21,2,88,4,5,3,3,3,0,1,0,0,0,0,1,0,0,0,1,38.0,12,44.599999999999994,39.8
21,3,78,4,6,1,1,1,0,1,0,0,0,0,0,0,0,0,0,39.0,22,42.9,45.8
20,3,75,2,5,2,2,2,0,1,0,0,0,0,0,0,0,1,0,45.5,25,49.849999999999994,34.0
21,5,77,2,6,1,1,1,0,1,0,1,1,0,0,0,0,1,0,60.5,23,57.949999999999996,32.2
20,4,81,1,5,2,2,2,0,1,1,1,0,0,0,0,1,0,0,59.5,19,59.65,24.6
22,3,78,0,4,1,2,2,0,1,0,0,0,0,0,1,0,0,0,55.0,22,58.9,19.8
23,3,89,0,5,2,2,2,0,1,1,0,0,1,0,1,0,0,0,58.5,11,58.949999999999996,20.4
19,1,100,2,7,1,1,1,1,1,0,1,0,0,1,0,0,0,1,38.0,0,39.8,40.0
18,4,86,0,6,2,2,2,0,1,0,1,0,1,0,0,0,0,1,63.0,14,59.699999999999996,23.6
17,3,66,1,3,1,1,1,1,1,1,0,1,0,0,1,0,0,0,48.0,34,56.39999999999999,23.6
22,4,83,0,4,2,2,2,0,1,0,0,0,1,0,0,0,0,1,65.5,17,66.25,14.8
18,7,72,1,3,2,2,2,0,1,0,0,0,0,1,0,0,1,0,83.0,28,80.89999999999999,9.200000000000003
17,3,78,2,7,1,1,1,0,1,0,1,0,1,0,0,0,1,0,43.0,22,43.3,42.8
21,4,81,1,4,1,1,1,0,1,1,0,0,1,0,0,0,0,0,61.5,19,63.449999999999996,19.6
26,3,79,3,7,3,3,3,0,1,0,0,1,0,0,0,1,0,0,40.5,21,41.55,46.4
21,3,73,1,7,2,2,2,0,0,0,0,1,0,0,0,0,0,1,43.5,27,43.65,40.8
22,2,86,2,5,2,1,1,0,1,0,1,0,1,0,0,0,1,0,43.0,14,48.099999999999994,32.6
21,2,66,0,6,1,1,1,1,0,0,0,0,1,0,0,1,0,0,37.0,34,41.5,37.6
20,1,85,2,4,2,2,2,1,1,1,1,0,0,0,0,0,0,0,36.5,15,45.949999999999996,31.0
23,2,74,1,7,0,0,0,0,1,1,0,0,0,1,0,1,0,0,36.0,26,38.4,43.4
20,4,84,1,3,1,1,1,0,1,0,0,1,0,0,0,0,0,1,65.0,16,68.3,13.399999999999999
21,3,71,0,4,1,1,1,0,1,1,0,0,1,0,0,0,0,1,51.5,29,56.449999999999996,22.6
21,3,83,0,4,2,2,2,0,1,0,0,0,1,0,0,1,0,0,57.5,17,60.65,17.8
19,3,93,3,7,2,2,2,0,1,1,0,1,0,0,0,0,0,1,47.5,7,46.45,40.8
23,4,77,3,8,0,0,0,1,1,0,0,1,0,0,0,0,1,0,45.5,23,42.65,49.2
20,4,77,2,4,3,3,3,0,1,1,0,0,1,0,0,0,0,0,56.5,23,59.949999999999996,25.200000000000003
19,4,85,5,5,1,1,1,1,1,1,0,0,0,0,1,0,0,0,49.5,15,52.65,39.0
22,3,83,2,3,1,1,1,0,1,0,0,0,1,0,1,0,0,0,53.5,17,60.25,20.8
19,4,70,2,5,0,0,0,0,1,0,0,0,0,0,1,0,0,0,51.0,30,53.699999999999996,33.0
21,1,90,0,7,0,0,0,1,0,0,0,0,1,0,0,0,0,1,39.0,10,40.5,36.0
21,3,88,1,2,4,4,4,0,1,1,1,0,0,0,1,0,0,0,61.0,12,67.89999999999999,9.8
23,2,92,3,5,3,3,3,0,1,1,0,0,0,0,0,0,0,0,43.0,8,48.099999999999994,34.2
22,4,86,5,6,2,2,2,1,1,0,1,1,0,0,0,0,0,1,48.0,14,49.199999999999996,43.6
20,3,97,0,5,4,4,4,0,1,0,0,0,0,1,1,0,0,0,62.5,3,61.75,17.2
22,2,67,2,5,2,1,1,1,1,0,0,0,0,0,1,0,0,0,33.5,33,41.45,40.2
24,4,94,1,7,3,3,3,0,1,1,1,0,0,1,0,0,0,0,62.0,6,56.599999999999994,29.4
22,5,78,3,4,3,3,3,0,0,0,1,1,0,0,0,1,0,0,62.0,22,63.8,25.799999999999997
21,4,77,2,4,4,3,3,0,1,1,0,1,0,0,0,0,0,0,56.5,23,59.949999999999996,25.200000000000003
18,4,61,1,5,2,2,2,1,1,0,0,0,0,1,0,0,0,1,49.5,39,52.65,32.6
18,4,86,0,6,1,1,1,0,1,1,0,1,0,0,1,0,0,0,63.0,14,59.699999999999996,23.6
20,4,88,0,5,2,2,2,0,1,1,1,0,0,0,0,0,0,1,66.0,12,64.19999999999999,17.8
19,3,78,1,4,2,2,2,0,1,0,1,1,0,0,1,0,0,0,52.0,22,56.8,23.799999999999997
20,3,84,1,3,1,2,2,0,1,1,0,0,0,1,0,1,0,0,57.0,16,62.7,16.4
21,2,100,0,5,3,3,3,0,1,0,0,0,0,0,0,0,1,0,56.0,0,57.199999999999996,19.0
22,4,76,0,5,0,0,0,0,1,0,0,0,0,0,0,0,1,0,60.0,24,60.0,22.6
20,1,78,2,3,2,2,2,1,1,0,0,0,1,0,0,0,0,0,35.0,22,47.3,28.8
22,2,93,0,2,3,3,3,0,0,1,0,0,1,0,0,0,0,1,58.5,7,66.14999999999999,6.800000000000001
21,6,69,1,2,3,3,3,1,1,1,0,0,1,0,0,0,0,1,75.5,31,78.05,8.399999999999999
17,3,84,0,2,4,4,3,0,1,0,0,1,0,0,0,0,0,1,62.0,16,68.6,7.399999999999999
18,4,62,4,3,2,3,3,1,1,1,0,0,0,1,0,0,0,1,45.0,38,54.3,34.2
20,2,71,3,5,0,0,0,0,1,1,1,0,0,1,0,0,0,1,32.5,29,40.75,42.6
18,4,72,2,5,3,3,3,0,0,0,0,0,0,0,0,1,0,0,52.0,28,54.4,32.2
22,5,75,1,5,0,0,0,0,1,0,0,0,0,1,0,0,0,1,64.5,25,63.15,24.0
24,5,72,4,6,3,3,3,0,0,0,1,0,0,1,0,1,0,0,52.0,28,52.0,42.2
23,2,83,3,6,1,1,1,0,1,0,0,1,0,0,0,0,0,0,36.5,17,41.15,42.8
20,5,93,1,6,1,1,1,0,1,0,0,1,0,0,1,0,0,0,71.5,7,65.64999999999999,21.799999999999997
24,4,98,3,5,2,2,2,0,1,1,0,0,1,0,1,0,0,0,62.0,2,61.4,25.799999999999997
21,0,73,4,3,1,2,2,1,1,0,1,1,0,0,0,0,1,0,18.5,27,35.75,41.8
20,2,87,2,3,1,2,2,0,1,0,1,0,0,1,0,1,0,0,47.5,13,56.05,22.2
19,1,91,1,4,1,1,1,1,0,0,1,1,0,0,0,0,0,1,42.5,9,50.14999999999999,24.6
20,4,83,2,7,1,1,1,0,1,0,0,1,0,0,0,1,0,0,53.5,17,50.64999999999999,37.8
20,3,87,2,9,3,3,3,1,1,0,0,0,1,0,0,1,0,0,43.5,13,38.85,49.2
21,3,85,0,6,0,0,0,0,1,0,0,0,1,0,1,0,0,0,54.5,15,53.75,27.0
21,3,85,2,6,1,1,1,0,1,1,0,0,0,1,0,1,0,0,48.5,15,49.55,35.0
21,6,76,2,7,2,2,2,0,1,0,1,0,0,1,0,0,0,1,66.0,24,59.39999999999999,34.6
22,3,66,3,8,2,2,2,1,1,0,0,0,1,0,0,1,0,0,32.0,34,33.199999999999996,56.599999999999994
23,4,79,3,3,1,1,1,0,1,1,0,1,0,0,0,0,0,1,56.5,21,62.349999999999994,23.4
23,4,75,1,10,0,0,0,1,1,1,1,0,1,0,0,0,1,0,46.5,25,38.55,52.0
17,2,79,1,8,0,0,0,1,1,1,0,0,1,0,0,1,0,0,36.5,21,36.349999999999994,46.4
17,4,89,0,3,4,3,3,0,1,1,1,0,0,1,0,0,0,1,70.5,11,72.14999999999999,7.399999999999999
23,4,78,4,5,4,3,3,0,1,0,0,1,0,0,0,1,0,0,49.0,22,52.3,37.8
18,5,83,3,10,1,1,1,1,1,1,0,0,1,0,1,0,0,0,52.5,17,42.75,53.8
20,3,72,3,7,2,2,2,0,1,0,0,0,0,0,1,0,0,0,37.0,28,39.099999999999994,49.2
18,5,78,0,4,3,3,3,0,1,0,1,0,0,1,1,0,0,0,71.0,22,70.1,13.8
17,4,75,2,5,3,3,3,0,1,1,1,0,0,0,0,0,1,0,53.5,25,55.449999999999996,31.0
22,4,83,2,6,3,3,3,0,1,1,0,1,0,0,0,0,0,1,55.5,17,54.449999999999996,32.8
22,5,78,3,7,0,0,0,0,1,1,1,1,0,0,0,0,0,1,56.0,22,52.39999999999999,40.8
19,6,89,0,8,1,0,1,1,1,1,0,0,1,0,1,0,0,0,76.5,11,64.35,26.4
17,5,75,1,5,2,2,2,0,1,1,0,0,0,0,0,1,0,0,64.5,25,63.15,24.0
19,3,99,1,6,2,2,2,0,1,0,0,0,1,0,0,0,0,0,58.5,1,56.55,25.4
21,3,70,2,4,2,2,2,0,1,0,0,0,1,0,0,1,0,0,45.0,30,51.89999999999999,31.0
17,4,84,3,3,3,3,3,0,1,0,0,1,0,0,0,0,1,0,59.0,16,64.1,21.4
21,4,69,1,3,2,2,2,1,1,0,1,0,0,1,0,1,0,0,57.5,31,63.05,19.4
21,5,90,5,5,2,2,2,1,1,0,0,0,1,0,1,0,0,0,60.0,10,60.0,34.0
22,2,82,0,6,3,3,3,0,1,0,0,0,0,1,0,0,0,0,45.0,18,47.099999999999994,31.200000000000003
21,5,83,0,2,3,3,3,0,1,0,0,0,0,0,1,0,0,0,77.5,17,79.45,1.8000000000000007
18,2,74,2,9,2,3,3,1,1,1,0,0,1,0,0,0,1,0,29.0,26,28.699999999999996,57.4
23,3,90,4,4,4,3,3,0,1,0,0,0,0,1,1,0,0,0,49.0,10,54.699999999999996,31.0
20,4,87,2,4,3,3,3,0,1,0,0,0,0,1,0,0,1,0,61.5,13,63.449999999999996,21.200000000000003
20,3,77,3,5,0,0,0,0,1,1,1,0,0,0,0,0,0,0,43.5,23,48.45,37.2
18,4,81,1,1,4,4,4,0,1,1,0,1,0,0,1,0,0,0,67.5,19,74.85,4.600000000000001
20,5,74,0,6,0,1,1,0,1,1,0,0,0,1,0,0,1,0,65.0,26,61.1,25.4
19,3,74,3,3,2,3,3,0,0,1,0,0,1,0,0,1,0,0,46.0,26,55.0,28.4
20,2,77,1,2,0,0,0,0,0,1,1,0,0,0,1,0,0,0,47.5,23,58.45,17.200000000000003
24,2,79,0,5,0,0,0,0,1,1,0,0,0,0,0,0,0,0,45.5,21,49.849999999999994,27.4
18,3,82,4,5,2,2,2,0,1,0,0,0,1,0,0,0,1,0,43.0,18,48.099999999999994,39.2
17,4,81,2,5,2,2,2,0,1,0,0,0,0,1,0,0,0,1,56.5,19,57.55,28.6
24,3,75,1,5,2,2,2,0,1,0,1,0,0,1,0,0,0,0,48.5,25,51.949999999999996,30.0
20,6,88,2,5,2,1,1,0,1,1,1,0,0,0,1,0,0,0,76.0,12,71.19999999999999,19.799999999999997
19,2,90,2,5,2,1,1,0,1,1,0,0,1,0,0,0,0,1,45.0,10,49.5,31.0
23,1,89,1,1,4,3,3,1,1,1,1,1,0,0,0,0,1,0,47.5,11,60.849999999999994,10.4
19,4,87,1,5,3,3,3,0,1,0,1,0,1,0,0,1,0,0,62.5,13,61.75,22.200000000000003
25,3,62,0,5,0,0,0,1,1,1,0,0,0,0,1,0,0,0,45.0,38,49.5,31.200000000000003
22,3,74,1,5,3,3,3,0,1,0,0,0,1,0,0,0,1,0,48.0,26,51.599999999999994,30.4
19,4,70,1,4,1,1,1,0,0,1,0,0,0,0,0,1,0,0,56.0,30,59.599999999999994,24.0
25,2,67,4,6,1,1,1,1,0,1,0,0,1,0,0,1,0,0,25.5,33,33.449999999999996,53.2
19,4,91,2,3,2,2,2,0,1,1,1,0,1,0,0,0,0,1,65.5,9,68.64999999999999,14.600000000000001
22,4,95,3,6,1,1,1,0,1,0,0,1,0,0,0,0,0,0,58.5,5,56.55,32.0
21,3,82,2,6,0,1,1,0,1,1,1,1,0,0,0,0,0,0,47.0,18,48.5,36.2
23,4,85,1,8,1,0,0,1,1,1,0,0,0,0,0,1,0,0,55.5,15,49.64999999999999,38.0
24,6,79,0,4,4,4,4,0,0,1,1,0,0,0,0,0,0,0,79.5,21,76.05,10.399999999999999
21,3,91,3,7,0,0,0,0,1,0,0,1,0,0,0,0,0,0,46.5,9,45.75,41.6
19,3,84,0,5,1,0,0,0,1,0,0,1,0,0,0,0,0,0,56.0,16,57.199999999999996,22.4
22,4,77,0,5,2,2,2,0,1,0,0,0,0,0,0,0,1,0,60.5,23,60.349999999999994,22.200000000000003
19,3,86,0,4,1,1,1,0,1,0,1,1,0,0,1,0,0,0,59.0,14,61.699999999999996,16.6
25,4,80,1,6,3,3,3,0,1,1,0,0,1,0,0,0,1,0,57.0,20,55.5,30.0
21,5,83,0,4,2,3,3,0,0,0,0,0,1,0,1,0,0,0,73.5,17,71.85,11.8
20,5,87,1,5,1,1,1,0,1,0,0,0,0,1,0,0,0,1,70.5,13,67.35,19.200000000000003
21,3,100,3,6,2,2,2,0,1,0,0,0,0,0,0,1,0,0,53.0,0,52.699999999999996,33.0
18,2,96,0,5,3,3,3,0,0,0,0,0,0,0,1,0,0,0,54.0,4,55.8,20.6
18,3,83,4,6,2,2,2,0,1,0,0,0,0,0,0,1,0,0,41.5,17,44.65,43.8
23,4,74,1,8,2,2,2,1,1,1,1,0,0,0,0,0,0,1,50.0,26,45.8,42.4
19,3,64,3,6,1,1,1,1,1,1,0,0,1,0,0,0,1,0,35.0,36,40.1,47.4
18,4,92,1,4,2,2,2,0,0,0,1,0,0,0,0,0,0,1,67.0,8,67.3,15.2
22,6,91,0,4,3,3,3,0,1,1,0,1,0,0,0,0,0,1,85.5,9,80.25,5.600000000000001
23,3,77,3,5,1,2,2,0,0,0,0,0,1,0,0,0,0,1,43.5,23,48.45,37.2
22,2,81,0,9,0,0,0,1,1,0,0,0,0,1,1,0,0,0,38.5,19,35.35,46.6
23,5,83,1,3,1,1,1,0,1,0,1,1,0,0,0,0,0,1,72.5,17,73.55,10.8
19,2,86,1,5,2,2,2,0,1,0,0,0,0,0,1,0,0,0,46.0,14,50.199999999999996,28.6
17,4,95,5,8,1,2,2,1,1,0,0,0,1,0,1,0,0,0,48.5,5,44.74999999999999,50.0
24,3,71,2,6,0,0,0,0,1,1,0,1,0,0,0,1,0,0,41.5,29,44.65,40.6
20,4,87,1,5,3,3,3,0,0,0,1,0,0,1,1,0,0,0,62.5,13,61.75,22.200000000000003
20,3,83,1,2,4,3,3,0,1,1,0,0,0,1,0,1,0,0,58.5,17,66.14999999999999,11.8
23,3,77,0,8,1,1,1,1,1,1,1,0,1,0,0,0,0,0,46.5,23,43.349999999999994,40.2
22,4,88,1,4,3,3,3,0,1,0,1,1,0,0,0,0,1,0,65.0,12,65.9,16.8
22,4,81,2,3,3,2,2,0,1,0,1,0,1,0,1,0,0,0,60.5,19,65.14999999999999,18.6
25,4,81,2,6,2,2,2,0,1,0,0,0,0,0,1,0,0,0,54.5,19,53.75,33.6
19,2,84,1,8,1,1,1,1,0,0,0,0,0,1,0,0,0,1,39.0,16,38.099999999999994,44.4
23,3,78,3,6,2,2,2,0,1,1,0,0,0,1,1,0,0,0,42.0,22,45.0,41.8
21,4,87,2,4,2,2,2,0,1,0,0,0,1,0,0,0,0,0,61.5,13,63.449999999999996,21.200000000000003
21,2,78,3,5,0,0,0,0,1,1,0,1,0,0,0,1,0,0,36.0,22,43.2,39.8
24,3,95,2,5,2,2,2,0,1,0,0,0,1,0,0,0,0,0,55.5,5,56.849999999999994,26.0
22,4,83,1,4,2,2,2,0,1,0,0,0,0,1,0,0,0,1,62.5,17,64.15,18.8
22,4,76,0,5,2,2,2,0,1,1,0,0,0,0,1,0,0,0,60.0,24,60.0,22.6
23,3,84,3,4,2,2,2,0,1,0,0,0,0,0,0,0,0,1,49.0,16,54.699999999999996,29.4
20,3,89,1,3,2,2,2,0,1,0,1,0,0,1,1,0,0,0,59.5,11,64.45,14.399999999999999
19,4,69,1,6,4,3,3,1,0,0,1,0,0,0,0,0,0,0,51.5,31,51.65,34.4
18,3,92,2,4,2,2,2,0,1,0,1,1,0,0,1,0,0,0,56.0,8,59.599999999999994,22.2
17,2,84,0,5,3,4,4,0,1,0,1,0,0,1,0,0,1,0,48.0,16,51.599999999999994,25.4
25,4,81,0,4,2,2,2,0,1,1,0,0,1,0,0,0,1,0,64.5,19,65.55,15.600000000000001
18,3,76,1,4,1,1,1,0,1,0,0,1,0,0,0,0,0,1,51.0,24,56.099999999999994,24.6
20,4,84,1,4,2,2,2,0,1,0,0,0,1,0,0,0,1,0,63.0,16,64.5,18.4
20,3,74,4,4,2,2,2,0,1,0,1,1,0,0,1,0,0,0,41.0,26,49.099999999999994,37.4
21,4,66,0,4,1,1,1,1,0,1,0,1,0,0,0,0,1,0,57.0,34,60.3,21.6
22,1,76,1,5,1,2,2,1,0,1,1,1,0,0,0,0,0,0,33.0,24,41.099999999999994,35.6
22,4,79,0,8,0,0,0,1,1,1,1,1,0,0,0,0,0,0,55.5,21,49.64999999999999,36.4
19,3,86,0,6,3,3,3,0,1,1,0,0,0,0,0,0,0,0,55.0,14,54.1,26.6
20,3,80,0,4,2,2,2,0,1,1,0,1,0,0,0,0,0,0,56.0,20,59.599999999999994,19.0
21,3,72,2,4,2,2,2,0,0,0,0,0,0,1,0,0,0,1,46.0,28,52.599999999999994,30.200000000000003
20,3,76,1,2,1,2,1,0,1,0,1,0,1,0,0,0,1,0,55.0,24,63.7,14.600000000000001
24,4,82,0,4,2,2,2,0,1,0,0,0,0,1,0,1,0,0,65.0,18,65.9,15.2
22,4,87,3,3,3,3,3,0,1,0,0,0,0,0,0,0,0,1,60.5,13,65.14999999999999,20.200000000000003
22,4,88,2,5,0,0,0,0,1,1,0,0,1,0,0,1,0,0,60.0,12,60.0,25.799999999999997
22,2,71,3,8,0,0,0,1,1,0,0,0,0,0,0,0,0,1,26.5,29,29.349999999999994,57.6
23,5,82,3,4,4,3,3,0,1,0,1,0,1,0,0,1,0,0,64.0,18,65.19999999999999,24.200000000000003
21,3,88,2,2,1,2,2,0,1,0,0,0,1,0,0,0,0,0,58.0,12,65.8,13.8
18,4,75,1,5,1,1,1,0,1,1,0,1,0,0,0,0,1,0,56.5,25,57.55,27.0
21,3,96,0,4,3,2,2,0,1,0,0,0,0,0,1,0,0,0,64.0,4,65.19999999999999,12.600000000000001
19,2,78,2,7,1,2,2,0,1,1,0,1,0,0,1,0,0,0,35.0,22,37.7,45.8
19,7,90,3,2,2,3,3,0,1,1,1,0,0,0,0,0,0,1,88.0,10,86.8,5.0
22,4,87,0,3,4,4,4,0,1,0,1,0,0,1,0,1,0,0,69.5,13,71.45,8.2
23,1,76,1,6,1,1,1,1,1,0,1,0,0,0,0,0,1,0,31.0,24,37.3,40.6
21,3,82,0,2,4,3,3,0,1,0,0,0,0,0,1,0,0,0,61.0,18,67.89999999999999,8.2
21,3,92,2,6,1,0,0,0,0,1,1,0,0,0,0,0,1,0,52.0,8,52.0,32.2
24,3,77,1,4,1,1,1,0,1,0,1,0,1,0,1,0,0,0,51.5,23,56.449999999999996,24.200000000000003
21,1,83,2,7,1,1,1,1,1,0,0,1,0,0,0,0,1,0,29.5,17,33.849999999999994,46.8
26,4,70,1,5,1,0,0,0,1,1,0,1,0,0,1,0,0,0,54.0,30,55.8,29.0
22,2,84,2,5,0,0,0,0,1,0,0,0,0,1,0,1,0,0,42.0,16,47.4,33.4
17,5,78,1,6,2,1,1,0,0,1,0,1,0,0,1,0,0,0,64.0,22,60.4,27.799999999999997
22,3,86,0,5,2,2,2,0,1,0,0,0,0,1,0,0,0,0,57.0,14,57.9,21.6
21,4,75,2,3,3,3,3,0,1,1,0,0,0,1,1,0,0,0,57.5,25,63.05,21.0
23,5,84,7,4,0,0,0,1,1,0,0,0,0,0,0,0,0,0,53.0,16,57.49999999999999,39.4
22,4,79,1,2,3,3,3,0,1,1,1,1,0,0,0,1,0,0,64.5,21,70.35,10.399999999999999
20,4,60,2,3,2,2,2,1,1,1,0,0,0,1,0,0,0,1,50.0,40,57.8,27.0
18,5,82,1,1,3,2,3,0,1,1,0,0,1,0,0,0,0,1,76.0,18,80.8,1.1999999999999993
20,3,92,1,9,0,0,0,1,1,0,0,0,1,0,0,0,1,0,49.0,8,42.699999999999996,43.2
19,4,73,2,5,2,3,3,0,1,0,1,0,0,0,1,0,0,0,52.5,27,54.75,31.799999999999997
19,3,76,1,6,1,2,2,0,1,1,1,1,0,0,1,0,0,0,47.0,24,48.5,34.6
22,4,92,0,4,2,3,3,0,0,1,0,0,1,0,0,0,0,0,70.0,8,69.4,11.2
24,2,86,0,6,1,1,1,0,1,0,1,0,1,0,0,0,0,0,47.0,14,48.5,29.6
21,2,79,3,6,3,3,3,0,0,0,0,0,0,0,0,0,1,0,34.5,21,39.75,44.4
18,3,84,0,7,1,1,1,0,1,0,0,0,1,0,0,1,0,0,52.0,16,49.599999999999994,32.4
22,5,77,2,5,1,1,1,0,1,0,0,0,1,0,0,0,0,1,62.5,23,61.75,27.200000000000003
23,3,100,0,7,2,1,1,0,1,0,0,1,0,0,0,0,0,0,60.0,0,55.2,26.0
19,6,89,4,4,3,4,4,0,1,1,0,0,0,0,0,1,0,0,72.5,11,71.15,22.4
20,4,95,3,5,2,2,2,0,1,0,1,0,0,0,0,0,0,1,60.5,5,60.349999999999994,27.0
21,3,82,4,5,3,2,2,0,1,0,0,0,1,0,0,0,0,1,43.0,18,48.099999999999994,39.2
19,5,71,3,3,4,4,3,0,1,1,1,0,0,1,1,0,0,0,60.5,29,65.14999999999999,23.6
22,5,86,1,2,4,4,3,0,1,0,0,0,1,0,0,0,0,1,76.0,14,78.39999999999999,4.600000000000001
20,2,92,0,5,2,2,2,0,1,0,1,0,0,0,0,1,0,0,52.0,8,54.4,22.2
21,3,92,2,5,0,0,0,0,1,0,0,1,0,0,0,0,0,1,54.0,8,55.8,27.200000000000003
19,4,68,3,5,1,2,2,1,1,0,0,0,1,0,0,0,0,0,47.0,32,50.9,37.8
20,4,83,1,7,2,2,2,0,1,1,1,0,0,0,0,1,0,0,56.5,17,52.75,33.8
22,4,69,2,8,1,0,0,1,1,1,0,0,0,0,0,0,0,1,44.5,31,41.949999999999996,48.4
20,3,77,3,6,2,2,2,0,0,1,0,0,1,0,0,0,1,0,41.5,23,44.65,42.2
24,3,86,2,6,2,2,2,0,1,0,0,1,0,0,0,0,1,0,49.0,14,49.9,34.6
20,3,92,3,5,4,4,4,0,1,0,0,0,1,0,0,1,0,0,51.0,8,53.699999999999996,31.200000000000003
21,3,83,3,5,1,2,2,0,1,1,0,1,0,0,0,0,0,0,46.5,17,50.55,34.8
23,2,72,0,6,2,1,1,0,1,1,0,1,0,0,0,0,0,1,40.0,28,43.6,35.2
17,4,86,2,5,2,2,2,0,1,1,1,0,0,0,0,0,0,0,59.0,14,59.3,26.6
17,4,75,1,6,3,3,3,0,0,1,1,0,0,1,1,0,0,0,54.5,25,53.75,32.0
17,6,79,1,5,2,1,1,0,1,1,1,0,0,0,0,1,0,0,74.5,21,70.15,19.4
23,3,82,2,4,2,2,2,0,1,1,0,1,0,0,1,0,0,0,51.0,18,56.099999999999994,26.200000000000003
19,4,76,0,6,2,2,2,0,1,0,0,0,0,1,0,1,0,0,58.0,24,56.199999999999996,27.6
26,3,87,4,5,3,3,3,0,1,0,1,1,0,0,0,1,0,0,45.5,13,49.849999999999994,37.2
19,3,88,4,8,2,2,2,1,1,1,1,0,1,0,0,0,0,1,40.0,12,38.8,51.8
21,3,90,1,4,3,3,3,0,1,0,0,1,0,0,0,0,0,0,58.0,10,60.99999999999999,19.0
24,4,93,1,5,1,1,1,0,1,0,1,0,0,1,0,0,0,0,65.5,7,63.849999999999994,19.8
25,5,80,3,8,2,2,2,1,1,1,1,0,1,0,0,0,0,0,55.0,20,49.3,45.0
25,3,72,0,3,2,2,2,0,1,0,0,0,0,0,1,0,0,0,54.0,28,60.599999999999994,17.200000000000003
23,4,73,2,7,1,1,1,0,1,1,1,0,0,1,0,0,1,0,48.5,27,47.14999999999999,41.8
23,4,95,1,5,2,2,2,0,1,1,0,0,0,0,0,0,0,0,66.5,5,64.55,19.0
22,2,94,1,6,0,0,0,0,1,1,0,0,1,0,0,0,0,1,48.0,6,49.199999999999996,30.4
22,3,92,1,8,1,1,1,1,1,0,0,0,0,0,0,1,0,0,51.0,8,46.49999999999999,38.2
19,6,77,3,4,2,2,2,0,1,0,1,0,0,1,0,0,1,0,69.5,23,69.05,23.200000000000003
19,2,95,0,4,2,2,2,0,1,0,0,1,0,0,0,0,0,0,55.5,5,59.24999999999999,16.0
21,2,80,2,6,0,0,0,0,1,0,0,0,1,0,0,0,1,0,38.0,20,42.199999999999996,40.0
20,2,84,1,4,2,3,3,0,1,1,0,0,1,0,0,0,1,0,47.0,16,53.3,24.4
20,6,88,2,1,4,4,4,0,1,0,0,0,0,0,0,0,0,1,84.0,12,86.39999999999999,0.0
22,5,92,1,7,4,4,4,0,1,0,0,0,1,0,0,1,0,0,69.0,8,61.5,27.200000000000003
23,4,86,1,6,2,2,2,0,1,0,1,0,1,0,0,0,1,0,60.0,14,57.6,27.6
21,5,93,3,5,1,2,1,0,1,0,0,1,0,0,1,0,0,0,67.5,7,65.25,24.799999999999997
24,4,82,2,5,1,1,1,0,1,0,1,0,0,1,0,0,0,0,57.0,18,57.9,28.200000000000003
18,3,80,1,9,0,0,0,1,1,0,1,0,0,0,0,1,0,0,43.0,20,38.5,48.0
20,3,79,2,7,0,0,0,0,1,0,0,1,0,0,0,0,0,1,43.5,21,43.65,42.4
19,4,57,3,5,2,2,2,1,1,1,1,0,0,1,0,0,1,0,41.5,43,47.05,42.2
17,4,44,1,5,1,1,1,1,1,1,0,0,0,0,0,1,0,0,41.0,56,46.7,39.400000000000006
20,2,90,0,7,1,1,1,0,1,1,0,1,0,0,0,0,1,0,47.0,10,46.099999999999994,33.0
20,4,80,0,7,2,2,2,0,1,1,0,0,0,0,0,0,0,1,58.0,20,53.8,31.0
24,3,87,4,2,1,2,2,0,1,1,1,1,0,0,1,0,0,0,51.5,13,61.25,22.2
22,5,86,3,4,3,3,3,0,1,1,1,1,0,0,0,0,0,1,66.0,14,66.6,22.6
18,2,83,3,3,2,2,2,0,1,1,0,0,0,1,1,0,0,0,42.5,17,52.55,27.799999999999997
25,4,89,1,6,3,4,4,0,1,0,0,0,0,1,0,1,0,0,61.5,11,58.65,26.4
23,4,90,3,3,3,3,3,0,1,0,0,0,0,1,1,0,0,0,62.0,10,66.2,19.0
22,4,74,1,8,1,1,1,1,1,1,0,0,0,1,0,0,1,0,50.0,26,45.8,42.4
20,4,94,2,7,2,1,2,0,1,1,0,0,1,0,0,1,0,0,59.0,6,54.5,33.4
18,3,88,0,5,3,3,3,0,1,1,1,1,0,0,1,0,0,0,58.0,12,58.599999999999994,20.8
20,4,75,2,3,1,2,2,0,1,0,0,0,0,1,0,0,0,1,57.5,25,63.05,21.0
23,4,76,1,4,1,1,1,0,1,0,0,1,0,0,0,0,0,1,59.0,24,61.699999999999996,21.6
25,4,72,0,6,0,1,1,0,1,0,1,0,0,1,0,0,1,0,56.0,28,54.8,29.200000000000003
24,5,87,1,7,3,3,3,0,1,0,0,0,0,1,0,0,0,0,66.5,13,59.75,29.200000000000003
19,2,80,1,5,0,0,0,0,1,0,0,0,1,0,0,1,0,0,43.0,20,48.099999999999994,31.0
18,4,62,1,1,3,3,3,1,1,1,0,0,1,0,0,0,0,1,58.0,38,68.19999999999999,12.200000000000003
21,4,77,1,6,0,0,0,0,1,0,0,0,0,0,0,0,0,0,55.5,23,54.449999999999996,31.200000000000003
17,4,79,1,1,2,3,3,0,0,0,0,0,0,0,1,0,0,0,66.5,21,74.14999999999999,5.399999999999999
21,4,82,2,1,2,3,3,0,1,1,0,1,0,0,0,0,0,1,65.0,18,73.1,8.2
20,4,69,1,7,2,2,2,1,1,0,0,0,0,1,0,0,1,0,49.5,31,47.849999999999994,39.4
20,3,82,2,3,1,1,1,0,1,1,0,1,0,0,0,0,1,0,53.0,18,59.89999999999999,21.2
17,3,94,2,6,0,0,0,0,1,1,0,0,0,1,0,1,0,0,53.0,6,52.699999999999996,31.4
22,4,83,2,5,2,2,2,0,1,0,0,0,1,0,0,0,0,1,57.5,17,58.25,27.799999999999997
19,5,86,0,4,2,2,2,0,1,0,0,0,0,1,0,1,0,0,75.0,14,72.9,10.600000000000001
18,3,94,3,5,2,2,2,0,1,0,1,0,0,1,0,0,0,0,52.0,6,54.4,30.4
17,2,81,0,4,1,1,1,0,1,0,1,0,0,0,0,1,0,0,48.5,19,54.349999999999994,21.6
20,5,81,2,5,2,2,2,0,1,0,0,0,0,0,1,0,0,0,64.5,19,63.15,25.6
24,2,84,0,4,1,2,2,0,1,0,1,0,0,0,0,0,1,0,50.0,16,55.4,20.4
24,4,74,1,4,2,2,2,0,1,0,0,0,0,1,0,0,0,1,58.0,26,60.99999999999999,22.4
20,2,76,2,4,3,3,3,0,1,0,1,0,0,1,0,0,0,0,40.0,24,48.4,31.6
19,3,65,0,3,1,1,1,1,0,0,0,1,0,0,1,0,0,0,50.5,35,58.14999999999999,20.0
22,3,100,3,7,1,0,0,0,1,0,0,0,0,0,0,0,1,0,51.0,0,48.89999999999999,38.0
18,3,88,1,4,2,2,2,0,1,1,0,0,0,1,0,0,0,0,57.0,12,60.3,19.8
21,4,74,3,3,2,2,2,0,1,1,1,0,0,1,0,0,0,1,54.0,26,60.599999999999994,25.4
22,4,90,1,4,2,2,1,0,1,1,0,1,0,0,0,0,1,0,66.0,10,66.6,16.0
23,3,75,2,4,2,2,2,0,1,1,0,0,1,0,0,0,0,1,47.5,25,53.65,29.0
20,3,82,1,4,3,3,3,0,1,1,0,0,0,1,0,0,0,0,54.0,18,58.199999999999996,22.2
20,5,82,2,6,4,3,3,0,1,1,0,0,1,0,1,0,0,0,63.0,18,59.699999999999996,30.200000000000003
19,3,78,2,4,1,1,1,0,0,1,0,0,0,1,0,0,0,0,49.0,22,54.699999999999996,27.799999999999997
19,4,75,1,4,1,1,1,0,0,0,0,1,0,0,0,0,0,0,58.5,25,61.349999999999994,22.0
20,2,91,2,6,0,0,0,0,1,1,1,0,1,0,0,0,1,0,43.5,9,46.05,35.6
21,6,82,2,6,2,2,2,0,1,0,0,1,0,0,0,0,0,1,71.0,18,65.3,27.200000000000003
23,4,95,2,4,4,4,4,0,1,1,0,0,0,1,1,0,0,0,65.5,5,66.25,18.0
19,1,73,1,7,0,0,0,1,1,0,0,0,1,0,0,0,0,1,27.5,27,32.45,46.8
24,4,78,1,5,0,0,0,0,1,0,1,0,1,0,0,0,0,0,58.0,22,58.599999999999994,25.799999999999997
20,3,81,1,7,0,0,0,0,1,1,0,1,0,0,1,0,0,0,47.5,19,46.45,37.6
21,6,90,1,6,4,4,3,0,1,0,1,1,0,0,0,0,0,0,78.0,10,70.19999999999999,20.0
19,7,75,2,5,3,3,3,0,1,0,0,0,0,0,1,0,0,0,77.5,25,72.25,22.0
17,4,86,1,5,2,2,2,0,1,1,0,1,0,0,1,0,0,0,62.0,14,61.4,22.6
22,5,84,0,3,3,3,3,0,0,1,0,1,0,0,0,1,0,0,76.0,16,76.0,6.399999999999999
22,5,93,3,5,2,3,3,0,1,0,0,0,0,1,0,0,1,0,67.5,7,65.25,24.799999999999997
20,2,86,2,5,1,2,2,0,1,0,0,1,0,0,0,0,0,1,43.0,14,48.099999999999994,32.6
21,3,67,3,5,0,0,0,1,1,1,0,0,0,1,0,0,1,0,38.5,33,44.95,41.2
22,3,73,3,5,2,2,2,0,0,0,1,0,1,0,0,0,0,0,41.5,27,47.05,38.8
17,5,74,1,8,2,2,2,1,1,0,1,0,1,0,1,0,0,0,58.0,26,51.39999999999999,39.4
19,6,78,2,8,1,1,2,1,1,0,0,0,0,1,1,0,0,0,65.0,22,56.3,38.8
22,6,92,0,3,4,4,4,0,1,0,0,0,0,0,1,0,0,0,88.0,8,84.39999999999999,0.1999999999999993
18,4,79,2,6,1,1,1,0,1,0,0,0,1,0,0,0,0,1,53.5,21,53.05,34.4
21,4,82,3,5,2,2,2,0,1,1,0,1,0,0,0,0,0,0,54.0,18,55.8,32.2
18,3,80,2,6,1,1,1,0,1,0,0,0,1,0,0,1,0,0,46.0,20,47.8,37.0
22,4,86,0,8,1,2,2,1,1,0,0,1,0,0,0,0,0,1,59.0,14,52.099999999999994,33.6
20,4,76,2,5,2,1,1,0,1,1,0,0,1,0,1,0,0,0,54.0,24,55.8,30.6
17,5,80,0,6,2,2,2,0,1,1,0,1,0,0,0,1,0,0,68.0,20,63.199999999999996,23.0
23,4,80,3,5,3,3,3,0,1,1,1,0,1,0,0,0,1,0,53.0,20,55.099999999999994,33.0
19,4,81,2,5,1,1,1,0,0,1,0,1,0,0,0,0,0,0,56.5,19,57.55,28.6
19,6,77,2,10,1,1,1,1,1,1,1,0,1,0,1,0,0,0,60.5,23,48.349999999999994,49.2
21,4,71,4,4,0,0,0,0,1,0,0,0,0,0,0,0,1,0,47.5,29,53.65,35.6
23,4,89,1,7,1,1,1,0,1,0,0,1,0,0,1,0,0,0,59.5,11,54.849999999999994,31.4
18,5,81,1,5,1,2,2,0,0,1,0,0,1,0,0,0,0,1,67.5,19,65.25,21.6
21,3,91,1,3,0,0,0,0,1,0,0,0,0,0,0,0,0,1,60.5,9,65.14999999999999,13.600000000000001
21,3,85,1,8,0,0,0,1,1,0,0,0,1,0,0,0,0,1,47.5,15,44.05,41.0
22,3,86,1,2,3,2,2,0,0,1,0,0,1,0,0,0,0,0,60.0,14,67.2,10.600000000000001
21,2,91,1,1,4,3,3,0,1,1,1,1,0,0,0,0,0,0,56.5,9,67.14999999999999,6.6
20,4,100,2,6,3,2,2,0,1,1,1,1,0,0,0,1,0,0,64.0,0,60.4,26.0
19,1,92,2,5,1,1,1,1,1,0,1,1,0,0,0,0,0,1,38.0,8,44.599999999999994,33.2
21,3,89,2,6,3,3,3,0,1,1,0,0,1,0,0,1,0,0,50.5,11,50.949999999999996,33.4
18,1,84,1,5,1,2,2,1,1,1,0,1,0,0,1,0,0,0,37.0,16,43.9,32.4
17,3,92,6,6,1,1,1,1,1,1,1,0,0,1,0,1,0,0,40.0,8,43.6,48.2
22,3,76,4,5,1,1,1,0,1,0,0,0,0,0,0,0,0,1,40.0,24,46.0,41.6
23,4,86,3,5,0,0,0,0,1,0,1,0,0,0,0,0,0,0,56.0,14,57.199999999999996,30.6
17,4,92,3,7,2,3,3,0,1,0,0,1,0,0,1,0,0,0,55.0,8,51.7,38.2
18,2,89,3,8,3,3,3,1,1,0,0,0,0,0,0,1,0,0,35.5,11,35.65,50.4
22,3,81,3,7,2,2,2,0,1,1,0,1,0,0,0,1,0,0,41.5,19,42.25,45.6
25,5,85,0,5,2,1,1,0,1,0,0,0,0,0,0,0,0,0,72.5,15,68.75,16.0
21,2,79,2,6,1,1,1,0,1,1,0,0,1,0,0,0,0,0,37.5,21,41.85,40.4
19,6,75,1,6,1,1,1,0,1,1,1,0,0,1,0,0,0,0,70.5,25,64.94999999999999,26.0
20,4,93,3,6,2,2,2,0,1,0,1,0,0,0,0,0,0,0,57.5,7,55.85,32.8
24,2,78,0,3,2,2,2,0,0,0,0,1,0,0,0,0,0,0,49.0,22,57.099999999999994,17.8
19,2,78,5,6,0,0,0,1,1,1,0,0,0,1,0,0,1,0,28.0,22,35.199999999999996,52.8
19,5,78,0,6,2,2,2,0,1,1,0,0,0,0,0,0,1,0,67.0,22,62.5,23.799999999999997
19,4,76,1,8,1,0,0,1,1,1,0,0,1,0,0,0,0,0,51.0,24,46.49999999999999,41.6
18,4,76,3,7,1,1,1,0,1,0,0,0,1,0,0,0,0,1,47.0,24,46.099999999999994,44.6
21,4,68,2,5,1,1,1,1,1,1,0,0,0,0,0,1,0,0,50.0,32,53.0,33.8
24,3,69,1,5,2,2,2,1,1,0,0,0,0,0,0,0,1,0,45.5,31,49.849999999999994,32.4
21,2,80,3,3,3,3,3,0,1,0,0,1,0,0,0,0,1,0,41.0,20,51.5,29.0
20,4,85,2,8,1,1,1,1,0,1,1,0,0,1,1,0,0,0,52.5,15,47.55,42.0
20,6,68,0,3,4,3,3,1,1,0,1,0,0,0,0,0,1,0,76.0,32,76.0,9.8
17,3,83,0,2,4,3,3,0,1,1,0,1,0,0,0,1,0,0,61.5,17,68.25,7.800000000000001
22,4,92,2,7,3,3,3,0,1,0,1,0,0,0,0,0,0,0,58.0,8,53.8,34.2
20,5,78,3,5,1,1,1,0,1,0,0,0,0,0,1,0,0,0,60.0,22,60.0,30.799999999999997
20,3,74,1,6,1,2,2,0,1,0,0,0,1,0,0,0,0,1,46.0,26,47.8,35.4
28,4,81,3,5,2,2,2,0,1,1,0,0,0,1,0,0,0,0,53.5,19,55.449999999999996,32.6
21,5,86,2,3,4,4,4,0,1,0,1,0,0,1,1,0,0,0,71.0,14,72.5,13.600000000000001
19,4,77,4,5,3,3,3,0,1,1,0,0,1,0,0,0,1,0,48.5,23,51.949999999999996,38.2
20,2,89,0,4,2,2,2,0,1,0,0,0,0,0,0,0,0,1,52.5,11,57.15,18.4
23,3,85,4,4,2,3,3,0,1,1,0,1,0,0,0,0,0,1,46.5,15,52.949999999999996,33.0
21,5,95,2,8,3,3,3,1,1,0,0,0,1,0,1,0,0,0,65.5,5,56.64999999999999,35.0
17,2,68,0,6,1,1,1,1,1,0,0,0,0,0,0,0,0,1,38.0,32,42.199999999999996,36.8
23,4,70,0,1,4,3,3,0,1,0,0,0,0,1,0,1,0,0,65.0,30,73.1,5.0
19,3,78,2,5,2,2,2,0,1,1,0,1,0,0,0,1,0,0,47.0,22,50.9,32.8
25,3,71,2,7,0,0,0,0,1,0,1,1,0,0,0,1,0,0,39.5,29,40.849999999999994,45.6
23,4,94,1,3,3,3,3,0,1,1,0,0,1,0,1,0,0,0,70.0,6,71.8,9.399999999999999
20,1,83,2,3,4,3,3,1,1,1,0,0,0,0,0,0,1,0,37.5,17,49.05,26.8
23,5,79,1,7,1,0,0,0,0,0,0,0,0,0,0,0,0,1,62.5,21,56.95,32.4
21,2,94,2,4,1,1,1,0,1,0,1,1,0,0,0,0,0,0,49.0,6,54.699999999999996,24.4
22,4,84,1,1,3,3,3,0,1,1,0,0,0,1,0,0,0,1,69.0,16,75.89999999999999,3.4000000000000004
22,4,80,2,7,1,1,1,0,1,0,1,0,0,0,0,0,0,1,52.0,20,49.599999999999994,39.0
19,4,75,1,5,1,1,1,0,1,0,0,0,0,0,0,0,0,0,56.5,25,57.55,27.0
19,3,86,2,6,2,2,2,0,1,1,0,0,1,0,0,0,0,1,49.0,14,49.9,34.6
23,2,86,5,5,0,0,0,1,1,0,0,1,0,0,1,0,0,0,34.0,14,41.8,44.6
20,1,87,1,7,0,0,0,1,1,0,0,0,0,1,1,0,0,0,34.5,13,37.349999999999994,41.2
20,5,88,1,3,3,3,3,0,1,0,1,0,1,0,0,0,0,1,75.0,12,75.3,8.8
18,3,93,1,6,4,4,4,0,1,0,1,0,1,0,0,0,0,1,55.5,7,54.449999999999996,27.799999999999997
21,3,75,2,7,3,2,2,0,1,1,0,0,1,0,0,1,0,0,41.5,25,42.25,44.0
25,2,99,0,3,2,3,3,0,1,0,0,0,0,1,0,0,0,1,59.5,1,64.45,9.4
18,3,96,0,4,3,3,3,0,1,0,0,1,0,0,0,0,0,1,64.0,4,65.19999999999999,12.600000000000001
21,6,95,3,8,2,2,2,1,0,0,1,0,0,0,0,1,0,0,70.5,5,60.14999999999999,36.0
24,4,80,4,7,3,3,3,0,1,0,0,0,0,0,0,0,0,1,46.0,20,45.39999999999999,47.0
20,2,76,2,4,2,3,3,0,1,1,1,1,0,0,0,1,0,0,40.0,24,48.4,31.6
22,5,82,3,3,4,3,3,0,1,1,1,0,1,0,0,0,0,1,66.0,18,69.0,19.200000000000003
18,0,84,1,6,0,0,0,1,1,1,0,1,0,0,0,1,0,0,27.0,16,34.5,40.4
21,3,88,1,6,4,3,3,0,1,0,0,0,0,1,1,0,0,0,53.0,12,52.699999999999996,29.799999999999997
20,3,80,3,5,2,2,2,0,1,0,1,0,0,0,0,0,0,0,45.0,20,49.5,36.0
23,3,89,1,9,1,1,1,1,1,0,1,0,0,1,0,0,0,0,47.5,11,41.65,44.4
23,2,79,2,6,0,0,0,0,0,1,0,0,0,0,0,1,0,0,37.5,21,41.85,40.4
26,3,82,2,4,1,2,1,0,1,0,1,0,0,1,1,0,0,0,51.0,18,56.099999999999994,26.200000000000003
22,4,87,3,5,1,1,1,0,0,1,1,0,0,0,0,0,0,1,56.5,13,57.55,30.200000000000003
21,2,83,1,5,2,2,2,0,1,1,0,0,0,0,1,0,0,0,44.5,17,49.15,29.799999999999997
21,3,76,0,4,3,3,3,0,0,1,1,0,1,0,0,1,0,0,54.0,24,58.199999999999996,20.6
20,1,74,2,7,0,0,0,1,1,0,0,1,0,0,1,0,0,0,25.0,26,30.7,50.4
21,6,90,1,8,2,2,2,1,0,0,0,0,1,0,0,0,0,1,74.0,10,62.599999999999994,30.0
20,0,86,0,5,2,2,2,1,1,1,1,1,0,0,0,0,0,0,33.0,14,41.099999999999994,30.6
21,3,93,5,3,3,3,3,1,1,0,0,0,1,0,0,0,0,0,49.5,7,57.45,28.799999999999997
23,3,91,2,5,2,2,2,0,1,0,1,1,0,0,1,0,0,0,53.5,9,55.449999999999996,27.6
18,3,79,3,3,4,3,3,0,1,1,1,0,0,1,1,0,0,0,48.5,21,56.75,26.4
23,3,90,3,5,2,2,2,0,1,0,0,0,0,1,0,0,1,0,50.0,10,53.0,32.0
23,4,84,2,6,2,2,2,0,1,0,0,0,0,1,0,0,0,0,56.0,16,54.8,32.4
20,2,81,2,1,2,2,2,0,1,0,0,0,0,1,1,0,0,0,48.5,19,61.55,14.600000000000001
17,1,100,3,6,1,1,1,1,0,0,1,0,1,0,0,1,0,0,37.0,0,41.5,39.0
19,3,100,3,4,1,2,2,0,1,0,0,1,0,0,1,0,0,0,57.0,0,60.3,23.0
23,0,87,4,4,1,1,2,1,0,0,0,0,1,0,1,0,0,0,23.5,13,36.849999999999994,41.2
20,2,75,1,3,1,1,0,0,0,1,0,0,0,1,0,0,1,0,44.5,25,53.95,23.0
18,3,78,0,3,1,1,1,0,1,0,0,0,0,0,0,1,0,0,57.0,22,62.7,14.8
19,4,77,0,8,0,1,1,1,1,0,0,0,0,0,0,0,1,0,54.5,23,48.949999999999996,37.2
22,5,88,3,7,1,1,1,0,1,0,0,0,1,0,0,1,0,0,61.0,12,55.89999999999999,36.8
22,4,85,3,7,0,0,0,0,1,1,0,0,0,1,0,0,0,0,51.5,15,49.25,41.0
20,4,79,3,4,3,3,3,0,1,1,0,0,0,0,0,0,0,0,54.5,21,58.55,28.4
20,3,98,1,8,1,1,1,1,1,1,0,0,0,0,0,0,0,1,54.0,2,48.599999999999994,35.8
20,3,78,1,5,3,3,3,0,1,0,0,0,0,0,0,1,0,0,50.0,22,53.0,28.799999999999997
19,3,96,1,4,4,4,4,0,1,0,0,0,0,0,1,0,0,0,61.0,4,63.099999999999994,16.6
24,3,91,0,3,2,2,2,0,1,1,0,0,0,0,0,0,0,0,63.5,9,67.25,9.600000000000001
20,3,87,3,3,1,1,1,0,1,1,0,0,1,0,0,0,0,0,52.5,13,59.55,23.200000000000003
23,4,75,0,4,2,2,2,0,1,0,1,0,0,0,0,0,0,0,61.5,25,63.449999999999996,18.0
24,4,94,2,3,4,3,3,0,1,0,1,0,0,0,1,0,0,0,67.0,6,69.7,13.399999999999999
23,5,97,1,7,2,2,2,0,1,0,1,0,1,0,0,1,0,0,71.5,3,63.25,25.200000000000003
20,4,83,4,10,2,1,1,1,1,1,0,0,1,0,0,0,0,1,41.5,17,35.05,60.8
21,4,92,0,5,2,3,3,0,1,0,0,0,0,0,1,0,0,0,68.0,8,65.6,16.2
20,5,82,0,5,2,2,2,0,1,0,1,1,0,0,0,0,0,1,71.0,18,67.69999999999999,17.200000000000003
19,4,94,3,2,4,4,4,0,1,1,1,0,1,0,0,1,0,0,66.0,6,71.39999999999999,12.399999999999999
21,3,74,4,3,3,4,3,0,1,1,0,1,0,0,0,0,0,0,43.0,26,52.9,32.4
18,2,89,3,2,3,3,3,0,0,1,0,1,0,0,0,1,0,0,47.5,11,58.45,20.4
23,3,61,5,7,1,1,1,1,0,1,1,1,0,0,0,1,0,0,25.5,39,31.049999999999997,61.599999999999994
20,2,72,1,9,0,0,0,1,1,0,0,0,1,0,0,1,0,0,31.0,28,30.1,54.2
21,4,73,2,3,2,2,2,0,1,1,0,0,0,0,1,0,0,0,56.5,27,62.349999999999994,21.799999999999997
21,4,82,4,5,4,4,4,0,1,0,0,0,0,1,0,0,0,0,51.0,18,53.699999999999996,36.2
20,3,74,1,5,2,2,2,0,1,0,0,0,0,0,1,0,0,0,48.0,26,51.599999999999994,30.4
22,3,75,4,6,1,1,1,0,1,1,1,0,0,0,0,0,0,1,37.5,25,41.85,47.0
20,4,80,0,5,0,1,1,0,1,0,0,1,0,0,0,0,0,1,62.0,20,61.4,21.0
22,3,81,3,9,2,1,1,1,1,1,0,0,0,1,0,0,1,0,37.5,19,34.65,55.599999999999994
18,8,72,1,4,3,3,3,0,0,1,0,1,0,0,0,0,0,0,89.0,28,82.69999999999999,11.200000000000003
21,5,71,1,7,1,2,2,0,1,0,1,0,1,0,0,0,0,0,58.5,29,54.14999999999999,35.6
25,5,75,2,4,4,3,3,0,1,1,0,0,0,0,0,0,0,1,63.5,25,64.85,23.0
18,4,90,2,2,3,3,3,0,1,1,0,0,0,1,1,0,0,0,67.0,10,72.1,10.0
19,5,100,1,8,4,3,3,1,1,0,0,0,0,0,0,1,0,0,71.0,0,60.49999999999999,29.0
22,3,93,2,8,2,1,1,1,0,0,0,0,0,0,1,0,0,0,48.5,7,44.74999999999999,41.8
21,2,79,3,6,1,1,1,0,0,0,1,0,0,0,0,0,0,0,34.5,21,39.75,44.4
21,5,85,1,4,4,3,4,0,1,0,1,0,1,0,0,1,0,0,71.5,15,70.44999999999999,15.0
22,2,82,1,3,3,3,3,0,1,1,1,1,0,0,0,1,0,0,48.0,18,56.39999999999999,20.2
22,4,80,2,6,1,2,2,0,1,0,0,0,0,0,0,0,1,0,54.0,20,53.4,34.0
23,6,82,2,1,3,4,4,0,1,0,0,0,0,0,0,0,0,1,81.0,18,84.3,2.1999999999999993
21,5,84,1,7,1,1,1,0,0,1,1,0,0,1,1,0,0,0,65.0,16,58.7,30.4
20,3,68,1,4,2,2,2,1,1,0,0,1,0,0,0,0,1,0,47.0,32,53.3,27.799999999999997
22,5,77,2,4,2,2,2,0,1,1,0,0,1,0,1,0,0,0,64.5,23,65.55,22.200000000000003
25,4,81,3,3,2,2,2,0,1,1,0,1,0,0,1,0,0,0,57.5,19,63.05,22.6
20,3,100,3,2,2,2,2,0,1,0,0,0,0,1,0,0,0,0,61.0,0,67.89999999999999,13.0
18,4,87,1,5,1,1,1,0,1,0,0,1,0,0,0,0,0,0,62.5,13,61.75,22.200000000000003
23,2,90,2,5,1,1,1,0,1,0,1,0,0,1,1,0,0,0,45.0,10,49.5,31.0
20,2,81,1,5,2,2,2,0,1,0,1,1,0,0,0,0,0,1,43.5,19,48.45,30.6
17,3,93,3,7,1,1,1,0,1,0,1,0,0,1,1,0,0,0,47.5,7,46.45,40.8
22,3,84,1,5,2,3,3,0,1,1,0,0,0,0,0,0,0,1,53.0,16,55.099999999999994,26.4
19,2,88,3,6,2,3,3,0,0,1,0,1,0,0,0,1,0,0,39.0,12,42.9,40.8
20,4,83,0,2,3,3,3,0,1,0,0,0,1,0,0,0,0,0,69.5,17,73.85,4.800000000000001
21,3,86,4,4,0,1,1,0,1,0,1,0,0,1,0,0,0,1,47.0,14,53.3,32.6
21,2,78,1,8,1,0,0,1,1,1,1,1,0,0,1,0,0,0,36.0,22,36.0,46.8
22,3,96,1,7,2,2,2,0,0,0,1,1,0,0,0,1,0,0,55.0,4,51.7,31.6
20,2,78,2,6,2,2,2,0,1,1,0,0,0,0,0,0,1,0,37.0,22,41.5,40.8
22,5,74,1,4,2,2,2,0,1,0,0,1,0,0,0,0,0,1,66.0,26,66.6,19.4
20,6,83,1,3,3,3,3,0,1,0,1,0,0,0,0,0,1,0,80.5,17,79.14999999999999,7.800000000000001
22,4,97,4,4,4,3,3,0,1,0,1,0,0,0,0,0,1,0,60.5,3,62.74999999999999,25.200000000000003
22,3,76,1,6,2,2,2,0,1,1,0,0,0,0,0,0,0,1,47.0,24,48.5,34.6
18,4,80,4,1,4,4,3,0,1,1,1,1,0,0,0,0,0,0,58.0,20,68.19999999999999,17.0
23,3,84,2,8,0,0,0,1,0,1,0,0,0,1,0,0,1,0,44.0,16,41.599999999999994,45.4
19,4,71,1,7,2,1,1,0,1,0,0,0,0,1,0,0,0,0,50.5,29,48.55,38.6
22,4,71,0,7,0,0,0,0,1,0,0,0,1,0,0,1,0,0,53.5,29,50.64999999999999,34.6
21,5,91,2,6,3,3,3,0,1,0,0,0,0,1,1,0,0,0,67.5,9,62.85,26.6
25,3,82,2,5,1,1,1,0,1,0,1,0,0,1,0,0,1,0,49.0,18,52.3,31.200000000000003
20,4,73,3,6,0,0,0,0,1,1,1,0,1,0,0,0,0,1,47.5,27,48.85,40.8
20,4,64,0,5,1,1,1,1,1,0,0,0,1,0,0,1,0,0,54.0,36,55.8,27.4
21,4,77,0,9,1,1,1,1,1,0,0,1,0,0,0,1,0,0,52.5,23,45.15,42.2
20,4,82,2,5,3,3,3,0,0,1,0,0,0,0,0,0,1,0,57.0,18,57.9,28.200000000000003
22,2,83,1,4,2,2,2,0,1,1,0,0,0,0,0,1,0,0,46.5,17,52.949999999999996,24.8
17,4,64,1,5,2,3,3,1,1,0,0,0,0,0,1,0,0,0,51.0,36,53.699999999999996,31.4
18,3,92,2,4,2,2,2,0,1,0,1,1,0,0,1,0,0,0,56.0,8,59.599999999999994,22.2
18,2,82,0,7,2,3,3,0,1,0,0,1,0,0,0,1,0,0,43.0,18,43.3,36.2
23,3,76,2,4,2,2,2,0,1,0,1,0,1,0,0,0,0,0,48.0,24,53.99999999999999,28.6
24,4,89,4,5,2,2,2,0,1,1,1,0,0,1,0,0,0,0,54.5,11,56.15,33.4
20,3,73,1,7,2,2,2,0,0,0,0,0,1,0,0,0,1,0,43.5,27,43.65,40.8
20,3,79,1,7,1,0,0,0,1,0,1,0,0,1,1,0,0,0,46.5,21,45.75,38.4
21,1,72,3,3,2,2,2,1,1,1,1,0,1,0,0,0,1,0,29.0,28,43.099999999999994,35.2
23,5,88,0,7,2,1,1,0,1,1,0,0,1,0,0,0,0,1,70.0,12,62.2,24.799999999999997
19,2,91,2,3,1,1,1,0,1,0,1,0,0,0,0,1,0,0,49.5,9,57.45,20.6
21,4,85,0,2,4,3,3,0,0,1,1,0,0,1,0,0,0,0,70.5,15,74.55,4.0
23,3,80,1,4,2,3,3,0,1,0,1,0,1,0,0,0,1,0,53.0,20,57.49999999999999,23.0
22,4,71,5,6,1,1,1,1,1,1,0,1,0,0,0,0,0,1,40.5,29,43.949999999999996,49.6
21,4,78,1,5,2,2,2,0,0,0,0,0,0,0,1,0,0,0,58.0,22,58.599999999999994,25.799999999999997
23,3,83,1,6,2,1,1,0,1,0,0,0,0,0,0,1,0,0,50.5,17,50.949999999999996,31.799999999999997
17,4,77,2,4,3,3,3,0,1,1,0,0,0,0,0,1,0,0,56.5,23,59.949999999999996,25.200000000000003
22,4,78,3,1,2,2,2,0,1,1,0,0,0,0,1,0,0,0,60.0,22,69.6,13.8
19,2,73,5,5,1,1,1,1,1,1,1,0,0,0,0,0,0,1,27.5,27,37.25,49.8
17,5,76,4,2,1,2,2,0,1,1,0,0,0,0,0,0,1,0,62.0,24,68.6,20.6
22,5,70,3,5,1,1,1,0,1,0,0,0,0,0,0,0,0,0,56.0,30,57.199999999999996,34.0
24,2,84,1,3,2,2,2,0,0,1,1,0,0,1,0,0,1,0,49.0,16,57.099999999999994,19.4
20,1,82,5,6,1,1,1,1,1,0,0,0,0,1,0,0,0,0,22.0,18,31.0,54.2
23,5,82,3,7,3,2,2,0,1,0,1,1,0,0,0,0,0,1,58.0,18,53.8,39.2
24,2,79,3,2,4,3,3,0,1,1,1,0,0,1,0,0,0,0,42.5,21,54.949999999999996,24.4
23,5,77,1,1,4,4,3,0,1,0,1,0,1,0,1,0,0,0,73.5,23,79.05,3.200000000000003
24,4,64,2,5,2,3,3,1,1,0,0,0,0,0,1,0,0,0,48.0,36,51.599999999999994,35.4
22,3,78,2,7,1,1,1,0,1,1,0,0,0,1,0,0,1,0,43.0,22,43.3,42.8
21,3,83,3,5,3,3,3,0,1,0,1,0,1,0,1,0,0,0,46.5,17,50.55,34.8
17,2,96,2,4,4,3,3,0,1,1,0,0,0,0,0,0,0,0,50.0,4,55.4,23.6
20,4,80,1,3,1,1,1,0,1,1,1,0,0,1,0,1,0,0,63.0,20,66.89999999999999,15.0
19,4,77,3,6,1,1,1,0,0,1,0,0,0,0,0,0,1,0,49.5,23,50.25,39.2
25,4,80,2,8,0,0,0,1,1,1,1,0,0,1,0,0,0,0,50.0,20,45.8,44.0
20,4,78,1,2,4,4,4,0,1,0,0,0,0,1,0,0,0,0,64.0,22,70.0,10.8
21,5,78,2,6,1,0,0,0,1,0,0,0,0,1,0,0,0,0,61.0,22,58.3,31.799999999999997
22,3,77,3,10,2,3,3,1,1,1,1,1,0,0,0,0,1,0,33.5,23,29.45,62.2
21,7,87,2,4,3,4,3,0,1,0,0,0,0,1,1,0,0,0,85.5,13,80.25,12.200000000000003
24,4,87,1,5,1,1,1,0,1,0,0,1,0,0,0,0,0,1,62.5,13,61.75,22.200000000000003
19,4,89,3,5,2,2,2,0,1,1,1,1,0,0,0,0,0,0,57.5,11,58.25,29.4
21,4,90,2,4,3,3,3,0,1,0,0,0,0,1,1,0,0,0,63.0,10,64.5,20.0
19,4,79,2,7,1,1,1,0,1,1,0,0,1,0,0,0,1,0,51.5,21,49.25,39.4
18,4,69,2,5,1,0,0,1,1,0,0,0,1,0,0,0,0,0,50.5,31,53.349999999999994,33.4
19,5,97,2,2,2,2,2,0,1,1,0,0,1,0,0,0,0,0,78.5,3,80.14999999999999,4.199999999999999
20,0,63,3,3,2,2,2,1,1,0,0,0,0,0,0,0,0,0,16.5,37,34.35,41.8
20,3,79,1,7,0,0,0,0,1,0,0,0,0,0,1,0,0,0,46.5,21,45.75,38.4
19,1,70,4,6,2,2,2,1,0,0,1,0,0,1,1,0,0,0,19.0,30,28.9,55.0
17,5,85,1,6,2,2,2,0,1,1,0,0,0,0,1,0,0,0,67.5,15,62.85,25.0
20,2,74,1,6,1,1,1,0,1,0,0,0,1,0,0,0,0,1,38.0,26,42.199999999999996,38.4
17,2,91,1,5,3,3,3,0,1,1,0,0,0,0,0,0,0,0,48.5,9,51.949999999999996,26.6
22,3,83,2,6,3,3,3,0,1,0,0,0,0,0,0,0,0,0,47.5,17,48.85,35.8
21,2,94,2,4,1,2,2,0,1,0,1,0,0,1,0,1,0,0,49.0,6,54.699999999999996,24.4
17,3,82,3,5,2,2,2,0,0,0,1,0,1,0,1,0,0,0,46.0,18,50.199999999999996,35.2
20,1,91,1,5,1,0,1,1,1,1,0,1,0,0,0,1,0,0,40.5,9,46.349999999999994,29.6
19,5,73,0,4,2,2,2,0,1,0,0,0,0,1,0,0,0,1,68.5,27,68.35,15.8
21,4,89,1,6,2,2,2,0,0,1,0,1,0,0,0,0,0,1,61.5,11,58.65,26.4
23,3,80,2,6,2,3,3,0,0,1,1,0,0,0,0,0,1,0,46.0,20,47.8,37.0
17,4,83,1,2,3,3,3,0,1,0,1,0,0,1,0,0,0,1,66.5,17,71.75,8.8
21,4,89,1,5,2,2,2,0,1,0,1,0,0,1,1,0,0,0,63.5,11,62.449999999999996,21.4
20,2,85,1,5,2,2,2,0,1,0,0,0,0,1,0,0,1,0,45.5,15,49.849999999999994,29.0
22,4,75,0,8,2,3,3,1,0,1,0,1,0,0,0,0,0,1,53.5,25,48.24999999999999,38.0
21,4,78,2,5,0,1,0,0,1,0,0,0,0,1,0,0,0,1,55.0,22,56.5,29.799999999999997
19,5,73,1,5,3,3,3,0,0,0,0,1,0,0,0,0,0,1,63.5,27,62.449999999999996,24.799999999999997
20,3,87,2,5,3,3,3,0,1,1,1,1,0,0,0,0,0,1,51.5,13,54.05,29.200000000000003
19,2,79,3,7,0,0,0,0,1,0,1,0,1,0,0,0,1,0,32.5,21,35.95,49.4
23,5,78,0,3,4,4,3,0,1,0,1,0,1,0,0,0,0,1,73.0,22,73.89999999999999,8.8
21,3,83,4,4,3,3,3,0,1,1,0,1,0,0,0,0,0,0,45.5,17,52.25,33.8
25,3,80,0,4,0,0,0,0,0,0,0,0,1,0,0,1,0,0,56.0,20,59.599999999999994,19.0
20,4,91,2,5,3,4,4,0,1,0,0,1,0,0,0,0,1,0,61.5,9,61.05,24.6
19,2,88,0,2,3,3,3,0,1,1,0,0,1,0,0,0,0,1,56.0,12,64.39999999999999,8.8
17,3,87,0,8,1,1,1,1,1,1,0,0,1,0,0,0,0,1,51.5,13,46.849999999999994,36.2
17,3,78,2,6,0,0,0,0,1,0,0,0,1,0,0,0,0,1,45.0,22,47.099999999999994,37.8
17,3,87,2,6,3,3,3,0,1,1,0,1,0,0,0,1,0,0,49.5,13,50.25,34.2
21,5,86,0,9,2,3,3,1,1,0,1,0,0,1,1,0,0,0,65.0,14,53.9,35.6
22,2,72,3,4,1,1,1,0,1,1,0,0,1,0,0,1,0,0,35.0,28,44.9,37.2
17,2,80,1,7,2,2,3,0,1,0,0,0,1,0,0,1,0,0,39.0,20,40.5,41.0
23,5,80,0,6,2,2,2,0,1,0,0,0,0,0,0,0,0,0,68.0,20,63.199999999999996,23.0
19,2,94,3,8,2,2,2,1,1,0,1,0,0,1,0,0,0,0,38.0,6,37.4,48.4
21,4,78,3,6,3,3,3,0,1,1,0,0,1,0,0,0,0,0,50.0,22,50.6,38.8
24,4,85,3,4,3,4,4,0,0,0,0,0,0,0,1,0,0,0,57.5,15,60.65,26.0
23,4,92,0,6,3,3,3,0,1,0,1,0,0,0,0,0,1,0,66.0,8,61.8,21.200000000000003
20,2,74,3,4,2,2,2,0,1,0,0,1,0,0,0,1,0,0,36.0,26,45.599999999999994,36.4
19,3,84,2,4,2,2,2,0,1,1,1,0,0,0,0,0,0,0,52.0,16,56.8,25.4
17,1,98,1,5,2,2,2,1,1,0,0,0,0,1,0,1,0,0,44.0,2,48.8,26.8
19,5,69,2,5,2,2,2,1,1,1,1,0,0,0,0,0,0,1,58.5,31,58.949999999999996,30.4
20,5,77,6,3,3,3,3,1,1,0,0,0,1,0,0,0,1,0,54.5,23,60.95,33.2
18,5,84,2,1,4,4,4,0,1,0,1,1,0,0,0,1,0,0,74.0,16,79.39999999999999,4.399999999999999
20,3,84,2,6,2,1,1,0,1,0,0,0,1,0,0,0,0,0,48.0,16,49.199999999999996,35.4
21,3,83,1,6,3,3,3,0,1,1,1,1,0,0,1,0,0,0,50.5,17,50.949999999999996,31.799999999999997
20,3,86,3,6,2,2,2,0,1,1,1,0,1,0,0,0,0,0,46.0,14,47.8,38.6
19,2,92,3,8,1,0,0,1,1,0,0,1,0,0,0,0,0,1,37.0,8,36.699999999999996,49.2
21,4,82,1,2,2,1,2,0,1,1,1,0,1,0,0,0,0,1,66.0,18,71.39999999999999,9.2
22,2,81,3,8,2,2,2,1,1,1,0,0,1,0,0,1,0,0,31.5,19,32.849999999999994,53.6
18,1,86,3,10,0,0,0,1,1,1,1,0,0,1,0,0,0,0,22.0,14,21.4,64.6
24,5,97,1,8,1,2,2,1,1,0,0,0,1,0,0,0,0,1,69.5,3,59.449999999999996,30.200000000000003
20,3,86,1,4,1,2,2,0,1,1,0,1,0,0,0,1,0,0,56.0,14,59.599999999999994,20.6
21,4,90,4,6,3,3,3,0,1,0,0,0,1,0,0,0,0,1,53.0,10,52.699999999999996,38.0
22,3,69,1,4,2,2,2,1,1,0,0,0,1,0,1,0,0,0,47.5,31,53.65,27.4
21,5,80,1,4,2,2,2,0,0,0,0,0,0,0,0,0,0,1,69.0,20,68.69999999999999,17.0
23,2,72,3,8,0,1,1,1,1,1,0,1,0,0,0,0,0,0,27.0,28,29.699999999999996,57.2
21,4,82,1,6,3,4,4,0,1,0,1,1,0,0,0,1,0,0,58.0,18,56.199999999999996,29.200000000000003
19,3,93,4,6,3,2,2,0,1,1,0,0,1,0,0,0,0,0,46.5,7,48.15,39.8
21,4,71,4,3,3,3,3,0,1,1,0,1,0,0,0,1,0,0,49.5,29,57.45,30.6
18,3,95,1,2,3,3,3,0,1,1,1,1,0,0,0,0,0,0,64.5,5,70.35,7.0
21,3,82,3,7,0,0,0,0,1,1,0,1,0,0,0,0,0,1,42.0,18,42.599999999999994,45.2
20,5,89,1,6,2,2,2,0,1,0,1,0,1,0,0,1,0,0,69.5,11,64.25,23.4
20,3,90,1,5,2,2,2,0,1,0,0,0,1,0,1,0,0,0,56.0,10,57.199999999999996,24.0
20,3,98,0,8,2,2,2,1,1,1,0,0,1,0,0,0,0,1,57.0,2,50.699999999999996,31.799999999999997
17,3,86,3,6,2,2,2,0,1,0,0,0,1,0,0,0,0,0,46.0,14,47.8,38.6
19,2,75,1,4,0,0,0,0,0,0,0,0,0,0,0,0,0,0,42.5,25,50.14999999999999,28.0
21,3,90,0,2,4,3,3,0,1,0,1,0,0,1,0,0,1,0,65.0,10,70.7,5.0
21,3,60,0,6,1,1,1,1,1,1,0,0,0,1,0,0,1,0,42.0,40,45.0,37.0
18,4,74,1,4,3,3,3,0,1,1,1,0,1,0,0,0,1,0,58.0,26,60.99999999999999,22.4
23,3,77,3,5,0,0,0,0,1,1,1,0,0,0,0,0,1,0,43.5,23,48.45,37.2
19,1,65,3,5,2,2,2,1,1,1,0,0,1,0,0,1,0,0,21.5,35,33.05,48.0
23,4,95,3,8,1,1,1,1,1,0,0,0,0,1,0,0,1,0,54.5,5,48.949999999999996,42.0
21,3,92,3,7,0,0,0,0,1,0,0,1,0,0,0,0,0,1,47.0,8,46.099999999999994,41.2
19,2,85,2,5,1,1,1,0,1,1,1,0,0,0,0,0,1,0,42.5,15,47.75,33.0
24,4,89,2,5,3,4,4,0,1,0,0,0,0,1,1,0,0,0,60.5,11,60.349999999999994,25.4
18,4,84,2,6,2,2,2,0,1,1,1,1,0,0,0,0,0,1,56.0,16,54.8,32.4
23,4,88,1,7,2,2,2,0,0,1,0,1,0,0,0,0,0,0,59.0,12,54.5,31.799999999999997
23,4,92,1,5,2,3,3,0,1,1,1,0,0,0,0,1,0,0,65.0,8,63.5,20.200000000000003
19,4,70,1,4,3,3,3,0,0,0,0,1,0,0,0,0,1,0,56.0,30,59.599999999999994,24.0
24,4,89,2,3,3,3,3,0,1,0,0,0,0,1,0,1,0,0,64.5,11,67.95,15.399999999999999
20,6,91,4,5,4,3,3,0,1,0,0,0,0,0,1,0,0,0,71.5,9,68.05,26.6
21,5,77,2,3,3,4,4,0,1,0,1,1,0,0,0,0,0,0,66.5,23,69.35,17.200000000000003
21,4,80,1,6,0,0,0,0,1,0,1,0,1,0,1,0,0,0,57.0,20,55.5,30.0
20,1,75,2,6,2,3,3,1,1,1,0,1,0,0,0,0,0,0,27.5,25,34.85,45.0
22,6,84,1,7,3,3,3,0,1,1,0,1,0,0,0,0,0,1,73.0,16,64.3,27.4
22,4,70,1,5,2,2,2,0,1,0,0,1,0,0,0,0,0,1,54.0,30,55.8,29.0
17,4,83,2,7,0,0,0,0,1,0,0,0,1,0,0,0,1,0,53.5,17,50.64999999999999,37.8
23,4,75,1,8,2,1,1,1,1,0,1,1,0,0,0,0,1,0,50.5,25,46.14999999999999,42.0
17,3,93,2,5,2,2,2,0,1,0,1,0,0,0,0,0,0,1,54.5,7,56.15,26.799999999999997
23,3,77,3,9,1,1,1,1,0,1,1,0,0,0,1,0,0,0,35.5,23,33.25,57.2
23,3,86,0,8,0,0,0,1,1,0,0,1,0,0,0,1,0,0,51.0,14,46.49999999999999,36.6
18,0,88,3,4,0,0,0,1,1,1,0,0,0,0,0,0,0,0,27.0,12,39.3,36.8
20,2,68,0,10,0,0,0,1,1,1,0,0,0,0,0,0,0,0,30.0,32,27.0,56.8
18,3,84,4,5,0,0,0,0,0,1,0,0,0,0,0,1,0,0,44.0,16,48.8,38.4
20,4,92,1,8,2,2,2,1,1,0,1,0,1,0,1,0,0,0,59.0,8,52.099999999999994,35.2
20,4,81,2,6,2,2,2,0,0,0,0,0,0,1,0,0,0,0,54.5,19,53.75,33.6
22,3,89,0,6,1,1,1,0,1,0,0,1,0,0,0,0,0,1,56.5,11,55.15,25.4
23,4,76,2,7,2,1,1,0,1,0,0,1,0,0,0,0,0,1,50.0,24,48.2,40.6
24,3,90,2,5,0,0,0,0,1,0,1,0,0,1,0,1,0,0,53.0,10,55.099999999999994,28.0
19,3,72,4,5,2,2,2,0,1,1,1,0,0,1,0,0,1,0,38.0,28,44.599999999999994,43.2
20,4,81,1,5,2,2,2,0,1,0,0,0,0,0,0,0,0,0,59.5,19,59.65,24.6
17,4,91,4,3,4,4,3,0,1,0,0,0,1,0,0,0,1,0,59.5,9,64.45,22.6
19,3,91,1,7,2,2,2,0,1,0,0,0,1,0,0,0,0,0,52.5,9,49.95,33.6
23,4,71,2,4,2,2,2,0,1,0,0,0,1,0,0,0,0,0,53.5,29,57.849999999999994,27.6
24,4,80,2,5,2,2,2,0,1,0,1,0,1,0,0,0,1,0,56.0,20,57.199999999999996,29.0
18,4,77,0,5,4,4,3,0,1,1,1,1,0,0,0,0,0,1,60.5,23,60.349999999999994,22.200000000000003
19,3,91,0,6,2,2,2,0,1,0,1,1,0,0,0,1,0,0,57.5,9,55.85,24.6
20,3,81,1,5,2,2,2,0,1,1,1,0,1,0,0,1,0,0,51.5,19,54.05,27.6
21,4,83,4,5,1,1,1,0,1,0,1,1,0,0,0,1,0,0,51.5,17,54.05,35.8
19,3,85,2,6,3,2,2,0,1,0,1,1,0,0,0,0,0,0,48.5,15,49.55,35.0
21,2,72,2,6,1,0,0,0,1,1,1,0,0,1,0,0,0,0,34.0,28,39.4,43.2
20,4,84,2,3,2,2,2,0,1,0,1,1,0,0,1,0,0,0,62.0,16,66.2,17.4
21,5,73,2,5,1,0,0,0,1,0,1,1,0,0,0,0,0,0,60.5,27,60.349999999999994,28.799999999999997
22,5,78,3,7,2,2,2,0,1,1,0,0,1,0,1,0,0,0,56.0,22,52.39999999999999,40.8
21,5,78,2,9,3,3,3,1,1,0,0,1,0,0,0,0,0,0,55.0,22,46.9,46.8
20,4,85,0,2,2,2,2,0,1,0,1,0,0,0,0,0,1,0,70.5,15,74.55,4.0
20,4,75,1,7,1,1,1,0,1,0,1,1,0,0,0,1,0,0,52.5,25,49.95,37.0
20,5,78,1,5,2,2,2,0,1,0,0,0,0,1,1,0,0,0,66.0,22,64.19999999999999,22.799999999999997
20,3,84,1,4,2,2,2,0,1,0,0,1,0,0,0,1,0,0,55.0,16,58.9,21.4
20,5,93,2,4,4,4,4,0,1,0,1,0,0,0,0,1,0,0,72.5,7,71.15,15.8
24,4,85,1,3,3,3,3,0,1,0,1,0,0,1,0,1,0,0,65.5,15,68.64999999999999,13.0
22,4,91,1,3,1,2,2,0,1,1,0,0,0,1,0,0,0,0,68.5,9,70.75,10.600000000000001
20,1,65,5,6,0,0,0,1,1,1,1,1,0,0,0,0,0,1,13.5,35,25.049999999999997,61.0
22,3,93,3,8,2,1,1,1,1,1,0,1,0,0,0,0,0,0,45.5,7,42.65,45.8
20,3,75,4,6,0,0,0,0,1,0,0,1,0,0,0,1,0,0,37.5,25,41.85,47.0
23,5,77,0,5,4,4,4,0,1,1,0,0,0,1,0,0,0,1,68.5,23,65.94999999999999,19.200000000000003
21,2,97,2,4,2,2,2,0,1,1,0,0,0,0,0,1,0,0,50.5,3,55.74999999999999,23.2
20,2,83,2,3,3,3,3,0,1,0,1,0,1,0,0,0,0,0,45.5,17,54.65,23.8
22,2,76,1,5,0,0,0,0,1,0,0,1,0,0,0,0,1,0,41.0,24,46.7,32.6
17,3,77,2,3,2,2,2,0,1,0,1,0,0,1,0,0,0,1,50.5,23,58.14999999999999,23.200000000000003
18,4,70,5,7,0,0,0,1,1,1,0,0,1,0,0,0,0,1,38.0,30,39.8,55.0
18,6,82,1,4,3,3,3,0,1,1,1,1,0,0,0,1,0,0,78.0,18,75.0,13.2
21,3,79,2,4,2,2,2,0,1,1,1,1,0,0,0,0,0,0,49.5,21,55.05,27.4
24,3,87,0,9,2,2,2,1,1,0,0,1,0,0,0,1,0,0,49.5,13,43.05,41.2
25,6,95,1,7,2,3,3,0,1,0,0,0,0,0,0,0,1,0,78.5,5,68.14999999999999,23.0
22,6,72,2,3,3,3,3,0,1,0,1,0,0,0,0,0,1,0,72.0,28,73.2,16.200000000000003
22,1,86,1,3,3,3,3,1,0,1,0,0,0,1,0,0,1,0,42.0,14,52.2,21.6
17,3,69,1,5,0,0,0,1,1,0,0,1,0,0,0,0,0,0,45.5,31,49.849999999999994,32.4
19,4,85,5,5,0,1,1,1,1,1,0,0,0,1,0,0,1,0,49.5,15,52.65,39.0
19,4,72,1,4,0,1,1,0,0,1,0,0,1,0,1,0,0,0,57.0,28,60.3,23.200000000000003
19,6,71,3,7,1,2,2,0,0,0,0,0,0,0,0,0,0,0,60.5,29,55.55,40.6
20,3,100,2,5,0,0,0,0,1,1,0,0,0,0,0,0,0,0,58.0,0,58.599999999999994,24.0
20,2,99,2,5,1,1,1,0,1,0,0,1,0,0,0,1,0,0,49.5,1,52.65,27.4
17,2,76,0,4,3,4,4,0,1,1,0,0,1,0,0,0,0,1,46.0,24,52.599999999999994,23.6
22,5,97,0,3,3,3,3,0,1,1,0,0,1,0,0,0,0,0,82.5,3,80.55,1.1999999999999993
18,3,81,0,4,2,2,2,0,0,0,1,0,0,1,0,1,0,0,56.5,19,59.949999999999996,18.6
21,6,71,0,3,4,4,4,0,1,1,0,0,0,0,1,0,0,0,77.5,29,77.05,8.600000000000001
25,4,87,2,3,2,2,2,0,1,1,1,1,0,0,1,0,0,0,63.5,13,67.25,16.2
19,3,89,1,7,0,0,0,0,1,0,0,0,0,0,0,0,0,0,51.5,11,49.25,34.4
17,5,88,3,7,1,1,1,0,1,1,0,0,0,0,0,0,0,0,61.0,12,55.89999999999999,36.8
20,5,68,0,4,2,2,2,1,0,0,0,0,0,1,0,0,0,1,66.0,32,66.6,17.799999999999997
23,5,72,1,7,1,0,0,0,1,0,0,0,1,0,1,0,0,0,59.0,28,54.5,35.2
25,2,89,1,6,2,3,3,0,1,0,1,0,0,0,0,0,0,0,45.5,11,47.449999999999996,32.4
18,4,72,3,3,3,3,3,0,1,1,0,1,0,0,0,0,0,0,53.0,28,59.89999999999999,26.200000000000003
22,2,90,1,2,2,2,2,0,1,0,0,0,0,1,0,0,0,0,54.0,10,63.0,12.0
20,3,79,2,6,0,0,0,0,1,0,0,1,0,0,0,0,0,0,45.5,21,47.449999999999996,37.4
20,3,68,2,6,0,0,0,1,1,1,0,0,0,0,0,0,0,1,40.0,32,43.6,41.8
26,4,71,2,3,2,2,2,0,1,1,0,0,0,0,0,0,0,0,55.5,29,61.64999999999999,22.6
17,4,85,1,4,3,3,3,0,1,0,0,0,0,0,0,0,0,0,63.5,15,64.85,18.0
21,3,86,1,7,3,3,3,0,0,0,1,1,0,0,0,0,0,0,50.0,14,48.2,35.6
22,5,94,1,8,0,1,1,1,1,0,1,0,0,1,0,0,1,0,68.0,6,58.39999999999999,31.4
23,5,82,1,5,1,2,2,0,1,1,1,0,0,1,1,0,0,0,68.0,18,65.6,21.200000000000003
21,4,80,3,5,2,1,1,0,1,0,0,0,1,0,0,0,1,0,53.0,20,55.099999999999994,33.0
21,6,96,1,4,2,2,2,0,1,1,1,1,0,0,0,1,0,0,85.0,4,79.89999999999999,7.600000000000001
20,3,75,0,8,3,2,2,1,1,0,0,0,0,0,0,0,0,0,45.5,25,42.65,41.0
21,1,79,2,6,0,0,0,1,0,1,0,0,1,0,0,1,0,0,29.5,21,36.25,43.4
20,2,85,2,4,1,1,1,0,0,0,1,0,0,0,0,1,0,0,44.5,15,51.55,28.0
22,3,74,3,6,0,0,0,0,1,1,0,0,0,0,0,0,1,0,40.0,26,43.6,43.4
20,5,85,2,4,2,2,2,0,1,0,0,1,0,0,0,0,0,1,68.5,15,68.35,19.0
21,2,82,0,3,2,3,3,0,1,0,0,1,0,0,1,0,0,0,51.0,18,58.5,16.2
20,3,91,1,4,1,0,0,0,1,1,1,0,0,1,0,1,0,0,58.5,9,61.349999999999994,18.6
23,7,78,2,4,3,3,3,0,1,1,1,0,1,0,1,0,0,0,81.0,22,77.1,15.799999999999997
20,4,76,2,3,3,2,2,0,1,0,0,0,1,0,0,0,0,0,58.0,24,63.39999999999999,20.6
17,6,97,2,3,3,3,3,0,1,1,1,0,1,0,0,0,0,0,84.5,3,81.95,6.199999999999999
23,2,88,1,4,3,3,3,0,1,0,0,0,0,0,0,0,0,0,49.0,12,54.699999999999996,22.8
19,1,90,3,4,4,3,3,1,1,1,1,0,1,0,1,0,0,0,36.0,10,45.599999999999994,33.0
19,1,88,4,3,4,4,3,1,1,0,0,0,0,1,0,1,0,0,34.0,12,46.599999999999994,32.8
19,5,76,4,6,0,0,0,0,1,1,0,1,0,0,0,0,0,1,54.0,24,53.4,40.6
24,3,74,2,2,4,3,3,0,1,0,0,0,0,0,1,0,0,0,51.0,26,60.89999999999999,19.4
17,3,74,2,4,1,1,1,0,1,1,1,0,0,1,0,0,0,1,47.0,26,53.3,29.4
27,6,77,4,6,2,2,2,0,0,0,0,0,1,0,1,0,0,0,62.5,23,59.35,37.2
23,5,91,1,7,1,2,2,0,1,1,1,1,0,0,0,0,0,1,68.5,9,61.14999999999999,27.6
21,4,81,2,4,1,1,1,0,0,0,1,0,1,0,0,0,0,1,58.5,19,61.349999999999994,23.6
20,5,89,0,7,1,1,1,0,1,1,1,1,0,0,0,0,1,0,70.5,11,62.55,24.4
21,3,88,1,4,1,2,2,0,0,1,0,0,0,0,0,0,1,0,57.0,12,60.3,19.8
22,4,94,2,9,2,2,2,1,1,0,0,0,0,1,0,0,1,0,55.0,6,46.9,43.4
22,4,73,0,5,3,3,3,0,1,1,0,1,0,0,0,0,0,0,58.5,27,58.949999999999996,23.799999999999997
22,3,83,2,3,3,2,2,0,1,0,0,0,0,0,1,0,0,0,53.5,17,60.25,20.8
21,3,71,2,5,0,0,0,0,1,0,0,0,0,1,1,0,0,0,43.5,29,48.45,35.6
20,3,97,2,3,2,2,2,0,1,0,1,0,0,0,0,0,0,1,60.5,3,65.14999999999999,15.2
20,5,90,1,4,4,4,4,0,1,1,0,0,0,1,1,0,0,0,74.0,10,72.19999999999999,13.0
20,5,85,2,6,2,2,2,0,1,0,0,1,0,0,0,1,0,0,64.5,15,60.75,29.0
23,7,83,5,5,3,3,3,1,1,1,0,0,0,0,0,1,0,0,72.5,17,68.75,30.799999999999997
22,6,67,1,5,2,2,2,1,1,0,0,0,0,1,0,0,1,0,68.5,33,65.94999999999999,24.200000000000003
17,5,85,3,5,4,3,3,0,1,1,0,0,1,0,0,0,1,0,63.5,15,62.449999999999996,28.0
22,2,77,2,1,2,2,2,0,1,1,0,0,1,0,0,1,0,0,46.5,23,60.14999999999999,16.200000000000003
21,5,68,0,5,2,3,3,1,1,1,0,0,0,1,0,0,0,1,64.0,32,62.8,22.799999999999997
21,6,78,1,4,4,3,3,0,1,0,0,0,0,0,0,0,1,0,76.0,22,73.6,14.799999999999997
20,4,83,1,4,0,0,0,0,1,0,0,0,0,0,0,0,0,1,62.5,17,64.15,18.8
23,1,85,1,2,2,2,2,1,1,1,0,0,1,0,0,1,0,0,43.5,15,55.65,17.0
23,4,72,2,6,2,2,2,0,1,0,1,0,0,1,1,0,0,0,50.0,28,50.6,37.2
19,5,71,2,6,2,2,2,0,1,1,1,1,0,0,0,0,0,1,57.5,29,55.85,34.6
21,4,79,2,3,1,1,1,0,1,0,0,0,0,1,0,0,1,0,59.5,21,64.45,19.4
18,3,86,3,5,1,1,1,0,0,0,1,0,0,1,0,0,0,0,48.0,14,51.599999999999994,33.6
18,3,75,3,8,1,0,0,1,1,0,0,0,0,0,0,1,0,0,36.5,25,36.349999999999994,53.0
19,5,78,3,5,1,1,1,0,0,1,0,0,1,0,0,0,0,0,60.0,22,60.0,30.799999999999997
22,4,83,2,1,4,4,4,0,1,0,0,0,0,0,0,1,0,0,65.5,17,73.44999999999999,7.800000000000001
23,5,75,0,4,3,3,3,0,1,0,1,1,0,0,1,0,0,0,69.5,25,69.05,15.0
22,5,65,2,5,2,2,2,1,1,1,1,0,0,1,0,0,1,0,56.5,35,57.55,32.0
22,3,84,2,9,1,1,1,1,1,1,1,0,0,1,0,0,0,0,42.0,16,37.8,50.4
22,5,68,2,3,4,4,3,1,1,0,1,1,0,0,0,0,0,1,62.0,32,66.2,20.799999999999997
19,5,84,0,5,2,3,3,0,1,0,0,0,0,0,0,1,0,0,72.0,16,68.4,16.4
22,4,80,3,3,2,2,2,0,1,0,1,0,0,1,0,0,0,0,57.0,20,62.7,23.0
22,4,80,1,7,1,1,1,0,1,1,0,0,1,0,0,0,1,0,55.0,20,51.7,35.0
22,2,73,1,4,0,0,0,0,1,1,0,0,0,0,0,0,1,0,41.5,27,49.449999999999996,28.799999999999997
23,3,79,5,1,3,4,3,1,1,0,1,1,0,0,0,1,0,0,46.5,21,60.14999999999999,24.4
22,3,75,1,4,2,2,2,0,1,0,1,0,0,1,1,0,0,0,50.5,25,55.74999999999999,25.0
21,2,100,1,5,2,2,2,0,1,0,0,0,0,0,0,0,0,1,53.0,0,55.099999999999994,23.0
23,4,75,1,6,3,3,3,0,1,0,0,0,1,0,0,0,0,1,54.5,25,53.75,32.0
20,6,90,3,5,1,1,1,0,0,0,0,1,0,0,0,0,1,0,74.0,10,69.8,23.0
19,4,77,4,6,2,3,2,0,1,1,0,0,1,0,0,1,0,0,46.5,23,48.15,43.2
20,5,83,2,5,2,3,3,0,1,1,0,0,0,0,0,0,1,0,65.5,17,63.849999999999994,24.799999999999997
19,4,82,4,5,2,2,2,0,1,0,1,0,0,1,0,0,0,0,51.0,18,53.699999999999996,36.2
19,6,80,2,5,3,2,2,0,1,1,1,0,0,1,0,0,0,0,72.0,20,68.4,23.0
20,3,80,4,4,3,3,3,0,1,0,0,0,1,0,0,0,0,0,44.0,20,51.199999999999996,35.0
19,3,84,0,6,2,2,2,0,1,0,0,0,0,1,0,1,0,0,54.0,16,53.4,27.4
20,5,93,2,7,3,3,3,0,1,0,0,0,1,0,0,0,0,0,66.5,7,59.75,30.799999999999997
17,1,73,3,5,1,1,1,1,1,1,0,0,1,0,0,1,0,0,25.5,27,35.849999999999994,44.8
21,4,67,2,4,4,3,3,1,1,0,1,0,0,1,0,0,0,0,51.5,33,56.449999999999996,29.200000000000003
21,1,75,1,3,1,1,1,1,1,0,1,0,0,1,0,0,0,0,36.5,25,48.349999999999994,26.0
19,2,83,1,6,2,2,2,0,1,0,1,0,0,0,0,1,0,0,42.5,17,45.349999999999994,34.8
22,4,79,1,3,4,3,3,0,1,1,1,0,0,0,0,1,0,0,62.5,21,66.55,15.399999999999999
23,2,94,1,5,4,3,3,0,1,0,0,0,0,1,0,1,0,0,50.0,6,53.0,25.4
17,3,93,1,5,0,0,0,0,1,0,1,1,0,0,0,1,0,0,57.5,7,58.25,22.8
19,2,78,0,7,1,1,1,0,1,1,0,0,0,0,0,1,0,0,41.0,22,41.9,37.8
19,4,94,4,8,2,2,2,1,1,1,0,1,0,0,0,1,0,0,51.0,6,46.49999999999999,46.4
18,5,85,0,1,4,3,3,0,1,0,0,0,0,1,0,0,0,1,80.5,15,83.94999999999999,0.0
22,4,76,3,5,2,3,3,0,1,1,1,0,1,0,1,0,0,0,51.0,24,53.699999999999996,34.6
20,6,81,1,1,3,3,3,0,1,1,0,0,0,0,0,0,0,0,83.5,19,86.05,0.0
20,3,80,3,7,2,2,2,0,1,1,0,0,0,1,0,0,1,0,41.0,20,41.9,46.0
17,2,76,0,5,2,2,2,0,1,0,1,0,0,1,0,1,0,0,44.0,24,48.8,28.6
22,4,76,3,5,2,2,2,0,1,1,0,1,0,0,1,0,0,0,51.0,24,53.699999999999996,34.6
18,3,85,1,6,3,2,2,0,1,1,1,0,0,1,0,1,0,0,51.5,15,51.65,31.0
21,4,63,2,5,3,2,2,1,1,1,0,1,0,0,0,0,1,0,47.5,37,51.25,35.8
21,7,79,1,3,3,4,4,0,1,0,1,0,1,0,0,0,0,0,86.5,21,83.35,6.399999999999999
24,2,80,1,5,1,1,1,0,1,0,0,0,0,0,0,0,1,0,43.0,20,48.099999999999994,31.0
18,3,80,1,6,0,0,0,0,1,0,0,0,0,1,0,0,0,0,49.0,20,49.9,33.0
17,4,89,3,5,3,3,3,0,0,0,0,1,0,0,0,0,1,0,57.5,11,58.25,29.4
21,4,75,1,5,2,2,2,0,0,0,0,0,0,1,0,0,0,1,56.5,25,57.55,27.0
25,3,83,3,4,1,1,1,0,1,0,0,0,0,0,0,0,0,1,48.5,17,54.349999999999994,29.799999999999997
23,3,69,2,7,1,1,1,1,1,0,1,0,1,0,1,0,0,0,38.5,31,40.15,46.4
21,2,77,2,5,2,2,2,0,1,1,0,0,0,1,0,1,0,0,38.5,23,44.95,36.2
19,4,71,1,5,1,2,2,0,1,0,1,0,1,0,0,0,0,1,54.5,29,56.15,28.6
22,2,94,2,6,3,2,2,0,1,1,0,0,0,1,0,1,0,0,45.0,6,47.099999999999994,34.4
18,5,83,2,4,3,3,3,0,1,0,0,0,1,0,1,0,0,0,67.5,17,67.65,19.799999999999997
22,4,78,1,4,1,1,1,0,1,0,1,0,0,1,0,0,0,0,60.0,22,62.4,20.799999999999997
22,3,68,0,6,1,1,1,1,1,0,1,1,0,0,0,0,1,0,46.0,32,47.8,33.8
23,4,71,1,6,0,0,0,0,1,0,0,0,0,1,0,0,0,0,52.5,29,52.35,33.6
27,4,88,0,7,3,2,2,0,1,0,1,0,0,1,0,0,0,0,62.0,12,56.599999999999994,27.799999999999997
21,3,84,2,5,2,2,2,0,1,0,1,1,0,0,0,1,0,0,50.0,16,53.0,30.4
19,1,70,0,5,2,1,1,1,1,0,0,1,0,0,0,0,0,0,33.0,30,41.099999999999994,34.0
20,3,70,0,4,2,3,3,0,1,1,1,1,0,0,0,0,0,1,51.0,30,56.099999999999994,23.0
17,4,96,2,6,3,3,3,0,0,1,1,0,1,0,0,0,0,1,62.0,4,59.0,27.6
19,5,92,0,3,2,2,2,0,1,1,0,0,1,0,0,0,0,0,80.0,8,78.8,3.1999999999999993
20,4,84,2,5,3,3,3,0,1,1,1,0,1,0,0,0,0,1,58.0,16,58.599999999999994,27.4
19,3,82,3,7,2,2,2,0,1,0,0,0,0,1,0,0,1,0,42.0,18,42.599999999999994,45.2
21,4,80,0,5,3,2,2,0,1,0,0,0,0,1,0,0,0,1,62.0,20,61.4,21.0
19,4,71,1,6,1,1,1,0,1,1,0,1,0,0,0,1,0,0,52.5,29,52.35,33.6
23,4,88,3,5,1,1,1,0,1,1,1,0,0,1,0,0,0,0,57.0,12,57.9,29.799999999999997
21,1,80,1,2,1,1,1,1,1,0,0,0,0,1,1,0,0,0,41.0,20,53.9,19.0
21,3,87,1,4,2,2,2,0,0,0,1,1,0,0,0,0,0,1,56.5,13,59.949999999999996,20.2
20,5,78,3,5,2,2,2,0,1,0,0,1,0,0,0,0,0,1,60.0,22,60.0,30.799999999999997
21,4,84,2,4,3,2,2,0,1,0,1,1,0,0,0,0,0,1,60.0,16,62.4,22.4
22,5,78,0,6,1,1,1,0,1,0,0,0,1,0,0,0,1,0,67.0,22,62.5,23.799999999999997
19,3,82,2,2,4,3,3,0,1,1,1,0,0,0,1,0,0,0,55.0,18,63.7,16.2
19,3,88,2,2,4,4,4,0,0,1,0,0,0,0,0,0,0,1,58.0,12,65.8,13.8
20,0,77,3,6,0,0,0,1,1,0,1,1,0,0,0,0,0,1,17.5,23,27.85,51.2
18,1,98,0,4,0,0,0,1,0,1,0,0,0,0,0,0,1,0,49.0,2,54.699999999999996,17.8
19,4,77,2,6,0,0,0,0,1,1,1,0,1,0,0,0,1,0,52.5,23,52.35,35.2
20,4,83,4,4,2,2,2,0,0,1,0,0,1,0,0,0,0,1,53.5,17,57.849999999999994,30.799999999999997
22,1,93,0,6,3,3,3,1,1,0,0,0,0,1,0,0,0,1,42.5,7,45.349999999999994,29.799999999999997
21,4,93,2,7,1,1,1,0,1,1,1,1,0,0,0,0,0,1,58.5,7,54.14999999999999,33.8
21,5,85,1,8,2,2,2,1,1,0,1,0,0,1,0,0,0,1,63.5,15,55.24999999999999,35.0
22,4,84,2,4,2,2,2,0,1,0,1,0,1,0,1,0,0,0,60.0,16,62.4,22.4
20,3,82,1,4,2,2,2,0,1,0,0,1,0,0,0,0,0,0,54.0,18,58.199999999999996,22.2
21,0,92,2,5,2,2,2,1,0,1,1,0,1,0,0,0,0,0,30.0,8,39.0,36.2
20,4,89,2,8,1,1,1,1,1,0,0,0,0,0,0,1,0,0,54.5,11,48.949999999999996,40.4
21,2,90,4,3,2,3,3,0,1,0,1,0,0,1,0,0,1,0,43.0,10,52.9,29.0
19,4,95,0,3,4,3,3,0,0,1,0,0,0,0,0,0,0,0,73.5,5,74.25,5.0
17,4,85,3,7,1,1,1,0,1,1,0,0,0,0,0,0,0,1,51.5,15,49.25,41.0
20,4,78,3,5,4,4,4,0,1,0,0,0,0,1,0,0,0,1,52.0,22,54.4,33.8
24,4,84,0,6,1,1,1,0,1,0,0,0,0,0,1,0,0,0,62.0,16,59.0,24.4
23,3,82,2,4,2,2,2,0,0,1,0,1,0,0,0,0,1,0,51.0,18,56.099999999999994,26.200000000000003
23,4,80,1,6,3,2,3,0,1,0,1,0,0,1,0,0,0,0,57.0,20,55.5,30.0
23,2,78,2,4,1,1,1,0,1,0,0,0,1,0,1,0,0,0,41.0,22,49.099999999999994,30.799999999999997
21,5,86,1,3,4,4,3,0,1,1,0,0,0,1,1,0,0,0,74.0,14,74.6,9.600000000000001
21,3,87,3,5,2,2,2,0,1,1,0,0,0,0,0,0,1,0,48.5,13,51.949999999999996,33.2
19,6,76,0,3,3,3,3,0,1,0,0,0,1,0,0,0,0,1,80.0,24,78.8,6.600000000000001
20,3,84,0,6,3,3,3,0,1,1,1,0,0,0,0,0,0,1,54.0,16,53.4,27.4
22,4,95,1,5,2,2,2,0,1,0,0,1,0,0,0,0,1,0,66.5,5,64.55,19.0
23,4,76,0,3,4,4,4,0,1,0,0,0,0,0,1,0,0,0,64.0,24,67.6,12.600000000000001
20,1,93,2,6,1,1,1,1,1,1,1,1,0,0,0,0,0,1,36.5,7,41.15,37.8
20,4,75,3,6,2,2,2,0,1,1,0,0,0,1,0,0,1,0,48.5,25,49.55,40.0
21,3,84,0,1,4,3,3,0,1,1,1,0,1,0,0,0,0,1,64.0,16,72.39999999999999,2.4000000000000004
22,3,67,1,5,2,2,2,1,1,1,0,0,0,0,1,0,0,0,44.5,33,49.15,33.2
17,4,87,1,5,1,1,1,0,1,0,0,0,0,1,0,0,0,1,62.5,13,61.75,22.200000000000003
17,2,80,0,5,1,1,1,0,1,0,0,1,0,0,0,0,0,0,46.0,20,50.199999999999996,27.0
19,3,68,1,2,2,2,2,1,1,0,0,0,1,0,0,1,0,0,51.0,32,60.89999999999999,17.8
18,5,78,3,6,3,3,3,0,1,0,1,1,0,0,0,0,1,0,58.0,22,56.199999999999996,35.8
19,2,96,0,6,3,3,3,0,1,0,0,0,0,0,0,0,0,0,52.0,4,52.0,25.6
20,4,86,4,3,2,2,2,0,1,0,0,1,0,0,0,0,1,0,57.0,14,62.7,24.6
20,3,82,2,3,3,3,3,0,1,0,0,0,0,0,0,0,0,1,53.0,18,59.89999999999999,21.2
24,5,86,4,3,1,1,1,0,1,0,1,0,0,1,0,1,0,0,65.0,14,68.3,21.6
21,4,90,2,5,2,2,2,0,0,1,0,0,0,1,1,0,0,0,61.0,10,60.699999999999996,25.0
21,3,94,0,3,3,3,3,0,1,0,1,0,0,1,1,0,0,0,65.0,6,68.3,8.399999999999999
22,4,79,1,3,3,3,3,0,1,0,1,1,0,0,0,0,1,0,62.5,21,66.55,15.399999999999999
18,3,86,4,9,2,2,2,1,1,0,0,1,0,0,0,0,0,1,37.0,14,34.3,57.599999999999994
23,6,85,4,5,2,2,2,0,1,0,0,1,0,0,1,0,0,0,68.5,15,65.94999999999999,29.0
20,4,82,3,4,1,1,1,0,0,1,0,1,0,0,0,1,0,0,56.0,18,59.599999999999994,27.200000000000003
22,3,80,2,4,3,3,3,0,1,1,0,0,1,0,0,1,0,0,50.0,20,55.4,27.0
18,3,94,3,4,1,1,1,0,1,1,0,0,0,0,0,0,0,0,54.0,6,58.199999999999996,25.4
17,3,84,0,8,2,2,2,1,1,1,1,1,0,0,1,0,0,0,50.0,16,45.8,37.4
22,3,72,4,7,1,2,2,0,0,0,1,0,0,1,0,0,0,1,34.0,28,37.0,53.2
21,4,58,4,9,0,0,0,1,0,0,0,0,0,1,0,1,0,0,31.0,42,30.1,65.8
19,3,89,0,6,3,3,3,0,1,1,1,0,0,0,1,0,0,0,56.5,11,55.15,25.4
19,2,78,1,3,2,2,2,0,1,1,0,0,1,0,0,0,0,0,46.0,22,55.0,21.8
23,5,80,3,6,2,1,1,0,1,0,1,0,0,1,0,0,0,0,59.0,20,56.9,35.0
18,5,85,2,6,2,2,2,0,1,1,1,1,0,0,1,0,0,0,64.5,15,60.75,29.0
24,2,100,1,6,2,1,1,0,1,0,0,0,0,0,0,0,1,0,51.0,0,51.3,28.0
19,3,92,2,4,2,2,2,0,1,1,0,1,0,0,1,0,0,0,56.0,8,59.599999999999994,22.2
22,5,80,0,8,1,1,0,1,1,0,1,1,0,0,0,1,0,0,64.0,20,55.599999999999994,33.0
20,4,87,1,3,4,3,3,0,0,1,1,1,0,0,1,0,0,0,66.5,13,69.35,12.2
22,6,77,1,6,3,3,3,0,1,0,0,1,0,0,1,0,0,0,71.5,23,65.64999999999999,25.200000000000003
19,4,88,2,5,1,1,1,0,1,0,0,0,0,0,0,1,0,0,60.0,12,60.0,25.799999999999997
20,4,75,5,4,2,2,2,1,1,0,0,0,1,0,0,0,0,0,46.5,25,52.949999999999996,38.0
21,3,83,3,5,1,2,2,0,1,1,1,0,0,1,0,0,0,1,46.5,17,50.55,34.8
18,2,83,0,7,1,1,1,0,1,0,0,0,0,0,0,1,0,0,43.5,17,43.65,35.8
22,2,73,4,6,0,0,0,0,1,0,1,0,1,0,0,0,0,0,28.5,27,35.55,50.8
19,3,77,0,6,3,3,3,0,1,0,1,1,0,0,1,0,0,0,50.5,23,50.949999999999996,30.200000000000003
20,5,64,3,1,3,4,4,1,1,0,1,0,0,1,0,0,0,1,61.0,36,70.3,16.4
18,2,79,4,7,0,0,0,0,1,0,1,0,0,1,0,0,0,0,29.5,21,33.849999999999994,53.4
17,3,90,2,4,4,4,4,0,1,0,0,0,1,0,0,0,0,1,55.0,10,58.9,23.0
20,1,98,0,6,0,0,0,1,1,1,0,0,0,0,1,0,0,0,45.0,2,47.099999999999994,27.8
26,5,93,2,7,2,3,3,0,1,0,0,0,1,0,1,0,0,0,66.5,7,59.75,30.799999999999997
22,2,78,4,5,2,1,1,0,1,0,0,1,0,0,1,0,0,0,33.0,22,41.099999999999994,43.8
21,6,81,0,1,2,2,2,0,1,0,1,0,0,0,0,1,0,0,86.5,19,88.14999999999999,0.0
20,4,81,0,8,0,0,0,1,1,0,1,0,1,0,1,0,0,0,56.5,19,50.349999999999994,35.6
21,4,80,1,5,2,2,2,0,0,1,1,0,1,0,0,1,0,0,59.0,20,59.3,25.0
22,1,89,3,7,1,1,1,1,1,0,0,0,1,0,0,0,1,0,29.5,11,33.849999999999994,48.4
18,0,77,0,4,2,2,2,1,1,0,0,0,0,1,0,1,0,0,30.5,23,41.75,29.200000000000003
23,3,93,1,7,3,2,2,0,1,1,0,0,1,0,0,0,0,1,53.5,7,50.64999999999999,32.8
22,4,83,6,5,0,0,0,1,1,0,0,0,0,1,0,0,1,0,45.5,17,49.849999999999994,43.8
22,4,72,0,5,2,2,2,0,1,1,1,1,0,0,0,0,1,0,58.0,28,58.599999999999994,24.200000000000003
22,6,81,5,7,2,3,3,1,1,0,1,0,0,0,1,0,0,0,59.5,19,54.849999999999994,44.6
21,3,85,5,6,0,0,1,1,1,0,0,0,1,0,0,0,0,1,39.5,15,43.25,47.0
22,3,89,2,1,3,3,3,0,1,0,0,1,0,0,0,0,0,0,60.5,11,69.94999999999999,8.399999999999999
22,3,88,2,5,3,3,3,0,1,0,1,0,0,1,0,0,1,0,52.0,12,54.4,28.799999999999997
20,4,79,3,7,1,1,1,0,1,1,1,0,0,0,0,0,0,1,48.5,21,47.14999999999999,43.4
19,2,77,1,3,2,2,2,0,1,0,0,1,0,0,0,0,0,0,45.5,23,54.65,22.200000000000003
21,1,95,2,7,2,2,2,1,1,0,1,1,0,0,0,0,0,0,35.5,5,38.05,42.0
24,4,82,2,2,0,1,1,0,1,0,0,0,0,1,0,0,0,0,63.0,18,69.3,13.2
18,2,72,1,5,1,1,1,0,1,0,0,0,0,0,0,1,0,0,39.0,28,45.3,34.2
17,5,77,1,6,3,2,2,0,1,0,0,0,0,0,1,0,0,0,63.5,23,60.05,28.200000000000003
21,1,66,2,5,1,0,0,1,1,0,0,0,0,0,0,0,1,0,25.0,34,35.5,43.6
21,2,69,3,7,0,0,0,1,1,0,0,0,1,0,0,0,1,0,27.5,31,32.45,53.4
21,2,77,5,3,1,1,1,1,1,1,1,0,1,0,0,0,1,0,33.5,23,46.25,38.2
21,3,75,2,7,1,1,1,0,1,0,0,0,1,0,1,0,0,0,41.5,25,42.25,44.0
20,2,76,1,5,0,0,0,0,1,0,1,1,0,0,0,0,0,0,41.0,24,46.7,32.6
24,5,88,2,4,3,3,3,0,1,0,0,0,0,0,0,0,0,1,70.0,12,69.4,17.799999999999997
17,7,89,0,6,3,2,2,0,1,1,0,0,0,1,1,0,0,0,88.5,11,77.55,13.399999999999999
19,4,72,2,5,1,1,1,0,1,0,0,1,0,0,1,0,0,0,52.0,28,54.4,32.2
20,3,97,1,8,0,0,0,1,1,0,0,0,0,0,0,1,0,0,53.5,3,48.24999999999999,36.2
17,3,82,3,6,2,3,3,0,1,1,0,1,0,0,0,0,0,0,44.0,18,46.4,40.2
20,2,82,3,6,0,0,0,0,1,0,0,0,1,0,0,0,0,0,36.0,18,40.8,43.2
24,4,75,1,4,1,1,1,0,1,0,1,0,0,1,0,0,1,0,58.5,25,61.349999999999994,22.0
21,2,79,2,5,3,3,3,0,1,0,1,0,0,1,1,0,0,0,39.5,21,45.65,35.4
21,4,98,2,4,2,2,2,0,1,1,0,1,0,0,0,0,0,0,67.0,2,67.3,16.8
18,4,73,2,5,1,1,1,0,1,0,1,1,0,0,1,0,0,0,52.5,27,54.75,31.799999999999997
19,4,84,2,7,1,0,0,0,0,0,0,1,0,0,0,0,0,0,54.0,16,51.0,37.4
20,3,77,4,5,4,3,3,0,1,1,0,0,0,1,0,0,0,0,40.5,23,46.349999999999994,41.2
20,4,67,2,2,2,2,2,1,1,1,0,0,1,0,0,0,0,1,55.5,33,64.05,19.200000000000003
23,4,69,3,6,2,2,2,1,0,1,0,0,0,1,0,0,1,0,45.5,31,47.449999999999996,42.4
22,3,86,2,6,2,2,2,0,1,0,0,1,0,0,0,0,1,0,49.0,14,49.9,34.6
18,4,68,1,8,0,0,0,1,1,1,0,0,1,0,0,0,0,0,47.0,32,43.699999999999996,44.8
21,5,72,3,7,0,0,0,0,0,1,0,0,1,0,0,0,1,0,53.0,28,50.3,43.2
22,1,88,3,5,2,1,1,1,1,0,0,0,1,0,0,0,0,0,33.0,12,41.099999999999994,38.8
23,1,87,0,6,0,0,0,1,1,0,0,1,0,0,0,0,0,1,39.5,13,43.25,32.2
24,5,82,2,6,2,2,2,0,1,1,0,0,0,1,1,0,0,0,63.0,18,59.699999999999996,30.200000000000003
18,4,57,4,5,2,2,2,1,1,1,1,0,1,0,0,0,1,0,38.5,43,44.95,46.2
19,5,72,3,1,4,3,3,0,1,0,0,0,0,0,0,0,0,0,65.0,28,73.1,13.200000000000003
18,3,71,5,4,2,2,2,1,1,1,1,0,0,0,1,0,0,0,36.5,29,45.949999999999996,42.6
20,6,80,2,6,2,2,2,0,1,1,1,0,0,1,0,0,0,0,70.0,20,64.6,28.0
22,7,87,2,7,3,4,4,0,1,1,0,0,0,0,0,0,1,0,79.5,13,68.85,27.200000000000003
23,5,78,1,4,2,2,2,0,1,0,1,0,0,0,1,0,0,0,68.0,22,68.0,17.799999999999997
20,4,89,2,4,3,3,3,0,1,0,0,0,0,1,0,0,0,0,62.5,11,64.15,20.4
20,4,94,0,5,2,2,2,0,1,0,0,1,0,0,0,0,0,1,69.0,6,66.3,15.399999999999999
21,4,85,2,5,4,4,4,0,1,0,0,0,0,0,0,0,1,0,58.5,15,58.949999999999996,27.0
19,4,72,1,7,2,2,2,0,1,0,0,1,0,0,0,0,0,1,51.0,28,48.89999999999999,38.2
25,4,82,3,4,0,1,1,0,1,0,1,1,0,0,0,1,0,0,56.0,18,59.599999999999994,27.200000000000003
17,6,92,4,7,2,2,2,0,1,0,0,0,0,0,0,0,1,0,68.0,8,60.8,36.2
21,3,77,1,8,3,2,2,1,1,0,1,0,1,0,0,0,0,1,43.5,23,41.25,44.2
25,3,76,2,4,2,2,2,0,0,0,0,0,0,0,1,0,0,0,48.0,24,53.99999999999999,28.6
21,4,91,1,4,3,3,3,0,1,1,0,1,0,0,1,0,0,0,66.5,9,66.94999999999999,15.600000000000001
20,4,70,1,5,2,2,2,0,0,1,1,0,0,1,0,0,0,0,54.0,30,55.8,29.0
20,4,83,1,4,2,1,1,0,1,0,0,0,0,1,1,0,0,0,62.5,17,64.15,18.8
20,2,77,3,5,0,0,0,0,1,1,1,1,0,0,0,0,0,0,35.5,23,42.849999999999994,40.2
24,4,78,4,2,3,3,3,0,1,1,1,1,0,0,0,0,0,1,55.0,22,63.7,22.799999999999997
17,3,95,1,7,3,2,3,0,0,0,1,1,0,0,0,0,0,1,54.5,5,51.349999999999994,32.0
24,3,78,0,8,2,2,2,1,1,1,1,1,0,0,0,1,0,0,47.0,22,43.699999999999996,39.8
17,5,83,2,4,3,2,2,0,1,1,0,0,0,1,1,0,0,0,67.5,17,67.65,19.799999999999997
20,5,90,3,2,4,4,3,0,0,1,1,1,0,0,0,0,1,0,72.0,10,75.6,11.0
20,2,71,2,7,1,1,1,0,1,0,0,0,0,1,0,0,1,0,31.5,29,35.25,48.6
22,4,88,0,5,4,3,3,0,1,1,0,1,0,0,0,1,0,0,66.0,12,64.19999999999999,17.8
17,2,78,1,4,2,2,2,0,1,0,0,0,0,1,0,1,0,0,44.0,22,51.199999999999996,26.799999999999997
22,3,71,3,5,2,2,2,0,1,1,0,1,0,0,1,0,0,0,40.5,29,46.349999999999994,39.6
25,3,78,1,3,1,2,1,0,1,1,0,0,1,0,0,0,1,0,54.0,22,60.599999999999994,18.8
18,4,82,2,6,2,2,2,0,1,0,0,1,0,0,0,0,1,0,55.0,18,54.1,33.2
21,1,83,1,3,2,1,1,1,1,0,1,1,0,0,0,0,1,0,40.5,17,51.15,22.8
19,6,76,1,3,3,3,3,0,1,0,0,0,0,0,0,0,0,0,77.0,24,76.7,10.600000000000001
21,1,80,4,3,2,2,2,1,1,1,1,0,1,0,1,0,0,0,30.0,20,43.8,36.0
21,6,70,1,5,1,1,1,0,1,1,0,0,0,0,0,1,0,0,70.0,30,67.0,23.0
19,3,76,1,2,2,2,2,0,1,0,0,1,0,0,0,0,1,0,55.0,24,63.7,14.600000000000001
22,4,71,3,9,1,1,1,1,1,1,0,0,0,1,0,0,0,1,40.5,29,36.75,56.599999999999994
25,1,81,1,4,2,3,3,1,1,0,1,0,0,0,0,0,0,1,37.5,19,46.65,28.6
20,4,75,0,1,3,3,3,0,0,0,1,1,0,0,0,0,0,0,67.5,25,74.85,3.0
22,3,98,1,3,4,3,3,0,1,0,0,0,1,0,0,1,0,0,64.0,2,67.6,10.8
18,5,85,4,6,3,2,2,0,1,0,0,0,0,0,0,0,0,0,58.5,15,56.55,37.0
18,2,69,2,7,1,1,1,1,1,0,0,0,0,0,0,0,0,0,30.5,31,34.55,49.4
22,5,76,2,5,2,2,2,0,1,1,0,1,0,0,0,1,0,0,62.0,24,61.4,27.6
24,1,87,1,5,2,2,2,1,1,0,0,0,1,0,0,0,1,0,38.5,13,44.95,31.200000000000003
21,4,84,1,2,3,3,3,0,1,0,0,1,0,0,1,0,0,0,67.0,16,72.1,8.399999999999999
20,2,69,2,8,1,1,1,1,1,1,1,0,0,0,0,0,1,0,28.5,31,30.75,54.4
21,6,75,1,6,1,1,1,0,1,1,0,0,1,0,0,0,0,0,70.5,25,64.94999999999999,26.0
18,5,87,2,6,2,2,2,0,1,1,0,0,1,0,0,1,0,0,65.5,13,61.449999999999996,28.200000000000003
22,6,85,2,5,1,1,1,0,0,0,0,0,1,0,1,0,0,0,74.5,15,70.15,21.0
22,3,86,2,6,2,2,2,0,1,1,0,0,1,0,0,0,1,0,49.0,14,49.9,34.6
20,4,79,2,5,2,2,1,0,1,0,1,1,0,0,0,0,0,0,55.5,21,56.849999999999994,29.4
20,3,75,0,7,0,0,0,0,1,0,0,0,1,0,0,0,1,0,47.5,25,46.45,36.0
21,4,71,4,5,1,1,1,0,1,0,0,1,0,0,0,1,0,0,45.5,29,49.849999999999994,40.6
20,3,89,0,5,1,1,1,0,1,0,0,1,0,0,0,1,0,0,58.5,11,58.949999999999996,20.4
20,3,97,2,5,1,1,1,0,1,1,1,0,1,0,1,0,0,0,56.5,3,57.55,25.200000000000003
25,5,84,0,1,3,3,3,0,1,1,0,0,1,0,0,0,0,1,80.0,16,83.6,0.0
20,5,89,0,2,2,2,2,0,1,0,1,0,0,0,0,0,0,0,80.5,11,81.55,0.0
20,2,75,0,6,3,3,3,0,0,0,0,0,0,0,0,0,0,1,41.5,25,44.65,34.0
19,4,81,1,7,4,3,3,0,1,1,0,1,0,0,1,0,0,0,55.5,19,52.05,34.6
22,2,81,2,7,0,0,0,0,1,0,0,1,0,0,0,1,0,0,36.5,19,38.75,44.6
20,5,85,1,3,4,4,4,0,1,0,0,0,0,0,0,0,0,0,73.5,15,74.25,10.0
19,2,82,2,9,0,1,1,1,1,1,0,0,0,0,0,0,1,0,33.0,18,31.5,54.2
23,5,100,0,7,2,3,3,0,1,0,1,0,1,0,0,0,0,1,76.0,0,66.39999999999999,20.0
24,4,88,2,4,4,4,3,0,0,0,0,0,1,0,0,0,1,0,62.0,12,63.8,20.799999999999997
19,3,92,3,5,2,2,2,0,0,1,1,1,0,0,0,0,1,0,51.0,8,53.699999999999996,31.200000000000003
17,3,84,2,2,2,2,2,0,1,1,0,0,1,0,0,1,0,0,56.0,16,64.39999999999999,15.399999999999999
23,3,65,0,4,1,1,1,1,1,1,0,0,1,0,0,0,0,1,48.5,35,54.349999999999994,25.0
19,4,85,1,6,0,0,0,0,0,0,0,0,0,0,0,0,1,0,59.5,15,57.25,28.0
22,5,90,1,5,2,2,2,0,1,0,0,0,0,0,0,1,0,0,72.0,10,68.4,18.0
17,4,93,1,5,4,3,3,0,1,0,0,0,1,0,0,0,1,0,65.5,7,63.849999999999994,19.8
23,4,81,2,5,2,2,2,0,1,0,1,0,0,0,0,0,0,1,56.5,19,57.55,28.6
18,4,70,0,5,1,1,1,0,1,1,0,0,0,0,0,0,0,1,57.0,30,57.9,25.0
22,4,79,2,3,2,2,2,0,0,0,1,0,0,0,0,1,0,0,59.5,21,64.45,19.4
21,3,70,2,8,0,0,0,1,1,0,0,0,0,1,0,0,0,0,37.0,30,36.699999999999996,51.0
18,4,92,4,6,2,2,2,0,1,0,0,1,0,0,1,0,0,0,54.0,8,53.4,37.2
20,5,85,3,5,4,3,3,0,1,0,1,1,0,0,0,0,0,1,63.5,15,62.449999999999996,28.0
22,5,77,1,5,1,1,1,0,0,0,0,1,0,0,0,0,0,0,65.5,23,63.849999999999994,23.200000000000003
21,4,87,0,3,2,2,2,0,1,1,0,0,0,0,0,0,0,1,69.5,13,71.45,8.2
22,3,93,1,7,0,0,0,0,1,0,0,0,0,1,0,0,1,0,53.5,7,50.64999999999999,32.8
25,4,88,2,5,0,1,1,0,1,1,0,1,0,0,0,0,1,0,60.0,12,60.0,25.799999999999997
17,4,98,1,5,3,4,4,0,1,0,0,0,0,1,0,0,1,0,68.0,2,65.6,17.8
24,5,74,1,6,1,1,1,0,1,0,0,0,1,0,0,0,1,0,62.0,26,59.0,29.4
21,4,89,3,3,2,1,1,0,1,0,0,0,0,1,0,1,0,0,61.5,11,65.85,19.4
19,5,70,1,9,2,2,2,1,1,1,1,1,0,0,0,0,0,0,54.0,30,46.199999999999996,46.0
18,5,97,2,8,2,3,3,1,1,0,1,0,1,0,0,0,1,0,66.5,3,57.349999999999994,34.2
20,3,87,2,5,0,0,0,0,1,0,1,0,1,0,0,0,0,1,51.5,13,54.05,29.200000000000003
23,4,64,2,5,1,2,2,1,1,1,1,0,0,0,0,0,1,0,48.0,36,51.599999999999994,35.4
20,6,72,2,6,1,1,1,0,1,0,0,0,0,1,0,0,1,0,66.0,28,61.8,31.200000000000003
24,4,77,0,7,2,2,2,0,1,1,1,0,0,1,0,0,1,0,56.5,23,52.75,32.2
17,4,79,1,8,1,1,1,1,1,1,0,0,1,0,0,1,0,0,52.5,21,47.55,40.4
21,3,83,2,6,2,2,2,0,1,0,0,0,0,1,1,0,0,0,47.5,17,48.85,35.8
18,4,81,3,5,3,3,3,0,1,1,0,1,0,0,0,1,0,0,53.5,19,55.449999999999996,32.6
21,4,76,4,5,2,3,3,0,1,0,0,0,0,0,0,0,0,1,48.0,24,51.599999999999994,38.6
23,4,91,3,2,4,4,4,0,1,0,0,0,1,0,0,0,1,0,64.5,9,70.35,13.600000000000001
20,4,68,2,4,1,1,1,1,1,1,0,0,1,0,1,0,0,0,52.0,32,56.8,28.799999999999997
17,4,86,4,6,3,3,3,0,1,0,0,0,0,1,0,0,0,0,51.0,14,51.3,39.6
21,3,83,3,1,4,3,3,0,1,1,1,0,1,0,0,0,0,0,54.5,17,65.75,14.8
22,4,81,0,5,1,1,1,0,1,1,0,1,0,0,0,0,1,0,62.5,19,61.75,20.6
21,5,87,3,4,3,2,2,0,1,0,0,0,1,0,0,0,0,1,66.5,13,66.94999999999999,22.200000000000003
23,4,76,1,8,0,0,0,1,1,0,0,0,0,0,0,0,1,0,51.0,24,46.49999999999999,41.6
18,2,75,5,5,1,1,1,1,1,0,1,0,0,0,0,0,0,0,28.5,25,37.95,49.0
22,3,79,0,5,2,2,2,0,1,1,0,1,0,0,0,0,0,0,53.5,21,55.449999999999996,24.4
23,3,77,2,5,0,1,1,0,1,0,1,0,0,1,0,1,0,0,46.5,23,50.55,33.2
17,6,80,1,5,0,0,0,0,1,0,0,0,1,0,0,0,0,0,75.0,20,70.5,19.0
21,3,87,2,6,3,4,4,0,0,1,0,1,0,0,1,0,0,0,49.5,13,50.25,34.2
19,5,82,1,4,2,2,2,0,1,1,0,0,0,0,0,0,0,1,70.0,18,69.4,16.2
20,4,82,2,5,3,3,3,0,1,0,0,0,1,0,0,0,0,0,57.0,18,57.9,28.200000000000003
21,3,83,2,6,2,2,2,0,1,0,1,0,0,0,0,0,0,0,47.5,17,48.85,35.8
19,2,79,1,5,1,2,2,0,1,1,0,0,0,1,0,1,0,0,42.5,21,47.75,31.4
19,3,89,3,6,0,0,0,0,0,1,0,0,0,0,0,0,0,0,47.5,11,48.85,37.4
21,4,86,2,4,2,2,2,0,0,0,0,0,0,1,0,1,0,0,61.0,14,63.099999999999994,21.6
18,2,82,5,6,2,2,2,1,1,0,0,0,1,0,0,1,0,0,30.0,18,36.6,51.2
18,4,72,1,7,2,4,3,0,1,1,1,0,0,1,0,1,0,0,51.0,28,48.89999999999999,38.2
22,2,92,2,6,1,1,1,0,1,0,0,0,1,0,0,0,1,0,44.0,8,46.4,35.2
18,2,87,3,2,3,3,3,0,1,0,0,0,1,0,0,0,0,1,46.5,13,57.75,21.2
22,2,86,3,6,1,1,1,0,1,1,0,0,1,0,0,0,0,1,38.0,14,42.199999999999996,41.6
22,3,95,1,3,3,3,3,0,1,0,0,0,0,1,0,0,1,0,62.5,5,66.55,12.0
17,4,87,1,3,1,1,1,0,1,1,0,0,0,1,0,0,1,0,66.5,13,69.35,12.2
19,6,81,1,6,2,2,2,0,1,0,0,0,0,0,1,0,0,0,73.5,19,67.05,23.6
23,3,77,2,3,2,2,2,0,1,1,0,0,0,0,1,0,0,0,50.5,23,58.14999999999999,23.200000000000003
18,4,77,0,3,1,1,1,0,1,1,0,0,1,0,0,1,0,0,64.5,23,67.95,12.200000000000003
20,3,84,2,5,1,1,1,0,0,0,0,0,0,1,0,0,1,0,50.0,16,53.0,30.4
22,1,89,1,4,1,2,2,1,0,0,0,0,1,0,0,0,0,1,41.5,11,49.449999999999996,25.4
22,4,89,3,2,4,4,3,0,1,1,0,1,0,0,0,0,1,0,63.5,11,69.64999999999999,14.399999999999999
20,3,71,5,6,1,1,1,1,0,1,0,1,0,0,0,0,1,0,32.5,29,38.35,52.6
19,1,89,6,7,0,0,0,1,1,0,0,0,0,1,0,0,1,0,20.5,11,27.549999999999997,60.4
24,6,79,1,7,3,3,3,0,1,1,1,0,0,0,0,0,0,1,70.5,21,62.55,29.4
24,4,77,2,3,1,1,1,0,1,0,0,0,0,1,0,0,0,1,58.5,23,63.75,20.200000000000003
23,1,84,0,6,0,0,0,1,1,1,1,0,0,1,0,0,0,0,38.0,16,42.199999999999996,33.4
21,4,88,3,4,1,1,1,0,1,0,0,1,0,0,0,0,1,0,59.0,12,61.699999999999996,24.799999999999997
19,7,72,0,3,2,2,2,0,1,1,1,0,0,0,1,0,0,0,86.0,28,83.0,5.200000000000003
19,4,83,5,4,3,3,3,1,1,1,0,0,0,1,0,0,0,1,50.5,17,55.74999999999999,34.8
22,4,69,3,1,3,4,3,1,1,0,0,0,0,1,0,0,0,1,55.5,31,66.44999999999999,17.4
21,3,88,1,3,3,3,3,0,1,1,0,0,0,1,0,0,0,0,59.0,12,64.1,14.8
24,3,73,1,2,4,4,4,0,1,0,0,0,0,0,0,0,1,0,53.5,27,62.64999999999999,15.8
22,6,83,1,5,2,1,1,0,1,1,0,0,1,0,0,0,0,1,76.5,17,71.55,17.799999999999997
17,4,79,2,6,4,3,3,0,1,1,0,0,0,1,1,0,0,0,53.5,21,53.05,34.4
23,5,77,2,2,3,3,3,0,1,0,0,0,1,0,0,0,0,1,68.5,23,73.14999999999999,12.200000000000003
18,3,66,1,7,3,3,3,1,1,1,1,1,0,0,0,1,0,0,40.0,34,41.2,43.6
20,4,70,1,4,1,1,1,0,1,1,0,0,1,0,1,0,0,0,56.0,30,59.599999999999994,24.0
21,3,81,3,3,2,2,2,0,0,1,1,0,0,0,0,0,0,1,49.5,19,57.45,25.6
25,4,59,0,5,2,2,2,1,1,1,0,0,1,0,0,0,1,0,51.5,41,54.05,29.400000000000006
27,3,79,1,4,3,3,3,0,1,1,1,0,0,0,0,1,0,0,52.5,21,57.15,23.4
22,6,75,4,5,3,3,3,0,0,1,0,0,0,1,0,1,0,0,63.5,25,62.449999999999996,33.0
20,3,79,4,7,2,2,2,0,1,1,1,0,1,0,0,0,0,0,37.5,21,39.45,50.4
22,4,72,1,5,3,3,3,0,1,0,1,0,0,0,0,0,1,0,55.0,28,56.5,28.200000000000003
23,1,78,3,4,3,3,3,1,1,1,0,0,0,1,0,0,0,1,30.0,22,41.4,37.8
20,5,79,2,6,1,0,0,0,1,0,1,0,0,0,0,0,0,0,61.5,21,58.65,31.4
24,2,82,4,5,1,1,1,0,1,0,1,1,0,0,0,0,0,0,35.0,18,42.5,42.2
21,3,67,2,2,3,3,3,1,1,1,0,0,0,0,0,0,1,0,47.5,33,58.45,22.200000000000003
22,2,82,1,4,2,2,2,0,1,1,0,0,1,0,0,0,0,1,46.0,18,52.599999999999994,25.2
22,2,73,3,4,2,2,1,0,1,1,1,0,1,0,1,0,0,0,35.5,27,45.25,36.8
21,5,71,1,5,2,3,3,0,1,0,1,0,0,0,1,0,0,0,62.5,29,61.75,25.6
22,2,91,1,4,3,2,2,0,1,0,0,1,0,0,0,0,1,0,50.5,9,55.74999999999999,21.6
19,2,87,1,4,1,1,1,0,1,0,0,0,0,1,0,0,1,0,48.5,13,54.349999999999994,23.2
19,2,86,0,8,0,0,0,1,1,0,0,0,1,0,1,0,0,0,43.0,14,40.9,39.6
18,5,80,2,5,1,2,2,0,1,1,1,0,0,1,0,0,0,1,64.0,20,62.8,26.0
22,3,77,0,6,0,0,0,0,1,0,0,0,0,1,0,1,0,0,50.5,23,50.949999999999996,30.200000000000003
22,3,93,4,5,3,3,3,0,1,1,0,0,0,1,0,0,0,1,48.5,7,51.949999999999996,34.8
22,5,83,1,7,3,3,3,0,1,0,0,0,0,0,0,0,0,0,64.5,17,58.349999999999994,30.799999999999997
24,4,74,2,5,3,3,3,0,1,1,1,0,0,1,1,0,0,0,53.0,26,55.099999999999994,31.4
21,4,74,2,7,3,2,2,0,1,1,0,0,0,1,0,0,0,0,49.0,26,47.5,41.4
22,5,84,3,1,4,3,3,0,1,0,0,0,0,0,1,0,0,0,71.0,16,77.3,8.399999999999999
18,2,79,2,5,1,1,1,0,0,0,1,0,0,0,0,0,1,0,39.5,21,45.65,35.4
20,3,90,1,6,1,1,1,0,1,0,0,1,0,0,0,1,0,0,54.0,10,53.4,29.0
22,5,82,0,6,1,2,2,0,1,0,0,0,0,1,0,0,0,1,69.0,18,63.9,22.200000000000003
22,6,72,2,3,2,2,2,0,1,0,1,0,1,0,0,1,0,0,72.0,28,73.2,16.200000000000003
20,6,96,2,4,3,2,2,0,1,0,0,0,1,0,0,0,0,1,82.0,4,77.8,11.600000000000001
20,2,73,2,3,2,2,2,0,1,0,0,1,0,0,0,1,0,0,40.5,27,51.15,27.799999999999997
17,4,72,0,6,3,3,3,0,1,1,0,1,0,0,0,0,0,0,56.0,28,54.8,29.200000000000003
20,4,81,2,7,0,0,0,0,1,0,0,1,0,0,0,0,0,0,52.5,19,49.95,38.6
23,3,85,1,2,3,3,3,0,1,0,1,0,1,0,0,0,0,0,59.5,15,66.85,11.0
22,4,74,2,5,1,1,1,0,1,0,0,1,0,0,0,1,0,0,53.0,26,55.099999999999994,31.4
22,6,87,4,3,3,2,2,0,1,0,0,0,1,0,1,0,0,0,73.5,13,74.25,18.200000000000003
21,2,78,1,8,0,0,0,1,1,1,0,0,0,1,1,0,0,0,36.0,22,36.0,46.8
21,2,100,1,6,1,2,2,0,1,0,1,0,0,0,1,0,0,0,51.0,0,51.3,28.0
19,4,84,1,4,1,1,1,0,1,1,0,0,0,0,0,0,0,0,63.0,16,64.5,18.4
22,4,58,2,5,1,1,1,1,1,1,1,0,0,1,1,0,0,0,45.0,42,49.5,37.8
21,4,76,3,7,0,1,1,0,1,0,0,0,0,1,0,0,0,1,47.0,24,46.099999999999994,44.6
22,4,85,2,5,4,4,4,0,1,0,0,0,0,1,0,0,1,0,58.5,15,58.949999999999996,27.0
19,3,75,1,2,2,1,1,0,1,1,0,0,1,0,0,0,0,1,54.5,25,63.349999999999994,15.0
17,4,66,2,5,0,0,0,1,1,0,0,0,0,0,0,0,1,0,49.0,34,52.3,34.6
23,4,97,1,7,2,3,3,0,1,0,1,0,1,0,0,0,0,0,63.5,3,57.64999999999999,28.200000000000003
19,3,87,1,4,3,3,3,0,1,0,1,0,0,0,1,0,0,0,56.5,13,59.949999999999996,20.2
19,5,86,3,6,2,2,2,0,1,1,0,0,1,0,1,0,0,0,62.0,14,59.0,32.6
22,4,97,1,4,2,2,2,0,1,1,1,0,0,1,0,1,0,0,69.5,3,69.05,13.2
20,2,75,0,4,2,3,2,0,1,0,1,1,0,0,1,0,0,0,45.5,25,52.25,24.0
23,5,81,0,5,3,3,3,0,1,0,0,1,0,0,1,0,0,0,70.5,19,67.35,17.6
22,3,79,1,6,3,3,3,0,1,1,0,0,1,0,0,0,0,1,48.5,21,49.55,33.4
22,6,77,2,6,1,1,1,0,1,0,0,0,1,0,0,0,0,1,68.5,23,63.55,29.200000000000003
18,3,80,2,7,0,0,0,0,1,0,1,0,0,1,0,0,1,0,44.0,20,44.0,42.0
23,2,78,1,6,0,0,0,0,1,0,1,1,0,0,0,1,0,0,40.0,22,43.6,36.8
21,3,76,3,8,1,1,1,1,1,0,0,0,0,1,1,0,0,0,37.0,24,36.699999999999996,52.6
20,3,79,1,8,3,2,2,1,1,0,0,1,0,0,0,0,0,0,44.5,21,41.949999999999996,43.4
21,3,76,1,6,1,1,1,0,1,1,0,0,0,0,1,0,0,0,47.0,24,48.5,34.6
17,3,84,2,4,2,2,2,0,1,1,0,0,0,0,0,1,0,0,52.0,16,56.8,25.4
21,3,74,4,5,0,1,1,0,0,0,1,1,0,0,1,0,0,0,39.0,26,45.3,42.4
18,4,90,4,5,3,3,3,0,1,1,0,0,0,1,0,0,1,0,55.0,10,56.5,33.0
18,3,87,3,5,0,0,0,0,1,0,1,0,0,1,0,0,1,0,48.5,13,51.949999999999996,33.2
17,6,85,1,4,2,3,3,0,0,1,1,0,0,0,0,0,1,0,79.5,15,76.05,12.0
23,5,78,3,4,1,1,1,0,1,0,0,0,1,0,0,0,0,1,62.0,22,63.8,25.799999999999997
19,3,82,2,5,3,3,3,0,1,1,1,0,0,0,0,0,0,1,49.0,18,52.3,31.200000000000003
24,4,81,2,1,4,3,3,0,1,0,1,0,0,0,0,0,0,0,64.5,19,72.75,8.600000000000001
19,3,82,1,5,2,2,2,0,1,0,0,0,1,0,0,0,0,0,52.0,18,54.4,27.200000000000003
17,5,71,1,5,2,2,2,0,1,1,0,1,0,0,0,0,1,0,62.5,29,61.75,25.6
18,5,82,2,2,2,2,2,0,1,1,1,0,1,0,0,0,1,0,71.0,18,74.89999999999999,10.2
23,4,84,2,7,1,1,1,0,1,0,1,0,1,0,0,0,0,0,54.0,16,51.0,37.4
20,3,93,2,6,2,3,3,0,1,0,0,0,0,1,1,0,0,0,52.5,7,52.35,31.799999999999997
19,4,73,1,7,2,2,2,0,1,0,0,1,0,0,0,0,0,0,51.5,27,49.25,37.8
21,3,72,3,6,0,0,0,0,1,0,0,0,0,0,0,0,0,0,39.0,28,42.9,44.2
22,2,89,0,6,1,0,0,0,1,1,0,0,0,1,0,0,0,0,48.5,11,49.55,28.4
23,4,69,0,8,1,1,1,1,1,0,0,0,1,0,0,0,0,0,50.5,31,46.14999999999999,40.4
24,1,93,2,7,1,1,1,1,1,0,0,0,1,0,0,0,0,1,34.5,7,37.349999999999994,42.8
20,3,91,1,9,2,2,2,1,1,1,1,0,0,0,0,0,1,0,48.5,9,42.349999999999994,43.6
18,4,86,1,5,3,3,3,0,1,0,0,1,0,0,0,0,1,0,62.0,14,61.4,22.6
20,6,69,1,4,4,4,3,1,1,0,0,0,0,1,0,0,0,0,71.5,31,70.44999999999999,18.4
21,3,80,6,3,2,2,2,1,1,0,0,0,1,0,0,0,1,0,40.0,20,50.8,38.0
18,2,81,1,3,2,2,2,0,0,1,1,0,0,1,0,0,0,0,47.5,19,56.05,20.6
18,5,84,4,6,1,1,1,0,1,1,0,0,0,1,0,1,0,0,58.0,16,56.199999999999996,37.4
21,4,86,2,10,0,0,0,1,1,0,1,1,0,0,0,1,0,0,49.0,14,40.3,51.6
20,4,76,1,8,3,2,2,1,1,1,1,0,1,0,1,0,0,0,51.0,24,46.49999999999999,41.6
21,2,90,1,5,1,1,1,0,1,0,0,0,1,0,0,0,0,0,48.0,10,51.599999999999994,27.0
19,5,86,1,6,1,0,0,0,1,1,0,0,0,1,1,0,0,0,68.0,14,63.199999999999996,24.6
20,1,86,4,4,1,0,0,1,1,0,0,0,0,1,1,0,0,0,31.0,14,42.099999999999994,38.6
19,4,80,1,4,1,1,1,0,1,1,1,0,1,0,0,0,0,1,61.0,20,63.099999999999994,20.0
23,5,85,1,3,2,2,2,0,1,0,0,1,0,0,0,0,0,0,73.5,15,74.25,10.0
23,4,64,1,3,3,3,3,1,1,1,0,0,1,0,0,0,1,0,55.0,36,61.3,21.4
17,3,85,2,6,1,2,2,0,1,1,1,0,0,1,0,1,0,0,48.5,15,49.55,35.0
19,2,95,2,8,3,2,3,1,1,0,0,1,0,0,0,0,1,0,41.5,5,39.849999999999994,44.0
17,3,88,0,7,1,1,1,0,1,0,1,0,1,0,0,0,1,0,54.0,12,51.0,30.799999999999997
19,6,87,2,8,1,0,0,1,1,0,0,1,0,0,0,0,0,0,69.5,13,59.449999999999996,35.2
20,3,88,0,6,3,4,4,0,1,1,0,0,0,0,0,0,0,0,56.0,12,54.8,25.799999999999997
17,4,91,1,5,2,3,3,0,0,1,1,1,0,0,1,0,0,0,64.5,9,63.15,20.6
19,2,80,2,4,2,2,2,0,1,0,1,0,1,0,0,0,0,1,42.0,20,49.8,30.0
18,3,89,1,6,2,2,2,0,1,0,0,0,1,0,0,0,1,0,53.5,11,53.05,29.4
21,1,85,2,2,2,3,3,1,1,1,0,0,0,0,0,0,1,0,40.5,15,53.55,21.0
21,3,82,0,4,1,1,1,0,1,1,1,0,0,0,1,0,0,0,57.0,18,60.3,18.2
19,3,92,4,4,3,3,3,0,1,1,0,0,0,1,0,1,0,0,50.0,8,55.4,30.200000000000003
21,5,76,2,7,3,3,3,0,1,1,1,1,0,0,1,0,0,0,58.0,24,53.8,37.6
19,2,76,1,3,3,2,2,0,0,1,1,0,0,1,0,0,0,0,45.0,24,54.3,22.6
20,3,63,1,7,0,0,0,1,1,0,1,0,1,0,0,0,0,0,38.5,37,40.15,44.8
24,5,74,0,6,0,0,0,0,1,0,1,1,0,0,0,1,0,0,65.0,26,61.1,25.4
23,3,78,1,6,2,3,3,0,1,1,0,0,1,0,0,0,0,1,48.0,22,49.199999999999996,33.8
18,3,81,1,4,4,4,4,0,1,0,0,0,0,0,1,0,0,0,53.5,19,57.849999999999994,22.6
22,3,85,0,2,4,4,4,0,0,0,1,0,0,0,0,0,0,1,62.5,15,68.95,7.0
22,2,89,1,6,2,2,2,0,1,0,1,0,0,1,1,0,0,0,45.5,11,47.449999999999996,32.4
18,3,71,1,7,1,1,0,0,1,0,0,0,1,0,1,0,0,0,42.5,29,42.949999999999996,41.6
22,4,82,3,6,1,1,1,0,1,0,0,0,1,0,1,0,0,0,52.0,18,52.0,37.2
24,2,74,2,5,1,1,1,0,1,0,1,1,0,0,0,0,0,0,37.0,26,43.9,37.4
18,2,71,1,3,3,3,3,0,1,0,1,0,1,0,0,0,0,1,42.5,29,52.55,24.6
19,5,84,0,4,3,3,3,0,1,1,0,0,1,0,0,0,0,0,74.0,16,72.19999999999999,11.399999999999999
23,4,82,3,6,3,3,3,0,1,1,1,0,0,1,0,0,1,0,52.0,18,52.0,37.2
21,4,85,0,4,2,2,2,0,1,0,0,0,0,0,0,0,0,1,66.5,15,66.94999999999999,14.0
22,3,86,2,3,2,2,2,0,1,0,0,0,1,0,0,0,1,0,55.0,14,61.3,19.6
21,4,78,4,2,3,3,3,0,0,1,0,0,0,1,0,0,1,0,55.0,22,63.7,22.799999999999997
21,0,90,1,6,1,1,2,1,1,0,0,0,0,1,1,0,0,0,30.0,10,36.6,38.0
18,2,74,2,6,2,2,2,0,1,1,0,1,0,0,0,0,1,0,35.0,26,40.1,42.4
23,4,73,3,7,1,1,1,0,1,1,0,0,1,0,0,1,0,0,45.5,27,45.05,45.8
23,3,85,1,1,3,3,3,0,1,0,0,1,0,0,0,0,0,1,61.5,15,70.64999999999999,6.0
20,3,83,2,7,2,2,2,0,1,0,0,0,1,0,0,0,0,0,45.5,17,45.05,40.8
20,4,75,1,7,1,0,0,0,0,0,1,1,0,0,0,0,0,0,52.5,25,49.95,37.0
17,3,75,2,7,2,2,2,0,1,1,0,0,1,0,0,0,0,0,41.5,25,42.25,44.0
22,3,85,3,5,4,4,4,0,1,0,0,0,0,1,0,0,0,0,47.5,15,51.25,34.0
22,3,84,1,5,2,2,2,0,0,0,1,0,1,0,1,0,0,0,53.0,16,55.099999999999994,26.4
20,4,73,0,5,2,2,2,0,1,1,0,0,0,0,0,0,1,0,58.5,27,58.949999999999996,23.799999999999997
23,1,76,0,3,1,2,2,1,1,1,0,1,0,0,0,0,1,0,40.0,24,50.8,21.6
20,4,74,1,3,2,2,2,0,1,1,0,0,1,0,0,0,1,0,60.0,26,64.8,17.4
22,3,65,2,5,1,1,1,1,1,0,0,0,1,0,0,0,0,0,40.5,35,46.349999999999994,38.0
18,4,92,2,5,3,3,4,0,1,0,1,0,0,1,1,0,0,0,62.0,8,61.4,24.200000000000003
20,3,83,2,6,1,1,1,0,1,0,0,0,1,0,0,0,1,0,47.5,17,48.85,35.8
20,3,91,0,4,1,1,1,0,1,0,0,0,0,0,0,0,1,0,61.5,9,63.449999999999996,14.600000000000001
21,5,79,1,2,3,3,3,0,1,0,0,0,1,0,0,0,0,0,72.5,21,75.95,7.399999999999999
20,4,74,1,2,3,3,3,0,1,0,0,0,0,0,0,0,0,1,62.0,26,68.6,12.399999999999999
20,5,75,2,4,1,1,1,0,1,1,0,0,0,1,0,1,0,0,63.5,25,64.85,23.0
22,2,75,1,6,0,0,0,0,1,1,1,0,0,0,0,0,1,0,38.5,25,42.55,38.0
20,4,77,0,4,3,3,3,0,1,1,1,0,1,0,0,0,0,0,62.5,23,64.15,17.200000000000003
17,3,69,1,6,1,1,1,1,0,0,0,1,0,0,0,0,1,0,43.5,31,46.05,37.4
24,1,78,3,2,0,0,0,1,1,1,0,1,0,0,0,0,1,0,34.0,22,49.0,27.8
24,5,77,2,5,2,2,2,0,1,1,0,0,0,1,0,0,0,1,62.5,23,61.75,27.200000000000003
18,5,89,0,5,4,3,3,0,1,1,1,0,0,0,0,0,0,0,74.5,11,70.15,14.399999999999999
22,5,86,0,7,2,2,2,0,1,0,0,0,0,0,0,0,1,0,69.0,14,61.5,25.6
19,2,78,1,5,1,1,1,0,1,0,0,0,0,1,0,0,0,0,42.0,22,47.4,31.799999999999997
21,4,85,2,6,3,3,2,0,1,0,0,0,1,0,0,1,0,0,56.5,15,55.15,32.0
21,3,73,2,9,0,0,0,1,0,0,0,0,0,0,0,0,0,0,36.5,27,33.949999999999996,54.8
20,5,71,2,5,4,3,3,0,1,0,1,0,1,0,0,1,0,0,59.5,29,59.65,29.6
19,2,81,2,8,0,0,0,1,1,0,1,0,0,0,0,0,0,0,34.5,19,34.949999999999996,49.6
19,3,82,3,5,1,0,0,0,1,1,1,0,0,0,0,0,0,0,46.0,18,50.199999999999996,35.2
19,4,80,1,4,0,0,0,0,1,1,0,0,0,0,0,0,1,0,61.0,20,63.099999999999994,20.0
19,4,92,2,5,3,3,3,0,1,1,1,1,0,0,0,0,1,0,62.0,8,61.4,24.200000000000003
20,4,87,1,4,0,0,0,0,1,0,0,0,0,0,0,1,0,0,64.5,13,65.55,17.2
19,3,90,1,4,1,0,0,0,1,1,1,1,0,0,1,0,0,0,58.0,10,60.99999999999999,19.0
22,3,77,3,4,1,2,2,0,1,0,0,0,1,0,0,0,0,1,45.5,23,52.25,32.2
24,3,84,2,5,1,2,2,0,1,1,0,0,0,0,0,0,0,0,50.0,16,53.0,30.4
19,4,73,2,6,1,1,1,0,1,1,0,0,0,0,0,0,0,1,50.5,27,50.949999999999996,36.8
21,2,76,1,2,2,2,2,0,1,0,1,1,0,0,0,1,0,0,47.0,24,58.099999999999994,17.6
22,4,84,1,5,1,0,0,0,1,1,1,0,0,0,0,0,0,1,61.0,16,60.699999999999996,23.4
22,3,74,2,5,2,2,2,0,1,0,0,0,1,0,0,0,0,0,45.0,26,49.5,34.4
21,1,75,1,8,1,1,1,1,1,1,1,0,0,1,1,0,0,0,26.5,25,29.349999999999994,51.0
22,1,85,1,4,0,0,0,1,0,1,0,0,1,0,0,0,0,1,39.5,15,48.05,27.0
22,2,75,1,7,0,0,0,0,1,0,0,1,0,0,0,1,0,0,36.5,25,38.75,43.0
18,3,89,1,4,3,2,3,0,1,0,0,0,0,1,0,0,0,0,57.5,11,60.65,19.4
22,4,80,1,4,3,3,3,0,1,1,0,0,0,1,0,1,0,0,61.0,20,63.099999999999994,20.0
23,3,80,0,6,2,3,2,0,1,0,0,0,1,0,0,0,0,0,52.0,20,52.0,29.0
19,1,84,1,6,0,0,0,1,1,0,0,1,0,0,1,0,0,0,35.0,16,40.1,37.4
21,5,80,2,5,2,2,2,0,1,1,0,1,0,0,0,0,0,1,64.0,20,62.8,26.0
22,4,84,2,5,2,1,1,0,1,1,0,0,0,0,0,0,0,0,58.0,16,58.599999999999994,27.4
20,3,74,2,5,1,1,1,0,0,0,0,0,0,0,0,0,1,0,45.0,26,49.5,34.4
23,4,60,2,6,2,2,2,1,1,0,1,0,1,0,1,0,0,0,44.0,40,46.4,42.0
26,2,70,2,5,1,1,1,0,1,1,1,0,0,1,0,0,0,1,35.0,30,42.5,39.0
19,5,78,1,5,3,3,3,0,1,1,1,1,0,0,0,0,1,0,66.0,22,64.19999999999999,22.799999999999997
18,4,85,3,7,2,3,3,0,1,1,1,1,0,0,0,0,0,1,51.5,15,49.25,41.0
21,3,99,1,5,2,2,2,0,0,1,0,0,1,0,1,0,0,0,60.5,1,60.349999999999994,20.4
22,3,77,3,6,2,2,2,0,1,1,1,0,0,1,0,1,0,0,41.5,23,44.65,42.2
20,4,76,2,10,0,0,0,1,1,0,1,0,0,0,0,0,0,0,44.0,24,36.8,55.599999999999994
24,4,84,5,1,3,3,3,1,1,0,1,1,0,0,0,0,1,0,57.0,16,67.5,19.4
18,1,83,2,3,1,1,1,1,0,0,0,0,0,0,0,0,0,0,37.5,17,49.05,26.8
22,2,84,3,3,1,1,1,0,1,1,0,0,0,0,0,1,0,0,43.0,16,52.9,27.4
19,3,80,1,4,1,0,0,0,1,1,0,0,0,0,0,1,0,0,53.0,20,57.49999999999999,23.0
24,3,66,2,8,1,1,1,1,1,1,0,0,1,0,0,0,0,1,35.0,34,35.3,52.6
25,3,83,1,1,4,3,3,0,1,0,0,0,0,0,0,0,0,0,60.5,17,69.94999999999999,6.800000000000001
19,5,81,4,6,3,3,3,0,1,1,0,0,0,1,0,1,0,0,56.5,19,55.15,38.6
19,3,69,3,2,2,2,2,1,1,1,1,0,0,0,0,1,0,0,45.5,31,57.05,25.4
22,2,86,4,5,0,0,0,0,1,1,0,0,0,1,0,0,0,1,37.0,14,43.9,40.6
20,3,87,3,6,1,1,1,0,0,0,0,0,0,0,0,0,0,1,46.5,13,48.15,38.2
20,5,86,2,7,2,2,2,0,1,0,0,0,0,1,0,0,0,1,63.0,14,57.3,33.6
21,4,78,2,5,2,3,3,0,1,1,0,0,0,0,0,0,1,0,55.0,22,56.5,29.799999999999997
17,3,83,2,5,2,2,2,0,1,0,0,0,0,1,0,1,0,0,49.5,17,52.65,30.799999999999997
21,3,74,2,1,2,2,2,0,0,0,0,0,1,0,0,0,0,1,53.0,26,64.69999999999999,14.399999999999999
19,1,70,2,9,0,0,0,1,1,1,0,0,1,0,0,0,1,0,19.0,30,21.7,62.0
19,3,81,4,6,3,3,3,0,1,1,0,1,0,0,0,0,0,1,40.5,19,43.949999999999996,44.6
24,4,70,3,6,3,3,3,0,0,0,0,0,0,1,0,0,1,0,46.0,30,47.8,42.0
18,4,80,1,7,3,3,3,0,0,1,1,0,0,0,0,0,0,0,55.0,20,51.7,35.0
22,3,81,3,5,3,2,2,0,1,0,0,0,0,0,0,1,0,0,45.5,19,49.849999999999994,35.6
20,3,75,2,6,1,1,1,0,0,1,0,0,0,0,0,0,0,1,43.5,25,46.05,39.0
20,5,97,2,6,3,2,2,0,1,0,1,1,0,0,1,0,0,0,70.5,3,64.94999999999999,24.200000000000003
22,4,77,2,5,3,2,2,0,1,1,0,0,0,1,1,0,0,0,54.5,23,56.15,30.200000000000003
21,2,83,0,6,0,0,0,0,1,0,0,1,0,0,0,0,1,0,45.5,17,47.449999999999996,30.799999999999997
22,3,80,4,9,2,2,2,1,1,0,0,0,0,1,0,1,0,0,34.0,20,32.199999999999996,60.0
23,3,89,3,8,2,2,2,1,1,0,0,0,0,0,0,0,0,1,43.5,11,41.25,47.4
20,3,79,1,8,2,2,2,1,1,1,1,0,0,1,0,0,0,1,44.5,21,41.949999999999996,43.4
19,3,71,2,8,0,0,0,1,1,1,0,1,0,0,0,0,0,0,37.5,29,37.05,50.6
18,4,85,1,3,3,3,3,0,1,0,0,0,1,0,0,0,0,0,65.5,15,68.64999999999999,13.0
19,3,70,1,4,1,1,1,0,1,0,0,0,1,0,0,0,0,1,48.0,30,53.99999999999999,27.0
27,5,75,1,3,1,1,1,0,1,1,0,0,0,1,0,0,0,1,68.5,25,70.75,14.0
23,4,77,0,10,0,0,0,1,0,0,1,0,0,0,0,0,0,1,50.5,23,41.349999999999994,47.2
18,3,78,1,5,0,0,0,0,1,0,1,0,1,0,1,0,0,0,50.0,22,53.0,28.799999999999997
18,3,79,3,3,1,1,1,0,1,1,1,0,1,0,1,0,0,0,48.5,21,56.75,26.4
22,3,78,5,3,2,2,2,1,1,0,1,0,1,0,0,0,0,0,42.0,22,52.2,34.8
22,2,83,0,5,1,1,1,0,0,0,0,0,1,0,0,0,0,0,47.5,17,51.25,25.8
22,3,76,1,3,3,2,2,0,1,0,0,0,0,1,0,1,0,0,53.0,24,59.89999999999999,19.6
20,4,85,3,8,1,1,1,1,0,1,0,0,0,1,0,0,0,0,49.5,15,45.449999999999996,46.0
20,5,75,0,6,2,1,1,0,1,0,0,1,0,0,0,0,1,0,65.5,25,61.449999999999996,25.0
21,4,71,2,6,1,1,1,0,1,0,1,0,0,0,0,0,1,0,49.5,29,50.25,37.6
21,8,72,1,3,3,3,3,0,1,0,0,1,0,0,0,0,0,0,91.0,28,86.5,6.200000000000003
17,4,78,3,3,3,3,3,0,1,1,1,1,0,0,0,0,1,0,56.0,22,62.0,23.799999999999997
20,1,89,4,6,1,1,1,1,1,0,0,0,1,0,0,0,0,1,28.5,11,35.55,47.4
19,4,81,0,5,2,2,2,0,1,0,0,0,0,1,0,0,1,0,62.5,19,61.75,20.6
21,5,78,1,3,2,2,2,0,1,0,1,0,0,0,0,0,1,0,70.0,22,71.8,12.8
27,3,81,3,5,2,2,2,0,1,1,0,0,1,0,0,0,1,0,45.5,19,49.849999999999994,35.6
21,4,72,1,5,1,1,1,0,1,0,0,1,0,0,0,0,0,0,55.0,28,56.5,28.200000000000003
20,1,68,3,6,2,2,2,1,1,0,0,0,0,1,1,0,0,0,21.0,32,30.299999999999997,51.8
23,3,74,0,9,1,1,1,1,1,0,0,0,1,0,0,1,0,0,43.0,26,38.5,46.4
22,2,73,4,1,2,2,2,0,1,1,1,1,0,0,0,0,0,1,38.5,27,54.55,25.8
21,3,100,1,6,3,4,4,0,1,0,0,0,0,0,0,0,1,0,59.0,0,56.9,25.0
22,3,97,1,4,3,3,3,0,1,1,0,0,0,0,0,0,0,1,61.5,3,63.449999999999996,16.2
25,5,97,2,6,1,2,2,0,1,1,0,1,0,0,0,0,1,0,70.5,3,64.94999999999999,24.200000000000003
18,5,72,0,5,1,0,0,0,1,1,1,1,0,0,0,0,0,1,66.0,28,64.19999999999999,21.200000000000003
22,3,96,2,6,4,3,3,0,1,0,0,1,0,0,0,0,0,0,54.0,4,53.4,30.6
19,3,76,3,3,4,4,3,0,1,0,1,0,1,0,1,0,0,0,47.0,24,55.7,27.6
22,5,95,2,7,2,2,2,0,1,1,0,0,1,0,1,0,0,0,67.5,5,60.45,30.0
19,4,85,1,5,1,2,2,0,1,0,0,0,1,0,0,0,0,1,61.5,15,61.05,23.0
20,4,74,1,8,2,2,2,1,1,0,0,0,0,0,0,0,0,1,50.0,26,45.8,42.4
20,5,95,2,8,3,3,3,1,1,0,0,0,0,1,1,0,0,0,65.5,5,56.64999999999999,35.0
23,3,94,2,5,3,3,3,0,1,0,1,0,0,0,1,0,0,0,55.0,6,56.5,26.4
23,5,73,0,7,3,3,3,0,0,0,1,0,0,1,0,0,0,0,62.5,27,56.95,30.799999999999997
18,3,84,4,7,3,3,3,0,1,1,1,0,1,0,0,1,0,0,40.0,16,41.2,48.4
21,1,66,0,7,0,0,0,1,0,0,0,0,0,0,1,0,0,0,27.0,34,32.099999999999994,45.6
19,2,78,1,7,2,2,2,0,1,1,0,0,0,1,0,0,0,0,38.0,22,39.8,41.8
18,2,78,4,3,2,2,2,0,1,0,1,0,0,0,1,0,0,0,37.0,22,48.7,33.8
20,5,78,3,6,1,1,1,0,1,0,1,0,1,0,0,0,1,0,58.0,22,56.199999999999996,35.8
20,3,94,1,3,3,3,3,0,0,1,0,0,0,1,0,1,0,0,62.0,6,66.2,12.399999999999999
26,3,71,2,4,2,3,2,0,1,0,1,0,1,0,0,0,1,0,45.5,29,52.25,30.6
22,4,65,3,5,3,3,3,1,1,1,1,0,0,0,1,0,0,0,45.5,35,49.849999999999994,39.0
18,2,88,1,6,3,2,2,0,1,1,1,0,0,1,0,0,1,0,45.0,12,47.099999999999994,32.8
19,3,71,2,5,1,1,1,0,1,1,1,0,1,0,1,0,0,0,43.5,29,48.45,35.6
23,4,74,2,5,2,1,1,0,1,0,1,1,0,0,0,1,0,0,53.0,26,55.099999999999994,31.4
25,3,90,3,7,2,2,2,0,0,1,0,0,0,1,0,0,1,0,46.0,10,45.39999999999999,42.0
17,4,92,3,7,3,3,3,0,1,0,0,1,0,0,1,0,0,0,55.0,8,51.7,38.2
17,4,78,0,6,1,1,1,0,1,0,0,1,0,0,0,0,1,0,59.0,22,56.9,26.799999999999997
25,2,88,1,6,0,0,0,0,1,0,0,1,0,0,0,0,0,0,45.0,12,47.099999999999994,32.8
21,1,94,3,6,0,0,0,1,0,0,0,0,0,1,0,1,0,0,34.0,6,39.4,41.4
19,4,78,2,9,0,0,0,1,1,0,1,0,1,0,0,0,0,0,47.0,22,41.3,49.8
22,1,88,1,5,2,3,3,1,1,1,1,0,1,0,1,0,0,0,39.0,12,45.3,30.799999999999997
17,4,78,5,4,2,3,3,1,1,1,1,0,0,0,0,0,0,0,48.0,22,53.99999999999999,36.8
21,4,71,2,5,1,1,1,0,1,0,0,0,0,0,0,0,0,1,51.5,29,54.05,32.6
21,5,82,1,3,2,3,3,0,1,0,1,0,1,0,0,1,0,0,72.0,18,73.2,11.2
23,3,80,1,4,0,0,0,0,0,1,0,0,0,0,0,0,0,0,53.0,20,57.49999999999999,23.0
18,6,74,1,6,0,0,0,0,1,0,0,0,0,0,0,1,0,0,70.0,26,64.6,26.4
21,2,79,0,4,1,0,0,0,1,0,0,1,0,0,0,0,1,0,47.5,21,53.65,22.4
19,5,80,3,5,1,0,0,0,1,0,0,0,1,0,1,0,0,0,61.0,20,60.699999999999996,30.0
21,3,84,0,5,3,3,3,0,1,0,0,0,1,0,1,0,0,0,56.0,16,57.199999999999996,22.4
19,4,90,2,4,3,3,3,0,1,0,0,1,0,0,1,0,0,0,63.0,10,64.5,20.0
20,4,90,1,3,2,2,2,0,1,0,1,0,1,0,0,0,0,0,68.0,10,70.39999999999999,11.0
18,5,81,6,7,3,3,3,1,1,0,0,0,0,0,0,1,0,0,48.5,19,47.14999999999999,51.599999999999994
22,2,77,2,8,2,2,2,1,1,0,1,1,0,0,0,0,0,0,32.5,23,33.55,51.2
22,6,92,0,7,4,3,3,0,1,0,0,0,1,0,0,0,0,0,80.0,8,69.2,20.200000000000003
20,1,81,3,7,0,0,0,1,1,1,0,1,0,0,0,1,0,0,25.5,19,31.049999999999997,51.6
21,3,77,2,4,2,2,2,0,1,0,1,0,1,0,0,0,1,0,48.5,23,54.349999999999994,28.200000000000003
17,4,83,0,5,3,3,3,0,1,0,0,1,0,0,0,0,0,0,63.5,17,62.449999999999996,19.8
20,5,67,1,4,3,4,3,1,1,1,0,0,1,0,0,1,0,0,62.5,33,64.15,22.200000000000003
20,2,78,0,5,2,2,2,0,1,1,0,1,0,0,0,0,1,0,45.0,22,49.5,27.799999999999997
26,1,77,2,5,0,0,0,1,1,0,1,1,0,0,1,0,0,0,30.5,23,39.349999999999994,39.2
18,5,75,1,3,2,2,2,0,1,0,0,0,0,1,0,1,0,0,68.5,25,70.75,14.0
24,4,85,1,5,3,3,3,0,1,1,1,0,1,0,1,0,0,0,61.5,15,61.05,23.0
23,1,90,1,4,1,1,1,1,1,0,1,1,0,0,0,1,0,0,42.0,10,49.8,25.0
21,3,95,1,6,2,1,1,0,1,0,0,0,0,1,1,0,0,0,56.5,5,55.15,27.0
24,3,78,2,5,2,2,2,0,1,0,1,0,0,0,0,0,0,0,47.0,22,50.9,32.8
21,5,79,2,6,2,2,2,0,0,0,0,1,0,0,0,0,0,0,61.5,21,58.65,31.4
21,3,76,1,6,2,2,2,0,1,1,1,0,0,1,0,0,0,1,47.0,24,48.5,34.6
20,3,86,2,3,1,1,1,0,1,0,0,0,0,0,0,1,0,0,55.0,14,61.3,19.6
23,3,67,2,4,2,3,3,1,1,0,0,1,0,0,0,0,0,0,43.5,33,50.849999999999994,32.2
23,6,78,2,4,0,0,0,0,1,0,0,0,1,0,0,0,1,0,73.0,22,71.5,18.799999999999997
19,5,84,1,7,0,0,0,0,1,1,0,0,1,0,1,0,0,0,65.0,16,58.7,30.4
18,4,77,1,8,0,0,0,1,1,1,1,1,0,0,0,0,0,0,51.5,23,46.849999999999994,41.2
20,4,78,0,5,1,1,1,0,1,0,1,0,1,0,1,0,0,0,61.0,22,60.699999999999996,21.799999999999997
19,4,89,0,6,3,3,3,0,1,0,0,0,0,1,0,0,0,0,64.5,11,60.75,22.4
20,2,81,1,2,4,4,4,0,0,0,0,0,0,0,0,0,0,0,49.5,19,59.849999999999994,15.600000000000001
23,5,91,4,6,1,1,1,0,1,0,0,0,1,0,1,0,0,0,61.5,9,58.65,34.6
20,3,95,3,5,2,2,2,0,1,0,0,0,0,1,0,1,0,0,52.5,5,54.75,30.0
20,4,71,3,5,0,1,1,0,1,0,0,0,0,1,0,0,0,0,48.5,29,51.949999999999996,36.6
21,3,79,4,5,1,1,1,0,1,0,0,0,0,0,0,0,0,1,41.5,21,47.05,40.4
22,4,94,1,4,4,4,3,0,1,0,0,1,0,0,0,0,0,1,68.0,6,68.0,14.399999999999999
17,5,61,3,3,2,1,1,1,1,0,1,0,0,1,0,0,0,1,55.5,39,61.64999999999999,27.6
19,5,69,3,5,2,2,2,1,1,0,0,0,1,0,1,0,0,0,55.5,31,56.849999999999994,34.4
21,2,88,2,4,3,4,4,0,1,0,0,0,1,0,0,0,1,0,46.0,12,52.599999999999994,26.799999999999997
23,5,100,0,7,3,3,3,0,1,1,1,0,1,0,0,0,1,0,76.0,0,66.39999999999999,20.0
19,0,87,2,6,0,0,0,1,1,0,0,0,0,0,0,1,0,0,25.5,13,33.449999999999996,43.2
17,4,83,0,5,1,1,1,0,1,0,1,0,1,0,1,0,0,0,63.5,17,62.449999999999996,19.8
22,3,78,0,6,3,3,3,0,1,0,0,0,0,0,1,0,0,0,51.0,22,51.3,29.799999999999997
19,2,86,3,8,1,1,1,1,1,1,1,0,1,0,0,0,0,1,34.0,14,34.599999999999994,51.6
18,2,91,1,3,3,2,2,0,1,1,0,0,1,0,0,0,1,0,52.5,9,59.55,16.6
19,5,88,3,4,2,2,2,0,1,0,0,1,0,0,1,0,0,0,67.0,12,67.3,21.799999999999997
20,4,82,0,9,1,1,1,1,1,0,0,0,0,1,0,0,1,0,55.0,18,46.9,40.2
19,4,90,1,4,4,4,3,0,1,1,0,1,0,0,0,1,0,0,66.0,10,66.6,16.0
17,5,84,3,6,1,1,1,0,1,0,0,0,0,1,0,0,0,1,61.0,16,58.3,33.4
23,3,86,3,7,1,1,1,0,1,1,0,0,0,0,0,0,1,0,44.0,14,44.0,43.6
23,4,89,1,5,0,0,0,0,1,0,1,0,0,0,0,0,1,0,63.5,11,62.449999999999996,21.4
22,3,74,1,6,1,1,1,0,1,1,0,0,1,0,1,0,0,0,46.0,26,47.8,35.4
18,0,81,2,5,2,2,2,1,1,0,0,0,1,0,0,0,1,0,24.5,19,35.15,40.6
20,6,82,1,8,2,2,2,1,1,0,0,0,0,1,1,0,0,0,70.0,18,59.8,33.2
21,0,72,4,4,0,0,0,1,1,1,0,0,1,0,1,0,0,0,16.0,28,31.599999999999998,47.2
22,3,73,3,3,1,1,1,0,1,0,1,0,0,0,0,0,0,1,45.5,27,54.65,28.799999999999997
22,4,77,2,5,2,2,2,0,1,1,1,0,0,1,0,0,0,0,54.5,23,56.15,30.200000000000003
19,0,90,0,6,1,0,0,1,0,0,0,0,0,1,0,1,0,0,33.0,10,38.699999999999996,34.0
21,3,80,1,5,0,1,1,0,1,0,0,0,0,1,0,0,1,0,51.0,20,53.699999999999996,28.0
22,3,83,3,5,3,3,3,0,1,0,1,0,0,0,1,0,0,0,46.5,17,50.55,34.8
24,5,84,2,4,3,3,3,0,1,1,0,0,1,0,0,1,0,0,68.0,16,68.0,19.4
22,4,87,2,4,2,2,2,0,1,1,0,0,0,1,0,1,0,0,61.5,13,63.449999999999996,21.200000000000003
22,2,86,2,4,3,2,2,0,1,0,0,1,0,0,0,0,0,1,45.0,14,51.89999999999999,27.6
21,3,82,1,6,0,0,0,0,1,1,0,0,1,0,0,0,1,0,50.0,18,50.6,32.2
24,2,80,0,5,3,3,3,0,0,0,0,0,1,0,0,0,0,0,46.0,20,50.199999999999996,27.0
21,1,90,5,2,3,3,3,1,1,0,0,0,1,0,1,0,0,0,34.0,10,49.0,31.0
19,3,78,0,4,1,1,1,0,1,1,0,0,0,1,0,0,0,0,55.0,22,58.9,19.8
24,5,92,2,5,2,2,2,0,0,1,0,1,0,0,0,0,0,1,70.0,8,67.0,21.200000000000003
22,4,77,2,5,2,2,2,0,1,0,0,0,0,1,0,0,0,1,54.5,23,56.15,30.200000000000003
20,4,79,1,6,2,2,2,0,1,0,1,0,0,1,0,0,1,0,56.5,21,55.15,30.4
19,2,87,1,8,2,2,2,1,1,1,0,0,0,0,0,1,0,0,40.5,13,39.15,43.2
21,1,100,3,3,1,1,1,1,1,1,0,0,0,0,0,0,0,0,43.0,0,52.9,24.0
22,4,66,0,6,1,1,1,1,1,1,0,0,0,0,0,0,0,0,53.0,34,52.699999999999996,31.6
21,5,88,3,6,3,3,3,0,1,1,0,0,0,0,0,0,0,1,63.0,12,59.699999999999996,31.799999999999997
21,4,85,2,6,2,1,1,0,1,0,0,0,0,1,1,0,0,0,56.5,15,55.15,32.0
24,4,78,1,5,0,0,0,0,1,0,1,1,0,0,0,0,1,0,58.0,22,58.599999999999994,25.799999999999997
23,3,84,0,4,2,3,3,0,1,0,1,1,0,0,0,0,1,0,58.0,16,60.99999999999999,17.4
21,4,72,2,5,1,1,1,0,1,0,0,1,0,0,0,1,0,0,52.0,28,54.4,32.2
23,3,75,1,2,3,3,3,0,1,0,1,0,0,1,0,1,0,0,54.5,25,63.349999999999994,15.0
18,4,85,2,3,4,4,4,0,1,0,0,1,0,0,0,0,1,0,62.5,15,66.55,17.0
21,3,73,1,3,2,2,2,0,1,0,0,0,0,0,0,1,0,0,51.5,27,58.849999999999994,20.8
25,4,83,1,6,2,1,1,0,1,0,0,0,0,0,0,0,0,0,58.5,17,56.55,28.799999999999997
20,5,76,2,6,2,2,2,0,1,1,1,0,0,0,0,0,1,0,60.0,24,57.6,32.6
19,3,78,2,3,3,3,3,0,1,0,1,0,1,0,0,0,0,0,51.0,22,58.5,22.8
19,4,90,1,3,2,2,2,0,1,0,0,0,1,0,0,0,0,1,68.0,10,70.39999999999999,11.0
18,3,72,1,2,2,1,1,0,1,0,0,0,0,1,1,0,0,0,53.0,28,62.3,16.200000000000003
19,6,81,0,7,0,0,0,0,1,0,0,0,0,0,1,0,0,0,74.5,19,65.35,24.6
20,5,85,1,7,2,2,2,0,1,1,0,0,0,0,1,0,0,0,65.5,15,59.05,30.0
17,4,84,4,6,2,2,2,0,1,1,0,0,0,0,1,0,0,0,50.0,16,50.6,40.4
21,3,77,1,8,1,2,2,1,0,0,0,0,0,1,0,0,1,0,43.5,23,41.25,44.2
23,4,84,3,8,1,1,1,1,1,0,1,0,0,1,0,1,0,0,49.0,16,45.099999999999994,46.4
19,2,73,1,3,1,1,1,0,1,0,0,0,1,0,1,0,0,0,43.5,27,53.25,23.8
24,4,78,2,4,2,2,2,0,0,1,1,0,0,1,0,0,1,0,57.0,22,60.3,24.799999999999997
22,1,94,0,6,2,2,2,1,1,1,1,0,0,0,0,0,0,0,43.0,6,45.699999999999996,29.4
23,2,87,2,1,3,3,3,0,1,0,0,0,0,0,1,0,0,0,51.5,13,63.64999999999999,12.2
19,4,82,3,5,1,1,1,0,1,0,1,0,1,0,0,0,0,1,54.0,18,55.8,32.2
22,5,85,3,7,1,1,1,0,0,0,0,0,1,0,0,0,0,0,59.5,15,54.849999999999994,38.0
18,4,75,1,4,2,2,2,0,1,0,0,0,0,1,0,1,0,0,58.5,25,61.349999999999994,22.0
23,3,84,2,6,4,3,3,0,1,0,0,0,0,0,0,0,0,0,48.0,16,49.199999999999996,35.4
21,2,78,1,1,4,3,3,0,1,0,0,1,0,0,1,0,0,0,50.0,22,62.599999999999994,11.8
22,3,77,1,6,1,1,1,0,1,1,0,0,0,1,0,0,0,1,47.5,23,48.85,34.2
18,1,81,2,4,3,3,3,1,1,1,0,0,0,0,0,0,1,0,34.5,19,44.55,32.6
19,3,77,1,5,2,2,2,0,1,0,0,1,0,0,0,0,0,0,49.5,23,52.65,29.200000000000003
22,6,83,1,3,3,3,3,0,1,1,0,0,0,1,0,0,0,0,80.5,17,79.14999999999999,7.800000000000001
18,4,85,1,8,0,0,0,1,1,0,1,0,0,0,0,0,0,1,55.5,15,49.64999999999999,38.0
22,4,79,3,5,3,3,3,0,1,0,1,0,0,0,0,1,0,0,52.5,21,54.75,33.4
18,1,59,4,5,1,1,1,1,1,1,0,0,1,0,0,0,0,1,15.5,41,28.85,54.400000000000006
22,5,75,1,9,2,2,2,1,1,1,0,0,0,0,0,1,0,0,56.5,25,47.949999999999996,44.0
18,5,73,3,3,1,0,0,0,1,1,0,1,0,0,0,0,0,0,61.5,27,65.85,22.799999999999997
22,4,85,1,5,2,2,2,0,1,0,0,0,1,0,0,0,0,0,61.5,15,61.05,23.0
22,4,76,2,4,1,1,1,0,1,1,1,0,0,0,0,1,0,0,56.0,24,59.599999999999994,25.6
19,3,78,1,4,0,0,0,0,1,0,0,0,1,0,0,1,0,0,52.0,22,56.8,23.799999999999997
22,3,88,0,6,2,2,2,0,1,0,0,0,1,0,0,0,1,0,56.0,12,54.8,25.799999999999997
21,7,75,1,5,2,3,3,0,0,1,0,1,0,0,0,0,0,1,80.5,25,74.35,18.0
19,4,83,1,5,3,3,3,0,1,1,0,0,1,0,1,0,0,0,60.5,17,60.349999999999994,23.799999999999997
18,6,77,0,8,1,1,1,1,1,1,1,1,0,0,0,1,0,0,70.5,23,60.14999999999999,31.200000000000003
17,6,78,3,5,1,1,1,0,1,1,0,0,0,1,1,0,0,0,68.0,22,65.6,27.799999999999997
21,4,72,1,2,3,3,3,0,1,0,1,0,1,0,0,0,0,1,61.0,28,67.89999999999999,13.200000000000003
17,3,77,1,5,3,2,2,0,1,0,0,0,1,0,1,0,0,0,49.5,23,52.65,29.200000000000003
21,4,71,2,5,2,2,2,0,1,1,0,1,0,0,0,0,0,1,51.5,29,54.05,32.6
20,4,74,1,3,2,2,2,0,1,0,1,0,1,0,0,1,0,0,60.0,26,64.8,17.4
22,4,76,2,8,1,2,2,1,1,0,0,0,0,1,1,0,0,0,48.0,24,44.39999999999999,45.6
20,3,99,3,6,3,3,3,0,0,0,0,1,0,0,0,0,1,0,52.5,1,52.35,33.4
20,3,84,3,3,2,1,1,0,1,0,1,1,0,0,1,0,0,0,51.0,16,58.5,24.4
22,4,84,0,4,2,2,2,0,1,0,0,0,0,0,0,0,0,0,66.0,16,66.6,14.399999999999999
21,4,77,0,4,2,1,1,0,1,1,0,0,0,0,0,0,1,0,62.5,23,64.15,17.200000000000003
21,3,90,2,4,3,2,2,0,1,1,1,1,0,0,0,1,0,0,55.0,10,58.9,23.0
22,5,91,0,3,2,2,2,0,1,0,0,0,0,0,0,1,0,0,79.5,9,78.45,3.6000000000000014
17,3,77,2,4,1,1,1,0,1,1,1,0,1,0,0,0,1,0,48.5,23,54.349999999999994,28.200000000000003
22,4,90,0,5,3,2,2,0,1,0,0,0,1,0,0,0,0,0,67.0,10,64.9,17.0
22,2,92,4,7,0,0,0,0,1,0,0,0,1,0,0,0,0,0,36.0,8,38.4,48.2
18,3,65,1,6,1,0,0,1,1,1,1,0,0,1,0,0,0,1,41.5,35,44.65,39.0
20,3,88,2,6,0,0,0,0,1,0,0,0,1,0,0,0,0,1,50.0,12,50.6,33.8
20,0,75,2,6,1,1,1,1,1,0,0,0,0,1,0,1,0,0,19.5,25,29.25,48.0
20,4,92,1,4,4,3,3,0,1,0,1,0,1,0,1,0,0,0,67.0,8,67.3,15.2
21,5,75,1,7,3,3,3,0,1,1,1,0,0,0,0,0,0,0,60.5,25,55.55,34.0
24,6,86,4,4,3,3,3,0,1,1,0,0,0,0,1,0,0,0,71.0,14,70.1,23.6
23,2,67,3,4,0,0,0,1,1,0,1,0,1,0,0,0,0,0,32.5,33,43.15,39.2
18,3,90,0,6,2,2,2,0,1,0,1,0,0,0,0,0,1,0,57.0,10,55.5,25.0
22,4,82,1,10,0,0,0,1,1,0,0,0,0,0,0,0,0,0,50.0,18,41.0,49.2
23,3,92,1,4,2,2,2,0,1,0,0,1,0,0,1,0,0,0,59.0,8,61.699999999999996,18.2
21,3,76,1,2,1,1,1,0,1,1,0,1,0,0,0,0,1,0,55.0,24,63.7,14.600000000000001
23,2,83,0,6,1,2,2,0,1,0,0,1,0,0,0,0,0,1,45.5,17,47.449999999999996,30.799999999999997
25,4,94,3,6,2,2,2,0,1,0,0,1,0,0,0,0,0,0,58.0,6,56.199999999999996,32.4
23,5,81,2,4,3,4,4,0,1,0,1,1,0,0,0,0,0,1,66.5,19,66.94999999999999,20.6
21,4,85,0,4,4,3,3,0,1,1,1,0,0,1,0,0,1,0,66.5,15,66.94999999999999,14.0
23,3,87,1,3,4,3,3,0,1,0,0,1,0,0,0,0,1,0,58.5,13,63.75,15.2
21,4,69,0,6,3,3,3,1,0,0,0,0,0,0,1,0,0,0,54.5,31,53.75,30.4
21,4,77,1,9,0,0,0,1,1,0,1,0,0,1,0,0,0,1,49.5,23,43.05,46.2
20,4,91,2,8,2,2,2,1,1,1,0,0,0,1,0,0,0,0,55.5,9,49.64999999999999,39.6
24,2,65,2,6,0,0,0,1,1,1,0,0,0,0,1,0,0,0,30.5,35,36.949999999999996,46.0
19,4,90,3,4,1,1,1,0,1,0,1,0,0,0,0,0,0,0,60.0,10,62.4,24.0
24,3,77,2,6,0,0,0,0,1,0,0,1,0,0,1,0,0,0,44.5,23,46.75,38.2
22,3,98,1,4,3,3,3,0,1,0,1,0,1,0,1,0,0,0,62.0,2,63.8,15.8
17,2,85,2,4,1,1,1,0,1,1,0,0,0,0,1,0,0,0,44.5,15,51.55,28.0
21,3,75,4,5,0,0,0,0,0,0,0,0,1,0,0,0,0,0,39.5,25,45.65,42.0
17,3,89,1,7,3,3,3,0,1,0,1,0,1,0,0,0,0,0,51.5,11,49.25,34.4
22,3,93,2,5,3,3,3,0,1,1,0,0,1,0,1,0,0,0,54.5,7,56.15,26.799999999999997
22,2,86,1,5,2,2,2,0,1,1,0,0,1,0,0,0,0,1,46.0,14,50.199999999999996,28.6
19,5,78,2,5,3,3,3,0,1,0,1,0,0,1,0,0,1,0,63.0,22,62.099999999999994,26.799999999999997
21,3,93,2,6,3,3,3,0,1,1,0,0,0,1,0,0,0,1,52.5,7,52.35,31.799999999999997
25,3,74,1,7,1,2,2,0,0,1,0,0,0,1,0,0,0,0,44.0,26,44.0,40.4
19,1,90,2,3,3,2,2,1,1,0,0,0,0,0,0,0,0,0,41.0,10,51.5,24.0
18,6,62,1,5,3,2,2,1,0,1,0,1,0,0,0,1,0,0,66.0,38,64.19999999999999,26.200000000000003
24,1,82,5,7,2,2,2,1,1,1,1,0,0,0,0,1,0,0,20.0,18,27.2,59.2
25,4,77,2,4,4,4,4,0,1,0,1,0,1,0,0,0,0,1,56.5,23,59.949999999999996,25.200000000000003
21,4,71,4,8,1,1,1,1,1,0,0,1,0,0,0,0,0,0,39.5,29,38.449999999999996,55.599999999999994
23,3,92,1,6,4,3,3,0,1,1,0,0,0,0,0,1,0,0,55.0,8,54.1,28.200000000000003
24,4,64,2,8,0,0,0,1,1,1,0,0,0,0,0,0,0,0,42.0,36,40.199999999999996,50.4
19,4,93,2,4,1,1,1,0,1,0,1,1,0,0,1,0,0,0,64.5,7,65.55,18.8
19,5,69,2,6,1,2,2,1,1,1,0,0,1,0,0,0,1,0,56.5,31,55.15,35.4
23,4,90,1,6,2,1,1,0,1,0,0,1,0,0,0,0,1,0,62.0,10,59.0,26.0
24,3,75,1,7,1,0,0,0,1,0,0,1,0,0,0,0,0,1,44.5,25,44.349999999999994,40.0
22,3,66,2,6,0,0,0,1,1,0,0,0,1,0,0,0,0,1,39.0,34,42.9,42.6
19,6,78,3,7,2,2,2,0,1,1,0,0,1,0,0,0,1,0,64.0,22,58.0,37.8
25,5,86,1,4,1,1,1,0,1,1,1,0,0,1,0,0,1,0,72.0,14,70.8,14.600000000000001
19,3,74,2,5,2,2,1,0,1,1,0,1,0,0,0,0,1,0,45.0,26,49.5,34.4
20,4,84,0,2,2,2,2,0,1,1,1,0,0,1,0,0,0,1,70.0,16,74.2,4.399999999999999
21,4,87,0,5,2,2,2,0,1,1,0,0,0,1,1,0,0,0,65.5,13,63.849999999999994,18.2
24,3,93,3,4,3,2,2,0,0,1,1,0,0,1,0,0,0,0,53.5,7,57.849999999999994,25.799999999999997
22,6,82,0,6,1,1,1,0,0,0,0,0,1,0,0,0,1,0,77.0,18,69.5,19.200000000000003
21,3,91,0,7,2,2,2,0,1,0,1,0,0,1,0,0,0,1,55.5,9,52.05,29.6
22,3,88,1,6,1,1,1,0,1,0,0,1,0,0,0,0,0,1,53.0,12,52.699999999999996,29.799999999999997
21,5,81,1,6,1,1,1,0,1,1,0,0,1,0,0,1,0,0,65.5,19,61.449999999999996,26.6
22,2,91,1,5,2,2,2,0,0,0,0,0,1,0,0,0,0,1,48.5,9,51.949999999999996,26.6
17,3,89,1,5,1,1,1,0,1,1,1,0,0,1,0,0,0,1,55.5,11,56.849999999999994,24.4
20,5,80,0,3,3,3,3,0,0,1,1,0,1,0,0,1,0,0,74.0,20,74.6,8.0
21,3,87,4,2,2,2,2,0,0,1,0,1,0,0,1,0,0,0,51.5,13,61.25,22.2
18,2,84,1,2,3,3,3,0,1,0,0,0,0,0,0,0,1,0,51.0,16,60.89999999999999,14.399999999999999
21,4,86,6,4,0,1,1,1,1,1,1,0,0,0,0,0,1,0,49.0,14,54.699999999999996,37.6
20,4,97,2,7,2,2,2,0,1,1,0,1,0,0,0,0,0,0,60.5,3,55.55,32.2
24,4,60,0,5,3,3,3,1,1,1,1,0,0,1,0,0,1,0,52.0,40,54.4,29.0
24,5,84,0,4,2,1,1,0,1,0,0,0,1,0,0,0,0,0,74.0,16,72.19999999999999,11.399999999999999
20,4,82,2,4,4,4,4,0,1,1,0,1,0,0,0,0,0,1,59.0,18,61.699999999999996,23.200000000000003
20,4,73,2,5,1,1,1,0,1,1,0,0,0,1,0,0,1,0,52.5,27,54.75,31.799999999999997
20,5,78,1,5,3,3,3,0,1,0,0,0,0,1,1,0,0,0,66.0,22,64.19999999999999,22.799999999999997
20,4,77,1,5,2,2,2,0,1,1,1,0,0,1,0,0,0,1,57.5,23,58.25,26.200000000000003
21,2,81,1,6,2,1,1,0,1,0,0,1,0,0,0,0,0,0,41.5,19,44.65,35.6
19,6,85,1,8,2,2,2,1,1,1,0,0,0,1,0,1,0,0,71.5,15,60.849999999999994,32.0
18,5,78,2,5,3,3,3,0,1,0,0,0,1,0,0,0,0,0,63.0,22,62.099999999999994,26.799999999999997
22,2,60,1,2,1,0,0,1,1,0,0,0,0,1,0,0,1,0,39.0,40,52.5,24.0
22,3,74,4,5,0,0,0,0,1,0,1,0,1,0,0,0,0,0,39.0,26,45.3,42.4
19,2,93,1,8,2,2,2,1,1,1,0,0,0,1,0,0,1,0,43.5,7,41.25,40.8
23,2,94,1,6,4,3,3,0,1,0,0,0,0,0,1,0,0,0,48.0,6,49.199999999999996,30.4
19,5,78,0,5,2,2,2,0,1,0,0,1,0,0,0,0,1,0,69.0,22,66.3,18.799999999999997
21,4,96,2,6,1,1,1,0,1,0,0,0,0,0,0,1,0,0,62.0,4,59.0,27.6
22,3,79,1,2,0,1,1,0,1,0,1,1,0,0,0,1,0,0,56.5,21,64.75,13.399999999999999
20,4,69,3,1,3,3,3,1,1,0,1,0,0,0,1,0,0,0,55.5,31,66.44999999999999,17.4
22,5,79,5,7,0,0,0,1,1,0,0,0,0,1,0,0,0,1,50.5,21,48.55,48.4
19,5,87,3,7,3,2,2,0,1,1,0,0,0,0,0,0,1,0,60.5,13,55.55,37.2
20,4,77,2,4,3,3,3,0,1,0,1,1,0,0,0,1,0,0,56.5,23,59.949999999999996,25.200000000000003
20,4,86,1,5,3,3,3,0,1,0,0,0,0,1,0,0,1,0,62.0,14,61.4,22.6
19,2,84,4,6,4,3,3,0,1,0,1,1,0,0,0,0,1,0,34.0,16,39.4,46.4
20,4,79,0,8,4,3,3,1,1,0,0,0,1,0,0,0,0,1,55.5,21,49.64999999999999,36.4
17,3,88,2,5,2,3,3,0,1,0,0,1,0,0,0,0,0,1,52.0,12,54.4,28.799999999999997
19,0,91,2,6,2,2,2,1,1,0,0,1,0,0,0,0,0,1,27.5,9,34.85,41.6
20,4,83,5,9,1,1,1,1,1,0,0,0,0,0,0,0,1,0,40.5,17,36.75,59.8
20,1,86,1,5,1,2,2,1,0,1,0,1,0,0,0,1,0,0,38.0,14,44.599999999999994,31.6
20,4,70,0,5,0,0,0,0,0,0,0,0,0,1,1,0,0,0,57.0,30,57.9,25.0
20,3,93,1,3,3,3,3,0,1,0,0,0,0,0,0,0,1,0,61.5,7,65.85,12.8
22,3,77,2,3,3,3,3,0,1,0,0,0,1,0,0,0,0,1,50.5,23,58.14999999999999,23.200000000000003
22,3,75,0,7,0,0,0,0,1,1,0,0,0,1,0,1,0,0,47.5,25,46.45,36.0
19,3,89,1,7,1,1,1,0,0,1,0,0,0,1,0,1,0,0,51.5,11,49.25,34.4
18,3,78,1,7,1,1,1,0,1,1,0,0,0,0,1,0,0,0,46.0,22,45.39999999999999,38.8
18,5,76,3,3,3,3,3,0,0,1,0,0,0,1,0,1,0,0,63.0,24,66.89999999999999,21.6
19,2,79,1,5,1,2,2,0,1,1,1,0,0,0,0,1,0,0,42.5,21,47.75,31.4
20,4,72,2,6,2,2,2,0,1,1,0,0,0,1,0,0,0,0,50.0,28,50.6,37.2
19,6,76,3,1,1,1,1,0,1,1,0,0,0,1,0,1,0,0,75.0,24,80.1,8.600000000000001
18,3,90,2,6,3,3,3,0,1,0,1,0,0,0,0,1,0,0,51.0,10,51.3,33.0
20,3,91,2,8,2,2,2,1,1,0,0,1,0,0,0,0,0,0,47.5,9,44.05,42.6
21,5,82,3,7,1,1,1,0,1,1,0,0,0,1,0,0,0,1,58.0,18,53.8,39.2
22,6,76,2,1,4,4,3,0,1,0,0,0,0,1,0,0,0,1,78.0,24,82.19999999999999,4.600000000000001
19,6,85,2,6,1,1,1,0,1,0,0,1,0,0,0,0,0,0,72.5,15,66.35,26.0
20,3,66,1,5,2,2,2,1,1,0,1,0,0,0,0,0,1,0,44.0,34,48.8,33.6
19,4,91,2,6,3,3,3,0,1,1,0,1,0,0,1,0,0,0,59.5,9,57.25,29.6
20,3,81,0,5,1,1,1,0,1,1,0,1,0,0,0,0,0,1,54.5,19,56.15,23.6
19,5,73,1,4,2,2,2,0,1,1,1,0,1,0,0,0,0,1,65.5,27,66.25,19.799999999999997
22,3,93,2,1,3,3,3,0,1,1,0,0,0,0,0,1,0,0,62.5,7,71.35,6.800000000000001
17,6,82,2,6,3,3,3,0,1,0,1,0,0,1,0,0,1,0,71.0,18,65.3,27.200000000000003
20,1,78,1,6,1,1,1,1,1,1,0,1,0,0,0,0,0,0,32.0,22,38.0,39.8
21,4,98,0,4,2,2,2,0,0,0,1,0,1,0,1,0,0,0,73.0,2,71.5,8.8
21,4,77,2,7,1,1,1,0,1,1,0,0,1,0,0,0,0,1,50.5,23,48.55,40.2
26,0,88,1,2,2,2,2,1,1,0,1,1,0,0,0,0,1,0,37.0,12,51.099999999999994,18.8
21,4,87,1,5,2,2,2,0,1,1,0,1,0,0,0,1,0,0,62.5,13,61.75,22.200000000000003
18,5,75,3,5,1,2,2,0,1,0,0,0,1,0,1,0,0,0,58.5,25,58.949999999999996,32.0
20,4,80,2,4,3,3,3,0,1,0,1,0,0,1,0,0,1,0,58.0,20,60.99999999999999,24.0
17,5,80,1,7,3,3,3,0,1,0,1,0,0,1,0,0,0,1,63.0,20,57.3,32.0
20,6,67,1,4,2,2,2,1,1,1,1,0,0,1,0,1,0,0,70.5,33,69.75,19.200000000000003
19,3,66,3,7,0,0,0,1,1,1,0,0,1,0,1,0,0,0,34.0,34,37.0,51.6
23,6,64,1,4,0,0,0,1,1,1,0,0,0,0,0,0,0,0,69.0,36,68.69999999999999,20.4
19,7,78,0,5,3,3,3,0,1,0,0,0,0,1,0,1,0,0,85.0,22,77.5,12.799999999999997
20,5,74,2,1,1,1,1,0,1,1,1,0,0,0,0,0,0,0,69.0,26,75.89999999999999,8.399999999999999
19,4,74,3,5,3,3,3,0,1,0,0,0,0,0,0,1,0,0,50.0,26,53.0,35.4
24,3,78,1,5,4,3,3,0,1,1,0,1,0,0,0,0,0,1,50.0,22,53.0,28.799999999999997
20,4,82,0,7,1,1,1,0,1,1,0,1,0,0,0,0,0,1,59.0,18,54.5,30.200000000000003
25,4,79,1,2,3,3,3,0,1,0,0,0,0,1,0,0,1,0,64.5,21,70.35,10.399999999999999
22,4,76,3,5,2,1,1,0,1,0,0,1,0,0,0,0,0,1,51.0,24,53.699999999999996,34.6
22,2,97,0,8,2,2,2,1,1,1,0,1,0,0,0,1,0,0,48.5,3,44.74999999999999,35.2
21,4,80,1,8,1,1,1,1,1,0,0,1,0,0,0,1,0,0,53.0,20,47.89999999999999,40.0
21,4,90,1,4,3,3,3,0,1,0,1,1,0,0,0,1,0,0,66.0,10,66.6,16.0
17,5,72,2,4,3,3,3,0,1,1,0,0,0,0,0,0,0,1,62.0,28,63.8,24.200000000000003
20,4,92,1,2,4,4,4,0,1,1,0,0,1,0,0,0,0,1,71.0,8,74.89999999999999,5.199999999999999
22,3,77,0,1,2,2,2,0,1,0,1,0,1,0,1,0,0,0,60.5,23,69.94999999999999,5.200000000000001
20,2,100,1,4,2,2,2,0,1,0,0,0,1,0,0,1,0,0,55.0,0,58.9,18.0
17,3,71,5,4,2,3,3,1,0,1,0,0,0,0,1,0,0,0,36.5,29,45.949999999999996,42.6
20,2,73,1,9,0,0,0,1,1,0,1,0,0,1,0,1,0,0,31.5,27,30.449999999999996,53.8
24,4,80,1,6,2,2,2,0,1,0,1,0,1,0,0,0,0,1,57.0,20,55.5,30.0
23,3,79,3,5,1,1,1,0,1,0,1,1,0,0,0,0,1,0,44.5,21,49.15,36.4
20,5,72,2,6,2,2,2,0,1,1,0,1,0,0,0,1,0,0,58.0,28,56.199999999999996,34.2
23,4,93,5,7,2,2,2,1,1,0,0,0,0,0,0,1,0,0,49.5,7,47.849999999999994,45.8
20,5,93,1,7,2,2,2,0,1,1,0,0,0,1,0,0,0,0,69.5,7,61.849999999999994,26.799999999999997
17,3,79,3,6,0,0,0,0,1,1,0,0,0,1,0,0,0,1,42.5,21,45.349999999999994,41.4
19,4,90,1,5,3,3,3,0,1,1,0,1,0,0,1,0,0,0,64.0,10,62.8,21.0
24,5,93,1,5,3,3,3,0,1,1,1,0,1,0,0,1,0,0,73.5,7,69.44999999999999,16.8
20,4,81,4,5,4,3,3,0,1,1,0,1,0,0,0,1,0,0,50.5,19,53.349999999999994,36.6
20,4,76,1,4,2,2,2,0,1,0,0,1,0,0,0,0,0,0,59.0,24,61.699999999999996,21.6
20,3,92,2,7,2,2,2,0,1,0,0,0,0,1,1,0,0,0,50.0,8,48.2,37.2
25,5,91,2,5,3,4,3,0,1,1,0,0,1,0,0,0,1,0,69.5,9,66.65,21.6
24,3,72,0,3,2,2,2,0,1,1,0,1,0,0,0,0,0,0,54.0,28,60.599999999999994,17.200000000000003
25,6,93,1,5,2,2,2,0,1,0,1,1,0,0,1,0,0,0,81.5,7,75.05,13.8
20,4,73,2,6,1,1,1,0,1,0,1,0,0,0,0,1,0,0,50.5,27,50.949999999999996,36.8
21,5,85,3,2,4,4,4,0,1,0,0,1,0,0,0,1,0,0,69.5,15,73.85,13.0
17,3,75,2,5,3,3,3,0,1,0,0,0,0,1,0,0,0,1,45.5,25,49.849999999999994,34.0
24,3,83,1,4,1,1,1,0,1,0,1,0,0,0,0,0,0,0,54.5,17,58.55,21.8
18,3,82,4,9,1,0,0,1,1,1,0,1,0,0,0,0,0,0,35.0,18,32.9,59.2
21,1,99,2,5,1,2,2,1,1,1,0,0,0,0,0,0,1,0,41.5,1,47.05,30.4
18,0,69,1,8,1,1,1,1,1,1,0,0,0,1,1,0,0,0,15.5,31,21.65,56.4
19,3,75,3,5,0,0,0,0,1,0,0,0,1,0,0,0,0,1,42.5,25,47.75,38.0
19,1,78,5,6,2,2,2,1,1,0,0,0,0,0,0,0,0,0,20.0,22,29.6,55.8
19,4,84,1,5,1,1,1,0,1,0,0,0,0,1,0,0,1,0,61.0,16,60.699999999999996,23.4
19,3,79,1,5,1,2,2,0,1,0,0,0,0,1,1,0,0,0,50.5,21,53.349999999999994,28.4
19,0,64,3,5,0,0,0,1,0,1,0,0,0,1,0,0,1,0,13.0,36,27.1,51.4
22,3,87,4,4,0,0,0,0,1,0,1,0,0,0,1,0,0,0,47.5,13,53.65,32.2
18,3,92,1,5,3,3,3,0,1,1,0,0,1,0,1,0,0,0,57.0,8,57.9,23.200000000000003
21,5,85,2,2,3,3,3,0,1,0,0,0,0,1,1,0,0,0,72.5,15,75.95,9.0
23,3,78,2,5,1,1,1,0,0,1,1,0,0,0,0,0,1,0,47.0,22,50.9,32.8
19,4,83,1,5,2,2,2,0,1,1,0,0,0,1,0,0,0,1,60.5,17,60.349999999999994,23.799999999999997
19,1,72,1,5,0,0,0,1,1,0,0,0,1,0,0,1,0,0,31.0,28,39.7,37.2
20,3,90,2,6,3,2,2,0,1,0,0,0,1,0,0,0,0,1,51.0,10,51.3,33.0
23,2,86,0,8,1,1,1,1,1,0,1,0,1,0,0,1,0,0,43.0,14,40.9,39.6
21,3,77,1,6,1,1,1,0,1,1,0,0,1,0,0,0,1,0,47.5,23,48.85,34.2
19,4,82,1,5,1,1,1,0,0,0,0,0,0,1,0,0,0,0,60.0,18,60.0,24.200000000000003
22,4,90,1,4,3,3,2,0,1,0,1,0,1,0,0,1,0,0,66.0,10,66.6,16.0
18,4,91,1,6,1,0,0,0,0,0,1,1,0,0,0,0,0,0,62.5,9,59.35,25.6
22,3,81,4,5,1,1,1,0,1,0,1,0,0,0,0,1,0,0,42.5,19,47.75,39.6
21,4,99,2,4,3,3,3,0,1,0,1,1,0,0,0,1,0,0,67.5,1,67.65,16.4
20,2,92,2,5,1,1,1,0,1,0,1,0,1,0,1,0,0,0,46.0,8,50.199999999999996,30.200000000000003
19,4,86,3,2,2,2,2,0,1,1,0,0,0,1,0,1,0,0,62.0,14,68.6,15.600000000000001
19,4,78,0,5,1,1,1,0,1,0,1,0,1,0,0,1,0,0,61.0,22,60.699999999999996,21.799999999999997
22,4,79,1,4,2,2,2,0,1,0,0,0,1,0,0,1,0,0,60.5,21,62.74999999999999,20.4
23,2,83,0,4,3,2,2,0,1,1,0,1,0,0,0,0,0,1,49.5,17,55.05,20.8
19,2,81,2,9,0,0,0,1,1,1,0,1,0,0,1,0,0,0,32.5,19,31.15,54.6
22,4,95,3,4,2,2,2,0,1,0,1,0,1,0,0,0,0,1,62.5,5,64.15,22.0
17,3,74,3,6,0,0,0,0,0,1,0,1,0,0,0,0,0,1,40.0,26,43.6,43.4
19,4,86,2,7,1,1,1,0,1,1,1,1,0,0,0,0,1,0,55.0,14,51.7,36.6
20,3,66,4,7,2,3,3,1,1,0,1,0,0,0,1,0,0,0,31.0,34,34.9,55.599999999999994
19,7,85,2,6,3,3,3,0,0,1,0,1,0,0,0,0,0,0,80.5,15,71.94999999999999,23.0
18,4,74,0,5,4,4,3,0,1,1,0,0,0,1,1,0,0,0,59.0,26,59.3,23.4
19,5,93,2,4,2,2,2,0,1,0,0,1,0,0,1,0,0,0,72.5,7,71.15,15.8
21,7,77,2,3,4,3,3,0,1,0,0,1,0,0,1,0,0,0,82.5,23,80.55,11.200000000000003
20,5,76,1,4,2,2,2,0,1,1,0,0,0,0,1,0,0,0,67.0,24,67.3,18.6
17,3,90,2,4,3,3,3,0,1,0,1,0,0,0,1,0,0,0,55.0,10,58.9,23.0
17,3,91,4,3,1,1,1,0,1,0,1,0,0,1,0,0,0,0,51.5,9,58.849999999999994,25.6
19,0,80,1,6,1,1,1,1,1,1,0,1,0,0,0,0,1,0,25.0,20,33.1,42.0
22,0,66,2,4,1,1,1,1,1,1,0,0,0,1,0,0,0,1,19.0,34,33.699999999999996,41.6
17,4,73,4,5,2,2,2,0,1,0,0,1,0,0,0,0,1,0,46.5,27,50.55,39.8
19,3,81,1,2,2,2,2,0,1,1,0,0,0,0,0,0,0,1,57.5,19,65.45,12.600000000000001
19,2,70,3,5,3,2,2,0,1,0,0,0,0,1,1,0,0,0,32.0,30,40.4,43.0
24,4,87,1,5,2,2,2,0,1,1,0,0,1,0,0,1,0,0,62.5,13,61.75,22.200000000000003
20,3,75,1,4,1,1,1,0,1,0,1,0,0,0,0,0,0,1,50.5,25,55.74999999999999,25.0
21,2,81,2,6,1,0,1,0,1,0,0,0,1,0,0,0,0,1,38.5,19,42.55,39.6
21,5,90,2,5,0,0,0,0,1,0,0,0,0,1,0,0,0,1,69.0,10,66.3,22.0
17,2,84,2,6,1,1,1,0,1,1,0,0,0,0,0,0,0,1,40.0,16,43.6,38.4
22,4,97,1,6,3,2,2,0,1,0,0,0,0,1,0,0,0,0,65.5,3,61.449999999999996,23.200000000000003
21,4,93,2,6,2,2,2,0,1,1,0,1,0,0,1,0,0,0,60.5,7,57.949999999999996,28.799999999999997
22,4,58,1,5,0,0,0,1,1,0,1,1,0,0,0,0,0,0,48.0,42,51.599999999999994,33.8
29,3,86,3,5,1,1,1,0,1,0,0,1,0,0,0,0,0,1,48.0,14,51.599999999999994,33.6
17,2,83,4,3,3,3,2,0,1,1,1,0,0,1,0,1,0,0,39.5,17,50.45,31.799999999999997
24,3,91,0,4,3,3,3,0,1,0,1,0,1,0,0,0,1,0,61.5,9,63.449999999999996,14.600000000000001
20,3,86,2,4,3,3,3,0,0,1,0,0,1,0,0,1,0,0,53.0,14,57.49999999999999,24.6
21,5,78,2,3,2,2,2,0,1,1,0,0,0,1,0,0,0,0,67.0,22,69.7,16.8
20,5,85,1,1,4,4,4,0,0,0,0,0,0,0,0,0,1,0,77.5,15,81.85,0.0
20,3,79,1,5,1,1,1,0,1,1,1,0,1,0,0,0,1,0,50.5,21,53.349999999999994,28.4
19,3,76,3,5,3,3,3,0,1,0,0,1,0,0,0,0,1,0,43.0,24,48.099999999999994,37.6
21,4,81,0,8,2,2,2,1,0,1,0,0,1,0,0,0,0,0,56.5,19,50.349999999999994,35.6
17,5,84,2,8,1,1,1,1,1,0,0,1,0,0,0,1,0,0,60.0,16,52.8,39.4
22,4,92,1,6,3,2,2,0,1,0,0,0,0,0,0,0,0,0,63.0,8,59.699999999999996,25.200000000000003
20,4,78,4,6,1,0,0,0,1,1,0,0,1,0,0,0,1,0,47.0,22,48.5,42.8
18,4,66,2,4,1,2,2,1,1,1,0,0,0,1,0,0,0,0,51.0,34,56.099999999999994,29.6
20,4,80,2,5,1,1,1,0,1,1,0,1,0,0,0,0,1,0,56.0,20,57.199999999999996,29.0
23,4,84,1,5,3,3,3,0,1,0,0,1,0,0,0,0,0,1,61.0,16,60.699999999999996,23.4
19,4,83,0,5,0,0,0,0,1,0,0,1,0,0,0,0,0,0,63.5,17,62.449999999999996,19.8
21,1,80,2,4,2,2,2,1,0,1,0,0,0,1,0,1,0,0,34.0,20,44.199999999999996,33.0
19,2,89,1,6,1,2,2,0,1,1,1,0,0,0,1,0,0,0,45.5,11,47.449999999999996,32.4
22,3,84,2,3,3,3,3,0,1,0,0,0,1,0,1,0,0,0,54.0,16,60.599999999999994,20.4
22,4,86,0,10,1,0,0,1,1,0,0,0,0,1,0,0,0,1,55.0,14,44.5,43.6
25,3,67,1,8,1,1,1,1,1,0,0,0,1,0,0,0,0,0,38.5,33,37.75,48.2
20,4,80,3,7,3,3,3,0,1,0,1,0,1,0,0,1,0,0,49.0,20,47.5,43.0
22,4,80,4,3,4,3,3,0,1,0,0,1,0,0,0,1,0,0,54.0,20,60.599999999999994,27.0
21,4,95,0,2,4,4,4,0,1,0,0,0,0,0,0,0,0,1,75.5,5,78.05,0.0
23,3,81,4,6,1,2,2,0,1,0,0,0,1,0,0,0,0,0,40.5,19,43.949999999999996,44.6
19,3,76,1,5,3,3,3,0,1,0,1,0,1,0,0,0,0,0,49.0,24,52.3,29.6
22,1,76,2,8,1,1,1,1,1,0,0,0,0,0,0,1,0,0,24.0,24,27.599999999999994,54.6
20,4,89,5,5,3,2,2,1,1,1,0,0,0,1,0,1,0,0,51.5,11,54.05,37.4
20,0,77,1,5,2,2,2,1,1,1,0,0,0,0,0,0,1,0,25.5,23,35.849999999999994,38.2
21,4,75,3,8,3,3,3,1,1,0,0,0,0,1,0,1,0,0,44.5,25,41.949999999999996,50.0
21,5,89,3,5,2,2,2,0,1,1,1,0,1,0,0,0,0,0,65.5,11,63.849999999999994,26.4
20,4,85,1,5,3,3,3,0,1,0,0,0,0,1,0,0,1,0,61.5,15,61.05,23.0
21,4,65,1,5,1,2,2,1,1,0,0,0,1,0,1,0,0,0,51.5,35,54.05,31.0
24,3,71,3,4,1,1,1,0,0,0,0,0,1,0,0,1,0,0,42.5,29,50.14999999999999,34.6
23,3,86,4,7,2,2,2,0,1,1,1,1,0,0,0,0,0,1,41.0,14,41.9,47.6
22,3,88,2,6,1,1,1,0,1,1,1,0,1,0,0,0,0,1,50.0,12,50.6,33.8
20,4,74,2,3,1,0,0,0,1,1,0,1,0,0,0,0,0,1,57.0,26,62.7,21.4
19,3,84,4,9,1,1,1,1,1,0,0,0,0,0,0,1,0,0,36.0,16,33.6,58.400000000000006
23,2,81,2,4,3,3,3,0,1,1,1,0,1,0,0,0,0,0,42.5,19,50.14999999999999,29.6
22,4,74,2,2,3,3,3,0,1,0,1,1,0,0,0,1,0,0,59.0,26,66.5,16.4
24,3,78,2,4,2,2,2,0,1,1,1,1,0,0,1,0,0,0,49.0,22,54.699999999999996,27.799999999999997
19,3,81,1,3,2,2,2,0,1,0,0,1,0,0,1,0,0,0,55.5,19,61.64999999999999,17.6
20,4,71,2,5,1,2,2,0,1,1,0,1,0,0,1,0,0,0,51.5,29,54.05,32.6
17,6,86,1,8,1,1,1,1,1,0,1,0,1,0,0,1,0,0,72.0,14,61.199999999999996,31.6
20,4,76,1,5,2,2,2,0,1,1,0,0,1,0,0,1,0,0,57.0,24,57.9,26.6
23,5,76,3,8,1,1,1,1,1,1,1,1,0,0,1,0,0,0,53.0,24,47.89999999999999,46.6
20,4,86,2,7,2,2,2,0,1,0,1,0,0,0,0,0,0,0,55.0,14,51.7,36.6
22,5,78,2,1,1,2,2,0,1,0,0,1,0,0,0,0,1,0,71.0,22,77.3,6.800000000000001
20,4,80,0,7,2,2,2,0,1,1,0,0,1,0,0,1,0,0,58.0,20,53.8,31.0
21,3,81,3,4,1,1,1,0,1,1,0,1,0,0,1,0,0,0,47.5,19,53.65,30.6
18,4,75,3,6,1,1,1,0,1,0,1,0,0,0,0,0,1,0,48.5,25,49.55,40.0
21,4,77,2,5,3,3,3,0,0,0,1,0,0,0,0,1,0,0,54.5,23,56.15,30.200000000000003
17,3,81,3,10,0,1,1,1,1,1,0,0,0,0,0,0,0,1,35.5,19,30.849999999999998,60.599999999999994
20,5,81,3,6,4,4,4,0,1,1,0,0,0,1,0,0,1,0,59.5,19,57.25,34.6
17,2,86,2,6,1,0,0,0,1,1,0,0,0,1,0,0,0,1,41.0,14,44.3,37.6
23,4,86,0,7,0,0,0,0,1,1,0,0,1,0,1,0,0,0,61.0,14,55.89999999999999,28.6
22,3,91,1,2,3,3,3,0,1,1,1,0,0,0,0,0,1,0,62.5,9,68.95,8.600000000000001
22,1,69,1,7,1,1,1,1,1,1,0,0,1,0,0,0,1,0,25.5,31,31.049999999999997,48.4
24,4,89,0,5,2,1,1,0,1,0,0,0,0,0,1,0,0,0,66.5,11,64.55,17.4
18,3,79,1,4,2,2,2,0,1,0,0,0,0,1,0,0,0,0,52.5,21,57.15,23.4
24,3,87,1,7,0,1,1,0,1,1,1,0,0,1,1,0,0,0,50.5,13,48.55,35.2
23,2,84,0,2,3,3,3,0,1,0,0,0,1,0,0,0,0,0,54.0,16,63.0,10.399999999999999
20,6,77,3,7,2,2,2,0,1,1,0,0,1,0,0,0,1,0,63.5,23,57.64999999999999,38.2
23,0,94,0,5,4,3,3,1,1,1,1,0,1,0,0,1,0,0,37.0,6,43.9,27.4
18,1,88,1,5,2,3,2,1,0,1,0,1,0,0,0,0,0,0,39.0,12,45.3,30.799999999999997
19,4,85,1,1,3,3,3,0,0,1,0,0,1,0,0,0,1,0,69.5,15,76.25,3.0
19,4,99,4,7,2,3,3,0,1,0,0,0,0,1,0,0,0,1,55.5,1,52.05,39.4
19,2,74,1,5,0,0,0,0,1,1,1,0,0,1,0,0,0,0,40.0,26,46.0,33.4
18,3,82,2,4,1,1,1,0,1,0,0,0,0,1,0,0,1,0,51.0,18,56.099999999999994,26.200000000000003
23,4,86,1,3,4,3,3,0,1,0,1,0,1,0,0,0,1,0,66.0,14,69.0,12.600000000000001
20,3,73,1,6,2,2,2,0,1,0,1,0,0,0,0,0,1,0,45.5,27,47.449999999999996,35.8
21,5,76,1,6,3,3,3,0,1,0,1,0,0,1,0,0,0,1,63.0,24,59.699999999999996,28.6
19,3,90,1,5,2,2,2,0,1,1,1,0,0,0,0,1,0,0,56.0,10,57.199999999999996,24.0
17,3,78,3,3,3,3,3,0,1,1,0,0,0,1,0,0,0,1,48.0,22,56.39999999999999,26.799999999999997
21,2,89,1,6,0,0,0,0,0,1,0,0,0,1,0,0,0,0,45.5,11,47.449999999999996,32.4
17,3,77,1,5,2,2,2,0,1,0,1,0,0,0,0,0,1,0,49.5,23,52.65,29.200000000000003
20,3,98,3,7,3,2,2,0,1,0,0,0,0,1,0,0,1,0,50.0,2,48.2,38.8
18,5,63,0,3,4,4,3,1,1,0,0,0,1,0,0,0,0,1,65.5,37,68.64999999999999,14.8
25,5,90,1,4,2,2,2,0,1,1,0,1,0,0,0,0,1,0,74.0,10,72.19999999999999,13.0
23,3,84,3,9,3,3,3,1,0,0,1,1,0,0,0,1,0,0,39.0,16,35.699999999999996,54.4
21,3,69,4,5,1,1,1,1,1,1,0,0,0,1,1,0,0,0,36.5,31,43.55,44.4
23,3,80,3,6,0,0,0,0,1,1,0,0,0,0,0,1,0,0,43.0,20,45.699999999999996,41.0
19,3,66,2,7,2,2,2,1,1,0,1,0,0,1,0,0,1,0,37.0,34,39.099999999999994,47.6
22,2,84,4,8,0,0,0,1,1,1,1,0,1,0,0,1,0,0,30.0,16,31.799999999999997,56.4
21,4,77,5,3,1,1,1,1,1,0,1,0,1,0,0,0,1,0,49.5,23,57.45,32.2
21,3,66,2,9,0,0,0,1,1,1,0,0,0,1,1,0,0,0,33.0,34,31.5,57.599999999999994
23,5,83,2,5,3,3,3,0,1,1,1,0,1,0,0,0,1,0,65.5,17,63.849999999999994,24.799999999999997
22,3,83,1,6,1,2,1,0,1,1,0,0,0,1,0,0,0,1,50.5,17,50.949999999999996,31.799999999999997
21,7,98,5,5,3,3,3,1,1,0,1,0,0,0,0,1,0,0,80.0,2,74.0,24.799999999999997
17,6,88,1,8,1,1,2,1,1,0,0,0,0,1,1,0,0,0,73.0,12,61.89999999999999,30.799999999999997
18,3,62,3,7,0,0,0,1,1,1,0,0,0,1,0,0,0,0,32.0,38,35.599999999999994,53.2
20,3,77,1,5,1,1,1,0,1,1,0,0,0,1,0,0,1,0,49.5,23,52.65,29.200000000000003
21,1,90,0,3,1,1,1,1,1,1,1,0,0,0,1,0,0,0,47.0,10,55.7,16.0
18,3,69,1,5,4,4,3,1,1,1,1,0,0,1,0,1,0,0,45.5,31,49.849999999999994,32.4
26,4,75,3,3,3,3,3,0,1,0,1,0,0,0,0,0,1,0,54.5,25,60.95,25.0
24,4,82,2,7,0,1,1,0,0,1,0,1,0,0,0,0,1,0,53.0,18,50.3,38.2
22,2,77,4,4,2,2,2,0,1,0,1,1,0,0,0,1,0,0,34.5,23,44.55,39.2
21,3,94,1,5,4,4,4,0,0,1,0,0,1,0,1,0,0,0,58.0,6,58.599999999999994,22.4
20,4,83,1,7,2,1,1,0,1,1,1,1,0,0,0,1,0,0,56.5,17,52.75,33.8
18,3,82,1,7,1,1,1,0,1,0,0,0,0,0,0,1,0,0,48.0,18,46.8,37.2
21,5,74,0,6,2,2,2,0,1,0,0,1,0,0,0,0,1,0,65.0,26,61.1,25.4
21,3,73,2,4,3,3,3,0,1,0,1,0,1,0,0,0,1,0,46.5,27,52.949999999999996,29.799999999999997
18,1,82,1,6,2,2,2,1,1,0,1,0,0,0,0,0,0,1,34.0,18,39.4,38.2
21,1,81,2,4,1,1,1,1,1,1,1,1,0,0,0,1,0,0,34.5,19,44.55,32.6
20,3,72,2,6,1,1,1,0,1,1,0,1,0,0,1,0,0,0,42.0,28,45.0,40.2
17,2,83,1,3,1,1,1,0,1,0,1,0,0,0,0,0,0,1,48.5,17,56.75,19.8
19,1,82,0,7,1,1,1,1,1,1,0,1,0,0,1,0,0,0,35.0,18,37.7,39.2
20,3,79,1,5,1,0,0,0,0,0,0,0,1,0,1,0,0,0,50.5,21,53.349999999999994,28.4
25,5,91,1,5,4,4,4,0,1,0,0,0,0,1,0,1,0,0,72.5,9,68.75,17.6
22,3,81,2,6,1,1,1,0,0,0,0,0,1,0,0,0,0,0,46.5,19,48.15,36.6
18,4,80,1,5,2,3,3,0,1,0,0,1,0,0,0,1,0,0,59.0,20,59.3,25.0
22,4,76,2,5,2,2,2,0,1,0,1,0,1,0,0,0,0,1,54.0,24,55.8,30.6
17,4,80,2,5,0,0,0,0,0,1,0,1,0,0,0,1,0,0,56.0,20,57.199999999999996,29.0
23,2,78,2,7,0,0,0,0,1,0,1,0,0,0,0,1,0,0,35.0,22,37.7,45.8
20,3,72,1,6,2,2,2,0,1,1,1,0,1,0,0,0,1,0,45.0,28,47.099999999999994,36.2
20,3,82,1,6,4,3,3,0,1,0,0,0,1,0,0,0,0,0,50.0,18,50.6,32.2
23,4,89,0,4,2,2,2,0,1,0,0,0,0,1,1,0,0,0,68.5,11,68.35,12.399999999999999
18,4,78,1,7,2,2,2,0,1,0,0,0,0,1,1,0,0,0,54.0,22,51.0,35.8
17,3,71,2,3,3,3,3,0,1,0,0,0,0,1,0,0,1,0,47.5,29,56.05,25.6
19,4,90,1,8,1,1,1,1,0,0,0,0,0,1,0,0,0,0,58.0,10,51.39999999999999,36.0
23,4,90,1,5,1,1,1,0,1,1,0,1,0,0,0,0,1,0,64.0,10,62.8,21.0
17,1,86,1,7,0,0,0,1,1,0,0,0,0,0,0,1,0,0,34.0,14,37.0,41.6
17,1,82,3,6,1,1,1,1,1,1,1,1,0,0,0,1,0,0,28.0,18,35.199999999999996,46.2
20,5,85,2,5,3,3,3,0,0,0,0,1,0,0,0,1,0,0,66.5,15,64.55,24.0
22,5,69,1,7,0,0,0,1,1,0,0,0,1,0,0,0,0,1,57.5,31,53.45,36.4
23,4,77,1,3,2,3,3,0,0,0,0,1,0,0,1,0,0,0,61.5,23,65.85,16.200000000000003
20,5,87,0,4,4,4,4,0,1,0,0,1,0,0,0,0,1,0,75.5,13,73.25,10.2
20,6,84,0,5,3,3,3,0,1,0,1,0,0,1,0,0,0,1,80.0,16,74.0,13.399999999999999
23,3,89,1,3,2,1,1,0,1,1,0,0,0,1,0,0,0,0,59.5,11,64.45,14.399999999999999
17,3,94,1,6,2,3,3,0,1,0,0,0,0,0,1,0,0,0,56.0,6,54.8,27.4
20,4,72,2,7,1,2,2,0,1,1,1,1,0,0,0,0,1,0,48.0,28,46.8,42.2
21,5,85,2,2,1,1,1,0,1,0,0,1,0,0,0,0,1,0,72.5,15,75.95,9.0
22,3,79,2,4,2,3,3,0,1,1,0,0,0,0,0,0,1,0,49.5,21,55.05,27.4
19,5,78,0,5,2,2,2,0,1,0,0,0,1,0,0,0,0,0,69.0,22,66.3,18.799999999999997
21,3,100,4,6,2,2,2,0,1,1,1,0,0,1,1,0,0,0,50.0,0,50.6,37.0
17,4,69,0,7,2,2,2,1,1,1,0,0,1,0,0,0,1,0,52.5,31,49.95,35.4
19,3,80,6,5,2,2,2,1,1,0,1,0,0,1,0,0,0,0,36.0,20,43.2,48.0
22,4,65,0,5,4,4,4,1,1,0,0,0,0,0,1,0,0,0,54.5,35,56.15,27.0
18,2,82,2,5,0,0,0,0,1,0,0,0,0,1,1,0,0,0,41.0,18,46.7,34.2
21,5,66,1,4,3,3,3,1,1,0,0,0,0,0,0,0,0,0,62.0,34,63.8,22.6
22,1,74,3,5,1,2,2,1,1,1,1,1,0,0,1,0,0,0,26.0,26,36.2,44.4
20,2,82,3,3,2,2,3,0,1,1,0,0,1,0,1,0,0,0,42.0,18,52.2,28.200000000000003
21,5,70,4,5,2,2,2,0,1,1,0,0,0,0,0,0,0,0,53.0,30,55.099999999999994,38.0
18,6,89,2,5,4,3,3,0,1,1,0,1,0,0,0,0,0,1,76.5,11,71.55,19.4
20,4,71,3,5,2,2,2,0,1,1,1,0,0,1,0,0,1,0,48.5,29,51.949999999999996,36.6
22,5,69,3,10,0,0,0,1,0,0,0,0,1,0,0,0,0,1,45.5,31,37.849999999999994,59.400000000000006
21,5,80,1,7,1,1,1,0,1,1,0,0,0,1,0,1,0,0,63.0,20,57.3,32.0
19,4,85,2,5,4,4,4,0,1,1,1,0,0,1,0,1,0,0,58.5,15,58.949999999999996,27.0
21,3,71,3,6,3,2,3,0,1,0,1,0,1,0,0,1,0,0,38.5,29,42.55,44.6
22,5,69,0,6,1,1,1,1,1,1,0,0,0,1,1,0,0,0,62.5,31,59.35,27.4
17,3,74,0,6,1,1,1,0,1,1,1,0,0,0,0,0,1,0,49.0,26,49.9,31.4
23,4,100,1,8,1,1,1,1,1,1,0,0,0,0,0,0,0,1,63.0,0,54.89999999999999,32.0
20,1,90,3,7,2,2,2,1,0,0,0,0,1,0,0,0,0,1,30.0,10,34.2,48.0
21,3,77,2,1,1,1,1,0,1,1,0,1,0,0,0,0,0,0,54.5,23,65.75,13.200000000000003
23,3,71,0,7,0,0,0,0,1,0,0,1,0,0,1,0,0,0,45.5,29,45.05,37.6
18,4,75,3,4,3,3,3,0,1,0,1,0,0,0,1,0,0,0,52.5,25,57.15,30.0
19,3,94,2,4,3,3,3,0,1,1,0,0,0,1,0,1,0,0,57.0,6,60.3,21.4
20,3,98,1,7,2,2,2,0,1,1,0,0,1,0,1,0,0,0,56.0,2,52.39999999999999,30.799999999999997
19,3,75,1,2,3,4,3,0,1,0,0,0,1,0,0,0,0,0,54.5,25,63.349999999999994,15.0
24,2,84,3,8,2,3,3,1,1,0,0,0,0,1,0,0,0,0,33.0,16,33.9,52.4
19,1,79,2,7,3,3,3,1,1,1,1,0,0,1,0,0,0,0,27.5,21,32.45,48.4
19,3,92,2,6,2,2,2,0,1,1,0,0,0,0,0,0,1,0,52.0,8,52.0,32.2
21,3,73,0,7,0,0,0,0,1,1,0,1,0,0,1,0,0,0,46.5,27,45.75,36.8
18,4,89,3,7,0,0,0,0,1,1,1,1,0,0,0,0,1,0,53.5,11,50.64999999999999,39.4
20,3,71,1,5,0,1,1,0,1,0,1,0,0,1,0,0,0,1,46.5,29,50.55,31.6
21,4,89,1,6,2,2,2,0,1,0,0,0,0,1,0,0,0,1,61.5,11,58.65,26.4
20,3,75,1,3,3,2,2,0,0,1,0,0,0,1,0,0,1,0,52.5,25,59.55,20.0
20,3,79,1,7,2,1,1,0,0,0,1,0,0,0,0,0,1,0,46.5,21,45.75,38.4
19,1,76,1,6,3,3,3,1,1,1,0,1,0,0,0,0,0,0,31.0,24,37.3,40.6
17,3,97,0,8,2,2,2,1,1,0,1,0,1,0,0,0,0,0,56.5,3,50.349999999999994,32.2
21,0,90,4,5,2,2,2,1,0,0,0,0,0,1,0,1,0,0,23.0,10,34.099999999999994,45.0
24,2,78,0,6,2,2,2,0,1,1,1,0,1,0,0,0,1,0,43.0,22,45.699999999999996,32.8
21,2,75,1,3,3,3,3,0,1,1,1,0,0,0,0,0,0,1,44.5,25,53.95,23.0
21,4,92,0,5,3,3,3,0,1,1,0,0,0,1,0,0,1,0,68.0,8,65.6,16.2
22,4,54,3,6,0,0,0,1,0,0,0,0,1,0,0,1,0,0,38.0,46,42.199999999999996,48.400000000000006
18,4,85,4,5,2,3,3,0,1,0,0,0,0,0,0,1,0,0,52.5,15,54.75,35.0
24,2,74,3,8,0,0,0,1,1,1,0,0,0,1,1,0,0,0,28.0,26,30.4,56.4
21,5,100,1,6,1,1,1,0,0,0,1,0,0,0,1,0,0,0,75.0,0,68.1,19.0
24,3,100,1,5,3,3,3,0,0,0,0,0,1,0,0,0,1,0,61.0,0,60.699999999999996,20.0
19,6,82,7,6,1,1,1,1,1,1,0,1,0,0,1,0,0,0,56.0,18,54.8,47.2
25,3,79,0,4,2,1,1,0,0,0,1,0,0,1,1,0,0,0,55.5,21,59.24999999999999,19.4
22,6,82,3,7,1,1,1,0,0,0,0,0,1,0,0,1,0,0,66.0,18,59.39999999999999,36.2
22,7,77,2,4,4,4,3,0,1,1,0,0,1,0,0,0,0,1,80.5,23,76.75,16.200000000000003
21,4,75,0,4,3,3,3,0,1,0,1,1,0,0,0,0,0,0,61.5,25,63.449999999999996,18.0
20,4,83,0,5,2,2,2,0,1,0,0,0,1,0,0,1,0,0,63.5,17,62.449999999999996,19.8
23,3,87,1,5,0,0,0,0,1,1,0,1,0,0,1,0,0,0,54.5,13,56.15,25.200000000000003
21,5,83,2,6,3,3,3,0,0,0,0,0,1,0,0,0,0,1,63.5,17,60.05,29.799999999999997
17,3,84,1,8,1,1,1,1,1,1,0,0,0,0,0,1,0,0,47.0,16,43.699999999999996,41.4
18,4,76,2,5,0,1,1,0,1,0,0,1,0,0,0,1,0,0,54.0,24,55.8,30.6
20,4,74,2,5,4,4,4,0,0,1,0,1,0,0,0,0,1,0,53.0,26,55.099999999999994,31.4
21,3,74,0,1,1,2,2,0,0,0,0,0,0,0,0,0,1,0,59.0,26,68.89999999999999,6.4
20,2,88,2,5,3,3,3,0,1,0,0,0,0,1,0,0,0,1,44.0,12,48.8,31.799999999999997
23,2,82,3,5,1,0,0,0,0,1,0,0,1,0,0,0,0,0,38.0,18,44.599999999999994,38.2
17,5,83,1,5,1,1,1,0,1,1,1,0,0,1,0,0,0,1,68.5,17,65.94999999999999,20.799999999999997
21,4,84,2,8,2,2,2,1,1,0,1,0,0,0,1,0,0,0,52.0,16,47.199999999999996,42.4
17,5,81,0,6,1,1,1,0,1,0,0,0,1,0,0,0,0,0,68.5,19,63.55,22.6
22,3,82,2,4,2,2,2,0,1,1,0,0,0,0,0,0,0,0,51.0,18,56.099999999999994,26.200000000000003
20,3,92,0,3,2,1,1,0,1,0,0,0,1,0,1,0,0,0,64.0,8,67.6,9.2
21,3,88,2,3,4,3,3,0,1,0,0,0,0,1,0,0,1,0,56.0,12,62.0,18.8
19,1,80,2,4,0,0,0,1,1,1,1,1,0,0,0,1,0,0,34.0,20,44.199999999999996,33.0
23,4,78,0,5,1,2,2,0,0,0,0,0,0,0,0,0,1,0,61.0,22,60.699999999999996,21.799999999999997
23,3,90,1,1,3,2,2,0,1,0,0,1,0,0,0,0,0,1,64.0,10,72.39999999999999,4.0
22,3,84,1,5,1,1,1,0,1,0,1,0,0,0,0,1,0,0,53.0,16,55.099999999999994,26.4
20,3,79,2,6,1,1,1,0,1,1,0,1,0,0,0,0,1,0,45.5,21,47.449999999999996,37.4
22,5,71,2,3,3,3,3,0,1,1,0,0,0,1,0,0,1,0,63.5,29,67.25,19.6
19,4,95,0,5,3,4,3,0,1,1,0,1,0,0,0,0,0,1,69.5,5,66.65,15.0
22,5,73,1,3,3,3,3,0,1,0,0,1,0,0,0,0,0,1,67.5,27,70.05,14.8
24,4,84,2,1,2,2,2,0,0,1,0,0,0,1,0,1,0,0,66.0,16,73.8,7.399999999999999
23,4,96,4,4,3,3,3,0,0,1,0,0,0,0,0,0,0,1,60.0,4,62.4,25.6
19,4,79,4,3,3,3,3,0,1,0,1,0,0,0,0,1,0,0,53.5,21,60.25,27.4
21,3,81,3,6,2,2,2,0,1,1,0,0,0,0,0,0,1,0,43.5,19,46.05,40.6
18,3,88,1,6,2,3,3,0,1,1,1,0,0,1,0,0,0,0,53.0,12,52.699999999999996,29.799999999999997
22,3,72,3,3,1,1,1,0,1,0,0,1,0,0,0,0,0,1,45.0,28,54.3,29.200000000000003
22,4,68,3,7,2,2,2,1,1,1,0,1,0,0,0,0,0,1,43.0,32,43.3,47.8
17,1,79,1,6,2,3,2,1,1,0,1,0,1,0,0,0,1,0,32.5,21,38.35,39.4
18,3,82,2,5,1,1,2,0,1,1,0,0,1,0,0,0,1,0,49.0,18,52.3,31.200000000000003
20,4,82,0,6,2,2,3,0,1,0,0,1,0,0,0,1,0,0,61.0,18,58.3,25.200000000000003
20,3,93,5,3,1,1,1,1,1,1,0,0,1,0,0,1,0,0,49.5,7,57.45,28.799999999999997
18,4,74,0,1,3,2,2,0,1,0,0,0,1,0,0,1,0,0,67.0,26,74.5,3.4000000000000004
21,4,80,3,5,0,0,0,0,1,1,0,1,0,0,0,0,1,0,53.0,20,55.099999999999994,33.0
21,4,94,3,3,3,3,3,0,1,1,1,0,0,0,0,1,0,0,64.0,6,67.6,17.4
20,1,79,1,5,4,4,3,1,1,1,1,0,0,1,0,0,0,1,34.5,21,42.15,34.4
19,5,97,3,6,2,3,3,0,1,0,0,1,0,0,0,0,1,0,67.5,3,62.85,28.200000000000003
23,7,80,3,2,3,3,3,0,1,1,0,0,0,1,0,0,1,0,83.0,20,83.3,9.0
24,5,76,2,5,2,2,2,0,1,0,1,0,0,1,0,1,0,0,62.0,24,61.4,27.6
19,3,81,4,7,0,1,1,0,1,0,0,0,1,0,1,0,0,0,38.5,19,40.15,49.6
19,2,84,1,1,4,3,3,0,1,0,1,0,1,0,0,0,0,1,53.0,16,64.69999999999999,9.4
22,4,63,1,5,1,1,1,1,0,1,1,1,0,0,0,0,0,1,50.5,37,53.349999999999994,31.799999999999997
20,4,85,0,8,0,0,0,1,1,0,0,0,1,0,0,1,0,0,58.5,15,51.74999999999999,34.0
20,5,80,1,5,1,1,1,0,1,0,0,0,0,0,0,0,0,1,67.0,20,64.9,22.0
22,2,92,2,6,3,3,3,0,1,1,1,0,1,0,1,0,0,0,44.0,8,46.4,35.2
17,4,86,3,3,3,3,3,0,1,1,0,0,0,0,0,1,0,0,60.0,14,64.8,20.6
23,4,82,1,7,1,2,2,0,1,1,0,0,0,0,0,0,0,1,56.0,18,52.39999999999999,34.2
21,5,79,1,6,1,2,2,0,1,0,0,0,1,0,0,0,0,1,64.5,21,60.75,27.4
20,5,88,2,5,3,4,4,0,1,1,0,0,0,1,0,0,1,0,68.0,12,65.6,22.799999999999997
20,4,82,2,5,3,3,3,0,1,0,0,0,1,0,0,0,0,0,57.0,18,57.9,28.200000000000003
20,6,78,2,6,2,2,2,0,1,0,0,0,1,0,0,0,1,0,69.0,22,63.9,28.799999999999997
17,3,76,1,5,2,2,2,0,1,1,0,1,0,0,0,1,0,0,49.0,24,52.3,29.6
24,5,87,2,3,3,3,3,0,1,0,1,0,0,1,1,0,0,0,71.5,13,72.85,13.2
21,4,78,0,5,2,2,2,0,1,1,1,0,0,1,1,0,0,0,61.0,22,60.699999999999996,21.799999999999997
22,4,79,3,5,2,2,2,0,1,1,0,0,1,0,0,0,0,1,52.5,21,54.75,33.4
23,7,86,3,3,4,3,3,0,1,1,1,0,0,1,0,0,1,0,84.0,14,81.6,11.600000000000001
18,1,90,2,5,2,2,2,1,1,1,0,0,0,0,0,1,0,0,37.0,10,43.9,34.0
22,2,86,1,5,0,0,0,0,1,0,1,1,0,0,0,0,0,0,46.0,14,50.199999999999996,28.6
20,5,88,3,4,3,3,3,0,1,1,1,1,0,0,0,1,0,0,67.0,12,67.3,21.799999999999997
22,5,87,2,6,2,2,2,0,1,0,0,0,0,1,0,0,0,0,65.5,13,61.449999999999996,28.200000000000003
17,4,82,2,6,0,0,0,0,1,0,0,0,0,1,0,1,0,0,55.0,18,54.1,33.2
20,5,85,1,4,3,3,3,0,1,1,0,0,0,1,0,0,0,0,71.5,15,70.44999999999999,15.0
19,2,96,1,5,0,0,0,0,0,0,1,0,1,0,0,0,1,0,51.0,4,53.699999999999996,24.6
22,6,80,3,7,2,2,2,0,0,0,0,0,0,0,0,0,1,0,65.0,20,58.7,37.0
22,4,58,2,5,1,2,1,1,0,0,0,0,1,0,0,0,1,0,45.0,42,49.5,37.8
19,6,61,3,2,2,2,2,1,0,1,1,0,1,0,1,0,0,0,65.5,39,71.05,19.6
19,1,97,2,3,3,3,3,1,1,1,0,1,0,0,0,1,0,0,44.5,3,53.95,21.2
20,5,97,2,6,4,3,3,0,1,0,1,0,1,0,0,0,1,0,70.5,3,64.94999999999999,24.200000000000003
19,4,74,3,4,2,2,2,0,1,1,0,0,0,0,1,0,0,0,52.0,26,56.8,30.4
22,7,92,2,3,3,3,3,0,0,1,0,0,0,0,0,0,0,1,90.0,8,85.8,5.199999999999999
20,4,90,3,7,2,2,2,0,1,0,0,0,1,0,0,0,0,1,54.0,10,51.0,39.0
17,2,87,0,3,2,2,2,0,1,1,0,0,1,0,0,0,1,0,53.5,13,60.25,14.2
20,4,86,2,5,2,2,2,0,1,0,1,0,0,1,0,1,0,0,59.0,14,59.3,26.6
18,4,61,3,5,3,2,3,1,1,0,1,0,1,0,0,1,0,0,43.5,39,48.45,40.6
17,5,83,2,6,3,3,3,0,0,0,0,0,0,1,0,0,1,0,63.5,17,60.05,29.799999999999997
18,3,84,2,6,2,2,2,0,1,0,1,0,0,1,1,0,0,0,48.0,16,49.199999999999996,35.4
21,3,82,1,4,1,1,1,0,1,1,0,0,0,1,1,0,0,0,54.0,18,58.199999999999996,22.2
23,4,81,1,6,2,1,1,0,1,0,0,0,0,0,0,1,0,0,57.5,19,55.85,29.6
21,3,92,1,5,1,1,1,0,0,0,1,0,0,0,0,0,1,0,57.0,8,57.9,23.200000000000003
19,4,90,2,5,4,4,3,0,1,1,0,0,1,0,0,1,0,0,61.0,10,60.699999999999996,25.0
22,3,89,0,8,0,0,0,1,1,1,1,0,0,1,0,0,1,0,52.5,11,47.55,35.4
20,4,89,0,3,2,1,1,0,1,0,0,1,0,0,0,0,0,1,70.5,11,72.14999999999999,7.399999999999999
19,4,83,1,6,1,2,2,0,1,1,0,1,0,0,0,0,0,1,58.5,17,56.55,28.799999999999997
18,4,91,2,5,4,4,4,0,1,0,0,0,0,0,0,0,0,1,61.5,9,61.05,24.6
17,2,72,4,7,1,2,2,0,1,1,0,1,0,0,0,0,0,0,26.0,28,31.4,56.2
20,1,82,3,8,0,0,0,1,1,1,0,0,0,0,0,0,1,0,24.0,18,27.599999999999994,56.2
21,5,87,4,8,0,0,0,1,1,1,0,0,0,1,1,0,0,0,55.5,13,49.64999999999999,46.2
20,2,86,2,7,1,0,0,0,1,0,0,0,1,0,1,0,0,0,39.0,14,40.5,42.6
20,6,85,1,4,2,2,2,0,1,0,0,0,1,0,0,0,1,0,79.5,15,76.05,12.0
18,3,89,4,4,1,1,1,0,0,0,0,0,0,0,0,0,0,1,48.5,11,54.349999999999994,31.4
22,5,93,1,6,4,4,3,0,1,1,0,0,0,1,0,0,0,0,71.5,7,65.64999999999999,21.799999999999997
18,4,73,2,3,3,3,3,0,1,1,0,0,0,0,1,0,0,0,56.5,27,62.349999999999994,21.799999999999997
22,6,84,0,5,2,2,2,0,1,1,1,0,0,0,1,0,0,0,80.0,16,74.0,13.399999999999999
18,4,76,2,4,2,2,2,0,1,1,1,0,0,0,0,1,0,0,56.0,24,59.599999999999994,25.6
19,4,90,1,3,4,4,4,0,1,0,1,0,0,1,0,0,0,1,68.0,10,70.39999999999999,11.0
17,2,87,2,5,1,1,1,0,1,0,0,1,0,0,0,0,0,1,43.5,13,48.45,32.2
19,4,74,1,6,0,0,0,0,1,1,0,0,0,0,0,0,0,1,54.0,26,53.4,32.4
23,5,81,1,6,2,1,1,0,1,0,0,1,0,0,0,0,0,1,65.5,19,61.449999999999996,26.6
22,4,70,2,5,2,2,2,0,1,1,0,1,0,0,0,0,0,1,51.0,30,53.699999999999996,33.0
23,5,89,2,4,2,2,2,0,0,0,1,1,0,0,0,0,1,0,70.5,11,69.75,17.4
22,4,77,2,4,1,1,1,0,1,1,1,0,0,0,0,0,0,0,56.5,23,59.949999999999996,25.200000000000003
18,5,73,2,7,1,1,1,0,1,1,0,0,0,0,0,1,0,0,56.5,27,52.75,38.8
20,4,79,2,4,2,2,2,0,1,0,0,0,1,0,1,0,0,0,57.5,21,60.65,24.4
19,5,86,1,4,3,3,3,0,1,1,0,0,1,0,1,0,0,0,72.0,14,70.8,14.600000000000001
23,4,84,1,6,2,1,1,0,1,1,0,0,1,0,0,0,1,0,59.0,16,56.9,28.4
18,6,78,2,3,0,0,0,0,1,1,0,0,0,1,1,0,0,0,75.0,22,75.3,13.8
23,3,81,0,5,2,2,2,0,0,1,0,0,0,1,0,0,0,0,54.5,19,56.15,23.6
23,3,79,2,4,1,1,1,0,1,0,1,1,0,0,0,0,0,1,49.5,21,55.05,27.4
25,3,74,0,4,0,0,0,0,1,0,1,1,0,0,0,1,0,0,53.0,26,57.49999999999999,21.4
20,3,67,4,5,1,1,1,1,1,1,0,0,0,1,0,0,1,0,35.5,33,42.849999999999994,45.2
22,3,81,0,6,1,0,1,0,1,1,1,0,0,1,0,0,0,0,52.5,19,52.35,28.6
26,6,86,3,5,3,3,3,0,1,0,0,0,0,0,0,0,0,1,72.0,14,68.4,24.6
19,6,81,0,6,3,3,3,0,1,1,0,0,0,1,0,0,0,0,76.5,19,69.14999999999999,19.6
17,3,98,1,6,1,1,1,0,1,0,1,0,0,1,0,1,0,0,58.0,2,56.199999999999996,25.799999999999997
17,5,77,4,6,2,2,2,0,1,0,0,0,1,0,0,0,0,0,54.5,23,53.75,40.2
22,3,81,2,5,2,3,3,0,1,1,0,0,0,1,0,0,1,0,48.5,19,51.949999999999996,31.6
17,4,85,1,6,2,2,2,0,1,1,1,0,0,1,0,0,1,0,59.5,15,57.25,28.0
20,6,85,2,5,1,1,1,0,1,0,0,0,0,0,1,0,0,0,74.5,15,70.15,21.0
22,3,80,3,6,1,1,1,0,1,1,0,0,0,1,0,1,0,0,43.0,20,45.699999999999996,41.0
21,2,81,3,7,0,0,0,0,1,1,0,0,0,1,0,1,0,0,33.5,19,36.65,48.6
21,4,81,0,6,1,1,1,0,0,0,0,0,1,0,0,0,0,1,60.5,19,57.949999999999996,25.6
21,2,87,1,3,2,2,2,0,1,1,1,0,1,0,0,0,0,0,50.5,13,58.14999999999999,18.2
23,4,76,1,4,2,2,2,0,1,0,0,1,0,0,1,0,0,0,59.0,24,61.699999999999996,21.6
18,4,62,0,6,2,2,2,1,1,1,0,0,0,0,1,0,0,0,51.0,38,51.3,33.2
19,4,79,2,1,3,3,3,0,1,0,1,0,1,0,0,0,1,0,63.5,21,72.05,9.399999999999999
19,4,95,3,6,3,3,3,0,1,0,0,1,0,0,0,0,0,1,58.5,5,56.55,32.0
22,4,88,3,6,0,0,0,0,1,0,0,0,0,0,0,0,0,0,55.0,12,54.1,34.8
23,5,69,2,10,1,1,1,1,1,0,0,1,0,0,1,0,0,0,48.5,31,39.949999999999996,55.400000000000006
22,6,87,1,6,1,1,1,0,1,0,0,0,1,0,0,1,0,0,76.5,13,69.14999999999999,21.200000000000003
23,5,83,0,5,3,2,2,0,1,0,1,0,0,1,0,0,0,1,71.5,17,68.05,16.8
18,5,79,1,7,1,1,1,0,0,1,1,1,0,0,0,0,1,0,62.5,21,56.95,32.4
24,2,73,1,4,1,1,1,0,1,0,0,0,0,1,1,0,0,0,41.5,27,49.449999999999996,28.799999999999997
24,4,75,2,5,3,3,3,0,1,1,0,0,1,0,1,0,0,0,53.5,25,55.449999999999996,31.0
22,4,77,1,5,2,3,3,0,1,0,0,1,0,0,0,0,0,0,57.5,23,58.25,26.200000000000003
24,7,96,2,6,2,2,2,0,1,1,0,1,0,0,0,0,0,0,86.0,4,75.8,18.6
17,1,87,4,3,2,2,2,1,1,0,1,0,0,1,0,0,0,1,33.5,13,46.25,33.2
19,5,76,5,7,1,1,1,1,1,1,1,1,0,0,0,1,0,0,49.0,24,47.5,49.599999999999994
19,4,77,0,4,3,3,3,0,0,0,1,1,0,0,0,0,0,0,62.5,23,64.15,17.200000000000003
22,4,81,1,9,1,1,1,1,1,1,1,0,0,0,0,1,0,0,51.5,19,44.449999999999996,44.6
18,2,78,1,2,0,0,0,0,1,0,0,0,0,0,0,0,1,0,48.0,22,58.8,16.8
22,4,82,0,4,0,0,0,0,1,0,1,0,0,0,1,0,0,0,65.0,18,65.9,15.2
24,6,80,0,1,3,2,2,0,1,0,0,0,1,0,0,1,0,0,86.0,20,87.8,0.0
22,2,82,2,10,0,0,0,1,1,0,0,0,0,1,0,0,0,1,31.0,18,27.7,59.2
21,4,66,5,3,3,3,3,1,1,0,0,1,0,0,0,1,0,0,44.0,34,53.599999999999994,36.6
18,3,88,2,6,1,1,1,0,1,0,0,0,0,0,1,0,0,0,50.0,12,50.6,33.8
19,6,77,1,6,2,2,2,0,1,0,0,0,0,0,1,0,0,0,71.5,23,65.64999999999999,25.200000000000003
23,5,89,1,3,3,2,2,0,1,1,0,0,0,1,0,0,0,1,75.5,11,75.64999999999999,8.399999999999999
22,4,99,4,6,1,1,1,0,1,0,0,0,0,1,0,0,1,0,57.5,1,55.85,34.4
20,3,70,0,3,2,1,1,0,1,1,0,1,0,0,0,0,1,0,53.0,30,59.89999999999999,18.0
20,3,82,2,4,3,3,3,0,1,1,0,1,0,0,0,1,0,0,51.0,18,56.099999999999994,26.200000000000003
17,4,78,4,5,3,3,3,0,1,0,0,1,0,0,0,0,0,1,49.0,22,52.3,37.8
18,2,85,2,6,2,1,1,0,1,1,1,0,1,0,0,0,0,1,40.5,15,43.949999999999996,38.0
25,3,65,4,2,4,4,4,1,0,1,0,0,0,0,0,0,1,0,40.5,35,53.55,31.0
18,1,79,0,6,4,3,3,1,0,1,0,1,0,0,0,0,1,0,35.5,21,40.449999999999996,35.4
21,4,75,1,5,2,2,2,0,1,1,1,0,0,0,1,0,0,0,56.5,25,57.55,27.0
23,3,95,2,8,2,2,2,1,1,1,0,1,0,0,0,0,0,1,49.5,5,45.449999999999996,41.0
18,3,96,0,5,3,3,3,0,1,1,0,1,0,0,0,0,0,1,62.0,4,61.4,17.6
21,4,79,1,5,2,2,2,0,1,1,0,1,0,0,0,0,1,0,58.5,21,58.949999999999996,25.4
23,4,72,1,6,1,0,0,0,1,0,1,0,1,0,0,0,0,1,53.0,28,52.699999999999996,33.2
21,6,75,0,5,3,3,3,0,0,1,1,0,0,1,0,0,0,1,75.5,25,70.85,17.0
27,3,82,3,7,0,0,0,0,0,0,1,0,1,0,0,0,1,0,42.0,18,42.599999999999994,45.2
17,5,70,2,6,1,2,2,0,1,0,1,0,0,0,0,0,1,0,57.0,30,55.5,35.0
23,4,86,0,7,2,1,1,0,1,1,0,0,0,1,0,0,1,0,61.0,14,55.89999999999999,28.6
20,3,80,1,3,4,3,3,0,1,1,1,0,0,1,0,0,1,0,55.0,20,61.3,18.0
22,6,84,4,6,0,0,0,0,1,1,0,0,0,0,1,0,0,0,66.0,16,61.8,34.4
22,1,85,0,6,2,2,2,1,1,0,0,0,0,0,0,0,1,0,38.5,15,42.55,33.0
19,4,93,3,3,2,2,2,0,1,0,1,1,0,0,0,0,0,1,63.5,7,67.25,17.8
21,3,87,4,5,2,3,3,0,1,0,1,1,0,0,0,0,1,0,45.5,13,49.849999999999994,37.2
17,4,84,1,2,2,3,3,0,1,0,0,0,1,0,0,0,0,0,67.0,16,72.1,8.399999999999999
22,2,84,1,2,0,1,1,0,1,0,0,0,1,0,0,0,0,1,51.0,16,60.89999999999999,14.399999999999999
21,5,66,1,5,1,1,2,1,1,0,1,1,0,0,0,0,0,1,60.0,34,60.0,27.6
22,1,83,3,8,2,3,2,1,1,0,1,0,0,1,1,0,0,0,24.5,17,27.949999999999996,55.8
23,4,86,0,8,2,2,2,1,1,0,0,0,1,0,0,0,0,0,59.0,14,52.099999999999994,33.6
21,3,81,2,5,3,3,3,0,1,0,1,1,0,0,1,0,0,0,48.5,19,51.949999999999996,31.6
21,4,95,1,3,3,4,4,0,1,1,0,0,1,0,0,1,0,0,70.5,5,72.14999999999999,9.0
19,3,70,2,7,1,1,1,0,1,0,1,0,1,0,0,1,0,0,39.0,30,40.5,46.0
19,2,76,1,1,2,2,2,0,1,0,0,0,1,0,0,0,0,1,49.0,24,61.89999999999999,12.600000000000001
23,6,76,3,4,1,0,0,0,1,1,0,0,0,0,1,0,0,0,69.0,24,68.69999999999999,23.6
24,6,82,0,4,3,3,3,0,0,0,1,1,0,0,1,0,0,0,81.0,18,77.1,9.2
20,2,76,1,5,2,2,2,0,1,0,1,1,0,0,0,0,1,0,41.0,24,46.7,32.6
21,4,72,0,8,2,2,2,1,0,1,0,0,0,1,1,0,0,0,52.0,28,47.199999999999996,39.2
19,5,79,0,1,4,4,4,0,1,0,0,0,0,0,0,1,0,0,77.5,21,81.85,0.0
23,3,90,8,6,2,2,2,1,1,1,1,0,0,1,0,0,0,0,33.0,10,38.699999999999996,57.0
22,3,88,0,6,1,1,1,0,1,0,0,0,0,1,0,0,0,1,56.0,12,54.8,25.799999999999997
25,4,76,0,5,1,1,1,0,1,1,1,0,0,1,0,1,0,0,60.0,24,60.0,22.6
19,4,79,1,6,2,2,2,0,1,1,1,1,0,0,0,0,1,0,56.5,21,55.15,30.4
20,3,75,2,6,3,3,3,0,1,0,0,0,1,0,0,0,0,1,43.5,25,46.05,39.0
21,4,71,2,5,1,1,1,0,1,1,0,1,0,0,0,0,0,0,51.5,29,54.05,32.6
22,3,85,1,1,3,3,3,0,1,0,1,0,1,0,0,0,1,0,61.5,15,70.64999999999999,6.0
20,3,71,3,3,1,1,1,0,1,1,0,0,0,0,0,0,1,0,44.5,29,53.95,29.6
19,3,87,2,8,1,1,1,1,1,0,1,0,0,0,0,0,1,0,45.5,13,42.65,44.2
22,3,96,2,3,2,2,2,0,1,1,1,0,0,0,0,0,0,1,60.0,4,64.8,15.600000000000001
22,4,85,1,5,2,1,1,0,1,1,1,0,0,1,1,0,0,0,61.5,15,61.05,23.0
19,2,87,2,4,0,0,0,0,1,0,0,0,0,0,0,0,1,0,45.5,13,52.25,27.200000000000003
24,1,86,2,6,0,0,0,1,1,1,1,0,1,0,0,1,0,0,33.0,14,38.699999999999996,40.6
23,3,78,3,5,2,1,1,0,1,0,0,0,1,0,0,1,0,0,44.0,22,48.8,36.8
21,4,85,1,6,1,1,1,0,0,0,0,0,0,0,1,0,0,0,59.5,15,57.25,28.0
21,2,84,1,6,1,1,1,0,1,1,1,0,0,0,0,0,0,0,43.0,16,45.699999999999996,34.4
22,6,77,3,4,4,4,4,0,1,0,0,0,0,1,0,1,0,0,69.5,23,69.05,23.200000000000003
19,3,61,2,1,2,1,1,1,1,1,1,1,0,0,0,0,0,0,46.5,39,60.14999999999999,19.6
21,3,73,2,3,0,0,0,0,1,1,1,0,0,0,0,1,0,0,48.5,27,56.75,24.799999999999997
17,3,74,2,3,4,4,4,0,0,1,1,0,0,0,0,1,0,0,49.0,26,57.099999999999994,24.4
22,5,86,6,3,4,3,3,1,1,0,0,1,0,0,0,0,0,1,59.0,14,64.1,29.6
17,6,70,2,6,3,4,4,0,1,0,1,0,1,0,0,0,0,0,65.0,30,61.1,32.0
24,2,97,5,9,1,1,1,1,1,1,0,1,0,0,0,1,0,0,31.5,3,30.449999999999996,60.2
20,5,95,3,1,2,2,2,0,1,1,1,0,0,0,0,1,0,0,76.5,5,81.14999999999999,4.0
20,4,90,1,2,2,2,2,0,1,0,0,0,1,0,0,0,1,0,70.0,10,74.2,6.0
19,3,77,1,5,1,2,2,0,0,1,0,0,1,0,0,0,0,1,49.5,23,52.65,29.200000000000003
20,4,65,2,5,0,0,0,1,1,0,1,0,0,1,0,0,1,0,48.5,35,51.949999999999996,35.0
24,2,88,4,6,0,0,0,0,1,0,0,0,0,0,0,0,0,1,36.0,12,40.8,44.8
17,3,76,0,5,1,2,2,0,1,0,1,0,0,1,0,0,1,0,52.0,24,54.4,25.6
23,2,88,0,7,0,0,0,0,1,0,1,0,1,0,0,0,0,1,46.0,12,45.39999999999999,33.8
21,3,86,1,6,2,1,1,0,1,1,0,0,0,1,0,0,0,1,52.0,14,52.0,30.6
18,4,78,2,7,3,3,3,0,1,0,1,0,0,1,0,1,0,0,51.0,22,48.89999999999999,39.8
18,5,72,1,7,3,2,2,0,1,0,0,0,0,1,0,1,0,0,59.0,28,54.5,35.2
24,4,83,0,3,3,2,2,0,1,0,1,0,0,0,0,0,0,0,67.5,17,70.05,9.8
18,2,69,3,6,1,1,1,1,1,1,0,1,0,0,1,0,0,0,29.5,31,36.25,48.4
18,4,84,1,6,2,2,2,0,1,0,1,0,0,1,0,0,1,0,59.0,16,56.9,28.4
23,1,85,1,4,1,1,1,1,0,0,0,1,0,0,0,1,0,0,39.5,15,48.05,27.0
21,5,76,1,4,3,3,3,0,1,1,0,0,0,0,1,0,0,0,67.0,24,67.3,18.6
18,2,70,1,4,1,1,1,0,1,1,1,0,0,0,0,0,1,0,40.0,30,48.4,30.0
21,6,95,2,3,4,4,3,0,1,0,0,0,0,1,0,0,1,0,83.5,5,81.25,7.0
18,5,77,2,3,1,1,1,0,0,1,1,0,0,0,0,0,1,0,66.5,23,69.35,17.200000000000003
23,4,80,3,9,2,2,2,1,1,1,0,0,0,1,0,0,0,0,45.0,20,39.9,53.0
23,4,75,2,5,0,0,0,0,1,1,0,0,0,1,0,0,0,0,53.5,25,55.449999999999996,31.0
22,3,77,2,5,0,0,0,0,1,1,0,0,0,1,0,0,0,0,46.5,23,50.55,33.2
21,3,75,0,2,3,2,2,0,0,1,0,0,0,0,0,1,0,0,57.5,25,65.45,11.0
24,3,98,3,6,2,3,3,0,1,0,1,0,0,1,0,0,1,0,52.0,2,52.0,33.8
21,3,76,2,4,1,1,1,0,1,0,1,0,0,0,1,0,0,0,48.0,24,53.99999999999999,28.6
18,4,91,0,5,2,2,2,0,1,0,1,0,1,0,1,0,0,0,67.5,9,65.25,16.6
22,5,83,2,9,0,0,0,1,1,1,1,0,1,0,0,0,0,0,57.5,17,48.65,44.8
25,4,83,3,5,1,0,1,0,1,0,1,0,0,1,0,0,0,0,54.5,17,56.15,31.799999999999997
18,5,77,1,1,4,4,3,0,1,1,0,1,0,0,0,0,0,0,73.5,23,79.05,3.200000000000003
20,2,80,2,6,2,2,2,0,1,1,0,0,0,1,1,0,0,0,38.0,20,42.199999999999996,40.0
21,4,96,5,5,2,2,2,1,1,1,1,1,0,0,0,0,0,0,55.0,4,56.5,34.6
20,4,88,2,6,2,2,2,0,1,0,1,0,1,0,0,1,0,0,58.0,12,56.199999999999996,30.799999999999997
18,2,71,2,4,3,3,3,0,1,0,1,0,1,0,0,0,0,1,37.5,29,46.65,33.6
23,3,74,2,5,3,4,3,0,0,0,1,1,0,0,0,0,0,1,45.0,26,49.5,34.4
26,5,85,1,3,2,1,1,0,1,0,0,0,0,1,0,0,0,1,73.5,15,74.25,10.0
21,0,87,0,7,3,3,3,1,1,0,0,0,0,1,1,0,0,0,29.5,13,33.849999999999994,40.2
19,3,88,3,7,2,2,2,0,0,1,1,0,0,1,0,0,0,1,45.0,12,44.699999999999996,42.8
17,3,81,2,8,1,1,1,1,1,0,0,1,0,0,1,0,0,0,42.5,19,40.55,46.6
21,4,75,1,4,1,1,1,0,1,0,0,0,1,0,0,1,0,0,58.5,25,61.349999999999994,22.0
23,5,75,0,6,3,3,3,0,1,1,0,0,1,0,0,0,0,1,65.5,25,61.449999999999996,25.0
22,4,63,0,9,0,0,0,1,1,1,1,0,0,1,0,0,1,0,45.5,37,40.25,47.8
21,5,95,0,4,3,3,3,0,1,1,1,1,0,0,0,0,0,1,79.5,5,76.05,7.0
19,5,61,1,3,3,3,3,1,0,0,0,0,0,0,1,0,0,0,61.5,39,65.85,19.6
18,3,80,1,6,0,0,0,0,1,0,0,0,0,0,0,0,1,0,49.0,20,49.9,33.0
22,0,67,0,7,1,1,1,1,1,0,0,0,0,0,0,0,1,0,19.5,33,26.849999999999998,48.2
23,4,77,1,4,2,2,2,0,1,0,1,0,0,1,0,0,0,1,59.5,23,62.05,21.200000000000003
17,2,86,0,9,2,3,2,1,1,0,1,0,1,0,0,0,1,0,41.0,14,37.1,44.6
24,4,63,2,3,2,2,2,1,1,0,0,0,0,0,1,0,0,0,51.5,37,58.849999999999994,25.799999999999997
22,2,84,3,6,2,2,2,0,1,0,0,0,0,0,0,1,0,0,37.0,16,41.5,42.4
24,3,89,1,4,3,3,3,0,1,0,1,0,1,0,0,0,0,1,57.5,11,60.65,19.4
18,4,78,2,4,3,3,3,0,1,1,0,0,0,1,0,1,0,0,57.0,22,60.3,24.799999999999997
18,3,100,1,7,2,2,2,0,1,0,0,1,0,0,0,0,0,1,57.0,0,53.099999999999994,30.0
20,4,49,3,5,3,3,3,1,1,0,0,1,0,0,0,0,0,1,37.5,51,44.25,45.400000000000006
22,2,68,2,2,3,2,2,1,1,1,0,0,1,0,0,0,0,0,40.0,32,53.2,24.8
25,5,79,1,4,1,2,2,0,1,0,0,1,0,0,0,0,0,0,68.5,21,68.35,17.4
22,3,79,1,6,2,1,1,0,1,1,1,0,0,0,0,0,1,0,48.5,21,49.55,33.4
20,3,82,2,6,2,3,3,0,0,0,0,0,1,0,1,0,0,0,47.0,18,48.5,36.2
18,3,89,0,6,1,2,2,0,1,1,0,0,0,0,0,1,0,0,56.5,11,55.15,25.4
23,2,72,0,4,1,1,1,0,1,0,0,0,1,0,0,1,0,0,44.0,28,51.199999999999996,25.200000000000003
18,3,71,2,3,3,3,3,0,1,1,1,0,0,0,1,0,0,0,47.5,29,56.05,25.6
24,5,76,2,4,3,2,2,0,1,1,0,0,1,0,0,1,0,0,64.0,24,65.19999999999999,22.6
20,2,90,0,4,2,3,3,0,1,1,0,0,0,0,0,0,0,1,53.0,10,57.49999999999999,18.0
24,1,88,0,5,3,3,3,1,1,1,0,0,0,0,0,0,0,1,42.0,12,47.4,26.8
22,5,81,1,3,4,4,4,0,0,0,1,1,0,0,1,0,0,0,71.5,19,72.85,11.600000000000001
20,4,77,3,7,1,1,1,0,0,1,0,0,0,0,0,0,0,0,47.5,23,46.45,44.2
19,4,65,3,5,2,3,3,1,1,0,1,0,1,0,0,1,0,0,45.5,35,49.849999999999994,39.0
20,4,84,1,3,4,4,4,0,1,0,1,0,1,0,0,0,1,0,65.0,16,68.3,13.399999999999999
21,1,82,1,5,2,2,2,1,1,1,0,0,0,0,0,0,1,0,36.0,18,43.2,33.2
21,3,70,5,3,1,1,1,1,1,1,1,0,0,1,0,0,1,0,38.0,30,49.4,38.0
19,4,70,2,5,3,3,3,0,1,1,1,0,1,0,0,0,0,0,51.0,30,53.699999999999996,33.0
20,3,79,2,4,2,2,2,0,1,0,0,1,0,0,0,0,0,0,49.5,21,55.05,27.4
21,3,87,6,9,2,3,3,1,1,0,0,1,0,0,0,0,1,0,31.5,13,30.449999999999996,65.2
17,5,73,3,2,4,4,4,0,1,0,0,1,0,0,0,1,0,0,63.5,27,69.64999999999999,17.799999999999997
22,4,85,1,3,2,1,1,0,1,0,0,0,0,0,0,0,0,1,65.5,15,68.64999999999999,13.0
18,4,67,0,5,3,3,3,1,1,0,0,0,0,1,0,1,0,0,55.5,33,56.849999999999994,26.200000000000003
18,3,82,6,5,1,1,1,1,1,0,0,0,0,0,0,0,1,0,37.0,18,43.9,47.2
17,0,75,1,5,1,1,1,1,1,1,1,0,1,0,0,0,0,0,24.5,25,35.15,39.0
17,3,65,3,7,1,1,1,1,0,0,0,0,0,1,1,0,0,0,33.5,35,36.65,52.0
18,3,77,1,6,0,0,0,0,1,1,0,0,1,0,0,0,0,1,47.5,23,48.85,34.2
19,3,71,1,3,1,1,1,0,1,1,0,1,0,0,0,0,0,0,50.5,29,58.14999999999999,21.6
25,3,79,4,7,1,1,1,0,1,0,1,1,0,0,0,0,1,0,37.5,21,39.45,50.4
19,4,85,2,6,1,1,1,0,1,1,0,0,0,1,0,1,0,0,56.5,15,55.15,32.0
21,5,85,0,8,2,2,2,1,1,0,0,1,0,0,1,0,0,0,66.5,15,57.349999999999994,31.0
21,2,66,5,5,1,1,1,1,1,0,1,0,1,0,0,0,1,0,24.0,34,34.8,52.6
21,3,86,2,7,0,1,0,0,1,1,0,0,1,0,0,0,1,0,47.0,14,46.099999999999994,39.6
20,6,85,2,1,4,4,4,0,1,1,0,1,0,0,0,0,1,0,82.5,15,85.35,1.0
18,1,78,1,4,2,3,3,1,1,1,0,0,1,0,1,0,0,0,36.0,22,45.599999999999994,29.799999999999997
24,3,71,2,3,4,4,4,0,1,0,1,1,0,0,0,0,0,1,47.5,29,56.05,25.6
25,1,78,0,6,0,0,0,1,1,0,0,0,1,0,1,0,0,0,35.0,22,40.1,35.8
17,3,94,1,4,2,2,2,0,1,0,0,0,0,1,0,0,0,0,60.0,6,62.4,17.4
18,4,86,0,7,1,1,1,0,1,1,1,1,0,0,1,0,0,0,61.0,14,55.89999999999999,28.6
20,1,89,3,6,2,2,2,1,0,1,1,0,0,0,0,0,1,0,31.5,11,37.65,43.4
18,4,74,5,4,1,0,0,1,1,1,0,0,0,1,0,0,0,1,46.0,26,52.599999999999994,38.4
22,3,77,2,5,1,1,1,0,1,0,0,0,0,0,0,0,0,0,46.5,23,50.55,33.2
19,5,71,5,5,1,1,1,1,1,1,0,0,0,1,0,0,0,1,50.5,29,53.349999999999994,41.6
25,4,76,2,5,2,3,3,0,1,0,0,0,1,0,1,0,0,0,54.0,24,55.8,30.6
23,3,92,7,6,2,2,2,1,1,0,0,0,0,0,0,1,0,0,37.0,8,41.5,52.2
21,3,78,0,4,1,1,1,0,1,1,0,1,0,0,0,0,0,0,55.0,22,58.9,19.8
23,6,76,7,2,1,0,0,1,1,0,1,0,0,1,0,1,0,0,61.0,24,67.89999999999999,29.6
23,3,83,2,6,3,3,3,0,1,0,0,0,0,1,0,1,0,0,47.5,17,48.85,35.8
19,2,77,0,7,1,1,1,0,1,1,1,0,0,1,0,1,0,0,40.5,23,41.55,38.2
19,2,82,0,2,4,4,4,0,1,0,0,0,0,0,0,1,0,0,53.0,18,62.3,11.2
21,3,77,5,5,2,2,2,1,1,0,1,0,0,1,1,0,0,0,37.5,23,44.25,45.2
22,5,83,1,3,2,3,3,0,0,1,0,0,0,0,0,1,0,0,72.5,17,73.55,10.8
21,3,79,4,7,2,2,2,0,1,1,0,0,0,0,0,0,1,0,37.5,21,39.45,50.4
17,2,73,4,7,2,2,2,0,1,1,0,1,0,0,0,0,1,0,26.5,27,31.749999999999996,55.8
19,4,90,1,4,3,3,3,0,1,0,1,0,0,1,0,1,0,0,66.0,10,66.6,16.0
20,4,96,4,3,2,2,2,0,1,1,0,0,0,1,0,0,1,0,62.0,4,66.2,20.6
20,4,86,3,5,2,2,2,0,1,1,1,0,0,0,1,0,0,0,56.0,14,57.199999999999996,30.6
25,1,70,4,3,3,3,3,1,1,1,0,1,0,0,0,0,0,1,25.0,30,40.3,40.0
18,4,80,2,7,1,1,1,0,1,1,0,0,0,0,0,0,0,0,52.0,20,49.599999999999994,39.0
22,4,84,2,5,3,3,3,0,1,1,0,0,0,1,0,0,0,0,58.0,16,58.599999999999994,27.4
24,3,68,2,8,0,0,0,1,1,0,0,0,0,0,1,0,0,0,36.0,32,36.0,51.8
26,5,77,1,8,0,0,0,1,1,1,1,0,0,0,0,0,0,0,59.5,23,52.449999999999996,38.2
20,4,55,0,5,2,2,2,1,0,0,0,0,0,0,0,0,0,1,49.5,45,52.65,31.0
22,4,73,0,5,1,2,2,0,1,0,1,1,0,0,0,0,1,0,58.5,27,58.949999999999996,23.799999999999997
22,4,84,3,3,4,4,4,0,1,0,1,0,0,0,1,0,0,0,59.0,16,64.1,21.4
21,1,81,3,2,3,4,4,1,1,0,0,0,0,1,0,0,0,0,35.5,19,50.05,26.6
20,3,73,1,6,1,1,1,0,1,0,0,0,0,0,0,0,0,0,45.5,27,47.449999999999996,35.8
22,3,81,1,6,2,2,2,0,1,0,0,0,0,1,0,0,1,0,49.5,19,50.25,32.6
17,4,79,3,6,3,3,3,0,1,1,0,0,1,0,0,1,0,0,50.5,21,50.949999999999996,38.4
22,7,89,6,3,4,3,3,1,1,1,0,0,0,1,1,0,0,0,76.5,11,76.35,22.4
21,3,65,5,4,3,3,3,1,1,1,1,1,0,0,1,0,0,0,33.5,35,43.849999999999994,45.0
20,5,76,2,5,1,1,1,0,1,1,0,0,1,0,0,1,0,0,62.0,24,61.4,27.6
25,5,94,1,4,2,2,2,0,1,0,1,1,0,0,1,0,0,0,76.0,6,73.6,11.399999999999999
19,4,72,4,5,1,1,1,0,1,1,1,0,1,0,1,0,0,0,46.0,28,50.199999999999996,40.2
20,5,73,2,3,3,3,4,0,1,1,0,1,0,0,0,1,0,0,64.5,27,67.95,18.799999999999997
25,4,77,2,5,2,2,2,0,0,0,0,0,0,1,0,0,0,0,54.5,23,56.15,30.200000000000003
19,4,92,1,5,1,1,1,0,1,0,0,1,0,0,0,1,0,0,65.0,8,63.5,20.200000000000003
19,6,85,1,4,4,4,3,0,1,0,1,1,0,0,0,0,0,0,79.5,15,76.05,12.0
20,4,73,2,5,2,2,2,0,1,1,0,0,1,0,1,0,0,0,52.5,27,54.75,31.799999999999997
22,3,81,3,5,2,2,2,0,1,0,0,0,0,1,0,0,0,1,45.5,19,49.849999999999994,35.6
21,4,79,0,6,0,0,0,0,0,1,1,0,0,0,0,0,0,1,59.5,21,57.25,26.4
18,2,85,0,3,3,3,3,0,1,0,1,0,0,1,0,0,1,0,52.5,15,59.55,15.0
19,5,81,3,4,2,2,2,0,1,0,1,0,0,0,0,1,0,0,63.5,19,64.85,24.6
19,3,83,3,5,2,2,2,0,1,0,0,0,0,1,0,0,0,0,46.5,17,50.55,34.8
20,0,79,1,5,0,0,0,1,1,0,1,0,0,0,1,0,0,0,26.5,21,36.55,37.4
21,3,92,1,3,2,2,2,0,1,1,0,1,0,0,1,0,0,0,61.0,8,65.5,13.2
21,3,81,2,4,1,0,0,0,1,0,0,0,0,0,1,0,0,0,50.5,19,55.74999999999999,26.6
17,4,77,0,6,2,3,3,0,1,0,0,0,0,1,1,0,0,0,58.5,23,56.55,27.200000000000003
23,2,90,1,4,3,3,3,0,1,0,0,0,0,1,0,0,0,1,50.0,10,55.4,22.0
21,4,86,2,6,1,2,2,0,1,0,0,1,0,0,1,0,0,0,57.0,14,55.5,31.6
24,3,74,1,5,1,2,2,0,1,0,1,0,0,0,0,0,0,1,48.0,26,51.599999999999994,30.4
22,3,50,0,4,0,0,0,1,0,0,0,1,0,0,0,1,0,0,41.0,50,49.099999999999994,31.0
23,5,86,2,7,4,4,4,0,1,1,0,1,0,0,0,0,1,0,63.0,14,57.3,33.6
22,5,78,4,5,3,2,2,0,1,0,1,1,0,0,0,1,0,0,57.0,22,57.9,34.8
24,5,82,3,5,2,2,2,0,1,0,1,0,1,0,1,0,0,0,62.0,18,61.4,29.200000000000003
22,3,91,1,4,3,3,3,0,0,0,0,0,0,1,0,1,0,0,58.5,9,61.349999999999994,18.6
20,4,74,2,8,2,2,1,1,1,0,1,0,0,1,0,0,0,1,47.0,26,43.699999999999996,46.4
26,4,73,0,5,0,0,0,0,1,1,0,1,0,0,0,0,1,0,58.5,27,58.949999999999996,23.799999999999997
23,5,70,5,7,1,2,2,1,1,0,0,0,0,0,0,0,0,1,46.0,30,45.39999999999999,52.0
22,3,99,5,7,3,3,3,1,1,0,0,0,1,0,0,1,0,0,44.5,1,44.349999999999994,46.4
18,2,91,1,3,1,1,1,0,1,0,0,0,0,1,0,1,0,0,52.5,9,59.55,16.6
18,5,87,5,4,2,2,2,1,1,0,1,0,0,1,0,0,0,0,60.5,13,62.74999999999999,30.200000000000003
21,5,66,2,4,2,2,2,1,1,1,0,0,0,0,0,0,0,1,59.0,34,61.699999999999996,26.6
21,4,70,1,7,1,1,1,0,1,1,1,0,1,0,1,0,0,0,50.0,30,48.2,39.0
19,2,87,1,9,2,1,1,1,1,0,0,1,0,0,0,0,0,0,38.5,13,35.35,48.2
21,6,85,1,6,0,0,0,0,1,0,0,0,1,0,1,0,0,0,75.5,15,68.44999999999999,22.0
24,4,79,3,8,1,1,1,1,1,0,0,1,0,0,0,0,1,0,46.5,21,43.349999999999994,48.4
22,3,71,0,6,1,1,1,0,1,1,0,0,0,0,0,0,0,1,47.5,29,48.85,32.6
18,5,90,0,6,3,3,3,0,0,0,0,1,0,0,1,0,0,0,73.0,10,66.69999999999999,19.0
20,6,96,2,4,3,3,4,0,1,0,1,1,0,0,0,0,0,1,82.0,4,77.8,11.600000000000001
19,1,85,4,6,0,0,0,1,1,0,1,0,0,1,0,0,0,0,26.5,15,34.15,49.0
20,4,76,0,7,4,4,4,0,1,0,1,0,0,0,0,0,1,0,56.0,24,52.39999999999999,32.6
20,5,94,0,7,2,2,2,0,1,1,0,0,1,0,0,0,1,0,73.0,6,64.3,22.4
19,3,83,4,5,2,2,2,0,1,0,0,0,0,0,0,0,0,0,43.5,17,48.45,38.8
18,4,95,1,5,3,3,3,0,1,0,0,1,0,0,0,0,0,1,66.5,5,64.55,19.0
20,3,79,4,5,0,1,1,0,1,0,0,0,1,0,0,1,0,0,41.5,21,47.05,40.4
19,6,98,2,4,3,3,3,0,1,0,0,0,1,0,0,1,0,0,83.0,2,78.5,10.8
17,2,78,0,7,0,0,0,0,1,1,0,0,1,0,1,0,0,0,41.0,22,41.9,37.8
25,3,76,2,2,2,1,1,0,1,0,0,0,0,0,1,0,0,0,52.0,24,61.599999999999994,18.6
23,6,88,4,2,4,3,3,0,1,0,0,0,0,0,0,0,0,0,76.0,12,78.39999999999999,12.8
20,3,81,2,4,1,1,1,0,1,1,0,0,1,0,1,0,0,0,50.5,19,55.74999999999999,26.6
21,2,85,1,3,2,2,2,0,1,1,0,0,0,1,1,0,0,0,49.5,15,57.45,19.0
18,3,73,2,7,0,0,0,0,1,1,1,0,1,0,0,1,0,0,40.5,27,41.55,44.8
24,5,74,2,4,1,1,1,0,1,0,0,0,0,1,0,1,0,0,63.0,26,64.5,23.4
25,3,78,2,7,3,3,3,0,1,0,0,0,1,0,0,0,0,1,43.0,22,43.3,42.8
21,3,84,0,7,1,1,1,0,1,0,0,1,0,0,0,1,0,0,52.0,16,49.599999999999994,32.4
23,4,75,1,5,1,1,1,0,1,1,0,0,1,0,0,1,0,0,56.5,25,57.55,27.0
21,7,90,2,6,3,3,3,0,1,0,0,1,0,0,0,0,0,0,83.0,10,73.69999999999999,21.0
18,4,66,2,5,2,1,1,1,0,1,0,0,0,0,0,0,0,1,49.0,34,52.3,34.6
20,6,95,3,7,2,2,2,0,1,0,0,0,1,0,0,0,0,1,72.5,5,63.95,31.0
21,4,73,2,1,3,3,3,0,0,0,1,1,0,0,0,0,0,1,60.5,27,69.94999999999999,11.8
20,2,84,2,4,3,3,3,0,1,0,0,0,0,1,0,1,0,0,44.0,16,51.199999999999996,28.4
20,6,85,2,6,1,1,1,0,1,1,0,0,0,1,0,0,0,1,72.5,15,66.35,26.0
20,3,84,1,5,3,3,3,0,1,0,1,0,0,0,0,0,1,0,53.0,16,55.099999999999994,26.4
20,1,81,1,3,2,2,2,1,1,0,0,1,0,0,0,0,0,0,39.5,19,50.45,23.6
21,4,88,2,2,3,3,3,0,1,1,1,0,0,1,0,0,1,0,66.0,12,71.39999999999999,10.8
18,4,72,3,5,2,1,1,0,1,0,0,0,0,0,1,0,0,0,49.0,28,52.3,36.2
19,6,84,3,4,3,3,3,0,0,0,1,0,0,0,1,0,0,0,73.0,16,71.5,20.4
18,4,74,1,5,1,2,2,0,1,0,0,0,0,0,0,0,0,1,56.0,26,57.199999999999996,27.4
23,3,77,3,5,3,3,3,0,1,0,0,0,0,1,0,0,1,0,43.5,23,48.45,37.2
17,5,84,1,5,1,0,0,0,1,1,1,0,1,0,0,0,1,0,69.0,16,66.3,20.4
23,4,89,1,3,2,2,2,0,1,1,0,0,0,1,0,0,1,0,67.5,11,70.05,11.399999999999999
24,4,71,2,5,2,3,3,0,1,1,0,1,0,0,0,1,0,0,51.5,29,54.05,32.6
20,0,95,2,4,2,2,2,1,1,1,0,1,0,0,0,0,1,0,33.5,5,43.849999999999994,30.0
17,2,90,0,8,2,2,2,1,1,1,0,0,0,0,1,0,0,0,45.0,10,42.3,38.0
20,4,82,0,5,2,2,2,0,1,0,0,1,0,0,1,0,0,0,63.0,18,62.099999999999994,20.200000000000003
20,2,73,2,10,0,0,0,1,1,0,0,0,1,0,1,0,0,0,26.5,27,24.549999999999997,62.8
18,3,94,2,3,3,3,3,0,1,0,1,0,0,0,0,0,0,0,59.0,6,64.1,16.4
19,5,85,0,5,3,3,3,0,1,0,0,0,1,0,1,0,0,0,72.5,15,68.75,16.0
24,4,85,2,5,2,1,1,0,1,0,0,0,0,0,0,0,0,0,58.5,15,58.949999999999996,27.0
22,5,76,4,4,1,1,1,0,1,1,1,0,0,1,0,1,0,0,58.0,24,60.99999999999999,30.6
19,4,83,0,4,2,1,1,0,1,0,0,0,0,0,0,0,0,0,65.5,17,66.25,14.8
17,3,77,1,4,1,1,1,0,1,1,0,1,0,0,1,0,0,0,51.5,23,56.449999999999996,24.200000000000003
20,5,91,1,3,2,2,2,0,1,1,0,0,1,0,0,0,0,0,76.5,9,76.35,7.600000000000001
20,4,91,1,8,2,2,2,1,1,0,1,0,1,0,0,0,1,0,58.5,9,51.74999999999999,35.6
22,2,80,3,5,3,3,3,0,1,0,1,0,1,0,0,0,0,1,37.0,20,43.9,39.0
19,6,77,2,7,1,0,0,0,1,1,1,1,0,0,1,0,0,0,66.5,23,59.75,34.2
22,4,88,4,7,1,1,1,0,0,1,0,0,0,0,0,1,0,0,50.0,12,48.2,43.8
25,5,87,1,8,2,2,2,1,0,1,0,0,1,0,0,0,1,0,64.5,13,55.949999999999996,34.2
22,4,72,1,3,2,2,2,0,1,0,0,0,0,1,1,0,0,0,59.0,28,64.1,18.200000000000003
20,5,79,1,7,2,2,2,0,1,0,0,0,0,0,0,1,0,0,62.5,21,56.95,32.4
20,4,99,1,5,3,3,3,0,1,0,1,1,0,0,0,1,0,0,68.5,1,65.94999999999999,17.4
20,3,81,3,9,1,1,1,1,1,0,1,0,0,1,0,0,0,1,37.5,19,34.65,55.599999999999994
23,3,83,1,6,1,1,1,0,1,0,0,0,0,1,0,0,0,1,50.5,17,50.949999999999996,31.799999999999997
19,4,86,0,5,4,3,3,0,1,1,1,1,0,0,0,1,0,0,65.0,14,63.5,18.6
21,4,77,3,7,1,1,1,0,1,0,1,1,0,0,0,0,0,1,47.5,23,46.45,44.2
21,3,88,1,7,1,1,1,0,1,1,0,1,0,0,0,1,0,0,51.0,12,48.89999999999999,34.8
19,3,85,3,3,4,3,3,0,1,1,0,0,0,1,0,0,1,0,51.5,15,58.849999999999994,24.0
18,3,91,1,6,2,1,1,0,1,0,1,0,0,0,0,0,0,1,54.5,9,53.75,28.6
21,2,68,3,8,0,0,0,1,0,0,0,0,0,1,0,1,0,0,25.0,32,28.299999999999997,58.8
20,4,84,3,6,3,3,3,0,1,0,0,0,1,0,0,0,0,1,53.0,16,52.699999999999996,36.4
22,3,83,2,3,4,4,4,0,1,0,1,1,0,0,1,0,0,0,53.5,17,60.25,20.8
19,4,70,4,7,0,0,0,0,0,0,0,1,0,0,0,0,0,0,41.0,30,41.9,51.0
23,3,79,0,6,0,0,0,0,1,1,1,0,0,1,1,0,0,0,51.5,21,51.65,29.4
19,4,85,4,5,2,2,2,0,1,0,0,0,0,0,1,0,0,0,52.5,15,54.75,35.0
24,4,82,1,4,2,3,3,0,1,0,0,0,1,0,0,0,0,1,62.0,18,63.8,19.2
17,4,81,1,6,3,3,3,0,1,0,0,0,0,1,0,1,0,0,57.5,19,55.85,29.6
22,2,81,2,3,2,2,2,0,1,0,0,0,1,0,0,0,1,0,44.5,19,53.95,24.6
22,3,78,2,5,3,3,3,0,1,0,1,0,0,0,0,0,0,0,47.0,22,50.9,32.8
19,4,98,2,7,0,1,1,0,1,0,0,0,0,0,0,1,0,0,61.0,2,55.89999999999999,31.799999999999997
21,2,84,2,8,0,0,0,1,1,1,0,1,0,0,0,0,1,0,36.0,16,36.0,48.4
23,2,84,4,4,1,2,2,0,1,1,0,0,1,0,0,1,0,0,38.0,16,47.0,36.4
17,3,71,1,2,4,3,3,0,1,1,0,0,1,0,1,0,0,0,52.5,29,61.95,16.6
22,4,79,2,4,3,3,3,0,1,0,1,0,1,0,0,0,0,0,57.5,21,60.65,24.4
17,2,77,3,7,2,2,2,0,0,0,0,1,0,0,0,0,0,1,31.5,23,35.25,50.2
18,5,81,4,4,2,2,2,0,0,0,0,0,1,0,1,0,0,0,60.5,19,62.74999999999999,28.6
24,3,79,1,7,2,1,1,0,1,1,0,0,0,0,0,0,0,0,46.5,21,45.75,38.4
19,3,77,1,4,2,2,2,0,1,0,1,0,0,0,0,0,0,0,51.5,23,56.449999999999996,24.200000000000003
18,4,80,1,4,1,1,1,0,1,0,0,0,0,1,0,1,0,0,61.0,20,63.099999999999994,20.0
20,4,73,2,5,2,1,1,0,0,0,0,0,0,1,0,0,0,1,52.5,27,54.75,31.799999999999997
25,5,86,3,7,1,1,1,0,1,0,0,0,0,1,0,0,0,0,60.0,14,55.2,37.6
17,2,88,1,2,3,3,3,0,1,1,1,0,0,0,0,0,0,0,53.0,12,62.3,12.8
18,5,86,1,6,2,2,2,0,1,0,1,0,1,0,1,0,0,0,68.0,14,63.199999999999996,24.6
24,4,88,1,6,2,1,1,0,1,0,0,0,0,1,0,0,0,0,61.0,12,58.3,26.799999999999997
25,1,88,3,3,3,2,2,1,1,1,0,0,1,0,0,0,1,0,37.0,12,48.7,28.8
20,3,71,2,6,0,0,0,0,1,0,0,0,0,1,0,1,0,0,41.5,29,44.65,40.6
18,2,93,2,5,1,2,2,0,1,1,0,0,0,1,0,1,0,0,46.5,7,50.55,29.799999999999997
25,6,89,4,3,2,3,3,0,1,1,0,0,1,0,1,0,0,0,74.5,11,74.95,17.4
24,4,66,1,5,1,0,0,1,1,0,1,0,1,0,0,1,0,0,52.0,34,54.4,30.6
22,1,75,0,3,1,1,1,1,1,0,0,0,0,0,0,1,0,0,39.5,25,50.45,22.0
19,5,72,0,4,4,4,4,0,1,1,1,0,0,0,0,1,0,0,68.0,28,68.0,16.200000000000003
20,4,85,0,7,2,2,2,0,1,0,0,0,0,0,0,0,1,0,60.5,15,55.55,29.0
20,4,77,1,4,2,2,2,0,0,0,1,1,0,0,0,1,0,0,59.5,23,62.05,21.200000000000003
21,4,82,2,7,1,1,1,0,1,0,1,0,0,1,0,1,0,0,53.0,18,50.3,38.2
24,4,95,0,5,1,1,1,0,1,1,1,0,1,0,0,0,1,0,69.5,5,66.65,15.0
22,6,93,1,3,3,3,3,0,1,0,0,0,1,0,1,0,0,0,85.5,7,82.64999999999999,3.8000000000000007
18,3,74,1,6,2,2,2,0,1,0,0,0,0,0,1,0,0,0,46.0,26,47.8,35.4
24,5,85,4,6,2,2,2,0,1,0,1,1,0,0,0,0,1,0,58.5,15,56.55,37.0
21,4,96,1,3,1,2,2,0,1,0,0,0,0,1,0,0,1,0,71.0,4,72.5,8.600000000000001
22,3,74,3,7,0,0,0,0,0,1,1,0,0,0,0,0,0,1,38.0,26,39.8,48.4
24,1,89,3,8,0,0,0,1,1,1,0,1,0,0,0,0,0,1,27.5,11,30.049999999999997,53.4
18,3,80,0,6,2,1,1,0,1,0,1,1,0,0,0,0,1,0,52.0,20,52.0,29.0
20,5,74,1,5,2,2,2,0,1,0,0,0,0,1,0,0,0,1,64.0,26,62.8,24.4
19,4,94,4,9,1,1,1,1,1,0,0,0,1,0,1,0,0,0,49.0,6,42.699999999999996,51.4
17,4,78,5,6,1,1,1,1,1,0,1,0,1,0,0,1,0,0,44.0,22,46.4,46.8
21,4,80,2,5,2,1,1,0,1,0,0,0,0,1,0,0,0,1,56.0,20,57.199999999999996,29.0
26,4,79,2,8,0,0,0,1,1,0,0,0,0,0,0,1,0,0,49.5,21,45.449999999999996,44.4
17,3,90,2,8,1,1,1,1,0,0,0,0,0,1,1,0,0,0,47.0,10,43.699999999999996,43.0
20,2,89,2,2,3,3,3,0,1,1,0,0,0,0,1,0,0,0,50.5,11,60.55,16.4
22,3,76,1,4,0,0,0,0,1,1,0,0,0,1,0,1,0,0,51.0,24,56.099999999999994,24.6
21,4,82,4,6,0,0,0,0,0,1,0,0,1,0,0,1,0,0,49.0,18,49.9,41.2
20,3,85,2,7,0,1,1,0,1,1,0,0,0,0,0,0,0,0,46.5,15,45.75,40.0
18,4,89,2,3,2,2,2,0,1,1,0,0,0,1,0,0,0,0,64.5,11,67.95,15.399999999999999
21,4,77,2,7,2,2,2,0,1,0,0,0,0,1,0,0,1,0,50.5,23,48.55,40.2
19,3,93,0,4,1,1,1,0,0,1,0,0,0,0,0,0,0,1,62.5,7,64.15,13.8
17,1,88,2,6,2,3,3,1,1,1,0,0,1,0,0,0,0,1,34.0,12,39.4,39.8
23,2,74,3,4,2,2,2,0,1,0,1,0,0,0,0,1,0,0,36.0,26,45.599999999999994,36.4
23,3,85,2,1,4,3,3,0,1,0,0,0,1,0,0,0,1,0,58.5,15,68.55,10.0
21,1,85,0,2,4,3,3,1,0,0,1,0,0,1,0,0,0,1,46.5,15,57.75,13.0
21,5,76,1,3,3,3,3,0,1,1,1,1,0,0,0,1,0,0,69.0,24,71.1,13.600000000000001
23,5,85,1,4,3,3,3,0,1,0,0,0,1,0,1,0,0,0,71.5,15,70.44999999999999,15.0
21,5,82,1,5,2,2,3,0,1,0,1,0,1,0,1,0,0,0,68.0,18,65.6,21.200000000000003
23,4,69,3,4,1,1,1,1,1,0,0,0,1,0,0,0,1,0,49.5,31,55.05,32.4
20,4,41,3,5,1,1,1,1,1,0,0,1,0,0,0,1,0,0,33.5,59,41.45,48.6
23,4,98,3,4,4,3,3,0,1,0,1,0,0,0,1,0,0,0,64.0,2,65.19999999999999,20.799999999999997
21,5,81,3,5,3,3,3,0,1,0,1,0,0,1,0,1,0,0,61.5,19,61.05,29.6
21,2,82,0,7,2,2,2,0,1,1,0,0,1,0,0,0,1,0,43.0,18,43.3,36.2
18,7,73,4,5,2,2,2,0,1,1,0,1,0,0,1,0,0,0,70.5,27,67.35,30.799999999999997
21,5,77,0,6,1,1,1,0,1,0,0,1,0,0,0,0,0,0,66.5,23,62.15,24.200000000000003
19,2,99,2,6,2,2,2,0,1,0,0,0,1,0,0,0,0,0,47.5,1,48.85,32.4
19,2,100,0,5,4,4,4,0,1,1,1,1,0,0,0,0,0,0,56.0,0,57.199999999999996,19.0
19,3,67,0,2,2,2,2,1,1,0,0,0,0,1,1,0,0,0,53.5,33,62.64999999999999,14.200000000000003
18,3,82,3,6,0,0,0,0,1,0,0,0,0,0,0,0,0,1,44.0,18,46.4,40.2
25,3,96,2,4,2,2,2,0,1,0,0,0,0,0,1,0,0,0,58.0,4,60.99999999999999,20.6
23,0,83,5,7,0,1,1,1,1,0,1,1,0,0,0,0,1,0,12.5,17,21.95,61.8
25,2,87,1,8,3,3,3,1,1,0,1,0,1,0,0,0,0,0,40.5,13,39.15,43.2
18,3,80,1,5,3,2,2,0,0,0,1,0,0,1,0,0,1,0,51.0,20,53.699999999999996,28.0
21,4,86,1,5,3,4,4,0,1,1,0,0,0,0,0,0,0,1,62.0,14,61.4,22.6
18,5,93,1,6,3,4,4,0,1,1,0,0,0,1,0,1,0,0,71.5,7,65.64999999999999,21.799999999999997
19,3,86,0,4,2,2,2,0,1,1,1,0,0,0,0,0,1,0,59.0,14,61.699999999999996,16.6
19,4,72,2,5,2,2,2,0,1,0,1,0,1,0,0,1,0,0,52.0,28,54.4,32.2
23,4,77,1,2,3,4,4,0,1,0,0,0,0,1,1,0,0,0,63.5,23,69.64999999999999,11.200000000000003
20,2,88,0,7,1,1,1,0,1,0,0,1,0,0,0,0,0,1,46.0,12,45.39999999999999,33.8
23,4,81,0,8,2,2,2,1,1,0,0,1,0,0,0,0,0,0,56.5,19,50.349999999999994,35.6
22,4,77,3,5,1,1,1,0,1,0,0,0,0,0,0,0,0,0,51.5,23,54.05,34.2
26,7,73,1,4,2,3,3,0,1,1,1,0,1,0,0,0,0,0,81.5,27,77.44999999999999,13.799999999999997
17,5,74,5,6,2,2,2,1,1,1,1,0,1,0,0,0,1,0,50.0,26,50.6,45.4
23,1,76,3,3,2,1,1,1,1,1,0,0,0,1,0,0,1,0,31.0,24,44.5,33.6
23,4,85,1,5,3,3,3,0,0,0,0,0,1,0,1,0,0,0,61.5,15,61.05,23.0
18,2,77,1,4,3,3,3,0,1,1,1,1,0,0,0,0,0,0,43.5,23,50.849999999999994,27.200000000000003
23,5,83,1,4,2,2,2,0,1,0,0,0,1,0,1,0,0,0,70.5,17,69.75,15.8
21,3,83,2,5,1,1,1,0,1,1,1,0,0,1,0,0,0,1,49.5,17,52.65,30.799999999999997
20,4,88,2,6,2,2,2,0,1,1,0,0,1,0,0,1,0,0,58.0,12,56.199999999999996,30.799999999999997
19,5,75,2,5,3,3,3,0,0,1,0,1,0,0,1,0,0,0,61.5,25,61.05,28.0
19,4,94,3,7,1,1,1,0,0,0,0,0,0,0,0,0,0,0,56.0,6,52.39999999999999,37.4
25,5,67,3,6,1,1,1,1,1,1,0,0,0,1,0,0,1,0,52.5,33,52.35,40.2
21,3,79,1,4,0,0,0,0,1,0,0,0,1,0,1,0,0,0,52.5,21,57.15,23.4
22,2,78,4,5,2,2,2,0,1,0,1,0,1,0,0,1,0,0,33.0,22,41.099999999999994,43.8
19,4,75,0,5,3,3,3,0,1,0,0,0,0,1,0,0,0,1,59.5,25,59.65,23.0
19,4,64,1,4,2,2,2,1,1,0,0,0,0,1,1,0,0,0,53.0,36,57.49999999999999,26.4
23,3,91,0,6,0,0,0,0,1,0,1,1,0,0,1,0,0,0,57.5,9,55.85,24.6
18,6,88,4,1,2,2,2,0,1,0,0,0,0,1,1,0,0,0,78.0,12,82.19999999999999,7.800000000000001
20,4,86,1,5,2,2,2,0,1,1,0,1,0,0,0,1,0,0,62.0,14,61.4,22.6
21,3,76,1,6,2,2,2,0,1,0,0,0,0,0,0,0,0,1,47.0,24,48.5,34.6
21,3,78,1,6,1,1,1,0,1,0,0,0,0,0,0,0,0,1,48.0,22,49.199999999999996,33.8
20,3,79,1,7,2,2,2,0,1,1,1,0,1,0,0,0,0,0,46.5,21,45.75,38.4
21,4,80,2,5,3,3,3,0,1,0,0,1,0,0,1,0,0,0,56.0,20,57.199999999999996,29.0
22,3,88,2,7,1,1,1,0,0,1,0,0,0,1,0,0,0,0,48.0,12,46.8,38.8
22,4,78,2,6,1,1,1,0,1,1,0,0,1,0,0,1,0,0,53.0,22,52.699999999999996,34.8
18,5,75,3,6,2,2,2,0,1,1,1,0,1,0,0,0,0,1,56.5,25,55.15,37.0
20,4,83,1,3,1,1,1,0,0,0,0,0,1,0,0,1,0,0,64.5,17,67.95,13.8
23,3,82,1,7,2,2,2,0,1,1,0,0,1,0,0,1,0,0,48.0,18,46.8,37.2
23,3,86,3,5,3,3,3,0,1,1,0,0,0,0,1,0,0,0,48.0,14,51.599999999999994,33.6
18,5,93,0,5,2,2,2,0,1,0,1,1,0,0,0,0,1,0,76.5,7,71.55,12.8
21,4,78,5,3,2,2,2,1,0,1,1,1,0,0,0,1,0,0,50.0,22,57.8,31.799999999999997
17,4,89,0,1,3,3,3,0,1,0,0,0,0,1,0,0,0,1,74.5,11,79.75,0.0
21,3,83,2,8,1,1,1,1,1,0,0,0,0,0,1,0,0,0,43.5,17,41.25,45.8
25,2,90,2,6,0,0,0,0,1,0,0,0,1,0,1,0,0,0,43.0,10,45.699999999999996,36.0
18,5,91,1,3,3,2,2,0,1,0,0,0,0,1,1,0,0,0,76.5,9,76.35,7.600000000000001
19,5,75,3,3,3,2,2,0,1,0,0,0,0,1,0,0,0,0,62.5,25,66.55,22.0
22,2,97,0,5,3,3,3,0,1,0,1,1,0,0,0,1,0,0,54.5,3,56.15,20.2
17,5,83,4,7,1,1,1,0,1,1,1,0,0,1,0,0,0,1,55.5,17,52.05,42.8
19,5,72,0,6,2,2,2,0,1,0,0,1,0,0,1,0,0,0,64.0,28,60.4,26.200000000000003
22,3,72,2,6,2,2,2,0,1,1,1,0,1,0,0,1,0,0,42.0,28,45.0,40.2
19,3,93,2,3,3,3,3,0,1,1,0,0,0,1,0,1,0,0,58.5,7,63.75,16.8
20,6,92,3,5,1,1,1,0,1,0,0,0,0,1,1,0,0,0,75.0,8,70.5,22.200000000000003
22,5,90,2,5,3,3,3,0,1,1,0,1,0,0,0,0,1,0,69.0,10,66.3,22.0
21,3,77,0,5,0,0,0,0,1,0,0,1,0,0,0,0,0,0,52.5,23,54.75,25.200000000000003
21,3,79,2,6,2,2,2,0,1,0,1,0,1,0,1,0,0,0,45.5,21,47.449999999999996,37.4
20,3,69,1,8,1,1,1,1,1,0,1,0,0,0,0,0,1,0,39.5,31,38.449999999999996,47.4
21,4,79,1,5,2,2,2,0,1,1,1,0,1,0,0,0,0,1,58.5,21,58.949999999999996,25.4
20,4,83,2,4,3,3,3,0,1,0,0,0,0,1,0,0,1,0,59.5,17,62.05,22.799999999999997
22,2,94,1,2,2,2,2,0,1,1,0,0,0,1,0,0,0,0,56.0,6,64.39999999999999,10.399999999999999
19,3,79,1,5,2,2,2,0,1,1,1,0,1,0,0,1,0,0,50.5,21,53.349999999999994,28.4
20,1,79,3,4,0,0,0,1,1,1,1,0,1,0,1,0,0,0,30.5,21,41.75,37.4
18,4,84,2,6,3,3,3,0,1,1,0,1,0,0,0,0,0,0,56.0,16,54.8,32.4
20,4,88,1,6,1,1,1,0,1,0,0,1,0,0,0,0,1,0,61.0,12,58.3,26.799999999999997
19,3,94,1,8,2,2,2,1,1,0,0,0,1,0,0,0,0,0,52.0,6,47.199999999999996,37.4
18,3,76,4,5,2,2,2,0,1,0,0,0,0,0,0,0,0,0,40.0,24,46.0,41.6
21,3,80,3,6,3,2,2,0,1,0,0,0,0,0,0,1,0,0,43.0,20,45.699999999999996,41.0
21,4,83,1,4,2,2,2,0,1,0,1,0,0,0,0,1,0,0,62.5,17,64.15,18.8
22,2,79,2,2,2,2,2,0,1,0,0,0,0,0,0,0,1,0,45.5,21,57.05,20.4
20,3,77,2,7,2,2,2,0,1,0,0,1,0,0,0,1,0,0,42.5,23,42.949999999999996,43.2
21,2,79,1,7,1,0,0,0,1,1,0,1,0,0,0,0,1,0,38.5,21,40.15,41.4
22,0,72,2,4,1,1,1,1,1,0,1,0,1,0,0,1,0,0,22.0,28,35.8,39.2
22,6,77,0,2,4,4,4,0,1,1,0,0,0,1,0,0,0,0,82.5,23,82.94999999999999,1.2000000000000028
19,4,72,1,7,1,1,1,0,1,0,0,0,1,0,0,0,1,0,51.0,28,48.89999999999999,38.2
21,2,82,3,7,1,1,1,0,1,1,0,0,1,0,0,0,1,0,34.0,18,37.0,48.2
21,4,78,3,5,3,4,4,0,1,0,0,0,0,0,0,0,1,0,52.0,22,54.4,33.8
21,2,77,0,7,2,2,2,0,1,1,0,0,1,0,0,0,1,0,40.5,23,41.55,38.2
17,4,82,0,5,2,3,3,0,1,0,0,1,0,0,1,0,0,0,63.0,18,62.099999999999994,20.200000000000003
21,7,62,1,5,1,1,1,1,1,0,0,0,1,0,0,0,1,0,74.0,38,69.8,23.200000000000003
25,5,79,2,2,3,3,3,0,1,1,0,0,0,0,0,0,0,1,69.5,21,73.85,11.399999999999999
20,1,83,1,7,0,0,0,1,1,1,0,0,0,1,0,0,1,0,32.5,17,35.95,42.8
19,2,89,2,2,4,4,4,0,1,1,0,0,0,0,0,1,0,0,50.5,11,60.55,16.4
21,4,86,0,5,0,1,1,0,1,0,0,0,1,0,0,0,0,0,65.0,14,63.5,18.6
21,3,92,0,8,1,0,0,1,1,0,1,0,1,0,0,1,0,0,54.0,8,48.599999999999994,34.2
23,3,70,2,1,1,1,1,0,1,0,1,0,1,0,0,0,0,1,51.0,30,63.3,16.0
18,5,90,4,8,1,1,1,1,1,0,0,1,0,0,1,0,0,0,57.0,10,50.699999999999996,45.0
22,2,84,3,5,2,3,3,0,1,0,0,1,0,0,0,1,0,0,39.0,16,45.3,37.4
22,4,77,1,6,1,1,1,0,1,0,1,0,0,0,0,0,0,0,55.5,23,54.449999999999996,31.200000000000003
20,0,82,2,3,3,3,3,1,1,1,1,0,0,0,0,0,0,0,29.0,18,43.099999999999994,30.2
21,2,100,0,4,1,1,1,0,1,0,0,0,1,0,0,0,0,0,58.0,0,60.99999999999999,14.0
23,2,83,2,3,0,0,0,0,1,1,0,0,0,0,0,0,0,1,45.5,17,54.65,23.8
22,1,82,0,4,1,1,1,1,1,0,0,0,0,1,0,0,1,0,41.0,18,49.099999999999994,24.2
18,4,88,2,7,2,2,2,0,1,0,1,0,0,0,1,0,0,0,56.0,12,52.39999999999999,35.8
22,3,80,2,7,3,3,3,0,1,0,1,0,0,1,0,0,0,1,44.0,20,44.0,42.0
20,4,75,2,7,3,3,3,0,1,1,1,1,0,0,0,0,0,1,49.5,25,47.849999999999994,41.0
21,2,93,2,4,4,4,4,0,1,1,0,0,0,0,0,0,0,1,48.5,7,54.349999999999994,24.8
21,5,70,2,4,2,2,2,0,1,1,0,0,1,0,0,0,0,0,61.0,30,63.099999999999994,25.0
20,2,82,1,2,4,4,3,0,1,0,0,1,0,0,0,1,0,0,50.0,18,60.2,15.2
23,5,81,3,6,1,1,1,0,0,0,0,0,0,1,1,0,0,0,59.5,19,57.25,34.6
20,5,75,1,9,2,2,2,1,1,1,0,0,1,0,1,0,0,0,56.5,25,47.949999999999996,44.0
18,4,71,1,8,1,1,1,1,0,0,1,0,0,1,0,0,0,0,48.5,29,44.74999999999999,43.6
20,4,81,0,5,0,1,1,0,1,1,0,0,0,0,1,0,0,0,62.5,19,61.75,20.6
21,2,84,5,6,2,2,2,1,1,0,0,0,0,1,0,1,0,0,31.0,16,37.3,50.4
23,1,90,5,5,0,0,0,1,1,0,0,0,0,0,0,0,1,0,28.0,10,37.599999999999994,46.0
22,4,75,1,7,0,0,0,0,0,0,0,1,0,0,1,0,0,0,52.5,25,49.95,37.0
19,4,75,4,8,2,2,2,1,1,0,0,0,0,0,0,0,0,0,41.5,25,39.849999999999994,54.0
26,3,94,4,4,3,3,3,0,1,1,0,1,0,0,0,0,0,0,51.0,6,56.099999999999994,29.4
21,2,78,2,4,4,4,4,0,1,1,0,0,1,0,0,0,0,1,41.0,22,49.099999999999994,30.799999999999997
23,2,79,3,5,1,1,1,0,1,0,0,0,0,0,1,0,0,0,36.5,21,43.55,39.4
20,2,91,2,5,2,2,2,0,1,1,0,0,0,1,0,0,1,0,45.5,9,49.849999999999994,30.6
22,5,68,0,6,2,2,2,1,0,0,1,0,1,0,0,1,0,0,62.0,32,59.0,27.799999999999997
22,3,72,3,5,0,0,0,0,1,1,1,1,0,0,0,0,0,0,41.0,28,46.7,39.2
23,2,93,6,4,1,2,2,1,1,1,0,0,0,1,1,0,0,0,36.5,7,45.949999999999996,40.8
23,4,77,4,4,0,1,1,0,0,0,1,0,0,1,0,0,0,0,50.5,23,55.74999999999999,33.2
22,3,77,0,3,2,2,2,0,1,1,0,0,0,0,0,0,0,0,56.5,23,62.349999999999994,15.200000000000003
20,3,78,1,5,2,2,2,0,1,1,0,0,0,1,0,1,0,0,50.0,22,53.0,28.799999999999997
19,5,79,2,7,3,2,2,0,1,0,0,1,0,0,0,0,0,0,59.5,21,54.849999999999994,36.4
21,2,78,0,6,0,0,0,0,1,1,0,0,0,0,1,0,0,0,43.0,22,45.699999999999996,32.8
23,2,83,1,6,2,2,2,0,1,0,1,0,0,0,0,0,0,0,42.5,17,45.349999999999994,34.8
20,1,92,1,3,1,2,2,1,1,1,1,0,0,0,1,0,0,0,45.0,8,54.3,19.2
23,3,75,2,3,3,3,3,0,0,1,1,1,0,0,1,0,0,0,49.5,25,57.45,24.0
24,3,77,4,5,0,0,0,0,1,1,1,0,1,0,0,0,0,0,40.5,23,46.349999999999994,41.2
19,6,82,1,7,3,3,3,0,1,1,1,0,0,1,0,0,0,0,72.0,18,63.599999999999994,28.200000000000003
19,3,94,2,7,1,1,1,0,1,1,0,0,0,0,0,0,0,0,51.0,6,48.89999999999999,36.4
20,4,79,1,4,2,2,2,0,1,0,1,0,1,0,0,0,0,0,60.5,21,62.74999999999999,20.4
21,2,74,4,9,0,0,0,1,1,0,1,0,1,0,1,0,0,0,23.0,26,24.5,65.4
19,5,65,1,1,1,1,2,1,1,0,0,0,1,0,1,0,0,0,67.5,35,74.85,8.0
24,5,75,4,5,3,3,3,0,1,1,1,1,0,0,0,0,1,0,55.5,25,56.849999999999994,36.0
21,3,75,3,5,2,2,2,0,1,1,0,1,0,0,0,1,0,0,42.5,25,47.75,38.0
21,3,72,1,5,2,2,2,0,1,0,0,0,0,1,1,0,0,0,47.0,28,50.9,31.200000000000003
17,3,82,3,6,1,1,1,0,1,0,0,0,1,0,1,0,0,0,44.0,18,46.4,40.2
18,4,79,0,5,3,3,3,0,1,1,1,1,0,0,0,0,0,0,61.5,21,61.05,21.4
21,5,93,3,2,3,3,3,0,1,1,1,1,0,0,1,0,0,0,73.5,7,76.64999999999999,9.8
17,3,83,2,5,1,1,1,0,1,1,0,1,0,0,0,0,0,0,49.5,17,52.65,30.799999999999997
23,5,90,1,5,3,3,3,0,1,1,1,0,1,0,0,0,1,0,72.0,10,68.4,18.0
20,4,80,2,7,2,2,2,0,1,0,0,1,0,0,0,0,0,0,52.0,20,49.599999999999994,39.0
28,6,75,3,8,1,1,1,1,1,1,0,0,0,0,0,0,0,1,60.5,25,53.14999999999999,44.0
26,4,87,4,4,3,3,3,0,1,1,0,0,0,0,1,0,0,0,55.5,13,59.24999999999999,29.200000000000003
20,2,73,1,8,1,1,1,1,1,0,0,1,0,0,0,1,0,0,33.5,27,34.25,48.8
20,4,91,2,4,2,3,3,0,1,1,1,0,0,0,0,0,0,1,63.5,9,64.85,19.6
23,4,76,0,4,0,1,1,0,1,0,0,0,0,1,1,0,0,0,62.0,24,63.8,17.6
24,3,87,0,4,1,2,2,0,1,0,0,1,0,0,0,0,0,0,59.5,13,62.05,16.2
17,4,85,1,2,1,1,1,0,1,1,0,0,1,0,0,0,0,0,67.5,15,72.45,8.0
17,4,59,2,5,3,3,3,1,1,0,1,0,0,0,0,0,0,0,45.5,41,49.849999999999994,37.400000000000006
19,3,91,3,7,2,2,2,0,1,0,0,0,0,1,0,0,0,1,46.5,9,45.75,41.6
22,3,97,2,6,2,2,2,0,1,1,0,1,0,0,0,0,1,0,54.5,3,53.75,30.200000000000003
22,4,76,3,5,1,1,1,0,1,0,0,0,0,0,0,0,0,0,51.0,24,53.699999999999996,34.6
23,3,76,1,6,2,2,2,0,1,0,0,0,0,1,0,0,0,0,47.0,24,48.5,34.6
18,4,82,2,7,4,4,3,0,1,0,1,0,1,0,0,0,1,0,53.0,18,50.3,38.2
17,4,88,2,3,3,2,2,0,1,0,0,0,0,0,1,0,0,0,64.0,12,67.6,15.8
22,4,91,0,7,2,2,2,0,1,1,0,1,0,0,0,0,1,0,63.5,9,57.64999999999999,26.6
19,3,79,3,5,1,1,1,0,1,0,0,1,0,0,0,0,0,1,44.5,21,49.15,36.4
17,5,83,1,4,2,1,1,0,1,0,0,0,1,0,0,0,0,0,70.5,17,69.75,15.8
21,5,79,0,6,2,2,2,0,1,1,0,1,0,0,0,0,1,0,67.5,21,62.85,23.4
22,6,78,0,5,2,2,2,0,1,0,0,0,0,1,0,0,0,0,77.0,22,71.9,15.799999999999997
20,2,77,1,4,4,3,3,0,1,1,1,1,0,0,0,0,0,0,43.5,23,50.849999999999994,27.200000000000003
20,4,71,1,3,0,0,0,0,1,0,0,0,0,0,0,0,0,1,58.5,29,63.75,18.6
20,1,88,4,4,1,1,1,1,1,0,0,0,0,1,1,0,0,0,32.0,12,42.8,37.8
20,2,82,2,4,2,2,2,0,1,0,1,0,0,0,0,0,0,1,43.0,18,50.5,29.200000000000003
18,4,94,2,7,3,3,3,0,1,1,0,0,1,0,0,0,0,0,59.0,6,54.5,33.4
19,3,88,2,5,2,1,1,0,1,1,1,0,0,1,0,0,0,1,52.0,12,54.4,28.799999999999997
22,2,78,0,4,3,3,3,0,1,1,1,1,0,0,0,0,0,0,47.0,22,53.3,22.8
21,5,72,3,7,2,2,2,0,1,0,0,0,0,0,0,1,0,0,53.0,28,50.3,43.2
21,4,96,1,7,2,2,2,0,1,1,0,0,1,0,0,0,1,0,63.0,4,57.3,28.6
18,0,68,2,4,1,1,1,1,0,0,0,0,0,1,0,0,0,0,20.0,32,34.4,40.8
20,5,79,1,3,3,3,3,0,0,1,0,0,0,1,0,0,0,1,70.5,21,72.14999999999999,12.399999999999999
17,4,79,1,6,1,1,1,0,1,1,0,0,0,0,1,0,0,0,56.5,21,55.15,30.4
21,3,76,2,5,3,3,3,0,1,1,1,1,0,0,1,0,0,0,46.0,24,50.199999999999996,33.6
24,2,75,2,4,0,0,0,0,0,0,0,0,0,1,0,0,0,0,39.5,25,48.05,32.0
17,4,72,5,7,0,0,0,1,1,0,1,0,0,1,1,0,0,0,39.0,28,40.5,54.2
19,3,76,1,5,0,0,0,0,1,1,0,0,1,0,0,0,1,0,49.0,24,52.3,29.6
21,3,81,0,9,2,3,3,1,1,1,0,0,1,0,0,0,0,0,46.5,19,40.949999999999996,43.6
23,4,84,3,5,2,3,3,0,1,0,0,0,0,0,0,0,1,0,55.0,16,56.5,31.4
20,4,77,1,5,2,2,2,0,1,1,0,0,1,0,0,0,0,0,57.5,23,58.25,26.200000000000003
19,4,77,1,9,0,0,0,1,1,0,0,0,0,1,0,0,1,0,49.5,23,43.05,46.2
17,5,73,5,6,3,3,3,1,1,0,0,0,0,1,0,0,0,0,49.5,27,50.25,45.8
21,1,83,2,4,3,3,3,1,1,1,1,0,0,0,0,0,0,0,35.5,17,45.25,31.799999999999997
25,3,82,0,3,2,3,3,0,0,0,1,0,1,0,1,0,0,0,59.0,18,64.1,13.2
21,5,85,0,4,2,2,2,0,1,0,0,1,0,0,0,0,1,0,74.5,15,72.55,11.0
21,6,77,1,5,3,3,3,0,1,0,0,1,0,0,0,0,0,0,73.5,23,69.44999999999999,20.200000000000003
21,5,74,0,7,2,1,1,0,1,0,0,0,0,1,0,0,0,1,63.0,26,57.3,30.4
21,4,81,1,2,3,3,3,0,1,0,1,0,1,0,1,0,0,0,65.5,19,71.05,9.600000000000001
19,5,86,2,5,2,2,2,0,1,1,0,0,1,0,0,0,0,0,67.0,14,64.9,23.6
22,5,74,0,7,0,0,0,0,1,1,1,0,1,0,0,0,0,0,63.0,26,57.3,30.4
21,3,77,1,6,2,2,2,0,1,1,0,0,0,0,0,0,1,0,47.5,23,48.85,34.2
21,4,72,1,7,0,1,1,0,0,0,1,1,0,0,1,0,0,0,51.0,28,48.89999999999999,38.2
18,2,72,2,2,2,1,1,0,1,1,0,0,0,1,1,0,0,0,42.0,28,54.599999999999994,23.200000000000003
23,4,77,1,5,2,2,2,0,1,1,1,1,0,0,0,0,0,1,57.5,23,58.25,26.200000000000003
22,3,75,2,5,2,2,2,0,1,0,0,0,1,0,0,0,1,0,45.5,25,49.849999999999994,34.0
19,4,88,0,6,2,2,2,0,1,0,0,0,0,1,0,1,0,0,64.0,12,60.4,22.799999999999997
23,3,82,2,4,1,1,1,0,1,1,1,0,1,0,0,0,1,0,51.0,18,56.099999999999994,26.200000000000003
19,4,92,1,6,3,3,3,0,1,1,1,1,0,0,0,0,1,0,63.0,8,59.699999999999996,25.200000000000003
19,2,92,1,6,1,1,1,0,1,0,0,0,0,0,0,1,0,0,47.0,8,48.5,31.200000000000003
19,3,82,2,5,2,2,2,0,1,0,0,1,0,0,0,0,0,1,49.0,18,52.3,31.200000000000003
17,5,66,5,6,1,1,1,1,1,0,0,0,1,0,0,0,0,0,46.0,34,47.8,48.6
22,1,85,2,6,2,1,1,1,1,1,1,1,0,0,1,0,0,0,32.5,15,38.35,41.0
17,4,91,2,4,3,3,3,0,1,0,0,0,1,0,0,0,0,1,63.5,9,64.85,19.6
18,5,87,3,5,2,2,2,0,1,0,0,1,0,0,0,0,1,0,64.5,13,63.15,27.200000000000003
17,5,84,2,3,3,3,3,0,1,1,1,0,1,0,0,0,0,1,70.0,16,71.8,14.399999999999999
20,4,80,0,2,2,2,2,0,0,1,1,1,0,0,0,0,0,1,68.0,20,72.8,6.0
20,4,72,2,6,0,0,0,0,1,0,0,0,1,0,1,0,0,0,50.0,28,50.6,37.2
20,3,87,0,2,4,3,3,0,1,0,0,0,0,0,0,0,0,1,63.5,13,69.64999999999999,6.199999999999999
18,4,80,1,5,1,1,1,0,1,1,1,0,0,0,0,0,0,1,59.0,20,59.3,25.0
18,5,84,1,6,4,4,3,0,1,1,0,0,1,0,1,0,0,0,67.0,16,62.5,25.4
22,4,77,2,5,1,1,1,0,1,0,1,0,0,0,0,0,0,0,54.5,23,56.15,30.200000000000003
19,5,98,0,9,0,0,0,1,1,0,1,1,0,0,0,0,1,0,71.0,2,58.099999999999994,30.799999999999997
21,2,83,1,6,0,0,0,0,1,0,0,0,0,1,1,0,0,0,42.5,17,45.349999999999994,34.8
19,4,64,1,5,2,3,3,1,0,0,0,0,1,0,1,0,0,0,51.0,36,53.699999999999996,31.4
21,5,72,1,6,0,0,0,0,1,1,0,0,0,0,0,0,1,0,61.0,28,58.3,30.200000000000003
23,7,70,2,3,4,3,3,0,1,0,0,0,0,1,0,0,0,1,79.0,30,78.1,14.0
22,4,87,0,5,0,1,1,0,1,1,0,0,0,1,0,0,0,0,65.5,13,63.849999999999994,18.2
20,5,77,2,4,3,3,3,0,1,1,1,0,0,1,0,1,0,0,64.5,23,65.55,22.200000000000003
21,0,78,0,7,1,2,2,1,0,1,1,0,1,0,0,1,0,0,25.0,22,30.7,43.8
20,4,77,1,6,1,1,2,0,0,1,1,0,1,0,0,0,0,1,55.5,23,54.449999999999996,31.200000000000003
21,3,73,2,6,1,1,1,0,1,0,0,0,0,1,0,0,0,0,42.5,27,45.349999999999994,39.8
20,6,79,2,4,1,0,0,0,1,0,0,0,0,1,0,0,1,0,73.5,21,71.85,18.4
20,5,82,5,3,4,3,3,1,1,1,1,1,0,0,0,0,0,1,60.0,18,64.8,27.200000000000003
21,4,73,0,3,3,3,3,0,1,0,0,0,0,0,0,1,0,0,62.5,27,66.55,13.8
18,3,84,1,2,2,2,2,0,1,0,0,0,0,0,0,0,0,1,59.0,16,66.5,11.399999999999999
18,5,72,1,4,1,1,1,0,0,0,0,0,1,0,0,0,1,0,65.0,28,65.9,20.200000000000003
17,5,78,1,4,2,2,2,0,1,0,0,0,1,0,0,0,0,1,68.0,22,68.0,17.799999999999997
17,2,84,1,7,2,2,2,0,1,1,1,0,1,0,0,0,0,1,41.0,16,41.9,39.4
18,5,81,2,3,3,3,3,0,0,0,0,1,0,0,0,0,1,0,68.5,19,70.75,15.600000000000001
21,5,68,0,9,1,1,1,1,1,1,1,0,0,0,1,0,0,0,56.0,32,47.599999999999994,42.8
19,4,59,2,3,0,1,1,1,1,1,0,0,0,1,0,0,1,0,49.5,41,57.45,27.400000000000006
22,5,86,1,3,3,3,3,0,1,1,0,0,0,1,0,0,0,0,74.0,14,74.6,9.600000000000001
21,4,87,1,2,4,3,3,0,1,1,0,0,1,0,0,0,0,1,68.5,13,73.14999999999999,7.199999999999999
17,2,85,6,5,2,1,1,1,1,0,1,1,0,0,1,0,0,0,30.5,15,39.349999999999994,49.0
22,4,80,3,4,2,2,2,0,0,0,0,0,1,0,0,0,1,0,55.0,20,58.9,28.0
22,3,80,5,5,1,1,1,1,1,0,0,0,0,0,0,1,0,0,39.0,20,45.3,44.0
18,2,81,1,6,1,1,1,0,0,0,0,0,0,1,0,0,0,0,41.5,19,44.65,35.6
21,2,86,2,7,0,0,0,0,1,1,0,0,0,0,0,0,0,1,39.0,14,40.5,42.6
19,1,80,3,3,2,2,2,1,1,1,1,0,0,0,1,0,0,0,33.0,20,45.9,32.0
21,1,85,1,5,0,1,1,1,1,0,1,0,0,0,0,0,0,0,37.5,15,44.25,32.0
18,3,92,1,7,1,1,1,0,1,0,0,0,0,0,0,0,0,1,53.0,8,50.3,33.2
17,5,74,0,3,4,4,3,0,1,0,0,0,1,0,0,0,0,0,71.0,26,72.5,10.399999999999999
20,2,80,2,10,0,0,0,1,0,1,1,0,0,0,0,0,0,0,30.0,20,27.0,60.0
20,4,75,1,5,0,0,0,0,1,0,0,0,0,0,0,0,1,0,56.5,25,57.55,27.0
20,6,78,3,5,1,2,2,0,1,0,0,0,0,0,0,0,1,0,68.0,22,65.6,27.799999999999997
18,2,81,1,3,2,2,2,0,1,1,0,0,1,0,0,0,1,0,47.5,19,56.05,20.6
20,4,75,2,3,2,2,2,0,1,0,1,0,0,1,0,0,0,1,57.5,25,63.05,21.0
21,4,69,1,5,3,3,3,1,1,1,0,0,0,1,0,0,1,0,53.5,31,55.449999999999996,29.4
20,3,71,1,6,3,3,3,0,0,0,0,0,0,0,0,0,0,0,44.5,29,46.75,36.6
21,3,85,1,2,3,2,2,0,1,0,0,0,0,1,0,0,0,0,59.5,15,66.85,11.0
19,2,76,1,3,1,1,1,0,1,0,0,0,0,0,0,0,0,1,45.0,24,54.3,22.6
23,3,80,1,5,1,2,2,0,1,0,1,1,0,0,0,0,0,1,51.0,20,53.699999999999996,28.0
18,4,82,0,3,3,3,3,0,1,0,0,0,0,1,0,1,0,0,67.0,18,69.7,10.2
22,2,89,2,5,3,3,3,0,1,1,0,0,1,0,0,0,1,0,44.5,11,49.15,31.4
23,5,79,0,6,2,1,1,0,1,1,0,0,0,1,0,1,0,0,67.5,21,62.85,23.4
22,1,84,0,5,1,1,1,1,1,1,0,0,1,0,0,0,0,1,40.0,16,46.0,28.4
20,4,72,2,4,2,2,2,0,1,0,0,1,0,0,0,0,0,1,54.0,28,58.199999999999996,27.200000000000003
19,2,80,4,5,3,2,2,0,0,0,1,0,0,1,0,0,1,0,34.0,20,41.8,43.0
23,4,74,0,6,1,1,1,0,1,0,1,0,0,0,0,1,0,0,57.0,26,55.5,28.4
17,2,80,0,3,2,2,2,0,1,0,0,0,0,0,1,0,0,0,50.0,20,57.8,17.0
18,4,83,1,5,1,2,2,0,1,0,0,0,0,1,0,0,1,0,60.5,17,60.349999999999994,23.799999999999997
20,5,80,2,6,2,2,2,0,0,0,1,0,1,0,1,0,0,0,62.0,20,59.0,31.0
23,5,78,0,6,4,3,3,0,0,0,1,0,0,1,0,0,1,0,67.0,22,62.5,23.799999999999997
21,4,84,3,5,1,1,1,0,0,0,0,1,0,0,0,0,0,0,55.0,16,56.5,31.4
18,5,78,2,5,3,3,3,0,1,1,0,0,0,0,0,0,0,0,63.0,22,62.099999999999994,26.799999999999997
20,4,78,1,5,1,1,1,0,1,1,1,1,0,0,1,0,0,0,58.0,22,58.599999999999994,25.799999999999997
19,3,73,1,5,3,3,3,0,1,1,0,0,0,0,0,0,0,1,47.5,27,51.25,30.799999999999997
19,4,86,1,6,2,2,2,0,1,0,0,0,0,0,0,1,0,0,60.0,14,57.6,27.6
23,1,81,3,5,2,2,2,1,0,0,0,0,1,0,0,0,1,0,29.5,19,38.65,41.6
18,3,78,0,6,2,2,2,0,1,1,0,0,0,0,0,0,0,0,51.0,22,51.3,29.799999999999997
24,4,73,5,6,1,1,1,1,1,0,0,0,0,1,0,0,1,0,41.5,27,44.65,48.8
22,3,100,1,3,4,4,4,0,1,0,0,0,0,0,0,0,0,0,65.0,0,68.3,10.0
23,3,57,4,4,3,4,4,1,1,0,1,0,0,0,0,0,0,0,32.5,43,43.15,44.2
20,6,75,1,5,3,3,3,0,0,0,1,0,0,1,0,0,0,1,72.5,25,68.75,21.0
20,2,78,2,5,1,1,1,0,1,0,1,0,0,1,0,0,0,1,39.0,22,45.3,35.8
17,5,89,1,6,3,3,3,0,1,0,1,0,1,0,0,1,0,0,69.5,11,64.25,23.4
19,3,79,6,5,0,0,0,1,1,1,0,1,0,0,0,0,1,0,35.5,21,42.849999999999994,48.4
22,4,83,2,5,3,3,3,0,1,1,0,0,0,0,0,0,0,0,57.5,17,58.25,27.799999999999997
23,4,78,1,4,3,4,3,0,1,0,1,0,1,0,0,0,0,0,60.0,22,62.4,20.799999999999997
18,5,96,2,7,0,0,0,0,1,1,0,1,0,0,1,0,0,0,68.0,4,60.8,29.6
20,4,85,5,6,1,1,1,1,1,0,0,0,0,0,0,1,0,0,47.5,15,48.85,44.0
20,4,76,0,5,2,2,2,0,0,0,0,0,1,0,1,0,0,0,60.0,24,60.0,22.6
17,3,87,3,4,2,2,2,0,1,0,0,1,0,0,0,0,1,0,50.5,13,55.74999999999999,28.200000000000003
22,4,65,2,5,2,2,2,1,1,0,0,0,0,0,0,0,0,1,48.5,35,51.949999999999996,35.0
19,5,96,1,5,3,3,3,0,0,0,1,0,1,0,0,1,0,0,75.0,4,70.5,15.600000000000001
20,1,92,4,2,1,1,1,1,1,1,0,1,0,0,0,0,0,0,38.0,8,51.8,26.2
20,3,84,3,3,1,1,1,0,1,0,0,0,0,1,1,0,0,0,51.0,16,58.5,24.4
19,3,80,2,7,0,0,0,0,1,0,1,0,1,0,0,0,0,0,44.0,20,44.0,42.0
21,4,76,3,6,0,0,0,0,1,1,1,0,0,1,0,0,1,0,49.0,24,49.9,39.6
20,5,89,3,4,3,2,2,0,0,1,1,0,1,0,0,0,0,1,67.5,11,67.65,21.4
20,4,93,2,4,4,3,3,0,1,0,1,1,0,0,0,0,1,0,64.5,7,65.55,18.8
19,3,79,1,3,4,3,3,0,1,0,0,1,0,0,0,0,1,0,54.5,21,60.95,18.4
21,5,85,0,4,2,2,2,0,1,1,0,1,0,0,1,0,0,0,74.5,15,72.55,11.0
24,4,86,1,7,2,2,2,0,1,0,1,0,0,1,1,0,0,0,58.0,14,53.8,32.6
21,4,89,2,5,2,2,2,0,1,0,0,1,0,0,0,1,0,0,60.5,11,60.349999999999994,25.4
23,6,75,2,7,1,2,2,0,0,0,1,0,0,1,0,0,0,1,65.5,25,59.05,35.0
17,5,85,2,8,3,2,2,1,0,0,0,0,0,0,0,0,0,1,60.5,15,53.14999999999999,39.0
21,7,100,2,4,3,3,3,0,1,0,1,0,0,1,0,0,0,1,92.0,0,84.79999999999998,7.0
18,4,82,2,5,2,2,2,0,1,0,1,1,0,0,0,0,0,1,57.0,18,57.9,28.200000000000003
17,5,85,1,6,4,4,3,0,1,0,1,0,0,1,0,0,0,1,67.5,15,62.85,25.0
19,5,85,2,4,2,2,2,0,1,0,0,0,1,0,0,0,0,0,68.5,15,68.35,19.0
23,3,86,3,5,2,2,2,0,1,0,1,0,0,1,0,0,1,0,48.0,14,51.599999999999994,33.6
23,3,72,2,5,3,3,3,0,1,0,0,0,1,0,1,0,0,0,44.0,28,48.8,35.2
21,4,98,1,8,2,3,2,1,1,0,1,0,0,1,0,0,0,1,62.0,2,54.199999999999996,32.8
17,3,82,1,6,1,1,1,0,1,0,0,0,1,0,0,0,0,1,50.0,18,50.6,32.2
20,3,86,4,4,2,2,2,0,1,1,0,0,0,0,1,0,0,0,47.0,14,53.3,32.6
21,8,82,2,6,2,3,3,0,1,0,1,0,0,1,0,1,0,0,87.0,18,76.5,21.200000000000003
21,4,89,2,7,1,1,1,0,0,0,0,0,1,0,0,0,0,0,56.5,11,52.75,35.4
17,4,78,1,7,2,2,2,0,1,0,0,0,0,0,0,0,1,0,54.0,22,51.0,35.8
19,4,71,3,3,4,4,4,0,1,0,1,0,0,0,0,1,0,0,52.5,29,59.55,26.6
20,4,81,4,7,1,0,0,0,1,1,1,0,1,0,0,0,1,0,46.5,19,45.75,46.6
22,2,85,1,9,0,0,0,1,1,0,0,0,1,0,0,0,0,0,37.5,15,34.65,49.0
17,5,79,3,7,0,0,0,0,1,1,1,0,1,0,0,0,0,0,56.5,21,52.75,40.4
20,3,76,0,8,0,0,0,1,1,1,1,0,1,0,0,1,0,0,46.0,24,42.99999999999999,40.6
21,1,84,3,4,0,0,0,1,1,1,0,0,1,0,0,0,0,0,33.0,16,43.5,35.4
22,4,74,0,8,1,1,1,1,1,1,0,0,0,0,1,0,0,0,53.0,26,47.89999999999999,38.4
22,4,89,0,4,4,4,3,0,1,1,1,0,1,0,0,0,0,0,68.5,11,68.35,12.399999999999999
22,5,79,2,5,3,3,3,0,1,0,0,0,0,1,0,0,0,1,63.5,21,62.449999999999996,26.4
19,2,86,3,4,1,0,0,0,1,0,0,0,0,1,0,0,1,0,42.0,14,49.8,31.6
17,3,72,1,4,2,2,2,0,1,1,1,0,0,1,0,0,0,0,49.0,28,54.699999999999996,26.200000000000003
20,3,92,2,5,2,2,2,0,1,0,0,1,0,0,0,1,0,0,54.0,8,55.8,27.200000000000003
23,2,85,0,3,2,2,2,0,1,0,1,0,0,1,1,0,0,0,52.5,15,59.55,15.0
24,4,86,3,4,4,4,4,0,1,1,0,0,0,0,1,0,0,0,58.0,14,60.99999999999999,25.6
22,3,71,1,3,1,2,2,0,1,1,1,0,1,0,0,0,0,0,50.5,29,58.14999999999999,21.6
21,4,76,1,5,0,0,0,0,1,1,1,1,0,0,0,1,0,0,57.0,24,57.9,26.6
21,2,83,1,8,2,1,1,1,1,0,0,1,0,0,0,0,0,0,38.5,17,37.75,44.8
19,3,73,1,10,1,1,1,1,1,0,0,0,0,0,0,0,0,1,37.5,27,32.25,55.8
20,4,77,2,5,0,0,0,0,1,0,0,1,0,0,0,1,0,0,54.5,23,56.15,30.200000000000003
24,4,88,1,5,2,2,2,0,1,0,0,1,0,0,0,0,0,1,63.0,12,62.099999999999994,21.799999999999997
18,4,77,1,6,2,2,2,0,0,0,0,0,0,0,0,0,0,0,55.5,23,54.449999999999996,31.200000000000003
24,3,85,0,3,1,1,1,0,1,1,0,0,0,0,0,0,1,0,60.5,15,65.14999999999999,12.0
20,3,75,3,3,3,3,3,0,1,0,0,0,1,0,1,0,0,0,46.5,25,55.349999999999994,28.0
23,6,86,4,2,3,3,3,0,1,1,0,1,0,0,0,0,0,0,75.0,14,77.7,13.600000000000001
17,4,73,0,7,3,3,3,0,1,0,0,0,1,0,0,0,0,0,54.5,27,51.349999999999994,33.8
22,2,86,0,3,1,0,0,0,1,0,0,0,0,0,0,0,0,1,53.0,14,59.89999999999999,14.600000000000001
19,1,99,2,7,1,1,1,1,1,0,0,0,0,1,0,0,0,0,37.5,1,39.45,40.4
17,5,77,0,4,1,1,1,0,0,0,0,0,0,0,0,0,0,1,70.5,23,69.75,14.200000000000003
21,2,76,3,5,2,3,3,0,1,0,0,0,1,0,0,0,0,0,35.0,24,42.5,40.6
23,4,91,0,5,3,3,3,0,1,1,0,1,0,0,1,0,0,0,67.5,9,65.25,16.6
19,2,82,1,5,2,2,2,0,1,1,1,0,0,0,1,0,0,0,44.0,18,48.8,30.200000000000003
17,4,72,3,4,2,1,1,0,1,0,1,1,0,0,0,1,0,0,51.0,28,56.099999999999994,31.200000000000003
20,4,84,2,7,1,1,1,0,1,0,0,1,0,0,0,1,0,0,54.0,16,51.0,37.4
20,5,83,4,5,3,3,3,0,1,0,0,1,0,0,0,0,0,0,59.5,17,59.65,32.8
22,3,76,2,6,3,3,3,0,1,0,0,0,0,1,1,0,0,0,44.0,24,46.4,38.6
23,3,76,1,5,2,2,2,0,1,0,0,1,0,0,0,0,0,1,49.0,24,52.3,29.6
20,2,88,1,3,2,2,2,0,1,0,0,1,0,0,0,0,0,0,51.0,12,58.5,17.8
25,3,74,4,7,2,2,2,0,1,1,1,0,0,0,0,0,1,0,35.0,26,37.7,52.4
21,4,71,1,4,2,3,3,0,1,0,0,0,1,0,0,1,0,0,56.5,29,59.949999999999996,23.6
20,4,75,3,7,1,1,1,0,1,0,1,0,0,1,0,1,0,0,46.5,25,45.75,45.0
17,3,88,0,6,0,0,0,0,0,0,0,1,0,0,0,1,0,0,56.0,12,54.8,25.799999999999997
20,2,79,0,2,4,4,4,0,1,0,0,1,0,0,0,0,0,1,51.5,21,61.25,12.399999999999999
20,2,77,1,5,0,0,0,0,1,0,0,0,0,1,0,1,0,0,41.5,23,47.05,32.2
23,5,81,3,6,1,2,2,0,1,0,0,0,0,0,1,0,0,0,59.5,19,57.25,34.6
22,4,85,3,5,2,3,3,0,1,0,1,0,0,0,0,1,0,0,55.5,15,56.849999999999994,31.0
18,7,94,1,5,2,2,2,0,1,0,1,0,0,1,0,0,0,1,90.0,6,81.0,10.399999999999999
21,4,84,0,5,1,0,1,0,1,0,0,0,1,0,0,0,0,0,64.0,16,62.8,19.4
22,4,97,2,4,3,2,2,0,1,0,0,0,0,1,0,0,1,0,66.5,3,66.94999999999999,17.2
24,2,87,2,6,4,4,4,0,1,1,0,0,0,1,0,0,0,0,41.5,13,44.65,37.2
23,5,79,2,5,3,3,3,0,1,0,1,0,0,0,0,0,0,0,63.5,21,62.449999999999996,26.4
22,1,89,1,5,3,3,3,1,1,1,0,1,0,0,0,1,0,0,39.5,11,45.65,30.4
21,4,87,2,3,4,4,3,0,1,0,0,0,0,1,0,0,0,0,63.5,13,67.25,16.2
21,4,91,2,6,1,1,1,0,1,0,1,1,0,0,0,0,1,0,59.5,9,57.25,29.6
23,5,87,2,1,3,3,3,0,1,1,0,0,1,0,0,1,0,0,75.5,13,80.44999999999999,3.1999999999999993
18,3,82,2,6,2,2,2,0,1,0,1,0,0,1,1,0,0,0,47.0,18,48.5,36.2
20,4,78,1,5,0,0,0,0,1,1,0,0,0,0,0,0,0,0,58.0,22,58.599999999999994,25.799999999999997
19,1,83,0,4,2,1,1,1,1,1,0,0,0,0,0,1,0,0,41.5,17,49.449999999999996,23.8
21,1,70,2,3,2,1,1,1,1,1,0,0,0,0,0,0,0,1,31.0,30,44.5,32.0
23,4,80,2,6,0,0,0,0,1,0,1,0,1,0,0,0,0,1,54.0,20,53.4,34.0
19,5,72,1,5,2,2,2,0,1,1,0,0,0,1,0,0,0,0,63.0,28,62.099999999999994,25.200000000000003
17,4,85,5,5,2,3,2,1,1,1,1,0,0,1,0,0,1,0,49.5,15,52.65,39.0
20,3,88,2,2,3,3,3,0,1,1,0,0,1,0,1,0,0,0,58.0,12,65.8,13.8
23,4,84,2,6,3,3,3,0,1,1,1,1,0,0,1,0,0,0,56.0,16,54.8,32.4
22,4,80,2,7,0,0,0,0,1,1,1,0,1,0,0,1,0,0,52.0,20,49.599999999999994,39.0
21,4,79,2,5,3,3,3,0,1,0,0,0,0,1,1,0,0,0,55.5,21,56.849999999999994,29.4
20,2,91,4,3,1,1,1,0,1,0,0,0,0,0,0,0,0,1,43.5,9,53.25,28.6
18,4,89,3,6,3,3,3,0,1,0,0,1,0,0,1,0,0,0,55.5,11,54.449999999999996,34.4
22,2,73,4,5,0,0,0,0,1,1,1,1,0,0,0,0,0,0,30.5,27,39.349999999999994,45.8
19,5,84,1,7,1,1,1,0,1,0,0,0,0,1,0,0,1,0,65.0,16,58.7,30.4
25,2,84,2,5,2,2,2,0,1,1,0,0,0,1,0,0,0,1,42.0,16,47.4,33.4
22,3,80,1,1,3,3,3,0,1,1,1,1,0,0,1,0,0,0,59.0,20,68.89999999999999,8.0
19,4,71,2,1,3,3,3,0,1,1,0,0,0,1,1,0,0,0,59.5,29,69.25,12.600000000000001
19,2,65,6,4,0,0,0,1,1,1,0,1,0,0,0,1,0,0,22.5,35,36.15,52.0
20,2,83,1,6,3,3,3,0,1,0,0,1,0,0,0,0,0,0,42.5,17,45.349999999999994,34.8
20,6,68,3,4,3,3,3,1,1,0,0,0,0,1,0,0,0,1,65.0,32,65.9,26.799999999999997
23,5,77,6,6,0,0,0,1,1,0,0,1,0,0,0,1,0,0,48.5,23,49.55,48.2
21,4,87,0,4,3,3,3,0,0,0,0,0,0,0,1,0,0,0,67.5,13,67.65,13.2
19,4,85,2,9,0,0,0,1,1,0,0,0,0,1,0,0,0,0,50.5,15,43.74999999999999,47.0
25,1,77,1,5,3,3,3,1,1,0,1,0,0,1,0,1,0,0,33.5,23,41.45,35.2
21,4,89,3,6,2,2,2,0,1,0,0,0,0,0,0,0,1,0,55.5,11,54.449999999999996,34.4
22,6,86,2,3,3,3,3,0,1,0,0,1,0,0,1,0,0,0,79.0,14,78.1,10.600000000000001
19,3,78,1,4,2,2,2,0,1,0,1,0,0,1,0,0,0,0,52.0,22,56.8,23.799999999999997
21,6,94,1,6,2,2,2,0,1,1,0,0,0,1,0,0,1,0,80.0,6,71.6,18.4
21,3,85,5,5,2,3,3,1,1,0,0,0,0,1,0,0,0,0,41.5,15,47.05,42.0
17,4,75,5,1,2,3,3,1,1,0,0,0,0,1,0,0,0,0,52.5,25,64.35,23.0
25,2,65,2,6,0,0,0,1,1,0,0,0,0,1,0,0,0,1,30.5,35,36.949999999999996,46.0
23,4,83,4,6,2,2,2,0,1,0,0,0,0,1,0,0,0,0,49.5,17,50.25,40.8
20,4,78,2,6,1,0,0,0,1,0,0,0,0,0,0,1,0,0,53.0,22,52.699999999999996,34.8
18,3,82,1,7,2,2,2,0,1,0,1,1,0,0,1,0,0,0,48.0,18,46.8,37.2
21,2,80,2,5,0,0,0,0,1,0,0,1,0,0,0,0,0,0,40.0,20,46.0,35.0
21,4,49,4,5,0,0,0,1,1,1,1,0,0,1,0,0,1,0,34.5,51,42.15,49.400000000000006
21,3,79,0,5,2,2,2,0,1,1,0,0,0,0,0,0,0,0,53.5,21,55.449999999999996,24.4
21,5,73,2,1,1,1,1,0,1,1,1,0,0,0,0,0,0,1,68.5,27,75.55,8.8
22,4,77,1,5,1,1,1,0,0,0,1,0,0,1,0,0,0,1,57.5,23,58.25,26.200000000000003
24,3,77,4,7,2,2,2,0,1,1,0,0,1,0,0,0,0,1,36.5,23,38.75,51.2
22,5,82,5,3,2,3,3,1,1,0,0,0,0,1,0,0,1,0,60.0,18,64.8,27.200000000000003
18,3,84,1,5,0,0,0,0,1,0,0,1,0,0,0,0,0,1,53.0,16,55.099999999999994,26.4
24,5,85,1,7,2,3,3,0,1,0,0,0,0,1,0,0,0,0,65.5,15,59.05,30.0
24,4,62,2,4,1,1,1,1,1,1,0,0,0,1,0,0,0,1,49.0,38,54.699999999999996,31.200000000000003
27,1,93,1,5,2,3,3,1,1,1,0,0,1,0,1,0,0,0,41.5,7,47.05,28.8
18,4,68,2,6,2,2,2,1,1,1,0,0,0,0,1,0,0,0,48.0,32,49.199999999999996,38.8
21,3,81,1,3,1,1,1,0,1,0,1,0,1,0,1,0,0,0,55.5,19,61.64999999999999,17.6
17,4,75,4,5,2,2,2,0,1,1,0,0,1,0,0,0,0,0,47.5,25,51.25,39.0
22,4,84,1,3,1,1,1,0,0,0,0,0,0,1,0,0,0,1,65.0,16,68.3,13.399999999999999
19,4,67,1,5,1,1,1,1,0,1,0,0,0,0,0,0,0,0,52.5,33,54.75,30.200000000000003
25,4,94,1,5,1,1,1,0,1,0,1,0,0,0,0,0,1,0,66.0,6,64.19999999999999,19.4
19,7,79,1,7,3,3,3,0,1,0,0,0,1,0,1,0,0,0,78.5,21,68.14999999999999,26.4
17,4,86,4,6,2,2,2,0,1,0,0,1,0,0,0,1,0,0,51.0,14,51.3,39.6
20,1,75,2,4,1,2,2,1,1,1,1,1,0,0,0,1,0,0,31.5,25,42.449999999999996,35.0
17,4,95,2,5,0,1,1,0,1,0,1,0,0,0,1,0,0,0,63.5,5,62.449999999999996,23.0
22,4,71,1,6,1,1,1,0,0,1,1,0,1,0,0,0,0,0,52.5,29,52.35,33.6
17,3,61,4,2,2,2,2,1,1,1,0,0,1,0,0,1,0,0,38.5,39,52.15,32.6
21,5,92,4,7,1,2,2,0,1,1,0,0,1,0,0,0,0,0,60.0,8,55.2,39.2
17,4,72,0,5,1,1,1,0,1,1,1,0,0,1,0,0,0,1,58.0,28,58.599999999999994,24.200000000000003
20,4,81,1,5,2,2,2,0,1,0,0,0,0,0,0,0,1,0,59.5,19,59.65,24.6
24,2,94,2,7,1,1,1,0,1,0,0,0,1,0,0,0,0,0,43.0,6,43.3,39.4
21,4,63,3,5,3,3,3,1,1,0,0,0,0,1,0,1,0,0,44.5,37,49.15,39.8
19,4,84,2,7,1,0,0,0,1,1,0,0,0,1,0,0,0,0,54.0,16,51.0,37.4
20,2,88,4,7,1,1,1,0,0,0,0,1,0,0,0,0,0,0,34.0,12,37.0,49.8
21,2,82,1,5,2,2,2,0,0,1,0,0,0,1,0,0,0,1,44.0,18,48.8,30.200000000000003
22,4,77,1,5,2,3,3,0,1,1,0,1,0,0,0,0,0,1,57.5,23,58.25,26.200000000000003
18,4,87,1,6,1,0,0,0,1,1,1,1,0,0,0,1,0,0,60.5,13,57.949999999999996,27.200000000000003
22,3,74,3,6,2,1,1,0,1,0,1,1,0,0,0,1,0,0,40.0,26,43.6,43.4
17,3,87,3,7,3,3,3,0,1,0,0,1,0,0,0,0,1,0,44.5,13,44.349999999999994,43.2
19,4,81,0,3,2,2,2,0,1,1,1,0,0,0,0,0,0,0,66.5,19,69.35,10.600000000000001
19,4,81,2,4,0,0,0,0,1,0,0,0,1,0,1,0,0,0,58.5,19,61.349999999999994,23.6
22,2,84,2,3,1,0,1,0,1,1,0,1,0,0,0,1,0,0,46.0,16,55.0,23.4
21,3,89,1,8,2,1,1,1,1,0,1,1,0,0,0,1,0,0,49.5,11,45.449999999999996,39.4
17,1,74,0,2,1,1,1,1,1,1,0,0,0,0,0,0,0,1,41.0,26,53.9,17.4
18,3,92,3,7,1,1,1,0,1,0,0,1,0,0,0,0,0,0,47.0,8,46.099999999999994,41.2
21,5,92,1,6,3,3,3,0,0,0,1,1,0,0,0,0,1,0,71.0,8,65.3,22.200000000000003
20,2,76,2,3,1,0,0,0,0,0,1,0,0,0,1,0,0,0,42.0,24,52.2,26.6
19,3,96,1,3,2,2,2,0,1,1,0,0,1,0,0,1,0,0,63.0,4,66.89999999999999,11.600000000000001
19,3,80,2,5,2,2,2,0,1,0,0,1,0,0,0,0,0,1,48.0,20,51.599999999999994,32.0
22,2,86,3,5,1,1,1,0,1,0,0,0,1,0,0,0,1,0,40.0,14,46.0,36.6
19,3,78,3,6,1,1,1,0,1,0,0,0,0,0,0,0,1,0,42.0,22,45.0,41.8
20,2,88,1,1,4,4,3,0,1,1,0,0,0,1,0,0,0,0,55.0,12,66.1,7.800000000000001
25,2,78,6,5,3,3,3,1,1,1,1,0,0,0,1,0,0,0,27.0,22,36.9,51.8
17,4,83,1,3,1,1,1,0,1,1,0,0,0,0,0,0,1,0,64.5,17,67.95,13.8
17,4,61,1,7,1,1,1,1,1,1,1,0,0,0,0,0,0,1,45.5,39,45.05,42.6
22,3,78,3,6,3,3,3,0,1,1,0,0,0,0,0,0,0,0,42.0,22,45.0,41.8
19,5,77,1,4,4,3,3,0,1,1,0,0,0,0,0,0,0,1,67.5,23,67.65,18.200000000000003
20,4,66,1,8,1,1,1,1,1,0,0,0,1,0,0,0,0,1,46.0,34,42.99999999999999,45.6
19,6,88,0,4,4,3,3,0,1,0,0,0,0,1,0,0,0,1,84.0,12,79.19999999999999,6.800000000000001
20,3,78,1,5,3,3,3,0,1,0,0,0,0,1,1,0,0,0,50.0,22,53.0,28.799999999999997
24,2,67,2,6,1,1,1,1,1,0,0,0,0,1,0,0,1,0,31.5,33,37.65,45.2
22,3,86,0,7,1,1,1,0,1,0,1,0,1,0,0,0,0,1,53.0,14,50.3,31.6
22,6,90,2,5,2,2,2,0,1,0,0,0,1,0,0,1,0,0,77.0,10,71.9,19.0
17,2,80,3,8,1,1,1,1,1,0,0,0,0,1,0,1,0,0,31.0,20,32.5,54.0
18,5,69,0,4,3,3,3,1,1,0,0,0,0,0,0,1,0,0,66.5,31,66.94999999999999,17.4
17,2,66,2,3,2,1,1,1,1,0,1,0,0,0,0,0,0,1,37.0,34,48.7,30.6
19,3,72,3,8,1,1,1,1,1,0,0,0,0,0,0,0,0,1,35.0,28,35.3,54.2
23,3,75,3,4,3,4,4,0,1,1,1,0,0,0,0,0,0,0,44.5,25,51.55,33.0
22,2,95,1,6,2,1,1,0,1,0,0,0,0,0,0,1,0,0,48.5,5,49.55,30.0
20,5,80,2,6,0,0,0,0,1,1,0,0,0,1,1,0,0,0,62.0,20,59.0,31.0
21,5,71,2,9,3,3,3,1,1,0,0,0,1,0,1,0,0,0,51.5,29,44.449999999999996,49.599999999999994
19,5,77,0,5,4,4,4,0,1,0,0,0,1,0,0,1,0,0,68.5,23,65.94999999999999,19.200000000000003
21,4,90,2,6,2,1,1,0,1,0,1,1,0,0,0,0,1,0,59.0,10,56.9,30.0
22,2,86,1,4,3,2,2,0,1,0,0,0,1,0,1,0,0,0,48.0,14,53.99999999999999,23.6
17,4,82,2,4,3,3,3,0,1,0,0,0,1,0,1,0,0,0,59.0,18,61.699999999999996,23.200000000000003
21,4,80,1,4,3,2,2,0,1,0,0,0,0,1,0,0,1,0,61.0,20,63.099999999999994,20.0
23,3,82,2,7,2,2,2,0,1,0,1,0,0,0,0,0,1,0,45.0,18,44.699999999999996,41.2
20,5,83,3,7,1,2,2,0,1,0,1,1,0,0,1,0,0,0,58.5,17,54.14999999999999,38.8
22,3,80,3,6,0,0,0,0,1,0,1,0,1,0,0,0,1,0,43.0,20,45.699999999999996,41.0
27,3,82,1,4,3,3,3,0,1,0,0,0,0,1,0,0,1,0,54.0,18,58.199999999999996,22.2
20,5,79,0,4,2,3,3,0,1,0,0,0,1,0,0,0,0,0,71.5,21,70.44999999999999,13.399999999999999
21,4,60,2,5,4,4,3,1,1,1,0,0,0,1,0,0,1,0,46.0,40,50.199999999999996,37.0
19,5,79,4,6,2,2,1,0,1,1,0,1,0,0,1,0,0,0,55.5,21,54.449999999999996,39.4
21,4,84,5,2,3,4,4,1,1,0,0,1,0,0,0,0,0,0,55.0,16,63.7,24.4
22,2,76,2,4,1,1,1,0,1,0,1,1,0,0,1,0,0,0,40.0,24,48.4,31.6
21,0,85,0,3,4,4,4,1,1,0,0,0,0,0,0,0,0,1,36.5,15,48.349999999999994,21.0
18,1,88,1,6,2,2,2,1,1,0,0,0,0,1,0,0,1,0,37.0,12,41.5,35.8
21,3,84,0,3,3,4,3,0,1,1,0,0,0,1,0,0,1,0,60.0,16,64.8,12.399999999999999
24,5,77,4,9,0,0,0,1,1,0,0,0,0,1,1,0,0,0,48.5,23,42.349999999999994,55.2
22,5,82,2,7,0,0,0,0,1,1,0,0,1,0,0,0,0,1,61.0,18,55.89999999999999,35.2
23,4,83,3,5,3,2,2,0,1,0,0,0,0,1,1,0,0,0,54.5,17,56.15,31.799999999999997
20,5,83,1,6,0,0,0,0,1,0,0,0,0,1,0,0,0,0,66.5,17,62.15,25.799999999999997
22,2,93,1,6,0,0,0,0,1,0,0,1,0,0,1,0,0,0,47.5,7,48.85,30.799999999999997
21,5,72,2,3,1,1,1,0,1,0,1,0,0,1,0,1,0,0,64.0,28,67.6,19.200000000000003
18,3,83,1,7,2,2,2,0,1,1,0,1,0,0,1,0,0,0,48.5,17,47.14999999999999,36.8
21,4,78,0,5,2,2,2,0,1,0,0,0,1,0,0,0,0,0,61.0,22,60.699999999999996,21.799999999999997
18,4,72,4,4,1,1,1,0,1,1,0,0,0,1,1,0,0,0,48.0,28,53.99999999999999,35.2
19,4,71,3,6,1,1,1,0,1,0,0,1,0,0,0,0,1,0,46.5,29,48.15,41.6
21,2,89,2,3,4,3,3,0,1,1,1,1,0,0,0,0,1,0,48.5,11,56.75,21.4
21,3,70,4,6,2,2,2,0,1,0,0,0,0,1,0,0,0,0,35.0,30,40.1,49.0
18,5,84,0,6,4,3,3,0,1,1,0,0,0,0,1,0,0,0,70.0,16,64.6,21.4
23,4,83,2,4,2,3,3,0,1,0,0,1,0,0,0,0,1,0,59.5,17,62.05,22.799999999999997
22,2,75,1,7,1,1,1,0,1,0,0,0,1,0,0,0,0,1,36.5,25,38.75,43.0
19,4,73,2,5,3,2,2,0,1,0,1,0,0,1,1,0,0,0,52.5,27,54.75,31.799999999999997
17,2,72,4,4,1,1,1,0,1,1,0,1,0,0,0,0,1,0,32.0,28,42.8,41.2
20,2,77,3,6,2,2,2,0,1,0,0,0,1,0,0,0,0,0,33.5,23,39.05,45.2
20,3,73,2,3,2,2,2,0,0,0,0,0,0,0,0,0,0,1,48.5,27,56.75,24.799999999999997
21,3,88,5,6,1,1,1,1,1,1,0,0,1,0,0,0,0,0,41.0,12,44.3,45.8
20,2,91,2,2,3,3,3,0,1,1,1,1,0,0,0,0,0,0,51.5,9,61.25,15.600000000000001
17,5,84,2,5,1,1,1,0,1,1,0,1,0,0,0,1,0,0,66.0,16,64.19999999999999,24.4
20,3,100,1,6,0,0,0,0,1,0,0,1,0,0,0,1,0,0,59.0,0,56.9,25.0
20,3,85,2,6,2,2,2,0,1,0,0,0,1,0,0,0,1,0,48.5,15,49.55,35.0
22,4,87,0,8,3,3,3,1,1,0,0,1,0,0,1,0,0,0,59.5,13,52.449999999999996,33.2
19,4,75,2,5,4,3,3,0,1,0,0,0,0,1,0,0,1,0,53.5,25,55.449999999999996,31.0
24,4,76,3,6,1,1,1,0,1,0,1,0,0,1,0,0,0,0,49.0,24,49.9,39.6
17,3,85,3,1,2,2,2,0,1,0,0,0,0,1,0,0,0,1,55.5,15,66.44999999999999,14.0
23,2,74,1,4,3,4,4,0,1,0,1,0,1,0,0,1,0,0,42.0,26,49.8,28.4
20,2,71,0,5,0,1,1,0,1,1,0,0,1,0,0,1,0,0,41.5,29,47.05,30.6
22,2,90,2,8,0,0,0,1,1,1,0,0,0,1,0,1,0,0,39.0,10,38.099999999999994,46.0
21,3,75,2,5,0,0,0,0,0,1,0,1,0,0,1,0,0,0,45.5,25,49.849999999999994,34.0
23,5,83,1,7,2,2,2,0,1,0,1,1,0,0,0,0,1,0,64.5,17,58.349999999999994,30.799999999999997
20,3,95,1,3,3,3,3,0,1,0,0,1,0,0,0,0,0,0,62.5,5,66.55,12.0
18,3,67,5,4,2,1,1,1,1,1,0,0,0,1,0,0,0,1,34.5,33,44.55,44.2
24,4,87,1,4,2,3,3,0,1,1,1,0,0,1,1,0,0,0,64.5,13,65.55,17.2
20,6,81,2,3,4,3,3,0,0,0,0,0,0,0,1,0,0,0,76.5,19,76.35,12.600000000000001
21,3,81,2,3,2,2,2,0,0,0,0,0,1,0,1,0,0,0,52.5,19,59.55,21.6
23,4,82,4,4,2,1,1,0,1,1,0,0,0,1,0,1,0,0,53.0,18,57.49999999999999,31.200000000000003
18,3,82,4,9,0,0,0,1,1,1,1,0,0,1,1,0,0,0,35.0,18,32.9,59.2
22,4,86,2,5,2,3,3,0,0,1,0,0,0,1,0,0,1,0,59.0,14,59.3,26.6
19,4,73,1,3,3,2,2,0,0,0,1,0,1,0,0,1,0,0,59.5,27,64.45,17.8
20,5,86,1,4,3,3,3,0,1,1,0,1,0,0,0,0,0,1,72.0,14,70.8,14.600000000000001
21,3,73,1,7,0,0,0,0,1,0,0,0,1,0,0,1,0,0,43.5,27,43.65,40.8
17,5,98,4,4,3,3,3,0,1,0,0,0,0,0,0,0,1,0,69.0,2,68.69999999999999,21.799999999999997
19,4,81,2,8,2,2,1,1,1,1,0,0,0,1,0,1,0,0,50.5,19,46.14999999999999,43.6
24,2,83,2,7,1,1,1,0,0,1,1,0,0,0,1,0,0,0,37.5,17,39.45,43.8
22,3,96,1,5,3,3,3,0,1,1,0,0,0,1,0,0,0,0,59.0,4,59.3,21.6
20,7,75,2,4,3,4,4,0,1,0,1,0,0,0,0,0,0,1,79.5,25,76.05,17.0
21,3,81,1,3,2,2,2,0,1,0,1,0,1,0,0,1,0,0,55.5,19,61.64999999999999,17.6
20,3,70,3,5,0,0,0,0,1,1,0,0,1,0,0,1,0,0,40.0,30,46.0,40.0
24,3,74,0,6,2,1,1,0,1,1,0,1,0,0,0,0,0,0,49.0,26,49.9,31.4
20,3,70,0,7,0,0,0,0,1,0,1,1,0,0,0,0,1,0,45.0,30,44.699999999999996,38.0
21,2,88,1,6,1,1,1,0,1,0,0,0,0,0,0,0,0,0,45.0,12,47.099999999999994,32.8
23,1,86,5,4,0,0,0,1,1,1,0,0,1,0,0,1,0,0,28.0,14,40.0,42.6
19,2,78,4,8,2,2,2,1,1,1,1,0,0,0,0,0,1,0,27.0,22,29.699999999999996,58.8
24,4,77,0,5,0,0,0,0,1,0,0,0,0,0,0,1,0,0,60.5,23,60.349999999999994,22.200000000000003
17,4,89,1,4,2,2,2,0,1,1,0,0,1,0,0,1,0,0,65.5,11,66.25,16.4
24,3,82,2,5,0,0,0,0,1,1,0,0,0,0,1,0,0,0,49.0,18,52.3,31.200000000000003
20,4,75,4,6,1,1,1,0,1,0,1,0,0,1,1,0,0,0,45.5,25,47.449999999999996,44.0
20,2,90,1,6,2,2,2,0,1,1,0,1,0,0,0,0,1,0,46.0,10,47.8,32.0
17,1,80,1,3,4,4,4,1,1,0,1,0,1,0,0,0,0,1,39.0,20,50.099999999999994,24.0
20,4,87,1,5,3,3,3,0,1,0,0,0,1,0,1,0,0,0,62.5,13,61.75,22.200000000000003
18,4,82,3,4,2,2,2,0,0,1,0,0,0,1,1,0,0,0,56.0,18,59.599999999999994,27.200000000000003
19,5,98,1,5,4,3,3,0,1,0,1,0,0,1,0,0,0,0,76.0,2,71.19999999999999,14.8
20,5,80,0,3,3,3,3,0,1,0,1,0,0,1,0,1,0,0,74.0,20,74.6,8.0
23,5,65,0,3,3,3,3,1,1,1,1,1,0,0,0,0,0,1,66.5,35,69.35,14.0
21,4,80,2,9,2,2,2,1,1,1,0,0,0,1,0,0,0,1,48.0,20,41.99999999999999,49.0
21,3,84,1,4,2,2,2,0,1,0,0,0,1,0,0,0,0,1,55.0,16,58.9,21.4
18,4,85,2,7,1,1,1,0,1,0,0,0,1,0,0,0,0,0,54.5,15,51.349999999999994,37.0
19,3,88,0,5,0,0,0,0,1,0,0,0,0,1,0,0,1,0,58.0,12,58.599999999999994,20.8
25,3,77,2,3,4,3,3,0,0,1,0,0,1,0,1,0,0,0,50.5,23,58.14999999999999,23.200000000000003
19,4,94,1,3,2,2,2,0,1,0,0,0,0,0,1,0,0,0,70.0,6,71.8,9.399999999999999
24,5,89,0,4,4,4,3,0,1,0,0,0,0,1,0,0,0,0,76.5,11,73.94999999999999,9.399999999999999
20,4,83,1,5,3,3,3,0,1,0,0,0,1,0,0,0,0,0,60.5,17,60.349999999999994,23.799999999999997
21,3,76,2,5,1,1,1,0,1,0,1,0,0,1,0,1,0,0,46.0,24,50.199999999999996,33.6
23,4,97,1,5,4,4,3,0,1,1,1,0,0,1,0,1,0,0,67.5,3,65.25,18.2
23,4,87,1,6,1,1,1,0,1,0,1,0,0,1,1,0,0,0,60.5,13,57.949999999999996,27.200000000000003
20,5,78,2,6,2,2,1,0,1,1,1,0,1,0,0,1,0,0,61.0,22,58.3,31.799999999999997
20,6,93,0,7,1,1,1,0,1,0,0,0,0,0,1,0,0,0,80.5,7,69.55,19.799999999999997
20,4,83,2,4,3,2,2,0,1,0,1,0,1,0,1,0,0,0,59.5,17,62.05,22.799999999999997
21,3,94,0,3,1,1,1,0,1,0,0,0,0,1,0,0,0,0,65.0,6,68.3,8.399999999999999
23,4,75,0,3,2,2,2,0,1,0,1,1,0,0,0,0,0,0,63.5,25,67.25,13.0
21,5,80,4,2,3,3,2,0,0,0,0,1,0,0,1,0,0,0,64.0,20,70.0,19.0
22,4,93,3,5,3,4,4,0,1,0,0,0,0,0,0,1,0,0,59.5,7,59.65,27.799999999999997
24,3,76,3,1,0,0,0,0,1,0,0,0,0,1,0,0,0,1,51.0,24,63.3,17.6
21,4,80,0,6,2,1,1,0,0,1,1,0,0,1,1,0,0,0,60.0,20,57.6,26.0
21,4,60,1,6,0,1,1,1,0,1,1,0,0,0,0,0,0,1,47.0,40,48.5,38.0
17,3,85,0,3,0,0,0,0,1,0,0,1,0,0,0,0,1,0,60.5,15,65.14999999999999,12.0
17,3,91,1,3,4,4,4,0,1,0,1,0,0,1,0,1,0,0,60.5,9,65.14999999999999,13.600000000000001
21,2,74,2,8,1,2,1,1,1,0,0,0,0,1,0,0,0,1,31.0,26,32.5,52.4
20,3,85,0,7,2,2,2,0,1,1,0,0,0,0,0,0,0,0,52.5,15,49.95,32.0
19,5,77,1,5,1,2,2,0,1,0,1,0,0,1,0,0,0,0,65.5,23,63.849999999999994,23.200000000000003
21,5,69,2,4,1,1,1,1,1,1,0,0,1,0,1,0,0,0,60.5,31,62.74999999999999,25.4
20,3,79,2,5,2,2,2,0,1,0,1,0,1,0,0,0,0,0,47.5,21,51.25,32.4
23,6,77,3,2,4,4,3,0,1,1,1,0,1,0,1,0,0,0,73.5,23,76.64999999999999,13.200000000000003
21,3,83,3,6,1,1,1,0,1,0,1,1,0,0,0,0,0,0,44.5,17,46.75,39.8
19,3,79,2,3,2,2,2,0,1,0,0,1,0,0,0,1,0,0,51.5,21,58.849999999999994,22.4
23,1,92,2,1,3,3,3,1,1,0,0,0,1,0,1,0,0,0,46.0,8,59.8,13.2
20,4,77,1,4,3,3,3,0,1,1,0,1,0,0,1,0,0,0,59.5,23,62.05,21.200000000000003
22,2,81,2,3,3,3,3,0,1,0,0,1,0,0,0,1,0,0,44.5,19,53.95,24.6
19,5,83,2,8,2,2,2,1,1,1,1,0,0,0,0,1,0,0,59.5,17,52.449999999999996,39.8
19,2,81,1,8,1,1,1,1,1,0,1,1,0,0,0,0,0,0,37.5,19,37.05,45.6
21,5,77,0,3,4,4,3,0,1,0,0,0,0,1,1,0,0,0,72.5,23,73.55,9.200000000000003
21,4,82,3,5,2,1,1,0,1,0,0,0,1,0,0,1,0,0,54.0,18,55.8,32.2
22,2,86,1,4,2,3,3,0,1,0,1,1,0,0,0,1,0,0,48.0,14,53.99999999999999,23.6
20,1,89,1,8,2,2,2,1,1,1,0,0,0,1,1,0,0,0,33.5,11,34.25,45.4
17,4,65,1,2,1,1,1,1,1,0,0,0,0,1,0,0,0,1,57.5,35,65.45,16.0
20,2,86,3,6,1,1,1,0,1,1,0,0,0,1,1,0,0,0,38.0,14,42.199999999999996,41.6
22,1,76,2,7,0,1,1,1,1,0,0,0,0,1,0,0,1,0,26.0,24,31.4,49.6
20,6,91,2,4,3,4,3,0,1,1,0,0,0,1,1,0,0,0,79.5,9,76.05,13.600000000000001
20,5,89,4,5,3,3,2,0,1,1,1,0,1,0,0,1,0,0,62.5,11,61.75,30.4
23,2,89,0,7,2,2,2,0,1,0,1,0,0,1,0,0,1,0,46.5,11,45.75,33.4
19,1,77,4,3,1,1,1,1,1,1,1,1,0,0,1,0,0,0,28.5,23,42.75,37.2
17,5,70,0,6,2,2,2,0,1,1,1,0,1,0,0,0,0,1,63.0,30,59.699999999999996,27.0
20,2,92,0,2,1,1,1,0,1,1,0,1,0,0,1,0,0,0,58.0,8,65.8,7.199999999999999
19,4,91,1,2,3,3,3,0,1,0,0,1,0,0,1,0,0,0,70.5,9,74.55,5.600000000000001
18,4,66,0,7,1,0,1,1,1,1,0,1,0,0,1,0,0,0,51.0,34,48.89999999999999,36.6
20,3,93,2,3,3,4,4,0,1,0,1,1,0,0,0,1,0,0,58.5,7,63.75,16.8
22,2,84,2,5,1,1,1,0,0,0,0,0,1,0,0,0,1,0,42.0,16,47.4,33.4
21,1,83,0,3,2,2,2,1,1,0,1,0,1,0,0,1,0,0,43.5,17,53.25,18.8
21,4,75,0,6,2,2,2,0,1,1,1,0,1,0,1,0,0,0,57.5,25,55.85,28.0
25,7,90,2,2,4,4,4,0,1,0,0,0,0,0,1,0,0,0,91.0,10,88.89999999999999,1.0
20,2,78,3,7,2,3,3,0,1,0,0,0,0,0,0,1,0,0,32.0,22,35.599999999999994,49.8
21,2,78,1,7,2,2,2,0,0,0,0,0,0,1,0,1,0,0,38.0,22,39.8,41.8
19,5,64,2,4,1,1,1,1,1,0,0,1,0,0,0,0,1,0,58.0,36,60.99999999999999,27.4
19,0,76,0,2,1,1,1,1,1,1,0,1,0,0,0,1,0,0,34.0,24,49.0,19.6
19,2,74,0,5,1,1,1,0,1,0,0,0,0,1,0,1,0,0,43.0,26,48.099999999999994,29.4
19,4,65,2,4,1,1,1,1,0,1,1,1,0,0,0,1,0,0,50.5,35,55.74999999999999,30.0
21,2,94,1,4,2,2,2,0,1,1,0,0,0,0,0,0,0,0,52.0,6,56.8,20.4
26,4,81,1,7,3,2,2,0,1,1,0,1,0,0,0,1,0,0,55.5,19,52.05,34.6
19,4,70,0,7,1,2,2,0,1,0,0,0,0,1,0,0,0,0,53.0,30,50.3,35.0
20,4,74,2,6,0,1,1,0,1,0,1,0,1,0,0,0,0,0,51.0,26,51.3,36.4
20,3,77,0,8,2,1,1,1,1,0,0,0,1,0,0,1,0,0,46.5,23,43.349999999999994,40.2
21,4,77,3,5,3,3,3,0,1,0,0,0,0,1,0,0,0,0,51.5,23,54.05,34.2
21,4,88,1,5,3,2,2,0,1,0,0,0,0,1,0,1,0,0,63.0,12,62.099999999999994,21.799999999999997
23,4,79,2,4,2,1,1,0,1,1,0,0,0,0,1,0,0,0,57.5,21,60.65,24.4
17,5,82,5,7,1,0,0,1,1,0,0,0,1,0,1,0,0,0,52.0,18,49.599999999999994,47.2
17,4,79,2,5,1,1,1,0,1,0,0,1,0,0,0,0,1,0,55.5,21,56.849999999999994,29.4
19,3,91,0,6,2,2,2,0,1,0,1,0,0,1,0,1,0,0,57.5,9,55.85,24.6
23,4,93,3,4,1,1,1,0,1,1,0,0,1,0,0,1,0,0,61.5,7,63.449999999999996,22.799999999999997
17,4,80,0,4,3,3,3,0,0,1,0,0,0,0,0,0,0,1,64.0,20,65.19999999999999,16.0
17,3,74,4,6,3,4,4,0,1,0,1,1,0,0,0,0,0,1,37.0,26,41.5,47.4
22,4,81,1,5,1,1,1,0,1,0,0,0,0,0,0,1,0,0,59.5,19,59.65,24.6
21,3,57,0,6,1,1,1,1,1,0,0,0,1,0,0,1,0,0,40.5,43,43.949999999999996,38.2
18,4,84,3,3,3,3,2,0,1,1,0,0,0,1,1,0,0,0,59.0,16,64.1,21.4
18,4,71,2,5,2,2,2,0,1,0,0,1,0,0,0,0,1,0,51.5,29,54.05,32.6
18,5,80,0,3,3,3,3,0,1,1,0,1,0,0,0,0,0,1,74.0,20,74.6,8.0
21,2,85,2,8,2,2,2,1,1,0,1,1,0,0,1,0,0,0,36.5,15,36.349999999999994,48.0
19,2,77,3,5,3,3,3,0,1,0,0,1,0,0,0,0,0,0,35.5,23,42.849999999999994,40.2
22,6,78,2,4,2,2,2,0,1,0,0,0,1,0,0,0,1,0,73.0,22,71.5,18.799999999999997
17,6,84,2,7,2,2,2,0,0,0,0,1,0,0,1,0,0,0,70.0,16,62.2,31.4
19,4,77,1,5,1,1,1,0,1,0,1,0,1,0,1,0,0,0,57.5,23,58.25,26.200000000000003
18,3,89,2,6,3,3,3,0,1,0,0,0,0,0,0,0,0,0,50.5,11,50.949999999999996,33.4
20,3,88,0,5,3,3,3,0,1,1,1,1,0,0,0,1,0,0,58.0,12,58.599999999999994,20.8
19,2,86,3,6,2,3,3,0,1,0,0,0,0,0,0,0,0,0,38.0,14,42.199999999999996,41.6
22,4,77,1,5,1,2,2,0,1,1,0,0,1,0,0,0,1,0,57.5,23,58.25,26.200000000000003
17,3,86,1,7,2,2,2,0,1,0,0,0,0,0,0,0,0,1,50.0,14,48.2,35.6
21,3,76,3,7,0,1,1,0,1,0,1,1,0,0,0,0,0,0,39.0,24,40.5,47.6
22,2,81,1,2,2,2,2,0,1,1,1,1,0,0,0,0,0,1,49.5,19,59.849999999999994,15.600000000000001
25,4,45,1,5,1,1,1,1,1,0,1,1,0,0,0,0,0,0,41.5,55,47.05,39.0
19,4,91,1,5,2,2,2,0,0,0,0,0,0,0,1,0,0,0,64.5,9,63.15,20.6
21,4,95,1,6,3,3,3,0,1,0,0,0,1,0,0,0,1,0,64.5,5,60.75,24.0
17,1,83,0,9,0,0,0,1,1,1,0,0,0,1,0,0,1,0,31.5,17,30.449999999999996,48.8
17,2,69,2,3,1,1,1,1,1,0,0,0,0,1,0,0,0,1,38.5,31,49.75,29.4
22,2,80,5,6,2,2,2,1,1,1,1,0,1,0,1,0,0,0,29.0,20,35.9,52.0
21,5,82,0,6,2,2,2,0,1,1,0,1,0,0,1,0,0,0,69.0,18,63.9,22.200000000000003
23,3,82,2,4,2,2,2,0,1,1,1,0,0,1,0,1,0,0,51.0,18,56.099999999999994,26.200000000000003
18,2,100,1,3,3,3,3,0,1,1,0,1,0,0,0,0,0,1,57.0,0,62.7,13.0
22,4,80,3,9,1,1,1,1,1,0,0,0,0,1,0,1,0,0,45.0,20,39.9,53.0
25,3,77,3,7,0,0,0,0,1,0,1,0,1,0,1,0,0,0,39.5,23,40.849999999999994,47.2
21,4,83,1,6,2,2,2,0,1,0,1,0,0,1,0,0,1,0,58.5,17,56.55,28.799999999999997
21,2,80,1,5,2,2,2,0,1,0,0,1,0,0,0,0,0,0,43.0,20,48.099999999999994,31.0
21,3,76,0,5,1,2,2,0,1,0,1,1,0,0,1,0,0,0,52.0,24,54.4,25.6
17,5,67,2,6,3,3,2,1,1,1,0,0,0,1,0,0,0,0,55.5,33,54.449999999999996,36.2
24,5,87,4,8,1,1,1,1,1,0,0,0,1,0,0,0,0,0,55.5,13,49.64999999999999,46.2
19,2,75,1,4,1,1,1,0,1,0,0,0,0,0,0,1,0,0,42.5,25,50.14999999999999,28.0
22,3,73,2,5,0,0,0,0,1,1,1,1,0,0,1,0,0,0,44.5,27,49.15,34.8
17,5,75,1,4,1,1,1,0,1,0,1,0,1,0,0,0,1,0,66.5,25,66.94999999999999,19.0
18,4,70,2,3,1,1,1,0,1,0,0,1,0,0,0,0,0,0,55.0,30,61.3,23.0
24,4,87,1,4,2,2,2,0,1,1,1,0,1,0,0,1,0,0,64.5,13,65.55,17.2
20,5,86,5,5,3,3,3,1,1,1,0,0,1,0,0,0,0,0,58.0,14,58.599999999999994,35.6
24,4,83,0,5,2,2,2,0,1,0,0,1,0,0,0,1,0,0,63.5,17,62.449999999999996,19.8
20,3,87,2,5,2,2,2,0,1,0,0,0,0,1,0,1,0,0,51.5,13,54.05,29.200000000000003
17,5,85,3,6,2,2,2,0,1,1,0,0,0,0,1,0,0,0,61.5,15,58.65,33.0
23,2,86,1,7,2,2,2,0,1,0,0,0,0,1,0,0,0,1,42.0,14,42.599999999999994,38.6
19,3,96,3,10,2,2,2,1,1,0,1,0,1,0,0,0,1,0,43.0,4,36.099999999999994,54.6
22,3,89,2,6,2,2,2,0,1,1,0,0,1,0,1,0,0,0,50.5,11,50.949999999999996,33.4
21,2,83,1,4,3,3,3,0,1,0,1,0,1,0,0,0,0,1,46.5,17,52.949999999999996,24.8
17,3,74,0,7,0,0,0,0,1,0,1,1,0,0,0,0,0,1,47.0,26,46.099999999999994,36.4
21,4,69,1,4,2,2,2,1,1,1,1,1,0,0,0,0,1,0,55.5,31,59.24999999999999,24.4
25,3,67,0,4,2,2,2,1,1,0,0,0,1,0,1,0,0,0,49.5,33,55.05,24.200000000000003
22,5,89,3,6,1,1,1,0,1,1,0,0,0,0,0,0,0,1,63.5,11,60.05,31.4
20,3,77,2,8,0,0,0,1,1,1,0,0,0,0,0,0,0,1,40.5,23,39.15,48.2
23,4,82,1,4,3,2,2,0,0,1,1,1,0,0,1,0,0,0,62.0,18,63.8,19.2
21,2,74,2,6,2,1,1,0,1,0,0,1,0,0,0,0,1,0,35.0,26,40.1,42.4
21,7,99,4,6,2,2,2,0,1,0,1,0,0,0,0,0,1,0,81.5,1,72.64999999999999,25.4
18,3,67,2,3,0,0,0,1,1,0,0,0,0,0,0,0,0,1,45.5,33,54.65,27.200000000000003
21,1,83,5,2,2,2,2,1,1,0,0,0,1,0,0,0,0,1,30.5,17,46.55,33.8
23,3,79,1,3,2,3,3,0,1,1,1,0,0,1,0,0,1,0,54.5,21,60.95,18.4
19,4,82,1,7,2,3,3,0,1,0,1,0,0,1,0,1,0,0,56.0,18,52.39999999999999,34.2
24,5,79,2,4,3,3,3,0,1,1,1,0,1,0,0,0,0,1,65.5,21,66.25,21.4
20,5,74,2,4,2,1,1,0,1,0,1,0,0,0,0,0,0,1,63.0,26,64.5,23.4
19,4,73,1,6,1,1,1,0,1,0,0,0,1,0,0,0,1,0,53.5,27,53.05,32.8
23,5,98,0,7,2,1,1,0,1,1,1,0,1,0,0,0,0,1,75.0,2,65.7,20.799999999999997
20,5,79,2,3,1,1,1,0,1,0,1,0,0,1,0,0,0,1,67.5,21,70.05,16.4
22,4,84,1,2,3,3,3,0,1,0,0,0,0,0,0,0,0,0,67.0,16,72.1,8.399999999999999
20,3,69,0,8,0,0,0,1,1,1,0,0,1,0,0,0,0,0,42.5,31,40.55,43.4
20,4,65,2,6,4,3,3,1,1,0,0,0,0,0,0,1,0,0,46.5,35,48.15,40.0
22,3,76,0,3,3,3,3,0,0,0,0,1,0,0,1,0,0,0,56.0,24,62.0,15.600000000000001
21,5,89,3,4,4,4,4,0,1,0,1,0,1,0,1,0,0,0,67.5,11,67.65,21.4
17,5,82,3,3,1,0,0,0,1,1,0,0,0,0,0,0,1,0,66.0,18,69.0,19.200000000000003
18,5,77,2,6,3,3,3,0,1,0,1,0,0,1,0,1,0,0,60.5,23,57.949999999999996,32.2
23,4,85,3,5,0,0,0,0,1,0,0,0,0,0,0,0,1,0,55.5,15,56.849999999999994,31.0
20,5,77,0,6,3,3,3,0,1,0,1,0,0,0,0,0,1,0,66.5,23,62.15,24.200000000000003
19,3,93,0,5,2,2,2,0,1,0,1,1,0,0,0,0,1,0,60.5,7,60.349999999999994,18.8
18,4,93,2,6,2,2,2,0,1,1,1,0,0,1,0,0,0,0,60.5,7,57.949999999999996,28.799999999999997
18,5,77,1,4,3,3,3,0,1,1,0,0,0,1,0,0,0,1,67.5,23,67.65,18.200000000000003
17,2,75,0,4,1,1,1,0,1,0,0,0,1,0,0,0,0,1,45.5,25,52.25,24.0
20,5,81,3,5,1,1,1,0,1,1,0,0,0,1,0,0,1,0,61.5,19,61.05,29.6
19,1,85,1,5,2,3,3,1,1,0,0,0,1,0,0,1,0,0,37.5,15,44.25,32.0
18,3,79,1,5,2,2,2,0,1,1,0,0,0,0,0,0,1,0,50.5,21,53.349999999999994,28.4
20,5,90,2,2,1,1,1,0,1,1,1,1,0,0,1,0,0,0,75.0,10,77.7,7.0
21,5,84,3,7,2,3,3,0,0,1,1,1,0,0,0,0,1,0,59.0,16,54.5,38.4
25,5,90,2,3,3,3,3,0,1,0,0,0,1,0,0,1,0,0,73.0,10,73.89999999999999,12.0
17,3,73,4,1,1,1,1,0,1,0,0,0,0,1,0,0,0,1,46.5,27,60.14999999999999,22.8
23,3,77,0,4,2,2,2,0,1,0,0,0,0,0,0,0,1,0,54.5,23,58.55,20.200000000000003
23,3,86,2,5,0,0,0,0,1,1,0,0,1,0,0,0,0,0,51.0,14,53.699999999999996,29.6
19,4,82,4,9,0,0,0,1,1,1,0,0,0,1,0,0,1,0,43.0,18,38.5,56.2
21,5,80,3,4,1,1,1,0,1,0,0,0,0,0,1,0,0,0,63.0,20,64.5,25.0
20,3,77,2,5,2,2,2,0,1,0,0,0,1,0,0,0,1,0,46.5,23,50.55,33.2
21,3,82,2,6,2,2,2,0,1,1,1,0,0,1,1,0,0,0,47.0,18,48.5,36.2
24,3,93,0,2,4,4,3,0,1,1,0,0,1,0,0,1,0,0,66.5,7,71.75,3.8000000000000007
22,5,65,1,5,2,2,2,1,1,1,0,0,1,0,1,0,0,0,59.5,35,59.65,28.0
22,4,80,1,5,3,3,3,0,1,0,0,0,0,0,0,0,0,1,59.0,20,59.3,25.0
20,5,81,2,5,2,2,2,0,1,0,1,0,1,0,0,0,0,0,64.5,19,63.15,25.6
17,5,73,3,6,2,2,2,0,1,0,0,0,0,0,0,0,0,1,55.5,27,54.449999999999996,37.8
20,3,80,1,7,1,1,1,0,0,1,0,0,1,0,0,0,0,0,47.0,20,46.099999999999994,38.0
23,3,68,3,4,2,2,2,1,1,0,1,0,0,0,1,0,0,0,41.0,32,49.099999999999994,35.8
17,3,77,0,6,1,2,2,0,1,1,0,0,1,0,0,0,0,1,50.5,23,50.949999999999996,30.200000000000003
18,3,79,5,4,0,0,0,1,1,1,1,0,1,0,0,0,0,1,40.5,21,48.75,39.4
21,5,82,2,3,2,2,2,0,1,0,0,0,1,0,0,0,0,1,69.0,18,71.1,15.2
18,3,97,0,8,1,1,1,1,1,0,0,1,0,0,0,0,1,0,56.5,3,50.349999999999994,32.2
19,4,75,3,2,2,2,2,0,0,1,1,0,0,0,1,0,0,0,56.5,25,64.75,20.0
20,4,71,2,4,2,2,2,0,1,0,0,0,0,1,0,0,1,0,53.5,29,57.849999999999994,27.6
18,4,89,1,5,4,3,3,0,1,0,0,1,0,0,0,0,0,1,63.5,11,62.449999999999996,21.4
18,4,50,1,4,2,2,2,1,1,1,0,1,0,0,0,0,0,1,46.0,50,52.599999999999994,32.0
22,4,77,2,5,1,1,1,0,1,0,0,0,0,0,0,0,0,1,54.5,23,56.15,30.200000000000003
18,3,79,1,3,3,3,3,0,0,0,0,0,0,1,0,0,1,0,54.5,21,60.95,18.4
17,3,74,2,2,0,0,0,0,1,0,1,1,0,0,0,0,0,0,51.0,26,60.89999999999999,19.4
19,4,81,2,3,3,2,2,0,1,0,1,0,0,0,0,0,0,0,60.5,19,65.14999999999999,18.6
22,3,76,0,5,1,2,2,0,1,0,0,0,1,0,0,1,0,0,52.0,24,54.4,25.6
20,2,68,4,5,1,1,1,1,1,1,0,0,0,1,0,0,0,1,28.0,32,37.599999999999994,47.8
20,3,86,0,6,2,2,2,0,1,0,1,1,0,0,0,1,0,0,55.0,14,54.1,26.6
21,4,87,3,2,2,2,2,0,1,0,0,0,1,0,0,1,0,0,62.5,13,68.95,15.2
17,5,74,4,4,3,2,2,0,1,0,1,0,0,1,0,1,0,0,57.0,26,60.3,31.4
22,2,77,1,5,1,1,1,0,1,1,1,1,0,0,0,1,0,0,41.5,23,47.05,32.2
21,2,96,2,3,2,2,2,0,0,0,0,0,1,0,0,1,0,0,52.0,4,59.2,18.6
20,4,85,0,5,2,2,2,0,1,0,0,0,1,0,0,1,0,0,64.5,15,63.15,19.0
23,3,82,3,5,1,1,1,0,1,0,0,0,1,0,0,0,0,1,46.0,18,50.199999999999996,35.2
18,2,94,2,6,2,2,2,0,1,0,1,0,0,1,1,0,0,0,45.0,6,47.099999999999994,34.4
23,3,69,4,6,1,1,1,1,1,0,0,0,1,0,1,0,0,0,34.5,31,39.75,49.4
21,2,65,0,2,2,2,2,1,1,1,1,1,0,0,0,0,1,0,44.5,35,56.349999999999994,18.0
20,6,83,1,8,2,1,1,1,1,0,1,0,0,0,0,1,0,0,70.5,17,60.14999999999999,32.8
21,2,88,1,1,4,3,3,0,1,1,1,1,0,0,0,0,0,0,55.0,12,66.1,7.800000000000001
20,4,68,0,5,3,3,3,1,1,0,0,0,0,1,0,0,0,1,56.0,32,57.199999999999996,25.799999999999997
23,4,71,1,5,2,2,2,0,1,0,0,0,0,1,0,1,0,0,54.5,29,56.15,28.6
18,5,88,2,6,3,3,3,0,1,0,1,0,0,0,0,0,0,1,66.0,12,61.8,27.799999999999997
19,2,72,1,5,2,2,2,0,1,0,1,0,1,0,1,0,0,0,39.0,28,45.3,34.2
23,4,80,1,4,2,2,2,0,1,1,0,0,0,1,1,0,0,0,61.0,20,63.099999999999994,20.0
19,1,83,1,5,0,1,1,1,1,0,0,0,0,0,1,0,0,0,36.5,17,43.55,32.8
23,4,89,2,6,4,3,3,0,1,0,1,0,1,0,0,0,0,1,58.5,11,56.55,30.4
24,3,79,2,3,2,2,2,0,1,0,0,0,0,0,0,0,1,0,51.5,21,58.849999999999994,22.4
20,4,85,0,3,3,3,3,0,1,1,0,0,1,0,0,0,0,0,68.5,15,70.75,9.0
22,4,72,0,3,2,3,3,0,1,0,0,1,0,0,0,0,1,0,62.0,28,66.2,14.200000000000003
18,3,86,1,7,1,1,1,0,0,0,0,0,0,1,0,0,0,0,50.0,14,48.2,35.6
22,3,74,1,6,3,4,3,0,0,1,1,1,0,0,1,0,0,0,46.0,26,47.8,35.4
21,2,71,0,6,2,2,2,0,0,0,0,1,0,0,0,0,0,1,39.5,29,43.25,35.6
22,2,98,1,8,2,1,1,1,1,0,1,0,0,1,0,0,0,1,46.0,2,42.99999999999999,38.8
19,5,96,1,6,2,2,2,0,1,1,0,0,1,0,0,0,1,0,73.0,4,66.69999999999999,20.6
17,4,83,0,5,3,2,2,0,0,0,1,0,0,1,0,0,0,0,63.5,17,62.449999999999996,19.8
22,4,94,1,5,4,4,4,0,1,1,1,1,0,0,1,0,0,0,66.0,6,64.19999999999999,19.4
17,3,79,4,3,1,1,1,0,0,0,1,0,1,0,0,0,0,1,45.5,21,54.65,30.4
20,5,80,0,5,2,2,2,0,1,0,0,0,0,1,1,0,0,0,70.0,20,67.0,18.0
23,3,80,3,7,2,2,1,0,0,0,0,1,0,0,0,0,1,0,41.0,20,41.9,46.0
21,2,74,1,1,1,1,1,0,1,1,1,0,1,0,1,0,0,0,48.0,26,61.19999999999999,13.399999999999999
25,3,63,1,4,3,3,3,1,1,1,1,0,0,0,1,0,0,0,44.5,37,51.55,29.799999999999997
23,5,79,3,6,2,2,2,0,1,0,1,0,0,0,1,0,0,0,58.5,21,56.55,35.4
19,1,92,1,5,2,3,3,1,1,0,1,0,0,0,0,0,0,0,41.0,8,46.7,29.200000000000003
21,4,84,2,6,3,3,3,0,1,0,0,1,0,0,1,0,0,0,56.0,16,54.8,32.4
20,4,88,3,2,2,3,3,0,0,1,0,0,0,1,0,0,0,1,63.0,12,69.3,14.8
17,7,85,2,4,3,3,3,0,1,0,0,0,0,1,0,0,0,1,84.5,15,79.55,13.0
18,6,75,2,6,1,1,1,0,1,1,0,0,0,0,0,1,0,0,67.5,25,62.85,30.0
19,1,84,4,3,1,1,1,1,1,0,0,0,0,0,0,0,0,0,32.0,16,45.2,34.4
17,5,79,5,7,2,2,2,1,1,1,0,1,0,0,0,0,1,0,50.5,21,48.55,48.4
21,3,73,0,6,2,2,2,0,1,0,0,0,0,1,0,0,0,1,48.5,27,49.55,31.799999999999997
20,3,89,6,3,2,2,2,1,1,1,0,1,0,0,0,0,0,0,44.5,11,53.95,34.4
17,3,71,2,6,1,2,2,0,1,0,0,0,1,0,0,1,0,0,41.5,29,44.65,40.6
21,3,76,0,6,2,3,3,0,1,1,0,0,1,0,0,0,0,0,50.0,24,50.6,30.6
22,5,99,2,6,4,4,4,0,1,0,0,0,0,1,0,1,0,0,71.5,1,65.64999999999999,23.4
21,0,87,4,6,1,1,1,1,1,0,1,0,0,1,0,0,1,0,19.5,13,29.25,51.2
20,3,84,1,2,3,2,3,0,1,1,1,0,1,0,0,0,1,0,59.0,16,66.5,11.399999999999999
22,4,64,3,9,1,1,1,1,1,1,0,0,0,0,0,0,0,1,37.0,36,34.3,59.400000000000006
22,1,81,0,10,0,0,0,1,1,1,0,0,0,1,0,0,1,0,28.5,19,25.95,54.6
21,3,72,2,8,1,1,1,1,1,1,0,0,1,0,0,0,1,0,38.0,28,37.4,50.2
19,2,81,1,5,2,2,2,0,1,1,0,0,1,0,0,0,0,1,43.5,19,48.45,30.6
21,4,80,1,4,3,3,3,0,1,0,0,0,0,1,0,0,1,0,61.0,20,63.099999999999994,20.0
23,4,75,0,4,1,1,1,0,1,0,1,0,0,0,0,0,0,0,61.5,25,63.449999999999996,18.0
19,5,91,1,6,3,3,3,0,0,0,0,1,0,0,0,0,0,1,70.5,9,64.94999999999999,22.6
25,0,89,2,7,1,1,1,1,1,1,0,0,1,0,0,0,1,0,24.5,11,30.349999999999998,47.4
19,4,73,1,4,4,3,3,0,1,1,0,0,0,0,0,0,1,0,57.5,27,60.65,22.799999999999997
21,4,94,2,5,1,0,0,0,1,0,0,0,0,0,0,0,0,1,63.0,6,62.099999999999994,23.4
19,5,72,1,7,1,1,1,0,0,0,0,0,0,1,0,0,1,0,59.0,28,54.5,35.2
21,3,95,2,5,0,0,0,0,1,1,1,0,1,0,1,0,0,0,55.5,5,56.849999999999994,26.0
17,2,80,2,5,1,2,2,0,1,1,1,0,0,1,0,0,0,0,40.0,20,46.0,35.0
19,3,78,2,8,3,3,3,1,1,1,0,0,0,1,0,1,0,0,41.0,22,39.5,47.8
18,4,93,0,7,3,2,2,0,0,1,1,0,1,0,0,1,0,0,64.5,7,58.349999999999994,25.799999999999997
21,4,80,5,6,2,1,2,1,1,0,1,0,1,0,0,0,0,1,45.0,20,47.099999999999994,46.0
23,3,90,0,3,2,2,3,0,1,1,0,0,1,0,0,0,1,0,63.0,10,66.89999999999999,10.0
22,2,71,1,3,2,2,2,0,1,0,0,0,0,0,0,0,0,1,42.5,29,52.55,24.6
17,2,82,1,4,2,3,3,0,1,0,0,0,0,1,0,1,0,0,46.0,18,52.599999999999994,25.2
25,4,85,4,4,3,2,2,0,1,0,1,0,1,0,0,0,1,0,54.5,15,58.55,30.0
21,4,91,1,5,2,1,1,0,1,1,0,0,0,1,1,0,0,0,64.5,9,63.15,20.6
19,4,87,2,5,2,2,2,0,0,1,1,0,0,1,1,0,0,0,59.5,13,59.65,26.200000000000003
21,6,82,1,5,0,0,0,0,1,0,1,1,0,0,0,0,0,1,76.0,18,71.19999999999999,18.200000000000003
21,4,85,2,5,0,0,0,0,1,1,0,1,0,0,0,0,0,1,58.5,15,58.949999999999996,27.0
19,6,76,2,3,3,3,3,0,0,0,1,0,0,0,0,0,0,0,74.0,24,74.6,14.600000000000001
21,4,86,1,4,3,3,3,0,1,1,1,1,0,0,0,0,0,0,64.0,14,65.19999999999999,17.6
19,3,85,1,9,1,0,0,1,1,0,0,0,1,0,0,1,0,0,45.5,15,40.25,46.0
20,3,75,3,6,1,1,1,0,1,0,0,0,0,0,0,1,0,0,40.5,25,43.949999999999996,43.0
19,4,83,0,5,1,0,0,0,0,0,0,1,0,0,0,0,0,0,63.5,17,62.449999999999996,19.8
17,2,88,0,2,3,3,3,0,1,0,1,0,0,1,0,0,1,0,56.0,12,64.39999999999999,8.8
21,3,100,2,3,4,3,3,0,1,0,1,1,0,0,0,0,0,1,62.0,0,66.2,14.0
22,5,91,0,5,1,1,1,0,1,0,0,0,0,1,0,0,1,0,75.5,9,70.85,13.600000000000001
22,3,83,1,7,1,1,1,0,1,1,0,0,1,0,0,0,0,0,48.5,17,47.14999999999999,36.8
22,6,84,3,5,2,2,2,0,0,1,1,0,1,0,0,0,1,0,71.0,16,67.69999999999999,25.4
21,3,80,1,5,1,0,0,0,1,1,1,0,0,0,1,0,0,0,51.0,20,53.699999999999996,28.0
19,3,82,0,7,3,3,3,0,1,0,0,0,0,1,0,1,0,0,51.0,18,48.89999999999999,33.2
22,2,88,1,3,2,2,2,0,1,1,0,0,1,0,1,0,0,0,51.0,12,58.5,17.8
18,3,88,0,8,1,0,0,1,1,1,1,1,0,0,0,0,0,0,52.0,12,47.199999999999996,35.8
19,5,81,2,4,2,2,2,0,1,1,0,0,1,0,0,0,0,0,66.5,19,66.94999999999999,20.6
18,6,73,5,7,1,1,1,1,1,0,1,0,0,1,0,0,0,1,55.5,27,52.05,47.8
23,4,80,1,5,1,1,1,0,0,0,0,1,0,0,0,1,0,0,59.0,20,59.3,25.0
23,4,75,2,3,3,3,3,0,1,0,0,0,1,0,1,0,0,0,57.5,25,63.05,21.0
22,2,72,1,5,1,1,1,0,1,1,0,0,1,0,0,0,0,0,39.0,28,45.3,34.2
23,0,86,4,6,0,0,0,1,1,0,0,0,0,1,1,0,0,0,19.0,14,28.9,51.6
19,4,84,6,5,1,1,1,1,1,0,1,0,1,0,0,1,0,0,46.0,16,50.199999999999996,43.4
21,3,74,0,5,2,2,2,0,1,0,0,1,0,0,0,0,0,1,51.0,26,53.699999999999996,26.4
20,3,79,0,4,1,1,1,0,1,1,1,0,1,0,0,0,0,1,55.5,21,59.24999999999999,19.4
22,4,84,2,2,3,2,2,0,1,1,0,0,1,0,0,0,0,1,64.0,16,70.0,12.399999999999999
20,2,84,1,7,2,2,2,0,1,0,0,0,0,1,1,0,0,0,41.0,16,41.9,39.4
20,5,85,1,3,3,2,3,0,1,0,1,0,1,0,1,0,0,0,73.5,15,74.25,10.0
22,6,75,1,1,3,3,3,0,0,1,0,0,0,1,1,0,0,0,80.5,25,83.94999999999999,1.0
22,4,84,1,7,2,2,2,0,1,0,0,1,0,0,0,1,0,0,57.0,16,53.099999999999994,33.4
19,3,81,1,6,3,2,2,0,0,1,1,0,0,1,1,0,0,0,49.5,19,50.25,32.6
20,3,88,1,3,2,3,3,0,1,0,0,1,0,0,0,0,1,0,59.0,12,64.1,14.8
18,3,90,1,7,2,2,2,0,1,0,0,0,0,1,0,1,0,0,52.0,10,49.599999999999994,34.0
17,4,100,2,6,1,1,1,0,0,1,0,0,0,1,0,1,0,0,64.0,0,60.4,26.0
21,5,92,1,5,4,3,3,0,1,1,1,0,0,1,0,0,0,0,73.0,8,69.1,17.200000000000003
22,4,83,1,4,2,2,2,0,1,0,0,1,0,0,0,1,0,0,62.5,17,64.15,18.8
21,5,81,1,5,2,2,2,0,1,0,1,1,0,0,0,0,0,0,67.5,19,65.25,21.6
17,4,74,3,5,2,3,3,0,1,1,1,0,0,1,1,0,0,0,50.0,26,53.0,35.4
20,5,74,3,4,2,2,2,0,1,1,0,0,0,1,0,0,1,0,60.0,26,62.4,27.4
17,3,84,2,7,2,1,2,0,1,0,1,0,0,1,0,1,0,0,46.0,16,45.39999999999999,40.4
24,2,84,2,6,0,0,0,0,1,1,0,0,0,0,0,1,0,0,40.0,16,43.6,38.4
18,5,100,1,5,2,2,2,0,0,1,1,1,0,0,0,0,0,0,77.0,0,71.9,14.0
23,6,76,1,8,2,2,2,1,0,0,0,0,0,1,0,0,1,0,67.0,24,57.699999999999996,35.6
23,4,75,0,5,1,1,1,0,1,1,0,1,0,0,1,0,0,0,59.5,25,59.65,23.0
19,3,84,0,8,2,1,1,1,1,1,0,1,0,0,0,0,1,0,50.0,16,45.8,37.4
18,4,78,0,6,1,1,2,0,1,0,0,1,0,0,0,0,0,0,59.0,22,56.9,26.799999999999997
21,3,85,3,6,1,1,1,0,1,0,0,0,0,1,1,0,0,0,45.5,15,47.449999999999996,39.0
19,4,78,2,4,0,1,1,0,1,1,0,0,1,0,0,1,0,0,57.0,22,60.3,24.799999999999997
21,4,79,1,2,4,3,3,0,1,0,0,0,0,0,0,0,0,1,64.5,21,70.35,10.399999999999999
19,3,85,4,6,0,0,0,0,1,0,1,0,1,0,0,0,1,0,42.5,15,45.349999999999994,43.0
17,3,77,5,3,2,1,1,1,1,0,0,1,0,0,0,0,0,1,41.5,23,51.849999999999994,35.2
17,3,79,1,4,1,1,1,0,1,0,0,0,1,0,0,0,0,0,52.5,21,57.15,23.4
21,3,86,3,5,2,2,2,0,1,1,0,0,0,0,1,0,0,0,48.0,14,51.599999999999994,33.6
19,4,82,3,4,2,2,2,0,1,1,0,0,0,0,0,0,0,0,56.0,18,59.599999999999994,27.200000000000003
19,4,76,2,5,2,3,3,0,1,0,0,0,0,0,0,1,0,0,54.0,24,55.8,30.6
22,4,78,2,5,1,1,1,0,1,0,0,0,0,0,0,0,0,1,55.0,22,56.5,29.799999999999997
23,3,90,1,2,3,3,3,0,1,0,1,1,0,0,0,0,0,0,62.0,10,68.6,9.0
20,2,84,0,6,1,1,1,0,1,1,0,0,0,0,0,1,0,0,46.0,16,47.8,30.4
20,2,79,1,4,2,2,2,0,0,1,1,1,0,0,0,0,0,0,44.5,21,51.55,26.4
22,5,88,2,3,4,3,3,0,1,0,0,0,0,1,0,0,0,0,72.0,12,73.2,12.8
18,3,85,3,1,2,2,2,0,0,0,1,0,0,0,0,0,0,1,55.5,15,66.44999999999999,14.0
21,3,92,3,2,4,3,3,0,1,1,1,0,0,0,0,0,0,1,57.0,8,65.1,16.2
22,4,89,0,5,2,2,2,0,1,0,0,0,0,0,0,0,1,0,66.5,11,64.55,17.4
22,3,91,2,5,2,3,3,0,1,0,0,0,0,1,0,0,0,1,53.5,9,55.449999999999996,27.6
17,1,79,1,6,0,0,0,1,1,1,0,0,0,1,0,0,1,0,32.5,21,38.35,39.4
19,4,74,0,8,3,3,3,1,1,1,0,0,0,0,0,1,0,0,53.0,26,47.89999999999999,38.4
19,3,88,0,7,2,2,2,0,0,1,0,0,0,1,0,0,0,0,54.0,12,51.0,30.799999999999997
21,3,88,2,7,0,0,0,0,1,0,1,0,0,1,0,0,1,0,48.0,12,46.8,38.8
22,3,81,3,7,0,0,0,0,1,0,1,0,0,0,0,0,0,0,41.5,19,42.25,45.6
24,1,73,3,5,2,1,1,1,1,0,0,0,0,0,0,0,0,1,25.5,27,35.849999999999994,44.8
19,1,84,2,5,0,0,0,1,1,0,1,1,0,0,0,1,0,0,34.0,16,41.8,36.4
19,3,85,2,8,1,0,0,1,1,1,0,0,1,0,1,0,0,0,44.5,15,41.949999999999996,45.0
23,4,71,4,5,1,0,0,0,1,1,0,0,1,0,1,0,0,0,45.5,29,49.849999999999994,40.6
21,3,85,0,5,2,2,2,0,1,0,0,0,1,0,0,1,0,0,56.5,15,57.55,22.0
23,3,91,3,7,2,2,2,0,1,0,0,0,1,0,1,0,0,0,46.5,9,45.75,41.6
21,4,71,4,5,2,2,3,0,1,1,0,0,0,1,0,0,1,0,45.5,29,49.849999999999994,40.6
18,5,86,0,5,2,2,3,0,1,1,1,0,0,1,0,1,0,0,73.0,14,69.1,15.600000000000001
18,4,92,3,3,2,2,2,0,1,0,0,0,0,1,0,0,0,1,63.0,8,66.89999999999999,18.2
17,3,93,2,4,2,2,2,0,1,0,0,0,0,1,1,0,0,0,56.5,7,59.949999999999996,21.8
22,3,67,3,4,1,1,1,1,1,1,1,0,1,0,0,1,0,0,40.5,33,48.75,36.2
23,3,90,3,5,1,1,1,0,1,0,1,0,0,1,0,0,0,0,50.0,10,53.0,32.0
25,4,79,2,7,1,1,1,0,1,0,0,0,1,0,0,1,0,0,51.5,21,49.25,39.4
22,5,78,4,3,2,3,3,0,1,1,0,0,1,0,0,0,0,1,61.0,22,65.5,24.799999999999997
23,4,100,1,8,2,2,2,1,1,0,1,1,0,0,1,0,0,0,63.0,0,54.89999999999999,32.0
19,2,83,2,1,4,4,4,0,0,0,0,0,0,0,0,0,0,0,49.5,17,62.25,13.8
18,3,78,4,6,2,2,2,0,0,1,0,0,0,1,0,0,0,1,39.0,22,42.9,45.8
22,5,88,4,7,3,3,3,0,1,0,1,0,0,1,0,0,1,0,58.0,12,53.8,40.8
21,4,95,3,6,2,2,2,0,1,0,0,1,0,0,0,1,0,0,58.5,5,56.55,32.0
21,2,83,4,7,2,2,2,0,1,0,1,0,1,0,0,0,0,0,31.5,17,35.25,51.8
21,4,77,2,5,1,1,1,0,1,1,1,0,0,0,0,0,0,0,54.5,23,56.15,30.200000000000003
21,3,82,0,7,2,1,1,0,1,0,0,1,0,0,0,0,0,0,51.0,18,48.89999999999999,33.2
23,2,90,2,4,3,4,3,0,1,0,0,1,0,0,0,0,1,0,47.0,10,53.3,26.0
23,4,79,0,4,0,1,1,0,1,1,1,0,0,0,0,0,1,0,63.5,21,64.85,16.4
22,2,90,3,9,1,1,1,1,1,1,0,0,1,0,0,0,0,1,34.0,10,32.199999999999996,55.0
22,5,80,0,5,3,3,3,0,0,0,0,0,0,1,0,0,0,0,70.0,20,67.0,18.0
22,4,67,1,7,0,0,0,1,1,0,0,0,1,0,0,0,1,0,48.5,33,47.14999999999999,40.2
20,5,94,2,6,1,0,0,0,1,0,0,0,0,0,0,1,0,0,69.0,6,63.9,25.4
22,4,84,3,6,4,3,3,0,0,1,0,0,1,0,0,0,0,1,53.0,16,52.699999999999996,36.4
17,3,90,3,1,3,3,3,0,1,0,0,0,0,0,1,0,0,0,58.0,10,68.19999999999999,12.0
23,3,84,2,6,2,3,3,0,0,1,0,0,1,0,1,0,0,0,48.0,16,49.199999999999996,35.4
18,3,82,1,5,1,1,1,0,1,1,1,1,0,0,0,0,1,0,52.0,18,54.4,27.200000000000003
21,4,87,0,7,3,2,2,0,0,0,0,1,0,0,0,0,0,1,61.5,13,56.25,28.200000000000003
19,2,80,4,4,3,2,2,0,0,1,0,0,0,0,0,0,0,0,36.0,20,45.599999999999994,38.0
22,4,96,5,7,3,3,4,1,1,0,0,1,0,0,0,0,0,0,51.0,4,48.89999999999999,44.6
20,2,81,1,3,3,3,3,0,1,0,1,1,0,0,0,0,0,0,47.5,19,56.05,20.6
17,6,96,5,4,4,4,4,1,1,0,0,0,1,0,1,0,0,0,73.0,4,71.5,23.6
21,4,86,2,2,4,3,3,0,1,0,1,1,0,0,0,1,0,0,65.0,14,70.7,11.600000000000001
19,4,63,5,3,2,2,2,1,1,0,1,1,0,0,0,0,0,0,42.5,37,52.55,37.8
22,4,74,1,5,1,1,1,0,1,0,0,1,0,0,0,0,0,0,56.0,26,57.199999999999996,27.4
21,1,88,3,8,0,0,0,1,1,1,0,1,0,0,0,0,0,1,27.0,12,29.699999999999996,53.8
21,4,74,3,5,0,0,0,0,1,1,1,1,0,0,1,0,0,0,50.0,26,53.0,35.4
18,4,71,2,3,1,1,1,0,1,1,1,0,0,1,1,0,0,0,55.5,29,61.64999999999999,22.6
19,3,92,3,1,4,4,4,0,1,1,1,0,0,1,1,0,0,0,59.0,8,68.89999999999999,11.2
20,3,69,2,6,1,1,1,1,0,1,0,0,0,0,0,0,0,0,40.5,31,43.949999999999996,41.4
22,4,88,0,4,3,3,3,0,1,1,0,1,0,0,0,0,0,1,68.0,12,68.0,12.8
24,4,79,5,4,3,3,3,1,1,1,0,0,1,0,0,1,0,0,48.5,21,54.349999999999994,36.4
19,4,87,2,7,0,0,0,0,1,1,0,0,0,0,0,0,1,0,55.5,13,52.05,36.2
23,4,84,1,5,0,1,1,0,0,0,0,0,1,0,0,1,0,0,61.0,16,60.699999999999996,23.4
17,5,65,1,5,2,2,2,1,1,1,1,0,1,0,0,0,1,0,59.5,35,59.65,28.0
18,2,79,2,5,1,1,1,0,1,0,1,0,0,1,0,0,1,0,39.5,21,45.65,35.4
18,6,80,2,8,2,2,2,1,1,0,0,1,0,0,0,1,0,0,66.0,20,56.99999999999999,38.0
18,6,85,0,6,3,3,3,0,1,1,0,0,0,1,1,0,0,0,78.5,15,70.55,18.0
17,3,84,1,1,3,3,3,0,1,1,1,0,0,1,0,0,0,0,61.0,16,70.3,6.4
21,4,80,4,4,1,2,2,0,1,0,0,0,0,0,0,0,0,1,52.0,20,56.8,32.0
20,6,72,3,5,4,4,3,0,1,0,1,1,0,0,0,0,0,0,65.0,28,63.5,30.200000000000003
21,5,85,1,7,0,0,0,0,1,1,0,0,1,0,0,1,0,0,65.5,15,59.05,30.0
22,1,89,1,3,2,3,3,1,1,1,1,0,0,1,1,0,0,0,43.5,11,53.25,20.4
21,3,84,1,5,2,3,3,0,1,1,0,0,1,0,0,1,0,0,53.0,16,55.099999999999994,26.4
22,3,80,1,5,4,3,3,0,1,0,1,1,0,0,0,1,0,0,51.0,20,53.699999999999996,28.0
20,5,79,1,7,3,3,3,0,1,0,0,0,0,1,1,0,0,0,62.5,21,56.95,32.4
18,5,74,1,3,3,3,3,0,1,0,0,0,1,0,1,0,0,0,68.0,26,70.39999999999999,14.399999999999999
23,2,84,3,5,2,1,2,0,1,0,0,0,1,0,0,0,0,1,39.0,16,45.3,37.4
19,3,83,2,8,0,0,0,1,1,0,0,1,0,0,0,0,0,0,43.5,17,41.25,45.8
18,4,88,0,5,3,4,3,0,1,1,1,0,0,1,0,0,1,0,66.0,12,64.19999999999999,17.8
20,3,77,4,6,2,1,1,0,1,0,0,0,0,1,0,0,0,1,38.5,23,42.55,46.2
19,3,83,3,4,3,3,3,0,1,1,1,0,0,0,0,1,0,0,48.5,17,54.349999999999994,29.799999999999997
20,4,71,1,5,4,4,3,0,0,1,0,0,1,0,0,0,0,1,54.5,29,56.15,28.6
21,6,79,2,5,4,3,3,0,1,1,0,0,0,0,1,0,0,0,71.5,21,68.05,23.4
21,4,77,0,7,0,0,0,0,1,0,1,1,0,0,0,1,0,0,56.5,23,52.75,32.2
19,3,90,0,6,2,2,2,0,1,0,1,1,0,0,0,0,0,1,57.0,10,55.5,25.0
19,5,95,1,4,4,3,3,0,1,0,1,0,0,1,0,0,0,1,76.5,5,73.94999999999999,11.0
23,4,57,3,5,2,2,2,1,1,1,1,0,0,1,1,0,0,0,41.5,43,47.05,42.2
22,3,89,2,7,2,2,2,0,1,1,0,1,0,0,0,1,0,0,48.5,11,47.14999999999999,38.4
25,4,87,6,3,3,3,3,1,1,1,0,0,1,0,0,0,0,1,51.5,13,58.849999999999994,32.2
23,2,77,3,4,2,2,2,0,0,1,0,1,0,0,0,1,0,0,37.5,23,46.65,35.2
23,3,76,2,5,3,3,3,0,1,0,0,0,1,0,1,0,0,0,46.0,24,50.199999999999996,33.6
17,2,75,1,7,1,2,2,0,1,1,0,0,0,1,1,0,0,0,36.5,25,38.75,43.0
22,5,79,0,4,3,3,3,0,0,0,0,1,0,0,0,0,0,0,71.5,21,70.44999999999999,13.399999999999999
20,2,79,2,4,2,2,2,0,1,0,1,0,0,1,0,1,0,0,41.5,21,49.449999999999996,30.4
19,2,80,1,7,2,1,1,0,1,1,1,0,1,0,1,0,0,0,39.0,20,40.5,41.0
21,3,77,2,6,1,1,1,0,0,0,1,0,0,0,0,1,0,0,44.5,23,46.75,38.2
23,2,88,2,2,3,3,3,0,1,1,0,0,1,0,0,1,0,0,50.0,12,60.2,16.8
22,6,86,4,6,4,3,3,0,1,0,0,0,0,1,0,1,0,0,67.0,14,62.5,33.6
19,5,80,0,2,2,1,1,0,1,0,0,0,1,0,0,1,0,0,76.0,20,78.39999999999999,3.0
22,4,77,1,4,0,0,0,0,1,0,1,0,1,0,0,0,1,0,59.5,23,62.05,21.200000000000003
19,3,77,0,4,3,3,3,0,1,1,1,0,0,1,1,0,0,0,54.5,23,58.55,20.200000000000003
21,3,85,1,4,1,2,2,0,1,0,1,0,0,1,0,0,0,1,55.5,15,59.24999999999999,21.0
20,6,82,3,4,2,2,2,0,1,0,1,1,0,0,0,0,0,1,72.0,18,70.8,21.200000000000003
20,3,83,2,3,0,0,1,0,1,0,1,0,1,0,0,0,0,0,53.5,17,60.25,20.8
22,2,88,2,6,2,3,3,0,0,0,1,0,0,0,1,0,0,0,42.0,12,45.0,36.8
18,5,81,3,2,3,3,3,0,0,1,1,0,1,0,0,0,0,0,67.5,19,72.45,14.600000000000001
25,3,93,0,4,2,2,2,0,1,0,1,1,0,0,1,0,0,0,62.5,7,64.15,13.8
17,3,66,1,6,1,1,1,1,1,0,1,0,0,0,0,0,1,0,42.0,34,45.0,38.6
19,3,71,1,6,1,1,1,0,1,0,0,0,0,1,0,0,0,0,44.5,29,46.75,36.6
21,3,96,3,3,4,4,4,0,1,1,0,0,0,0,1,0,0,0,57.0,4,62.7,19.6
22,4,78,1,2,3,3,3,0,1,1,0,0,1,0,0,1,0,0,64.0,22,70.0,10.8
20,3,84,1,3,2,3,3,0,0,0,0,0,1,0,1,0,0,0,57.0,16,62.7,16.4
20,4,92,1,1,4,4,4,0,1,1,0,0,1,0,1,0,0,0,73.0,8,78.69999999999999,0.1999999999999993
21,5,84,2,5,3,3,3,0,1,0,1,0,0,1,0,0,1,0,66.0,16,64.19999999999999,24.4
20,5,89,2,4,4,4,3,0,1,1,1,0,0,1,0,0,0,0,70.5,11,69.75,17.4
24,2,86,1,4,0,0,0,0,1,1,0,0,1,0,0,1,0,0,48.0,14,53.99999999999999,23.6
22,5,89,2,6,4,3,3,0,1,1,1,1,0,0,0,0,1,0,66.5,11,62.15,27.4
22,5,85,1,7,3,3,3,0,1,0,0,0,0,0,1,0,0,0,65.5,15,59.05,30.0
18,5,87,2,5,1,1,1,0,1,1,0,0,1,0,0,0,1,0,67.5,13,65.25,23.200000000000003
20,4,77,1,5,1,1,1,0,1,1,0,0,0,1,0,0,0,1,57.5,23,58.25,26.200000000000003
20,3,86,1,4,3,2,2,0,1,1,0,0,1,0,0,0,0,1,56.0,14,59.599999999999994,20.6
18,1,81,3,4,2,2,2,1,1,1,0,0,1,0,0,0,0,1,31.5,19,42.449999999999996,36.6
21,4,81,2,5,2,2,2,0,0,0,0,0,0,1,0,0,0,1,56.5,19,57.55,28.6
19,6,68,3,7,4,3,3,1,1,1,0,0,1,0,0,1,0,0,59.0,32,54.5,41.8
22,4,78,3,3,2,3,3,0,1,1,0,0,0,0,0,0,0,1,56.0,22,62.0,23.799999999999997
18,3,80,1,3,2,2,2,0,1,1,1,0,0,1,1,0,0,0,55.0,20,61.3,18.0
24,4,94,1,5,2,2,2,0,1,0,1,0,0,1,1,0,0,0,66.0,6,64.19999999999999,19.4
19,2,79,1,1,1,1,1,0,1,1,0,1,0,0,1,0,0,0,50.5,21,62.94999999999999,11.399999999999999
21,3,84,2,6,2,2,2,0,1,0,1,0,0,1,0,1,0,0,48.0,16,49.199999999999996,35.4
22,5,93,0,7,1,2,2,0,1,1,0,0,0,0,0,0,1,0,72.5,7,63.95,22.799999999999997
19,4,72,3,9,0,0,0,1,1,1,1,0,0,1,0,0,1,0,41.0,28,37.1,56.2
22,3,78,1,5,0,0,0,0,1,0,1,0,0,1,0,1,0,0,50.0,22,53.0,28.799999999999997
18,6,89,2,7,2,2,2,0,1,0,0,0,0,1,1,0,0,0,72.5,11,63.95,29.4
24,2,100,2,5,1,2,2,0,1,1,0,0,0,0,1,0,0,0,50.0,0,53.0,27.0
21,4,66,1,8,0,0,0,1,1,0,0,0,0,0,0,0,0,0,46.0,34,42.99999999999999,45.6
19,5,81,2,4,2,2,2,0,1,0,1,1,0,0,0,0,0,1,66.5,19,66.94999999999999,20.6
20,5,87,2,6,2,2,2,0,1,0,0,0,0,0,0,0,0,1,65.5,13,61.449999999999996,28.200000000000003
22,4,88,1,6,1,1,1,0,1,0,0,0,0,0,0,1,0,0,61.0,12,58.3,26.799999999999997
19,5,100,1,6,3,3,3,0,1,0,0,1,0,0,1,0,0,0,75.0,0,68.1,19.0
19,4,76,1,4,1,1,1,0,1,0,0,0,1,0,0,1,0,0,59.0,24,61.699999999999996,21.6
20,4,80,3,5,2,2,2,0,1,0,0,1,0,0,0,0,0,0,53.0,20,55.099999999999994,33.0
18,4,69,2,7,0,0,0,1,1,0,1,0,1,0,0,0,0,0,46.5,31,45.75,43.4
25,5,83,5,6,1,1,2,1,1,0,1,1,0,0,0,0,0,0,54.5,17,53.75,41.8
19,2,86,0,5,1,1,1,0,1,0,0,0,1,0,1,0,0,0,49.0,14,52.3,24.6
22,3,98,3,7,3,3,3,0,1,1,1,0,0,0,0,0,1,0,50.0,2,48.2,38.8
21,4,95,1,7,3,3,3,0,1,0,1,1,0,0,0,1,0,0,62.5,5,56.95,29.0
18,4,94,4,6,4,3,3,0,1,0,0,0,0,0,0,0,1,0,55.0,6,54.1,36.4
21,3,76,2,6,0,0,0,0,1,1,0,0,0,0,0,0,1,0,44.0,24,46.4,38.6
22,1,85,3,4,2,3,3,1,1,0,0,0,0,1,0,0,0,0,33.5,15,43.849999999999994,35.0
20,1,85,2,6,1,1,1,1,1,0,1,0,0,0,0,1,0,0,32.5,15,38.35,41.0
23,2,85,2,2,3,3,3,0,1,1,1,1,0,0,0,0,0,1,48.5,15,59.14999999999999,18.0
23,7,81,0,5,3,3,3,0,1,0,0,0,1,0,0,1,0,0,86.5,19,78.55,11.600000000000001
23,0,91,3,6,1,1,1,1,1,1,1,1,0,0,0,0,1,0,24.5,9,32.75,45.6
20,3,79,7,4,2,1,1,1,1,0,0,0,0,0,0,0,1,0,34.5,21,44.55,47.4
18,3,84,2,5,2,2,2,0,1,0,0,0,1,0,1,0,0,0,50.0,16,53.0,30.4
19,4,93,3,6,3,3,3,0,1,0,0,0,1,0,0,0,0,0,57.5,7,55.85,32.8
21,3,99,3,3,3,3,3,0,1,0,0,0,0,0,1,0,0,0,58.5,1,63.75,18.4
22,2,75,1,7,1,1,1,0,1,0,0,0,0,0,0,0,1,0,36.5,25,38.75,43.0
17,5,86,0,6,3,2,2,0,1,0,0,1,0,0,0,0,0,1,71.0,14,65.3,20.6
21,1,85,3,2,3,3,3,1,1,0,0,0,0,0,1,0,0,0,37.5,15,51.45,25.0
21,6,91,1,5,2,3,3,0,1,0,0,1,0,0,0,0,0,1,80.5,9,74.35,14.600000000000001
20,4,95,6,8,3,3,3,1,1,0,0,1,0,0,0,0,0,1,45.5,5,42.65,54.0
23,2,79,0,5,2,1,1,0,1,1,1,1,0,0,0,1,0,0,45.5,21,49.849999999999994,27.4
21,3,81,2,4,2,2,2,0,1,1,1,1,0,0,0,0,0,0,50.5,19,55.74999999999999,26.6
23,5,82,4,4,3,3,3,0,1,0,0,0,0,0,1,0,0,0,61.0,18,63.099999999999994,28.200000000000003
20,2,85,1,5,1,1,1,0,1,0,0,0,0,1,0,1,0,0,45.5,15,49.849999999999994,29.0
23,4,88,1,3,1,1,1,0,1,0,0,0,0,0,0,0,0,0,67.0,12,69.7,11.8
24,3,79,5,8,2,2,2,1,1,1,0,0,1,0,0,1,0,0,32.5,21,33.55,59.400000000000006
23,3,96,1,7,0,0,0,0,1,0,1,0,1,0,0,0,0,0,55.0,4,51.7,31.6
18,4,67,0,7,1,0,0,1,1,0,1,0,0,1,0,0,0,1,51.5,33,49.25,36.2
20,4,72,3,2,2,2,2,0,1,0,0,0,0,1,1,0,0,0,55.0,28,63.7,21.200000000000003
20,4,86,2,5,4,4,4,0,1,0,0,0,0,1,0,0,1,0,59.0,14,59.3,26.6
22,5,80,1,7,2,2,2,0,1,1,0,0,0,0,0,0,0,1,63.0,20,57.3,32.0
22,4,77,1,3,3,3,3,0,1,0,0,0,0,1,0,0,1,0,61.5,23,65.85,16.200000000000003
19,3,89,2,5,1,1,1,0,1,0,0,1,0,0,0,0,1,0,52.5,11,54.75,28.4
21,2,88,4,3,1,1,1,0,1,0,1,1,0,0,0,0,1,0,42.0,12,52.2,29.799999999999997
17,4,92,4,7,2,2,2,0,1,0,0,0,0,0,0,0,1,0,52.0,8,49.599999999999994,42.2
24,4,73,1,5,1,1,1,0,1,0,1,0,1,0,0,0,0,1,55.5,27,56.849999999999994,27.799999999999997
19,4,88,3,5,2,1,1,0,1,1,0,0,1,0,0,0,0,1,57.0,12,57.9,29.799999999999997
21,4,88,3,3,2,2,2,0,1,0,1,0,1,0,0,0,0,0,61.0,12,65.5,19.8
20,2,73,3,8,1,1,1,1,1,1,1,0,0,0,0,1,0,0,27.5,27,30.049999999999997,56.8
23,2,82,2,5,1,1,0,0,0,1,0,0,0,1,1,0,0,0,41.0,18,46.7,34.2
17,4,89,2,6,2,2,2,0,1,0,1,0,1,0,0,0,0,0,58.5,11,56.55,30.4
21,1,92,2,6,1,1,1,1,1,0,1,0,0,1,0,0,0,1,36.0,8,40.8,38.2
20,5,80,3,3,3,2,2,0,1,0,0,0,1,0,0,0,0,0,65.0,20,68.3,20.0
20,5,73,1,2,4,4,3,0,1,0,0,0,0,1,0,1,0,0,69.5,27,73.85,9.8
24,2,94,1,5,1,2,2,0,1,0,1,1,0,0,0,0,1,0,50.0,6,53.0,25.4
19,3,82,4,7,2,1,1,0,1,1,1,0,0,1,0,0,1,0,39.0,18,40.5,49.2
22,4,66,4,2,4,3,3,1,1,0,1,0,0,0,0,0,0,1,49.0,34,59.5,27.6
21,3,80,1,9,0,0,0,1,0,0,1,1,0,0,0,0,0,1,43.0,20,38.5,48.0
23,4,76,3,5,1,1,1,0,0,0,0,0,0,0,0,0,0,0,51.0,24,53.699999999999996,34.6
19,3,72,4,5,0,0,0,0,1,1,1,0,0,1,0,1,0,0,38.0,28,44.599999999999994,43.2
19,3,82,2,5,0,0,0,0,1,0,0,0,0,1,0,0,1,0,49.0,18,52.3,31.200000000000003
23,3,79,1,7,3,2,2,0,1,1,1,0,1,0,0,0,0,0,46.5,21,45.75,38.4
21,4,81,0,3,2,2,2,0,1,0,1,0,0,1,0,0,1,0,66.5,19,69.35,10.600000000000001
17,4,78,4,5,1,1,1,0,0,1,0,1,0,0,0,1,0,0,49.0,22,52.3,37.8
19,4,86,1,5,2,2,2,0,1,0,1,0,0,0,0,0,0,0,62.0,14,61.4,22.6
21,4,80,1,8,2,3,3,1,1,1,1,1,0,0,0,0,0,1,53.0,20,47.89999999999999,40.0
22,5,87,0,4,1,1,1,0,1,1,0,0,1,0,1,0,0,0,75.5,13,73.25,10.2
19,4,79,2,5,2,2,2,0,0,1,0,0,0,1,0,1,0,0,55.5,21,56.849999999999994,29.4
17,6,90,1,5,3,3,3,0,1,1,1,0,0,0,0,0,1,0,80.0,10,74.0,15.0
22,2,82,1,4,1,0,0,0,1,0,0,0,0,0,1,0,0,0,46.0,18,52.599999999999994,25.2
18,3,72,3,8,1,2,2,1,1,1,1,0,0,1,0,1,0,0,35.0,28,35.3,54.2
17,4,75,4,3,3,3,3,0,1,0,0,0,0,0,0,0,1,0,51.5,25,58.849999999999994,29.0
17,4,72,0,2,3,4,3,0,0,0,0,0,0,1,1,0,0,0,64.0,28,70.0,9.200000000000003
22,4,58,1,5,2,3,3,1,1,1,0,0,0,1,0,0,1,0,48.0,42,51.599999999999994,33.8
21,4,71,2,4,1,1,1,0,1,1,0,0,0,1,0,0,1,0,53.5,29,57.849999999999994,27.6
20,4,73,0,6,2,2,2,0,0,0,0,0,1,0,1,0,0,0,56.5,27,55.15,28.799999999999997
24,5,82,0,6,0,0,0,0,1,0,1,0,0,0,0,0,0,0,69.0,18,63.9,22.200000000000003
22,2,87,0,5,0,0,0,0,1,0,0,0,0,0,0,1,0,0,49.5,13,52.65,24.2
24,4,71,3,5,1,1,1,0,1,0,1,0,1,0,0,0,0,0,48.5,29,51.949999999999996,36.6
17,3,75,1,1,4,3,3,0,1,0,0,1,0,0,0,0,1,0,56.5,25,67.14999999999999,10.0
20,5,88,4,6,1,1,2,0,1,0,0,0,0,1,1,0,0,0,60.0,12,57.6,35.8
17,4,80,2,5,2,3,3,0,1,0,1,0,0,1,0,1,0,0,56.0,20,57.199999999999996,29.0
20,3,68,0,8,0,0,0,1,1,0,1,1,0,0,0,0,0,1,42.0,32,40.199999999999996,43.8
20,5,82,1,7,3,3,3,0,0,1,1,1,0,0,0,1,0,0,64.0,18,58.0,31.200000000000003
22,3,84,1,2,4,4,4,0,1,0,0,0,0,0,0,0,0,0,59.0,16,66.5,11.399999999999999
21,2,84,1,7,1,1,1,0,1,1,1,0,0,0,1,0,0,0,41.0,16,41.9,39.4
22,3,100,1,3,2,2,2,0,0,0,0,0,0,1,0,0,0,0,65.0,0,68.3,10.0
22,7,76,1,7,2,1,1,0,1,0,0,0,1,0,0,0,1,0,77.0,24,67.1,27.6
25,3,90,2,8,1,1,1,1,1,0,0,0,0,1,0,1,0,0,47.0,10,43.699999999999996,43.0
20,4,81,1,8,2,2,2,1,1,0,0,0,1,0,0,0,0,0,53.5,19,48.24999999999999,39.6
18,4,85,4,4,0,0,0,0,1,1,1,0,0,1,0,0,0,1,54.5,15,58.55,30.0
21,3,76,3,6,0,0,0,0,1,0,0,1,0,0,0,0,0,0,41.0,24,44.3,42.6
19,5,76,0,7,0,0,0,0,0,1,0,1,0,0,0,0,1,0,64.0,24,58.0,29.6
24,4,72,1,6,1,2,2,0,1,1,1,0,1,0,0,0,0,0,53.0,28,52.699999999999996,33.2
20,4,70,3,2,3,3,3,0,1,0,0,0,0,1,0,1,0,0,54.0,30,63.0,22.0
19,3,87,1,5,3,3,3,0,1,0,0,0,0,0,0,1,0,0,54.5,13,56.15,25.200000000000003
20,4,77,0,6,1,2,2,0,1,0,0,1,0,0,1,0,0,0,58.5,23,56.55,27.200000000000003
22,3,100,0,5,3,3,3,0,1,0,0,0,0,0,0,0,1,0,64.0,0,62.8,16.0
20,4,78,3,4,0,0,0,0,1,0,0,0,0,1,1,0,0,0,54.0,22,58.199999999999996,28.799999999999997
19,6,87,4,5,3,3,3,0,1,1,1,0,0,1,0,1,0,0,69.5,13,66.65,28.200000000000003
24,6,82,0,7,2,2,2,0,1,0,1,1,0,0,0,0,0,0,75.0,18,65.7,24.200000000000003
19,3,67,3,6,0,1,1,1,1,1,0,0,1,0,0,0,0,0,36.5,33,41.15,46.2
21,4,71,3,6,1,2,2,0,1,0,1,1,0,0,0,0,0,1,46.5,29,48.15,41.6
22,2,69,2,5,2,1,1,1,1,1,0,1,0,0,0,0,1,0,34.5,31,42.15,39.4
17,3,93,0,6,3,3,3,0,1,1,0,0,1,0,0,1,0,0,58.5,7,56.55,23.799999999999997
22,1,92,2,1,2,2,2,1,1,0,0,0,0,0,1,0,0,0,46.0,8,59.8,13.2
18,5,97,5,5,2,2,2,1,1,0,1,0,0,0,0,1,0,0,63.5,3,62.449999999999996,31.200000000000003
22,3,64,2,4,2,2,2,1,1,0,0,0,0,0,0,0,0,1,42.0,36,49.8,33.4
18,3,71,1,5,1,1,1,0,1,1,1,0,1,0,0,1,0,0,46.5,29,50.55,31.6
22,3,86,2,3,3,3,3,0,1,1,1,0,0,1,1,0,0,0,55.0,14,61.3,19.6
23,5,75,2,6,1,0,0,0,1,0,1,0,0,0,0,0,0,0,59.5,25,57.25,33.0
22,5,87,1,9,2,2,2,1,0,0,1,0,1,0,1,0,0,0,62.5,13,52.15,39.2
21,5,78,0,5,2,2,2,0,1,0,0,0,1,0,0,0,1,0,69.0,22,66.3,18.799999999999997
20,2,77,1,5,3,2,2,0,1,0,0,1,0,0,0,0,0,1,41.5,23,47.05,32.2
19,4,67,1,10,0,0,0,1,1,0,0,0,1,0,1,0,0,0,42.5,33,35.75,55.2
24,2,77,2,3,1,0,0,0,1,0,1,0,0,0,0,0,0,0,42.5,23,52.55,26.200000000000003
19,4,85,1,6,1,1,1,0,1,0,0,0,0,0,0,0,1,0,59.5,15,57.25,28.0
18,4,59,1,5,2,3,3,1,1,1,1,0,0,1,1,0,0,0,48.5,41,51.949999999999996,33.400000000000006
22,3,82,1,4,1,1,1,0,1,0,1,1,0,0,0,0,0,1,54.0,18,58.199999999999996,22.2
19,4,73,1,7,2,2,2,0,1,1,0,0,0,1,0,0,0,0,51.5,27,49.25,37.8
18,3,75,2,5,3,3,3,0,1,0,0,0,0,0,0,0,0,1,45.5,25,49.849999999999994,34.0
17,5,76,3,3,0,1,0,0,1,0,0,0,0,1,0,1,0,0,63.0,24,66.89999999999999,21.6
19,3,85,4,5,2,1,1,0,0,1,0,0,1,0,1,0,0,0,44.5,15,49.15,38.0
20,3,88,1,5,3,2,2,0,1,0,0,1,0,0,0,0,1,0,55.0,12,56.5,24.799999999999997
21,4,96,1,4,2,1,1,0,1,1,1,0,1,0,0,0,0,1,69.0,4,68.69999999999999,13.600000000000001
23,5,88,1,2,2,3,3,0,1,0,0,0,0,0,0,0,0,1,77.0,12,79.1,3.8000000000000007
22,2,84,2,4,1,1,1,0,0,1,0,0,1,0,1,0,0,0,44.0,16,51.199999999999996,28.4
20,4,96,1,2,3,3,3,0,1,0,0,0,1,0,1,0,0,0,73.0,4,76.3,3.5999999999999996
20,4,69,1,5,1,1,1,1,1,0,1,0,1,0,0,0,0,0,53.5,31,55.449999999999996,29.4
22,4,86,4,6,1,1,1,0,1,1,0,1,0,0,1,0,0,0,51.0,14,51.3,39.6
23,3,89,1,3,0,0,0,0,1,1,1,1,0,0,1,0,0,0,59.5,11,64.45,14.399999999999999
21,2,83,2,5,2,1,1,0,1,1,0,0,0,1,0,0,1,0,41.5,17,47.05,33.8
20,3,81,4,3,2,2,2,0,1,1,1,0,0,0,0,1,0,0,46.5,19,55.349999999999994,29.6
18,4,80,1,4,1,1,1,0,1,1,1,0,0,0,0,0,0,1,61.0,20,63.099999999999994,20.0
17,4,77,1,4,3,3,3,0,1,1,0,0,0,0,1,0,0,0,59.5,23,62.05,21.200000000000003
22,3,78,2,6,1,1,1,0,1,1,0,1,0,0,1,0,0,0,45.0,22,47.099999999999994,37.8
22,4,90,3,2,2,2,2,0,1,0,0,0,0,1,1,0,0,0,64.0,10,70.0,14.0
22,3,73,1,7,2,2,2,0,1,1,0,1,0,0,1,0,0,0,43.5,27,43.65,40.8
20,3,83,0,7,0,0,0,0,1,0,1,1,0,0,0,0,1,0,51.5,17,49.25,32.8
24,3,81,1,5,2,2,2,0,1,1,1,1,0,0,0,1,0,0,51.5,19,54.05,27.6
19,3,70,0,3,1,1,1,0,1,0,0,1,0,0,0,1,0,0,53.0,30,59.89999999999999,18.0
23,2,88,4,1,1,1,1,0,1,0,0,0,0,0,1,0,0,0,46.0,12,59.8,19.8
20,3,71,1,7,2,1,1,0,1,0,1,0,0,0,0,1,0,0,42.5,29,42.949999999999996,41.6
19,5,76,0,9,0,1,0,1,1,1,1,0,0,1,0,0,0,0,60.0,24,50.4,39.6
22,4,81,2,5,3,2,2,0,1,0,0,1,0,0,1,0,0,0,56.5,19,57.55,28.6
21,3,93,2,3,3,3,3,0,1,1,0,1,0,0,0,0,0,0,58.5,7,63.75,16.8
21,5,86,0,3,4,3,3,0,0,0,0,0,0,1,1,0,0,0,77.0,14,76.7,5.600000000000001
21,3,84,1,7,1,1,1,0,0,0,0,1,0,0,0,0,0,0,49.0,16,47.5,36.4
20,4,92,1,5,1,1,1,0,1,0,0,1,0,0,0,1,0,0,65.0,8,63.5,20.200000000000003
26,1,79,1,3,0,0,0,1,1,0,1,0,0,1,1,0,0,0,38.5,21,49.75,24.4
23,3,98,1,9,1,1,1,1,1,0,1,0,0,1,0,0,0,1,52.0,2,44.8,40.8
22,3,86,2,7,1,1,1,0,1,1,1,0,1,0,1,0,0,0,47.0,14,46.099999999999994,39.6
21,1,83,0,6,1,1,1,1,1,0,0,0,0,1,0,0,0,0,37.5,17,41.85,33.8
23,3,67,1,4,2,2,2,1,1,1,0,0,0,1,0,1,0,0,46.5,33,52.949999999999996,28.200000000000003
22,4,89,2,5,1,1,1,0,1,0,1,0,0,1,0,0,0,1,60.5,11,60.349999999999994,25.4
21,3,86,0,7,3,3,3,0,1,1,0,0,1,0,1,0,0,0,53.0,14,50.3,31.6
20,4,80,4,5,4,3,3,0,1,1,1,0,1,0,0,0,0,0,50.0,20,53.0,37.0
20,2,78,1,7,1,1,1,0,1,0,0,1,0,0,0,0,0,0,38.0,22,39.8,41.8
17,3,98,3,7,3,3,3,0,1,1,0,0,0,0,0,0,1,0,50.0,2,48.2,38.8
21,2,75,0,6,2,2,2,0,1,0,0,0,1,0,0,0,0,0,41.5,25,44.65,34.0
19,4,84,1,3,3,2,2,0,1,0,1,1,0,0,0,1,0,0,65.0,16,68.3,13.399999999999999
24,3,82,2,3,2,2,2,0,1,0,0,0,1,0,0,0,0,0,53.0,18,59.89999999999999,21.2
21,3,87,1,2,4,4,3,0,1,1,0,1,0,0,0,0,0,0,60.5,13,67.55,10.2
18,5,66,2,7,2,2,2,1,0,0,1,1,0,0,0,1,0,0,53.0,34,50.3,41.6
20,4,87,2,5,3,4,3,0,1,0,0,0,0,1,0,0,1,0,59.5,13,59.65,26.200000000000003
18,5,94,0,5,3,3,3,0,1,1,0,0,0,0,0,0,0,0,77.0,6,71.9,12.399999999999999
22,3,66,0,2,2,2,2,1,1,0,1,0,0,0,0,1,0,0,53.0,34,62.3,14.600000000000001
21,5,74,2,8,0,0,0,1,1,1,0,1,0,0,0,0,1,0,55.0,26,49.3,43.4
23,3,86,3,3,3,3,3,0,1,1,0,0,1,0,0,1,0,0,52.0,14,59.2,23.6
19,1,80,2,6,2,2,2,1,1,1,1,1,0,0,0,0,0,0,30.0,20,36.6,43.0
21,2,87,2,2,2,2,2,0,1,0,0,0,0,0,0,0,1,0,49.5,13,59.849999999999994,17.2
18,3,88,1,7,1,1,1,0,1,1,0,0,1,0,0,0,0,1,51.0,12,48.89999999999999,34.8
22,1,83,2,7,2,2,2,1,1,1,1,0,1,0,0,1,0,0,29.5,17,33.849999999999994,46.8
22,4,96,2,5,1,2,2,0,1,0,0,1,0,0,0,1,0,0,64.0,4,62.8,22.6
22,5,88,1,5,2,1,1,0,1,1,0,1,0,0,0,0,1,0,71.0,12,67.69999999999999,18.799999999999997
21,4,56,3,5,0,0,0,1,1,0,0,1,0,0,0,1,0,0,41.0,44,46.7,42.6
21,3,87,2,4,3,2,2,0,1,1,1,0,0,0,0,0,1,0,53.5,13,57.849999999999994,24.200000000000003
24,3,81,3,7,2,2,2,0,1,1,0,0,0,0,1,0,0,0,41.5,19,42.25,45.6
20,4,86,3,6,2,2,2,0,0,0,0,0,1,0,0,1,0,0,54.0,14,53.4,35.6
21,4,91,3,2,3,2,2,0,0,0,0,1,0,0,0,1,0,0,64.5,9,70.35,13.600000000000001
18,4,79,2,5,2,2,2,0,1,0,0,1,0,0,0,0,0,0,55.5,21,56.849999999999994,29.4
19,2,82,3,5,2,1,1,0,1,0,1,0,0,1,0,0,0,0,38.0,18,44.599999999999994,38.2
21,4,88,2,4,2,2,2,0,1,0,1,1,0,0,0,1,0,0,62.0,12,63.8,20.799999999999997
23,3,73,1,5,1,1,1,0,1,1,0,1,0,0,0,1,0,0,47.5,27,51.25,30.799999999999997
20,4,78,2,5,1,0,0,0,1,0,1,0,0,0,0,1,0,0,55.0,22,56.5,29.799999999999997
20,6,77,2,5,3,3,3,0,1,0,0,0,0,0,0,1,0,0,70.5,23,67.35,24.200000000000003
20,4,90,4,6,2,2,2,0,0,0,1,1,0,0,0,1,0,0,53.0,10,52.699999999999996,38.0
19,3,95,3,6,2,2,2,0,0,0,1,0,0,1,0,0,0,0,50.5,5,50.949999999999996,35.0
21,3,100,3,6,1,1,1,0,1,0,0,1,0,0,0,0,0,0,53.0,0,52.699999999999996,33.0
17,5,88,1,4,1,0,0,0,1,1,0,0,0,1,1,0,0,0,73.0,12,71.5,13.8
23,5,91,1,4,3,3,3,0,1,0,1,0,0,1,0,1,0,0,74.5,9,72.55,12.600000000000001
19,4,68,1,6,4,3,3,1,1,1,0,0,1,0,0,1,0,0,51.0,32,51.3,34.8
22,5,67,2,6,2,2,2,1,1,1,1,0,0,1,0,0,0,1,55.5,33,54.449999999999996,36.2
18,2,75,2,4,2,1,1,0,1,0,1,1,0,0,0,0,0,1,39.5,25,48.05,32.0
22,3,72,2,5,2,1,1,0,1,1,0,0,1,0,0,1,0,0,44.0,28,48.8,35.2
22,2,86,6,6,2,3,3,1,0,1,0,0,0,1,0,0,0,1,29.0,14,35.9,53.6
21,5,95,2,5,2,2,2,0,1,0,1,1,0,0,1,0,0,0,71.5,5,68.05,20.0
18,5,82,1,7,3,3,3,0,1,1,0,1,0,0,0,1,0,0,64.0,18,58.0,31.200000000000003
21,2,76,1,3,4,3,3,0,1,0,1,0,0,0,0,0,0,0,45.0,24,54.3,22.6
18,3,84,2,2,3,3,3,0,1,1,0,0,0,1,0,0,0,1,56.0,16,64.39999999999999,15.399999999999999
20,2,76,3,7,1,1,1,0,1,1,1,0,0,0,1,0,0,0,31.0,24,34.9,50.6
23,4,77,0,6,1,0,0,0,1,1,0,0,0,1,0,1,0,0,58.5,23,56.55,27.200000000000003
22,3,80,0,5,3,2,2,0,1,0,1,0,1,0,0,0,0,0,54.0,20,55.8,24.0
21,4,85,1,4,1,2,2,0,1,1,0,0,0,1,0,0,0,1,63.5,15,64.85,18.0
18,3,68,3,6,2,3,3,1,1,0,0,0,1,0,0,1,0,0,37.0,32,41.5,45.8
22,6,65,0,5,2,1,1,1,1,0,1,0,1,0,0,0,0,0,70.5,35,67.35,21.0
21,4,75,2,5,1,1,1,0,1,0,1,1,0,0,0,0,0,0,53.5,25,55.449999999999996,31.0
17,3,86,0,5,2,3,3,0,1,1,0,0,0,0,0,0,1,0,57.0,14,57.9,21.6
22,2,71,2,6,1,1,1,0,1,1,1,0,0,1,0,0,1,0,33.5,29,39.05,43.6
20,1,96,2,7,0,0,0,1,1,0,0,0,0,0,0,0,1,0,36.0,4,38.4,41.6
23,1,88,1,7,2,1,1,1,1,0,0,0,1,0,0,0,0,1,35.0,12,37.7,40.8
18,4,87,3,6,1,1,1,0,1,0,1,0,0,0,0,0,1,0,54.5,13,53.75,35.2
17,3,88,2,5,3,2,2,0,1,0,0,0,1,0,1,0,0,0,52.0,12,54.4,28.799999999999997
21,5,85,1,6,4,3,3,0,1,0,1,0,1,0,0,1,0,0,67.5,15,62.85,25.0
21,4,86,1,7,0,0,0,0,1,1,0,0,0,1,1,0,0,0,58.0,14,53.8,32.6
17,1,91,5,5,2,2,2,1,1,1,1,0,0,1,0,0,0,1,28.5,9,37.95,45.6
18,2,90,3,5,3,3,3,0,1,0,0,1,0,0,1,0,0,0,42.0,10,47.4,35.0
27,1,84,0,6,2,1,1,1,1,1,1,0,1,0,0,0,0,1,38.0,16,42.199999999999996,33.4
20,3,97,1,6,2,2,2,0,1,0,0,0,0,1,0,0,0,0,57.5,3,55.85,26.200000000000003
22,4,82,2,5,4,4,3,0,1,0,1,0,0,1,0,1,0,0,57.0,18,57.9,28.200000000000003
19,4,78,1,6,1,1,1,0,1,1,1,0,1,0,0,0,0,1,56.0,22,54.8,30.799999999999997
17,3,70,0,4,4,3,3,0,1,1,1,1,0,0,0,1,0,0,51.0,30,56.099999999999994,23.0
20,2,76,2,5,2,2,2,0,1,0,0,0,0,0,1,0,0,0,38.0,24,44.599999999999994,36.6
20,7,91,0,8,1,1,1,1,1,0,0,0,1,0,0,0,0,1,85.5,9,70.64999999999999,22.6
20,4,81,1,6,3,3,3,0,1,0,0,0,1,0,0,0,0,1,57.5,19,55.85,29.6
20,6,85,2,4,1,1,1,0,0,0,0,0,1,0,0,1,0,0,76.5,15,73.94999999999999,16.0
21,5,82,0,4,2,2,2,0,1,0,1,0,0,1,0,0,1,0,73.0,18,71.5,12.2
20,4,72,3,3,3,2,2,0,1,1,0,0,0,0,0,0,0,1,53.0,28,59.89999999999999,26.200000000000003
18,4,79,1,8,0,1,1,1,1,1,0,1,0,0,0,1,0,0,52.5,21,47.55,40.4
22,3,75,2,3,1,1,1,0,1,0,1,0,0,1,0,1,0,0,49.5,25,57.45,24.0
17,3,78,1,1,3,2,2,0,1,0,1,0,0,1,0,0,0,0,58.0,22,68.19999999999999,8.8
17,3,74,2,3,1,1,1,0,1,0,0,1,0,0,0,0,1,0,49.0,26,57.099999999999994,24.4
22,3,85,2,5,2,2,2,0,1,0,1,1,0,0,0,0,0,1,50.5,15,53.349999999999994,30.0
22,0,88,2,4,0,1,1,1,1,0,0,1,0,0,1,0,0,0,30.0,12,41.4,32.8
20,3,82,4,5,3,3,3,0,1,0,0,0,0,1,0,1,0,0,43.0,18,48.099999999999994,39.2
17,4,66,1,6,2,2,2,1,0,1,1,0,0,1,0,0,0,1,50.0,34,50.6,35.6
19,2,71,1,4,2,2,2,0,0,0,1,0,1,0,0,0,0,0,40.5,29,48.75,29.6
20,2,87,3,3,3,3,3,0,1,0,1,1,0,0,0,0,0,0,44.5,13,53.95,26.200000000000003
17,4,76,1,7,1,1,1,0,1,1,0,0,1,0,0,0,0,0,53.0,24,50.3,36.6
19,4,76,1,6,2,2,2,0,1,0,1,0,0,0,0,1,0,0,55.0,24,54.1,31.6
22,3,82,0,1,4,3,3,0,1,1,0,0,0,1,0,0,0,0,63.0,18,71.69999999999999,3.1999999999999993
24,4,75,0,2,2,3,3,0,0,0,0,0,1,0,0,0,0,1,65.5,25,71.05,8.0
20,4,65,5,2,3,3,3,1,1,0,0,0,0,0,0,0,0,1,45.5,35,57.05,32.0
22,3,74,2,5,2,2,2,0,1,1,0,0,0,0,0,0,0,0,45.0,26,49.5,34.4
17,3,78,3,5,0,0,0,0,1,0,1,1,0,0,1,0,0,0,44.0,22,48.8,36.8
22,4,77,1,5,2,2,2,0,1,0,0,1,0,0,0,0,1,0,57.5,23,58.25,26.200000000000003
19,4,87,1,5,1,0,0,0,1,0,0,0,0,0,0,0,1,0,62.5,13,61.75,22.200000000000003
21,3,82,3,7,2,3,3,0,1,0,0,0,0,1,0,1,0,0,42.0,18,42.599999999999994,45.2
20,4,82,1,6,1,1,1,0,1,0,0,0,1,0,0,0,0,0,58.0,18,56.199999999999996,29.200000000000003
23,5,91,1,3,2,2,2,0,1,1,0,1,0,0,0,0,0,0,76.5,9,76.35,7.600000000000001
19,4,69,3,4,4,3,3,1,1,0,1,0,1,0,0,0,0,0,49.5,31,55.05,32.4
22,1,94,0,4,1,1,1,1,1,0,1,0,1,0,0,0,0,1,47.0,6,53.3,19.4
20,4,80,2,5,1,1,1,0,1,0,0,0,1,0,0,0,1,0,56.0,20,57.199999999999996,29.0
20,4,81,2,5,3,2,2,0,1,1,0,1,0,0,0,0,1,0,56.5,19,57.55,28.6
20,2,78,4,6,1,1,1,0,1,0,0,0,0,1,0,0,0,1,31.0,22,37.3,48.8
19,4,92,2,5,3,3,2,0,1,1,1,0,0,1,0,0,0,1,62.0,8,61.4,24.200000000000003
21,2,79,4,3,1,1,1,0,1,1,0,0,0,0,0,0,1,0,37.5,21,49.05,33.4
20,5,84,2,6,2,2,2,0,0,0,0,0,0,1,0,0,1,0,64.0,16,60.4,29.4
21,2,84,3,7,0,0,0,0,1,0,1,0,0,0,0,0,0,1,35.0,16,37.7,47.4
21,5,85,2,8,1,1,1,1,1,0,0,0,0,0,0,0,1,0,60.5,15,53.14999999999999,39.0
22,4,73,4,5,1,2,2,0,0,0,0,0,0,0,0,1,0,0,46.5,27,50.55,39.8
23,2,85,0,4,3,3,3,0,1,1,0,0,1,0,0,0,0,0,50.5,15,55.74999999999999,20.0
18,4,74,2,6,0,0,0,0,1,0,0,1,0,0,0,1,0,0,51.0,26,51.3,36.4
22,2,77,1,5,2,2,2,0,1,1,0,0,0,1,0,0,0,0,41.5,23,47.05,32.2
18,2,89,2,3,2,2,2,0,1,0,1,0,0,1,1,0,0,0,48.5,11,56.75,21.4
22,5,78,2,5,2,2,2,0,1,0,0,0,0,0,1,0,0,0,63.0,22,62.099999999999994,26.799999999999997
22,5,76,3,6,2,2,2,0,1,1,1,0,1,0,0,1,0,0,57.0,24,55.5,36.6
17,3,83,2,8,2,2,2,1,1,1,1,0,0,1,0,0,0,0,43.5,17,41.25,45.8
21,3,92,1,5,2,2,2,0,0,0,0,0,1,0,0,0,1,0,57.0,8,57.9,23.200000000000003
20,2,100,5,4,3,3,3,1,1,0,1,0,0,1,0,0,1,0,43.0,0,50.5,34.0
19,4,91,1,2,2,3,3,0,1,0,1,1,0,0,0,0,1,0,70.5,9,74.55,5.600000000000001
24,3,91,2,3,2,2,2,0,1,1,0,0,1,0,1,0,0,0,57.5,9,63.05,17.6
19,2,81,2,3,0,0,0,0,1,0,0,0,1,0,0,0,0,0,44.5,19,53.95,24.6
19,4,100,2,8,1,1,1,1,1,1,0,0,0,0,0,0,0,0,60.0,0,52.8,36.0
21,2,83,2,5,1,0,0,0,1,0,1,1,0,0,0,0,1,0,41.5,17,47.05,33.8
22,4,81,3,5,1,2,2,0,1,1,0,1,0,0,0,0,0,0,53.5,19,55.449999999999996,32.6
20,3,85,2,7,1,2,2,0,1,1,0,0,0,1,1,0,0,0,46.5,15,45.75,40.0
23,4,84,0,6,0,0,0,0,1,0,1,0,1,0,0,0,0,0,62.0,16,59.0,24.4
22,2,71,3,5,2,1,1,0,1,1,1,0,0,1,1,0,0,0,32.5,29,40.75,42.6
17,4,76,3,7,2,2,2,0,1,0,1,0,0,1,0,0,0,1,47.0,24,46.099999999999994,44.6
19,1,85,0,4,3,2,2,1,1,0,0,0,0,0,0,0,0,1,42.5,15,50.14999999999999,23.0
19,4,75,2,6,3,3,3,0,1,0,0,1,0,0,0,0,1,0,51.5,25,51.65,36.0
22,3,87,1,3,2,2,2,0,1,1,0,0,0,0,0,1,0,0,58.5,13,63.75,15.2
17,1,82,1,6,2,2,2,1,1,1,0,0,0,0,0,1,0,0,34.0,18,39.4,38.2
26,4,89,1,5,1,1,1,0,0,0,1,0,1,0,0,1,0,0,63.5,11,62.449999999999996,21.4
22,4,81,1,7,1,1,1,0,1,1,0,1,0,0,0,0,0,1,55.5,19,52.05,34.6
21,3,85,2,7,2,2,2,0,1,0,0,0,0,1,0,0,0,0,46.5,15,45.75,40.0
23,2,67,4,10,0,0,0,1,1,0,1,0,1,0,0,0,0,1,17.5,33,18.25,73.2
26,3,69,0,5,1,0,0,1,1,0,0,0,0,0,0,0,0,0,48.5,31,51.949999999999996,28.4
22,1,75,2,3,2,2,2,1,1,1,0,0,1,0,0,1,0,0,33.5,25,46.25,30.0
23,4,84,2,6,3,3,3,0,1,0,1,0,0,0,0,0,0,0,56.0,16,54.8,32.4
21,4,75,2,3,1,1,1,0,1,0,1,0,0,0,0,1,0,0,57.5,25,63.05,21.0
20,3,87,3,3,2,2,2,0,0,0,1,0,1,0,0,0,0,1,52.5,13,59.55,23.200000000000003
20,3,85,1,5,3,3,3,0,1,1,0,0,0,1,0,0,0,1,53.5,15,55.449999999999996,26.0
19,5,78,4,9,0,1,1,1,1,0,1,0,0,1,0,0,1,0,49.0,22,42.699999999999996,54.8
19,6,83,4,6,1,1,1,0,1,0,0,0,0,1,0,0,0,0,65.5,17,61.449999999999996,34.8
18,4,78,1,6,2,2,2,0,1,0,1,0,0,0,0,0,1,0,56.0,22,54.8,30.799999999999997
20,2,84,0,2,0,0,0,0,1,1,1,1,0,0,0,0,0,1,54.0,16,63.0,10.399999999999999
17,5,77,2,4,1,1,1,0,1,0,1,0,0,1,0,0,1,0,64.5,23,65.55,22.200000000000003
21,4,85,2,8,0,0,0,1,0,1,0,1,0,0,1,0,0,0,52.5,15,47.55,42.0
20,4,92,3,5,1,1,1,0,1,0,1,0,0,0,1,0,0,0,59.0,8,59.3,28.200000000000003
21,4,72,1,9,0,1,1,1,1,0,0,0,0,0,0,1,0,0,47.0,28,41.3,48.2
19,5,76,1,6,1,1,1,0,1,0,1,0,0,0,0,0,0,0,63.0,24,59.699999999999996,28.6
27,1,76,2,5,0,0,0,1,1,0,0,0,0,1,1,0,0,0,30.0,24,39.0,39.6
24,3,84,2,4,4,3,3,0,1,1,0,0,0,0,0,1,0,0,52.0,16,56.8,25.4
18,2,88,2,5,1,1,1,0,1,0,1,0,0,1,0,0,1,0,44.0,12,48.8,31.799999999999997
21,4,68,3,2,3,2,2,1,1,1,0,0,0,1,0,0,1,0,53.0,32,62.3,22.799999999999997
19,2,80,2,7,3,3,3,0,1,1,0,0,1,0,1,0,0,0,36.0,20,38.4,45.0
18,8,82,2,6,3,2,2,0,1,1,0,0,0,0,0,0,1,0,87.0,18,76.5,21.200000000000003
18,4,89,3,5,1,2,2,0,1,0,0,0,0,1,1,0,0,0,57.5,11,58.25,29.4
22,2,74,1,5,0,0,0,0,1,1,0,0,0,1,0,0,1,0,40.0,26,46.0,33.4
19,5,87,2,7,2,2,2,0,1,0,0,0,0,1,0,0,0,0,63.5,13,57.64999999999999,33.2
23,3,84,3,9,1,1,1,1,0,1,1,0,1,0,0,0,0,0,39.0,16,35.699999999999996,54.4
23,4,96,4,8,2,2,2,1,1,0,1,0,1,0,0,0,0,1,52.0,4,47.199999999999996,45.6
24,3,99,3,5,3,3,4,0,1,0,1,0,0,1,1,0,0,0,54.5,1,56.15,28.4
19,1,88,1,4,3,3,3,1,1,1,0,1,0,0,0,0,0,1,41.0,12,49.099999999999994,25.8
22,3,79,1,2,3,3,3,0,0,0,1,0,0,0,1,0,0,0,56.5,21,64.75,13.399999999999999
22,2,85,5,5,1,1,1,1,0,0,1,0,0,0,0,1,0,0,33.5,15,41.45,45.0
20,0,86,1,4,2,2,2,1,1,1,0,0,1,0,0,0,1,0,32.0,14,42.8,29.6
19,3,86,2,5,0,0,0,0,0,0,1,1,0,0,1,0,0,0,51.0,14,53.699999999999996,29.6
24,3,85,1,6,2,3,3,0,1,1,1,0,1,0,1,0,0,0,51.5,15,51.65,31.0
21,2,86,0,6,1,1,1,0,0,1,0,0,0,1,0,1,0,0,47.0,14,48.5,29.6
22,5,90,1,3,4,3,3,0,1,0,0,1,0,0,0,0,0,1,76.0,10,76.0,8.0
19,4,99,1,3,4,3,3,0,1,1,1,0,0,0,0,1,0,0,72.5,1,73.55,7.399999999999999
18,4,67,3,4,2,2,2,1,0,1,1,0,0,1,0,0,0,1,48.5,33,54.349999999999994,33.2
19,4,92,0,6,2,2,2,0,1,0,1,0,0,0,0,0,0,0,66.0,8,61.8,21.200000000000003
20,4,83,3,5,2,2,2,0,0,0,0,1,0,0,1,0,0,0,54.5,17,56.15,31.799999999999997
18,4,75,0,10,1,2,2,1,1,0,0,0,1,0,0,0,1,0,49.5,25,40.65,48.0
21,6,71,3,1,2,2,2,0,1,0,1,0,0,1,0,0,0,0,72.5,29,78.35,10.600000000000001
17,1,84,1,7,0,0,0,1,1,0,0,0,0,1,0,0,0,1,33.0,16,36.3,42.4
18,4,82,0,7,1,0,0,0,1,1,1,0,0,1,0,0,0,0,59.0,18,54.5,30.200000000000003
22,3,73,5,3,0,1,1,1,0,0,1,0,0,1,0,0,1,0,39.5,27,50.45,36.8
22,5,81,1,4,2,2,2,0,1,1,1,0,0,1,0,1,0,0,69.5,19,69.05,16.6
20,4,90,2,8,0,0,0,1,1,0,1,1,0,0,0,1,0,0,55.0,10,49.3,40.0
18,3,94,2,4,3,3,3,0,1,0,0,0,0,1,0,0,0,1,57.0,6,60.3,21.4
18,5,83,1,4,3,3,3,0,1,0,0,0,0,0,0,1,0,0,70.5,17,69.75,15.8
20,4,68,1,5,1,0,0,1,1,0,0,1,0,0,0,0,1,0,53.0,32,55.099999999999994,29.799999999999997
22,4,87,1,6,0,0,0,0,1,0,0,0,0,1,0,1,0,0,60.5,13,57.949999999999996,27.200000000000003
23,3,91,4,7,1,1,1,0,1,0,0,0,1,0,1,0,0,0,43.5,9,43.65,45.6
19,4,83,1,7,1,1,1,0,1,0,0,0,1,0,0,0,1,0,56.5,17,52.75,33.8
18,6,84,1,6,3,3,3,0,1,0,0,0,0,1,0,0,0,1,75.0,16,68.1,22.4
21,4,78,3,5,3,3,3,0,1,1,1,1,0,0,0,0,0,1,52.0,22,54.4,33.8
19,4,80,5,5,2,2,2,1,1,0,0,1,0,0,0,0,0,1,47.0,20,50.9,41.0
19,2,76,2,6,2,2,2,0,1,1,0,0,0,1,0,0,1,0,36.0,24,40.8,41.6
23,7,73,2,6,2,1,1,0,1,0,0,1,0,0,0,0,0,0,74.5,27,67.75,27.799999999999997
22,2,72,2,4,1,1,1,0,1,1,0,0,1,0,0,0,1,0,38.0,28,47.0,33.2
21,4,75,2,3,2,2,2,0,1,0,1,0,0,1,0,1,0,0,57.5,25,63.05,21.0
18,4,74,2,3,2,2,2,0,1,0,0,0,0,0,0,0,0,0,57.0,26,62.7,21.4
21,4,84,2,6,2,2,2,0,1,1,0,0,0,0,0,0,1,0,56.0,16,54.8,32.4
23,3,85,2,7,1,1,1,0,1,0,0,0,0,1,0,1,0,0,46.5,15,45.75,40.0
20,4,78,2,5,2,2,2,0,1,1,1,1,0,0,0,0,0,1,55.0,22,56.5,29.799999999999997
24,2,75,0,3,2,1,1,0,1,0,0,0,0,1,0,1,0,0,47.5,25,56.05,19.0
23,4,99,1,5,4,3,3,0,1,0,1,0,0,1,0,0,0,0,68.5,1,65.94999999999999,17.4
24,2,78,2,3,1,1,1,0,1,1,0,0,1,0,1,0,0,0,43.0,22,52.9,25.8
21,3,77,3,4,4,3,3,0,1,0,0,0,0,1,0,0,0,1,45.5,23,52.25,32.2
22,4,69,1,4,3,3,3,1,0,0,0,0,1,0,1,0,0,0,55.5,31,59.24999999999999,24.4
24,3,86,4,4,3,3,3,0,0,0,0,1,0,0,0,0,0,0,47.0,14,53.3,32.6
22,5,96,5,3,4,4,4,1,1,1,0,0,1,0,0,0,0,1,67.0,4,69.7,21.6
19,5,80,2,8,0,0,0,1,1,1,0,0,0,0,0,0,1,0,58.0,20,51.39999999999999,41.0
20,4,79,1,2,4,4,3,0,1,0,0,1,0,0,0,0,1,0,64.5,21,70.35,10.399999999999999
21,3,84,2,4,3,3,3,0,1,0,0,1,0,0,0,0,1,0,52.0,16,56.8,25.4
18,3,84,1,5,2,2,2,0,1,0,1,1,0,0,0,1,0,0,53.0,16,55.099999999999994,26.4
20,4,62,2,5,0,0,0,1,1,1,0,1,0,0,1,0,0,0,47.0,38,50.9,36.2
23,2,87,1,6,0,0,0,0,0,0,1,1,0,0,0,1,0,0,44.5,13,46.75,33.2
17,3,97,3,5,4,4,4,0,0,0,0,0,0,0,0,0,1,0,53.5,3,55.449999999999996,29.200000000000003
24,5,82,4,4,1,1,1,0,1,1,0,0,0,1,0,0,0,1,61.0,18,63.099999999999994,28.200000000000003
23,4,81,2,7,3,3,3,0,0,1,1,0,1,0,1,0,0,0,52.5,19,49.95,38.6
20,3,88,0,4,1,1,1,0,1,0,0,0,1,0,0,0,0,0,60.0,12,62.4,15.8
22,3,87,1,5,2,1,1,0,1,1,1,1,0,0,0,0,0,1,54.5,13,56.15,25.200000000000003
21,4,83,2,5,2,3,3,0,1,0,1,0,1,0,0,1,0,0,57.5,17,58.25,27.799999999999997
23,3,88,0,6,1,1,1,0,1,1,0,0,0,0,0,0,0,0,56.0,12,54.8,25.799999999999997
23,4,88,5,8,2,2,2,1,0,1,1,0,0,1,0,0,0,0,45.0,12,42.3,52.8
17,4,72,1,6,1,1,1,0,1,0,1,0,0,0,0,0,0,1,53.0,28,52.699999999999996,33.2
22,5,72,3,5,2,2,2,0,1,1,0,0,0,1,1,0,0,0,57.0,28,57.9,33.2
20,2,71,0,8,0,0,0,1,1,0,1,1,0,0,0,0,1,0,35.5,29,35.65,45.6
21,4,69,1,5,0,0,0,1,0,0,0,1,0,0,0,1,0,0,53.5,31,55.449999999999996,29.4
19,4,88,0,7,0,0,0,0,0,0,1,0,0,0,0,1,0,0,62.0,12,56.599999999999994,27.799999999999997
24,3,88,1,6,2,2,2,0,1,0,0,0,0,0,0,0,1,0,53.0,12,52.699999999999996,29.799999999999997
23,3,85,2,4,2,2,2,0,1,1,0,0,1,0,0,1,0,0,52.5,15,57.15,25.0
19,3,95,1,1,3,3,3,0,0,0,0,0,1,0,0,0,1,0,66.5,5,74.14999999999999,2.0
18,4,64,2,5,0,1,1,1,1,0,1,0,0,0,0,0,0,0,48.0,36,51.599999999999994,35.4
20,3,76,1,6,1,1,1,0,0,1,1,0,0,1,0,0,0,1,47.0,24,48.5,34.6
22,4,68,4,5,3,2,2,1,0,1,0,0,0,0,0,0,1,0,44.0,32,48.8,41.8
21,5,91,0,6,2,2,2,0,1,1,0,0,0,0,0,1,0,0,73.5,9,67.05,18.6
23,4,77,1,4,3,3,3,0,1,1,0,0,1,0,0,0,0,0,59.5,23,62.05,21.200000000000003
22,3,97,0,6,2,3,3,0,1,0,0,0,0,1,0,1,0,0,60.5,3,57.949999999999996,22.2
23,3,81,2,4,3,3,3,0,1,0,1,0,0,0,0,1,0,0,50.5,19,55.74999999999999,26.6
21,5,86,1,4,3,4,4,0,1,0,0,1,0,0,0,0,1,0,72.0,14,70.8,14.600000000000001
17,4,83,1,5,3,2,2,0,0,0,1,0,0,1,1,0,0,0,60.5,17,60.349999999999994,23.799999999999997
20,0,78,0,3,2,1,1,1,0,0,0,0,0,0,0,0,1,0,33.0,22,45.9,23.8
23,2,89,2,7,2,2,2,0,1,1,1,1,0,0,0,1,0,0,40.5,11,41.55,41.4
20,3,54,2,5,1,1,1,1,1,0,1,0,0,0,1,0,0,0,35.0,46,42.5,42.400000000000006
22,5,79,2,3,2,2,2,0,1,1,0,0,0,1,0,0,0,0,67.5,21,70.05,16.4
20,4,88,3,4,2,2,2,0,1,1,0,1,0,0,0,0,1,0,59.0,12,61.699999999999996,24.799999999999997
18,2,70,5,6,1,2,1,1,1,0,0,0,1,0,0,1,0,0,24.0,30,32.4,56.0
20,4,76,2,5,1,1,1,0,0,1,0,0,0,1,0,0,1,0,54.0,24,55.8,30.6
21,7,78,1,6,3,3,3,0,1,1,0,1,0,0,1,0,0,0,80.0,22,71.6,21.799999999999997
19,5,79,1,3,3,3,3,0,1,1,0,0,0,0,0,1,0,0,70.5,21,72.14999999999999,12.399999999999999
20,2,77,3,5,1,0,0,0,1,1,0,1,0,0,0,0,0,0,35.5,23,42.849999999999994,40.2
18,5,73,3,5,3,3,3,0,1,0,0,0,1,0,0,0,0,1,57.5,27,58.25,32.8
23,4,81,2,9,1,1,1,1,1,1,1,0,1,0,0,1,0,0,48.5,19,42.349999999999994,48.6
20,3,88,2,4,1,0,1,0,0,1,0,0,1,0,0,0,0,1,54.0,12,58.199999999999996,23.799999999999997
24,4,85,2,6,2,2,2,0,1,1,0,0,0,0,0,0,0,0,56.5,15,55.15,32.0
24,3,90,3,6,0,0,0,0,1,1,0,0,0,1,0,1,0,0,48.0,10,49.199999999999996,37.0
20,3,80,3,8,1,1,1,1,1,0,0,1,0,0,0,0,0,1,39.0,20,38.099999999999994,51.0
18,2,92,0,7,2,2,2,0,1,1,0,0,0,1,0,0,0,1,48.0,8,46.8,32.2
17,3,71,3,4,3,3,3,0,1,1,0,1,0,0,0,0,0,0,42.5,29,50.14999999999999,34.6
17,3,92,4,3,2,2,2,0,1,0,0,1,0,0,0,0,0,1,52.0,8,59.2,25.200000000000003
18,5,90,2,3,2,2,2,0,0,1,1,0,1,0,0,0,0,1,73.0,10,73.89999999999999,12.0
24,2,69,2,5,2,2,2,1,1,0,0,1,0,0,0,0,1,0,34.5,31,42.15,39.4
21,2,85,0,7,2,2,2,0,1,1,0,0,1,0,1,0,0,0,44.5,15,44.349999999999994,35.0
21,4,81,2,7,0,0,0,0,1,0,0,0,0,0,0,0,0,1,52.5,19,49.95,38.6
17,3,81,2,5,3,3,3,0,0,0,0,1,0,0,0,0,1,0,48.5,19,51.949999999999996,31.6
18,3,82,3,5,3,3,3,0,1,0,0,0,0,1,0,0,0,1,46.0,18,50.199999999999996,35.2
23,2,77,1,8,1,1,1,1,1,0,1,1,0,0,0,1,0,0,35.5,23,35.65,47.2
21,2,89,0,4,1,1,1,0,1,0,1,0,1,0,1,0,0,0,52.5,11,57.15,18.4
20,4,82,0,5,3,3,3,0,1,0,0,0,1,0,0,1,0,0,63.0,18,62.099999999999994,20.200000000000003
22,1,73,2,7,0,1,1,1,1,0,0,0,0,0,1,0,0,0,24.5,27,30.349999999999998,50.8
24,4,81,0,3,3,2,2,0,0,1,0,0,0,1,0,0,0,0,66.5,19,69.35,10.600000000000001
20,4,78,1,5,1,1,1,0,1,1,0,0,0,0,1,0,0,0,58.0,22,58.599999999999994,25.799999999999997
21,6,86,2,6,3,3,3,0,1,1,0,1,0,0,0,0,1,0,73.0,14,66.69999999999999,25.6
21,4,71,1,4,3,3,3,0,1,0,0,0,0,0,0,0,0,1,56.5,29,59.949999999999996,23.6
26,3,98,3,7,2,2,2,0,1,1,0,1,0,0,0,0,0,0,50.0,2,48.2,38.8
17,4,83,5,10,2,2,2,1,1,0,0,0,1,0,0,1,0,0,38.5,17,32.95,64.8
22,3,72,3,4,2,2,2,0,1,1,0,0,0,0,0,0,0,1,43.0,28,50.5,34.2
20,2,80,1,5,3,3,3,0,1,0,0,1,0,0,1,0,0,0,43.0,20,48.099999999999994,31.0
22,4,63,2,5,2,1,1,1,1,0,0,0,1,0,0,0,0,1,47.5,37,51.25,35.8
19,4,75,2,6,1,2,2,0,1,0,0,0,1,0,1,0,0,0,51.5,25,51.65,36.0
20,2,85,2,4,1,1,1,0,1,0,0,0,1,0,0,0,0,1,44.5,15,51.55,28.0
22,3,99,3,4,3,4,4,0,1,0,1,0,0,0,1,0,0,0,56.5,1,59.949999999999996,23.4
27,2,97,1,4,3,3,2,0,1,1,1,1,0,0,0,1,0,0,53.5,3,57.849999999999994,19.2
22,5,83,1,4,4,3,3,0,1,1,1,0,0,0,1,0,0,0,70.5,17,69.75,15.8
19,3,75,1,4,2,2,2,0,0,0,0,1,0,0,0,0,0,0,50.5,25,55.74999999999999,25.0
20,6,84,0,1,4,3,3,0,1,0,0,0,0,0,0,0,0,1,88.0,16,89.19999999999999,0.0
20,5,87,1,5,1,1,1,0,1,0,1,0,0,0,0,0,0,1,70.5,13,67.35,19.200000000000003
17,2,83,1,5,1,1,1,0,1,1,1,0,1,0,0,0,0,1,44.5,17,49.15,29.799999999999997
20,3,88,2,4,2,2,2,0,1,1,0,1,0,0,0,1,0,0,54.0,12,58.199999999999996,23.799999999999997
22,4,85,1,5,3,2,2,0,1,1,1,1,0,0,0,0,1,0,61.5,15,61.05,23.0
18,4,84,5,5,3,3,3,1,1,0,0,0,0,1,0,0,0,1,49.0,16,52.3,39.4
23,3,72,2,4,2,2,1,0,1,1,0,1,0,0,1,0,0,0,46.0,28,52.599999999999994,30.200000000000003
22,4,81,2,5,3,3,3,0,1,0,0,0,0,1,0,0,0,1,56.5,19,57.55,28.6
19,3,97,2,4,4,4,3,0,0,0,0,0,0,1,1,0,0,0,58.5,3,61.349999999999994,20.2
20,5,85,1,3,3,3,3,0,1,1,1,1,0,0,0,1,0,0,73.5,15,74.25,10.0
24,3,91,1,9,2,1,1,1,1,1,0,0,0,0,0,1,0,0,48.5,9,42.349999999999994,43.6
22,4,98,1,4,2,2,2,0,1,1,0,0,0,1,0,0,0,1,70.0,2,69.4,12.8
21,4,72,2,6,2,1,2,0,1,0,1,0,0,1,0,1,0,0,50.0,28,50.6,37.2
20,5,100,0,10,1,1,1,1,1,1,0,1,0,0,0,1,0,0,70.0,0,55.0,35.0
21,3,89,1,4,2,3,3,0,1,1,0,0,1,0,0,1,0,0,57.5,11,60.65,19.4
19,4,91,2,6,1,1,1,0,1,1,0,0,0,0,0,0,0,0,59.5,9,57.25,29.6
17,4,76,1,9,0,0,0,1,0,1,1,0,1,0,0,0,1,0,49.0,24,42.699999999999996,46.6
25,3,87,1,2,2,2,2,0,1,1,0,0,0,1,0,0,1,0,60.5,13,67.55,10.2
21,3,75,2,7,0,1,1,0,1,1,1,0,0,0,1,0,0,0,41.5,25,42.25,44.0
21,4,68,0,5,1,1,1,1,1,1,0,0,0,0,0,0,0,1,56.0,32,57.199999999999996,25.799999999999997
20,4,84,1,4,3,3,3,0,1,0,0,1,0,0,0,0,0,1,63.0,16,64.5,18.4
19,6,80,3,5,4,4,4,0,1,1,1,0,0,0,1,0,0,0,69.0,20,66.3,27.0
20,1,91,3,4,2,2,2,1,0,0,0,0,0,1,0,0,0,1,36.5,9,45.949999999999996,32.6
17,5,77,3,8,0,0,0,1,1,0,0,1,0,0,0,0,0,0,53.5,23,48.24999999999999,46.2
26,3,65,1,5,2,2,2,1,1,0,0,1,0,0,0,1,0,0,43.5,35,48.45,34.0
18,5,80,2,6,3,3,3,0,1,1,0,0,0,1,0,0,0,1,62.0,20,59.0,31.0
18,4,92,0,5,4,4,4,0,0,1,0,0,1,0,0,0,0,0,68.0,8,65.6,16.2
20,5,100,2,6,1,1,1,0,1,0,1,0,0,1,0,0,0,0,72.0,0,66.0,23.0
23,3,92,1,4,2,2,2,0,1,0,0,0,0,0,0,0,1,0,59.0,8,61.699999999999996,18.2
21,4,90,2,2,3,2,2,0,1,1,1,0,1,0,0,0,0,0,67.0,10,72.1,10.0
18,5,79,5,7,2,2,2,1,1,1,0,1,0,0,1,0,0,0,50.5,21,48.55,48.4
23,7,100,1,6,4,3,3,0,1,0,1,0,0,0,0,0,1,0,91.0,0,79.3,13.0
22,3,87,4,6,2,1,1,0,1,1,0,0,0,1,0,0,0,1,43.5,13,46.05,42.2
22,4,87,4,4,2,2,2,0,1,0,0,0,1,0,0,0,0,0,55.5,13,59.24999999999999,29.200000000000003
22,3,87,2,7,3,3,3,0,1,0,0,0,1,0,0,0,0,0,47.5,13,46.45,39.2
26,3,72,2,6,3,3,3,0,1,1,1,1,0,0,0,0,1,0,42.0,28,45.0,40.2
25,3,85,2,5,2,3,3,0,1,0,1,0,1,0,0,0,0,0,50.5,15,53.349999999999994,30.0
19,2,70,1,7,2,2,2,0,0,0,0,0,1,0,0,0,0,1,34.0,30,37.0,45.0
24,4,88,6,4,2,2,2,1,1,0,1,0,0,1,0,1,0,0,50.0,12,55.4,36.8
21,4,84,1,7,2,2,2,0,1,0,0,0,0,1,0,1,0,0,57.0,16,53.099999999999994,33.4
22,2,76,3,4,1,1,1,0,1,1,1,0,0,1,0,0,1,0,37.0,24,46.3,35.6
17,2,91,2,5,2,2,2,0,1,0,0,1,0,0,1,0,0,0,45.5,9,49.849999999999994,30.6
20,5,79,3,3,2,2,2,0,1,1,0,0,1,0,1,0,0,0,64.5,21,67.95,20.4
19,3,79,1,3,1,1,1,0,1,0,1,1,0,0,0,0,1,0,54.5,21,60.95,18.4
22,6,86,0,4,3,2,2,0,1,0,0,1,0,0,0,1,0,0,83.0,14,78.5,7.600000000000001
23,3,81,3,5,2,2,2,0,1,1,0,1,0,0,0,1,0,0,45.5,19,49.849999999999994,35.6
17,4,83,0,6,2,2,2,0,1,1,0,0,0,1,0,0,0,1,61.5,17,58.65,24.799999999999997
21,3,90,2,4,2,2,2,0,0,0,0,0,1,0,1,0,0,0,55.0,10,58.9,23.0
23,2,76,2,6,2,2,2,0,0,1,0,1,0,0,0,1,0,0,36.0,24,40.8,41.6
20,2,75,2,4,0,0,0,0,1,0,0,0,0,1,0,0,0,1,39.5,25,48.05,32.0
22,4,80,1,5,3,2,2,0,1,1,1,0,0,1,1,0,0,0,59.0,20,59.3,25.0
21,5,81,0,6,2,2,2,0,0,0,0,1,0,0,0,0,1,0,68.5,19,63.55,22.6
21,2,87,2,4,1,1,1,0,0,0,1,0,1,0,0,0,0,1,45.5,13,52.25,27.200000000000003
20,4,97,2,8,3,3,3,1,1,1,1,0,0,0,0,1,0,0,58.5,3,51.74999999999999,37.2
18,5,81,0,6,2,2,2,0,1,1,0,0,0,0,0,0,0,0,68.5,19,63.55,22.6
18,2,82,1,3,2,3,3,0,1,0,0,0,1,0,0,0,0,0,48.0,18,56.39999999999999,20.2
22,3,76,1,5,1,1,1,0,1,0,0,0,0,1,0,0,1,0,49.0,24,52.3,29.6
21,3,75,0,4,2,2,2,0,0,0,0,0,1,0,0,0,1,0,53.5,25,57.849999999999994,21.0
20,4,87,3,2,2,2,2,0,1,0,1,0,1,0,0,0,1,0,62.5,13,68.95,15.2
20,5,82,3,7,3,3,3,0,1,0,0,1,0,0,0,1,0,0,58.0,18,53.8,39.2
20,4,92,0,7,2,2,2,0,1,0,0,1,0,0,0,0,0,0,64.0,8,58.0,26.200000000000003
23,4,91,3,4,2,2,2,0,1,0,1,0,0,1,1,0,0,0,60.5,9,62.74999999999999,23.6
20,1,89,5,6,1,1,1,1,1,0,0,1,0,0,0,0,0,1,25.5,11,33.449999999999996,51.4
18,4,70,0,7,1,2,2,0,1,1,1,0,0,1,0,1,0,0,53.0,30,50.3,35.0
22,3,87,1,5,2,2,2,0,1,0,0,0,0,1,1,0,0,0,54.5,13,56.15,25.200000000000003
20,6,74,1,7,1,1,1,0,1,0,0,0,1,0,0,0,1,0,68.0,26,60.8,31.4
21,4,66,1,6,2,2,2,1,1,1,0,0,1,0,0,1,0,0,50.0,34,50.6,35.6
24,3,83,2,7,1,1,1,0,1,0,1,0,0,0,0,1,0,0,45.5,17,45.05,40.8
21,6,92,2,3,3,3,3,0,1,1,1,0,0,0,1,0,0,0,82.0,8,80.2,8.2
21,3,87,1,5,1,1,2,0,1,0,1,1,0,0,0,0,0,0,54.5,13,56.15,25.200000000000003
18,4,74,1,5,2,2,2,0,1,0,0,0,1,0,1,0,0,0,56.0,26,57.199999999999996,27.4
20,2,100,2,3,4,4,3,0,1,1,1,0,0,1,0,0,0,0,54.0,0,60.599999999999994,17.0
22,3,88,2,3,3,3,3,0,1,0,1,0,0,0,0,0,0,1,56.0,12,62.0,18.8
17,3,75,2,2,1,1,1,0,1,1,0,0,1,0,0,0,0,1,51.5,25,61.25,19.0
21,3,65,2,5,3,3,3,1,1,0,1,0,0,1,0,0,0,0,40.5,35,46.349999999999994,38.0
21,2,80,0,4,2,2,2,0,1,0,0,0,1,0,0,0,0,1,48.0,20,53.99999999999999,22.0
21,1,66,1,3,2,2,2,1,1,1,0,0,1,0,0,0,0,0,32.0,34,45.2,29.6
23,4,73,2,7,2,1,1,0,1,0,1,1,0,0,0,0,0,0,48.5,27,47.14999999999999,41.8
21,2,68,3,6,1,0,0,1,1,0,0,0,1,0,1,0,0,0,29.0,32,35.9,48.8
24,4,76,1,4,2,2,2,0,1,1,1,0,0,1,0,0,1,0,59.0,24,61.699999999999996,21.6
18,6,77,3,5,1,2,2,0,1,1,0,1,0,0,0,0,0,1,67.5,23,65.25,28.200000000000003
21,4,75,0,5,3,3,3,0,1,0,1,0,1,0,1,0,0,0,59.5,25,59.65,23.0
21,4,100,3,2,4,3,3,0,1,0,1,1,0,0,1,0,0,0,69.0,0,73.5,10.0
18,1,80,2,6,0,0,0,1,1,0,0,0,0,1,0,1,0,0,30.0,20,36.6,43.0
23,4,92,2,8,0,1,1,1,1,1,1,0,1,0,0,0,0,1,56.0,8,49.99999999999999,39.2
26,3,86,5,8,3,3,3,1,1,0,0,0,1,0,0,0,0,1,36.0,14,36.0,56.599999999999994
21,4,80,3,5,3,3,3,0,1,0,0,0,0,0,0,0,1,0,53.0,20,55.099999999999994,33.0
22,2,78,3,4,2,3,3,0,1,1,1,0,1,0,0,0,0,1,38.0,22,47.0,34.8
21,3,92,1,6,2,2,2,0,1,0,0,1,0,0,1,0,0,0,55.0,8,54.1,28.200000000000003
19,5,73,1,6,2,2,2,0,1,1,1,0,1,0,1,0,0,0,61.5,27,58.65,29.799999999999997
17,3,77,0,5,1,1,1,0,1,0,1,1,0,0,0,1,0,0,52.5,23,54.75,25.200000000000003
19,3,76,2,8,3,3,3,1,1,0,0,0,0,1,0,0,0,0,40.0,24,38.8,48.6
17,5,82,1,4,2,2,2,0,0,0,0,0,1,0,0,0,1,0,70.0,18,69.4,16.2
24,4,74,2,7,2,2,2,0,1,0,0,0,0,0,0,0,1,0,49.0,26,47.5,41.4
20,5,89,1,5,1,2,2,0,1,0,1,0,1,0,0,0,0,0,71.5,11,68.05,18.4
20,3,90,1,5,2,1,1,0,1,1,0,0,1,0,1,0,0,0,56.0,10,57.199999999999996,24.0
23,3,76,2,2,1,1,1,0,1,0,1,1,0,0,0,0,1,0,52.0,24,61.599999999999994,18.6
18,2,86,2,7,1,1,1,0,1,0,1,0,1,0,0,0,0,1,39.0,14,40.5,42.6
19,2,75,1,7,0,0,0,0,1,0,0,0,0,0,0,0,0,1,36.5,25,38.75,43.0
21,2,83,2,5,0,0,0,0,1,0,0,0,0,0,0,1,0,0,41.5,17,47.05,33.8
23,4,91,3,5,1,1,1,0,0,0,1,0,0,0,0,1,0,0,58.5,9,58.949999999999996,28.6
22,6,82,0,6,4,4,4,0,1,0,0,0,0,1,0,0,1,0,77.0,18,69.5,19.200000000000003
21,5,81,0,3,4,3,3,0,1,0,0,1,0,0,0,0,0,0,74.5,19,74.95,7.600000000000001
21,4,100,0,3,4,3,3,0,0,1,0,0,1,0,1,0,0,0,76.0,0,76.0,3.0
21,2,84,3,5,2,2,3,0,1,0,0,1,0,0,0,0,0,0,39.0,16,45.3,37.4
21,2,75,3,2,3,3,3,0,1,0,0,0,0,0,1,0,0,0,40.5,25,53.55,26.0
18,3,74,2,7,2,2,3,0,1,0,0,1,0,0,0,0,0,0,41.0,26,41.9,44.4
21,4,100,1,5,3,3,3,0,1,0,1,0,0,0,0,0,0,0,69.0,0,66.3,17.0
18,4,76,1,5,4,3,4,0,1,0,1,0,1,0,1,0,0,0,57.0,24,57.9,26.6
21,4,76,1,3,3,3,3,0,1,0,0,1,0,0,0,0,0,0,61.0,24,65.5,16.6
19,3,82,3,6,1,1,1,0,1,0,0,0,1,0,0,1,0,0,44.0,18,46.4,40.2
26,4,87,1,5,2,2,2,0,1,0,0,0,1,0,0,1,0,0,62.5,13,61.75,22.200000000000003
20,3,72,2,4,1,1,1,0,1,0,0,0,1,0,0,0,0,1,46.0,28,52.599999999999994,30.200000000000003
17,2,79,4,8,1,1,1,1,1,0,0,0,1,0,0,1,0,0,27.5,21,30.049999999999997,58.400000000000006
20,3,71,1,7,0,0,0,0,1,1,0,0,1,0,0,0,1,0,42.5,29,42.949999999999996,41.6
22,4,80,0,6,1,1,1,0,1,0,0,0,0,1,1,0,0,0,60.0,20,57.6,26.0
24,3,88,1,5,2,2,2,0,1,1,1,1,0,0,1,0,0,0,55.0,12,56.5,24.799999999999997
19,2,80,0,4,3,3,3,0,1,1,0,0,0,0,0,0,1,0,48.0,20,53.99999999999999,22.0
17,3,97,2,5,2,2,2,0,1,1,0,0,0,1,1,0,0,0,56.5,3,57.55,25.200000000000003
22,3,75,3,4,3,3,3,0,0,0,1,0,0,0,0,0,0,0,44.5,25,51.55,33.0
18,5,83,0,6,1,2,2,0,1,1,1,0,0,1,0,1,0,0,69.5,17,64.25,21.799999999999997
20,4,92,2,5,2,3,2,0,1,0,0,0,0,1,0,1,0,0,62.0,8,61.4,24.200000000000003
20,0,90,2,5,1,1,1,1,0,1,1,0,0,0,1,0,0,0,29.0,10,38.3,37.0
20,4,100,2,8,2,2,2,1,0,0,1,0,0,0,1,0,0,0,60.0,0,52.8,36.0
22,2,84,0,7,1,1,1,0,1,1,0,1,0,0,0,1,0,0,44.0,16,44.0,35.4
19,2,74,1,4,3,2,2,0,0,1,0,0,1,0,0,1,0,0,42.0,26,49.8,28.4
20,1,82,2,6,2,3,3,1,1,0,0,0,0,1,0,0,0,1,31.0,18,37.3,42.2
21,5,75,2,4,3,3,3,0,1,1,0,0,0,1,0,0,0,0,63.5,25,64.85,23.0
21,5,83,1,6,2,2,3,0,1,1,0,0,0,1,1,0,0,0,66.5,17,62.15,25.799999999999997
21,2,91,2,9,0,0,0,1,1,0,0,0,0,1,0,0,0,1,37.5,9,34.65,50.6
22,5,87,2,4,3,3,3,0,1,1,0,0,0,0,0,1,0,0,69.5,13,69.05,18.200000000000003
22,6,81,3,6,1,0,0,0,1,1,0,0,0,0,0,0,0,0,67.5,19,62.85,31.6
21,3,76,0,8,0,0,0,1,0,1,1,0,1,0,0,0,1,0,46.0,24,42.99999999999999,40.6
22,2,84,0,5,3,2,2,0,1,1,1,0,1,0,0,0,0,1,48.0,16,51.599999999999994,25.4
17,3,86,3,6,1,1,1,0,1,1,0,0,0,0,0,0,1,0,46.0,14,47.8,38.6
21,5,72,1,8,0,0,1,1,1,0,1,0,1,0,0,0,0,1,57.0,28,50.699999999999996,40.2
22,5,73,5,3,4,4,3,1,0,1,0,0,1,0,0,1,0,0,55.5,27,61.64999999999999,30.799999999999997
22,3,79,1,3,2,2,2,0,1,1,1,0,1,0,0,0,0,1,54.5,21,60.95,18.4
19,2,71,2,3,1,1,1,0,1,0,1,0,0,1,0,0,0,1,39.5,29,50.45,28.6
19,4,67,1,6,0,1,1,1,1,0,0,1,0,0,0,0,0,0,50.5,33,50.949999999999996,35.2
19,3,73,2,3,2,2,2,0,1,1,0,1,0,0,0,0,0,1,48.5,27,56.75,24.799999999999997
22,4,85,0,6,2,2,2,0,0,0,0,0,0,0,0,0,1,0,62.5,15,59.35,24.0
23,3,82,1,7,1,1,1,0,1,1,0,0,0,0,1,0,0,0,48.0,18,46.8,37.2
20,4,78,1,4,2,2,2,0,1,0,0,0,0,1,0,1,0,0,60.0,22,62.4,20.799999999999997
23,1,74,0,4,2,2,2,1,1,0,1,0,0,1,0,0,1,0,37.0,26,46.3,27.4
21,4,85,4,6,3,3,3,0,0,0,0,1,0,0,0,0,0,1,50.5,15,50.949999999999996,40.0
20,5,84,0,5,1,2,2,0,0,1,0,0,0,0,0,0,1,0,72.0,16,68.4,16.4
20,3,91,1,1,2,2,2,0,1,0,1,0,1,0,0,0,0,0,64.5,9,72.75,3.5999999999999996
22,4,61,3,8,0,0,0,1,1,1,1,0,0,0,0,1,0,0,37.5,39,37.05,55.599999999999994
21,1,68,2,6,1,0,0,1,1,0,0,0,0,1,0,0,0,0,24.0,32,32.4,47.8
26,4,89,4,4,4,4,3,0,1,1,0,0,1,0,1,0,0,0,56.5,11,59.949999999999996,28.4
19,5,85,1,4,2,2,2,0,1,0,0,0,0,0,0,0,1,0,71.5,15,70.44999999999999,15.0
22,6,89,0,6,1,1,1,0,1,0,0,0,0,0,0,0,0,1,80.5,11,71.94999999999999,16.4
19,0,74,2,5,1,0,0,1,1,0,1,0,0,1,0,0,0,0,21.0,26,32.7,43.4
19,4,78,1,5,3,3,3,0,0,0,0,0,0,0,0,1,0,0,58.0,22,58.599999999999994,25.799999999999997
21,1,71,2,5,3,3,3,1,1,0,0,0,1,0,0,0,0,1,27.5,29,37.25,41.6
21,4,63,0,5,3,3,3,1,0,1,0,0,0,0,0,1,0,0,53.5,37,55.449999999999996,27.799999999999997
27,3,83,3,4,3,3,3,0,1,0,1,1,0,0,0,1,0,0,48.5,17,54.349999999999994,29.799999999999997
20,4,93,1,5,0,1,1,0,1,0,1,0,0,0,0,1,0,0,65.5,7,63.849999999999994,19.8
18,4,80,3,4,2,2,2,0,1,1,1,1,0,0,0,0,0,1,55.0,20,58.9,28.0
21,4,76,2,6,1,1,1,0,0,0,0,0,1,0,0,0,0,1,52.0,24,52.0,35.6
17,3,73,2,6,2,2,2,0,1,1,1,0,0,1,0,0,0,1,42.5,27,45.349999999999994,39.8
20,4,90,1,8,1,1,1,1,1,1,0,0,1,0,0,1,0,0,58.0,10,51.39999999999999,36.0
21,5,82,3,4,3,3,3,0,1,1,0,0,0,1,0,0,0,1,64.0,18,65.19999999999999,24.200000000000003
22,4,83,1,7,1,1,1,0,1,0,0,1,0,0,0,1,0,0,56.5,17,52.75,33.8
23,5,70,0,8,2,2,2,1,1,1,1,0,0,0,0,0,0,1,59.0,30,52.099999999999994,37.0
19,2,74,4,7,0,0,0,0,1,1,1,1,0,0,0,0,1,0,27.0,26,32.099999999999994,55.4
20,4,87,2,4,1,2,2,0,1,0,0,0,1,0,0,0,0,0,61.5,13,63.449999999999996,21.200000000000003
19,3,77,3,4,2,2,2,0,1,0,0,0,1,0,0,0,1,0,45.5,23,52.25,32.2
18,5,76,2,8,0,0,0,1,1,0,0,0,0,0,1,0,0,0,56.0,24,49.99999999999999,42.6
21,4,100,3,5,4,3,3,0,0,1,1,1,0,0,0,0,1,0,63.0,0,62.099999999999994,25.0
18,3,82,2,5,2,3,3,0,1,0,0,0,1,0,0,0,0,0,49.0,18,52.3,31.200000000000003
20,4,80,1,4,3,3,3,0,0,1,0,0,1,0,1,0,0,0,61.0,20,63.099999999999994,20.0
18,3,80,2,6,2,1,1,0,1,0,1,1,0,0,0,0,0,0,46.0,20,47.8,37.0
22,4,76,5,1,3,4,3,1,1,0,0,0,1,0,0,0,0,1,53.0,24,64.69999999999999,22.6
25,4,81,3,4,1,1,1,0,1,0,0,0,0,1,0,1,0,0,55.5,19,59.24999999999999,27.6
18,4,97,1,3,1,2,2,0,1,0,0,0,1,0,0,0,0,1,71.5,3,72.85,8.2
17,2,85,1,8,1,1,0,1,0,0,1,0,1,0,0,0,0,0,39.5,15,38.449999999999996,44.0
20,5,69,3,5,0,0,0,1,0,0,0,0,1,0,0,0,0,0,55.5,31,56.849999999999994,34.4
21,5,78,2,5,4,4,3,0,1,0,0,1,0,0,1,0,0,0,63.0,22,62.099999999999994,26.799999999999997
21,4,82,1,5,2,2,2,0,1,1,1,0,1,0,1,0,0,0,60.0,18,60.0,24.200000000000003
20,4,69,1,3,3,3,3,1,1,0,1,0,0,0,0,0,1,0,57.5,31,63.05,19.4
20,4,78,0,7,1,1,1,0,1,1,1,0,1,0,0,1,0,0,57.0,22,53.099999999999994,31.799999999999997
21,4,74,0,5,1,1,1,0,1,0,1,0,0,1,0,0,0,1,59.0,26,59.3,23.4
23,5,78,1,6,1,1,1,0,1,1,1,0,0,1,0,1,0,0,64.0,22,60.4,27.799999999999997
17,1,82,1,4,0,0,0,1,1,0,0,0,1,0,0,0,1,0,38.0,18,47.0,28.2
20,1,87,6,5,2,2,2,1,1,0,0,0,1,0,0,0,0,0,23.5,13,34.45,51.2
21,3,72,1,3,2,2,2,0,1,1,0,1,0,0,0,0,0,1,51.0,28,58.5,21.200000000000003
19,4,81,0,5,4,4,3,0,1,0,0,0,0,1,0,0,0,1,62.5,19,61.75,20.6
24,4,79,1,7,1,2,2,0,1,1,1,0,0,0,0,1,0,0,54.5,21,51.349999999999994,35.4
19,4,80,1,5,2,2,2,0,1,1,0,1,0,0,0,0,0,0,59.0,20,59.3,25.0
20,3,75,0,6,1,1,1,0,1,0,0,0,1,0,0,1,0,0,49.5,25,50.25,31.0
22,3,81,1,5,1,1,1,0,1,1,0,0,0,1,0,1,0,0,51.5,19,54.05,27.6
19,2,85,5,8,2,2,2,1,1,1,0,1,0,0,0,0,0,1,27.5,15,30.049999999999997,60.0
17,2,70,2,4,3,2,2,0,1,0,1,0,0,0,0,0,0,0,37.0,30,46.3,34.0
20,2,95,0,5,2,2,2,0,1,0,0,1,0,0,0,0,0,0,53.5,5,55.449999999999996,21.0
23,4,89,2,5,0,0,0,0,1,1,1,0,0,0,0,0,0,1,60.5,11,60.349999999999994,25.4
20,2,69,6,3,1,1,1,1,1,1,0,1,0,0,0,0,0,0,26.5,31,41.349999999999994,45.4
19,4,93,3,5,2,2,2,0,1,1,0,1,0,0,0,1,0,0,59.5,7,59.65,27.799999999999997
23,3,94,2,5,2,3,3,0,1,1,0,0,0,1,0,1,0,0,55.0,6,56.5,26.4
20,5,78,1,5,1,1,1,0,1,1,0,0,0,0,0,0,1,0,66.0,22,64.19999999999999,22.799999999999997
19,4,83,1,5,0,0,0,0,1,0,1,0,0,1,0,0,0,0,60.5,17,60.349999999999994,23.799999999999997
21,4,67,1,5,2,2,2,1,1,1,0,1,0,0,0,0,0,0,52.5,33,54.75,30.200000000000003
22,3,71,2,2,0,1,1,0,1,0,0,0,0,1,0,1,0,0,49.5,29,59.849999999999994,20.6
26,6,90,3,5,2,3,2,0,1,0,1,0,1,0,0,1,0,0,74.0,10,69.8,23.0
22,3,67,3,3,1,1,1,1,1,0,0,1,0,0,0,0,0,0,42.5,33,52.55,31.200000000000003
23,2,84,5,5,1,1,1,1,1,1,0,1,0,0,0,0,0,0,33.0,16,41.099999999999994,45.4
19,3,94,5,4,3,3,3,1,1,0,1,0,0,0,0,0,0,0,48.0,6,53.99999999999999,33.4
18,3,68,3,2,2,2,2,1,1,0,1,0,0,1,0,0,0,1,45.0,32,56.699999999999996,25.799999999999997
21,2,79,3,6,2,1,1,0,1,1,0,1,0,0,0,0,0,0,34.5,21,39.75,44.4
21,4,91,5,6,3,3,3,1,1,1,1,0,1,0,0,1,0,0,50.5,9,50.949999999999996,41.6
18,5,85,3,7,0,0,0,0,1,1,1,0,0,1,0,0,1,0,59.5,15,54.849999999999994,38.0
20,2,88,1,4,4,4,3,0,1,0,0,0,1,0,0,1,0,0,49.0,12,54.699999999999996,22.8
21,4,76,2,5,2,2,1,0,1,1,0,0,1,0,1,0,0,0,54.0,24,55.8,30.6
21,5,74,2,6,1,1,1,0,0,0,0,1,0,0,0,0,0,0,59.0,26,56.9,33.4
22,4,80,3,7,0,0,0,0,1,0,0,0,0,0,0,0,0,1,49.0,20,47.5,43.0
21,5,84,6,2,2,2,2,1,0,0,0,0,0,0,1,0,0,0,60.0,16,67.2,25.4
19,4,86,2,2,1,1,1,0,1,0,0,0,0,0,1,0,0,0,65.0,14,70.7,11.600000000000001
19,3,85,2,8,0,1,1,1,1,1,0,0,0,0,0,0,0,1,44.5,15,41.949999999999996,45.0
18,6,89,0,2,4,4,3,0,1,0,1,1,0,0,0,0,0,1,88.5,11,87.14999999999999,0.0
24,4,82,1,7,0,0,0,0,1,0,0,1,0,0,0,1,0,0,56.0,18,52.39999999999999,34.2
21,6,73,2,7,2,2,2,0,0,0,0,0,1,0,0,0,0,0,64.5,27,58.349999999999994,35.8
20,1,71,1,6,0,0,0,1,1,1,1,1,0,0,1,0,0,0,28.5,29,35.55,42.6
19,7,88,1,3,1,1,1,0,1,0,1,1,0,0,0,0,0,0,91.0,12,86.5,2.8000000000000007
27,5,90,3,3,3,4,4,0,1,0,0,1,0,0,0,1,0,0,70.0,10,71.8,16.0
18,4,97,3,5,3,3,3,0,1,0,0,0,0,1,0,0,0,0,61.5,3,61.05,26.200000000000003
20,2,100,2,8,2,2,2,1,0,1,1,0,0,0,1,0,0,0,44.0,0,41.599999999999994,42.0
21,4,89,0,8,2,1,1,1,0,1,0,1,0,0,0,0,0,0,60.5,11,53.14999999999999,32.4
22,5,84,4,6,3,2,2,0,1,0,0,0,0,1,0,0,0,0,58.0,16,56.199999999999996,37.4
23,1,78,2,2,4,4,4,1,1,0,1,0,0,0,0,1,0,0,37.0,22,51.099999999999994,23.8
25,4,75,1,5,2,2,2,0,0,0,0,1,0,0,1,0,0,0,56.5,25,57.55,27.0
22,3,82,0,5,2,2,2,0,1,0,1,1,0,0,0,0,0,1,55.0,18,56.5,23.200000000000003
18,4,81,1,5,2,2,2,0,1,1,0,0,0,0,0,0,1,0,59.5,19,59.65,24.6
20,2,97,3,2,4,4,3,0,1,1,1,1,0,0,0,0,0,1,51.5,3,61.25,17.2
21,5,86,2,5,1,1,1,0,1,0,1,0,1,0,0,0,0,1,67.0,14,64.9,23.6
25,3,80,0,2,2,2,2,0,1,0,0,1,0,0,0,0,1,0,60.0,20,67.2,9.0
17,4,74,2,1,1,2,2,0,1,0,0,0,0,1,0,0,0,1,61.0,26,70.3,11.399999999999999
23,5,86,3,5,3,3,3,0,1,0,0,0,1,0,0,0,0,1,64.0,14,62.8,27.6
21,4,83,1,9,2,2,2,1,1,0,1,1,0,0,0,0,0,0,52.5,17,45.15,43.8
22,2,78,0,4,3,3,3,0,1,1,1,0,0,0,0,1,0,0,47.0,22,53.3,22.8
20,4,76,4,4,2,2,2,0,1,0,0,0,1,0,0,0,1,0,50.0,24,55.4,33.6
19,3,86,0,7,1,2,2,0,1,0,0,1,0,0,0,0,0,0,53.0,14,50.3,31.6
22,4,78,2,7,0,0,0,0,1,1,0,0,0,0,1,0,0,0,51.0,22,48.89999999999999,39.8
22,3,79,3,5,2,1,1,0,1,0,1,0,0,0,0,0,0,1,44.5,21,49.15,36.4
23,1,78,1,4,3,3,3,1,1,0,0,0,0,1,0,0,1,0,36.0,22,45.599999999999994,29.799999999999997
21,4,100,2,7,2,2,2,0,1,0,0,0,1,0,0,1,0,0,62.0,0,56.599999999999994,31.0
19,3,83,1,3,3,3,3,0,1,0,1,0,0,0,0,0,0,1,56.5,17,62.349999999999994,16.8
17,4,75,2,4,3,4,3,0,1,1,0,0,0,1,0,0,0,1,55.5,25,59.24999999999999,26.0
22,3,61,1,6,1,1,1,1,1,1,0,1,0,0,0,0,1,0,39.5,39,43.25,40.6
21,3,68,2,2,2,2,2,1,1,1,1,0,1,0,0,0,0,1,48.0,32,58.8,21.8
18,6,79,2,6,1,2,2,0,1,1,0,1,0,0,0,1,0,0,69.5,21,64.25,28.4
19,3,95,1,7,2,3,3,0,1,1,0,0,0,1,0,0,0,0,54.5,5,51.349999999999994,32.0
20,4,100,2,8,3,4,3,1,0,0,0,0,1,0,1,0,0,0,60.0,0,52.8,36.0
17,6,80,1,4,3,3,3,0,1,0,0,0,0,0,0,0,1,0,77.0,20,74.3,14.0
19,2,84,4,4,3,3,3,0,1,0,0,0,1,0,0,0,0,0,38.0,16,47.0,36.4
18,5,80,2,6,2,2,2,0,1,0,1,0,0,0,0,1,0,0,62.0,20,59.0,31.0
20,3,85,0,4,2,2,2,0,1,1,0,0,0,1,0,0,0,0,58.5,15,61.349999999999994,17.0
19,3,80,2,4,4,4,4,0,1,0,1,0,1,0,0,0,0,1,50.0,20,55.4,27.0
17,4,77,1,6,3,2,2,0,1,1,1,0,1,0,0,0,0,1,55.5,23,54.449999999999996,31.200000000000003
25,5,76,1,6,2,2,2,0,1,1,1,1,0,0,0,0,0,1,63.0,24,59.699999999999996,28.6
23,2,87,1,2,4,3,3,0,1,1,0,1,0,0,0,0,0,1,52.5,13,61.95,13.2
19,4,92,2,3,3,3,3,0,1,0,0,0,1,0,0,0,0,0,66.0,8,69.0,14.2
21,3,78,0,2,0,0,0,0,0,1,0,0,0,0,1,0,0,0,59.0,22,66.5,9.8
21,4,87,0,2,4,4,4,0,1,1,0,0,0,1,0,0,0,1,71.5,13,75.25,3.1999999999999993
23,5,83,3,3,2,2,2,0,1,0,0,0,0,0,1,0,0,0,66.5,17,69.35,18.799999999999997
19,4,78,3,5,2,2,2,0,0,0,1,0,0,1,0,0,1,0,52.0,22,54.4,33.8
23,4,87,1,5,3,3,3,0,1,1,0,0,0,1,0,1,0,0,62.5,13,61.75,22.200000000000003
19,2,92,0,1,2,2,3,0,1,1,1,1,0,0,0,0,0,1,60.0,8,69.6,2.1999999999999993
18,3,75,2,3,0,0,0,0,1,0,0,1,0,0,0,0,0,1,49.5,25,57.45,24.0
22,4,79,1,5,3,4,4,0,1,1,1,0,0,0,1,0,0,0,58.5,21,58.949999999999996,25.4
23,4,93,2,5,0,0,0,0,1,0,0,0,1,0,0,0,0,0,62.5,7,61.75,23.799999999999997
26,5,81,0,4,4,3,3,0,1,1,0,1,0,0,1,0,0,0,72.5,19,71.15,12.600000000000001
18,4,60,1,5,2,2,1,1,1,0,0,0,1,0,1,0,0,0,49.0,40,52.3,33.0
22,4,83,0,5,3,3,3,0,1,0,1,1,0,0,0,1,0,0,63.5,17,62.449999999999996,19.8
20,2,82,4,4,0,1,1,0,1,0,0,0,1,0,0,0,1,0,37.0,18,46.3,37.2
22,5,90,3,5,3,4,3,0,1,1,0,1,0,0,0,0,1,0,66.0,10,64.19999999999999,26.0
17,5,81,0,4,3,3,3,0,1,1,1,0,0,1,0,0,0,1,72.5,19,71.15,12.600000000000001
18,3,81,3,7,3,3,3,0,1,0,1,0,0,1,0,0,1,0,41.5,19,42.25,45.6
19,4,81,0,4,3,3,3,0,0,0,1,0,1,0,0,0,1,0,64.5,19,65.55,15.600000000000001
21,5,83,1,6,2,2,2,0,1,0,0,0,1,0,0,1,0,0,66.5,17,62.15,25.799999999999997
19,2,94,4,6,1,1,1,0,1,0,1,0,1,0,1,0,0,0,39.0,6,42.9,42.4
22,4,87,1,4,3,2,2,0,1,0,1,1,0,0,0,0,0,0,64.5,13,65.55,17.2
23,3,73,0,2,1,0,0,0,1,0,1,0,0,0,0,0,0,0,56.5,27,64.75,11.8
22,4,84,2,4,4,4,4,0,1,0,0,1,0,0,0,0,0,0,60.0,16,62.4,22.4
24,3,84,1,6,1,1,1,0,0,0,1,0,0,0,0,0,0,0,51.0,16,51.3,31.4
21,4,85,1,2,4,3,3,0,0,0,0,0,1,0,0,0,1,0,67.5,15,72.45,8.0
18,5,70,0,6,1,1,1,0,1,0,1,0,0,1,0,1,0,0,63.0,30,59.699999999999996,27.0
24,2,83,2,7,0,0,0,0,1,0,1,0,0,1,0,0,1,0,37.5,17,39.45,43.8
19,1,77,1,8,0,0,0,1,1,0,0,0,0,1,0,1,0,0,27.5,23,30.049999999999997,50.2
23,3,70,4,6,1,1,1,0,1,0,0,1,0,0,1,0,0,0,35.0,30,40.1,49.0
24,5,91,1,6,1,2,2,0,1,0,0,1,0,0,1,0,0,0,70.5,9,64.94999999999999,22.6
22,2,79,3,5,1,1,1,0,0,0,1,0,0,0,0,0,0,0,36.5,21,43.55,39.4
17,3,79,7,3,3,3,3,1,1,1,1,0,1,0,1,0,0,0,36.5,21,48.349999999999994,42.4
19,5,89,4,3,3,3,3,0,1,1,0,0,0,0,0,1,0,0,66.5,11,69.35,20.4
23,5,90,1,2,4,3,3,0,1,1,1,0,0,0,0,0,0,0,78.0,10,79.8,3.0
20,4,80,1,5,3,4,3,0,1,0,0,0,1,0,0,0,1,0,59.0,20,59.3,25.0
21,4,82,2,6,0,0,0,0,1,0,0,1,0,0,0,1,0,0,55.0,18,54.1,33.2
22,5,73,0,5,1,1,1,0,0,0,0,1,0,0,0,1,0,0,66.5,27,64.55,20.799999999999997
22,3,74,2,6,2,2,2,0,0,0,0,0,0,0,0,0,1,0,43.0,26,45.699999999999996,39.4
21,4,92,3,6,2,2,2,0,1,1,1,0,1,0,0,0,0,0,57.0,8,55.5,33.2
20,2,82,1,3,2,2,2,0,1,0,0,0,1,0,0,0,0,1,48.0,18,56.39999999999999,20.2
20,6,89,3,5,3,3,3,0,1,1,0,1,0,0,0,1,0,0,73.5,11,69.44999999999999,23.4
22,5,80,2,5,2,2,2,0,1,1,0,0,0,1,0,0,0,1,64.0,20,62.8,26.0
22,4,85,2,4,0,0,0,0,1,0,0,0,0,1,0,1,0,0,60.5,15,62.74999999999999,22.0
20,3,68,1,1,2,3,2,1,1,1,0,0,0,1,0,0,0,1,53.0,32,64.69999999999999,12.8
23,4,88,2,3,3,3,3,0,0,1,0,0,1,0,0,0,0,0,64.0,12,67.6,15.8
20,3,81,1,4,1,1,1,0,1,1,0,0,0,0,0,0,0,1,53.5,19,57.849999999999994,22.6
19,3,78,0,5,2,2,2,0,1,0,0,0,0,0,1,0,0,0,53.0,22,55.099999999999994,24.799999999999997
19,4,87,3,5,3,2,2,0,1,0,0,1,0,0,1,0,0,0,56.5,13,57.55,30.200000000000003
18,4,89,3,5,0,1,1,0,0,1,0,0,0,1,1,0,0,0,57.5,11,58.25,29.4
20,5,78,3,7,1,0,0,0,1,1,1,0,0,1,0,1,0,0,56.0,22,52.39999999999999,40.8
23,2,72,1,5,2,2,2,0,0,1,0,0,0,0,1,0,0,0,39.0,28,45.3,34.2
19,4,95,4,5,3,4,3,0,1,1,0,0,0,1,0,0,1,0,57.5,5,58.25,31.0
21,2,80,1,7,2,2,2,0,1,0,0,0,0,1,0,0,0,1,39.0,20,40.5,41.0
19,3,66,2,7,0,0,0,1,0,0,1,1,0,0,0,0,0,1,37.0,34,39.099999999999994,47.6
20,4,78,3,6,1,1,1,0,1,0,0,0,0,1,1,0,0,0,50.0,22,50.6,38.8
17,5,85,2,8,0,0,0,1,1,0,0,0,0,0,0,0,0,1,60.5,15,53.14999999999999,39.0
20,3,81,2,3,2,2,2,0,1,0,1,0,0,1,0,0,0,0,52.5,19,59.55,21.6
20,2,81,3,5,1,0,0,0,1,0,0,1,0,0,0,0,0,0,37.5,19,44.25,38.6
22,5,79,3,10,2,2,2,1,0,0,0,0,0,1,1,0,0,0,50.5,21,41.349999999999994,55.400000000000006
21,6,78,2,6,1,1,1,0,1,0,0,1,0,0,0,0,0,1,69.0,22,63.9,28.799999999999997
18,2,71,3,5,2,1,1,0,1,0,1,0,1,0,1,0,0,0,32.5,29,40.75,42.6
23,0,71,0,5,1,0,0,1,0,1,1,1,0,0,0,1,0,0,25.5,29,35.849999999999994,36.6
21,4,69,1,5,3,3,3,1,1,0,1,0,1,0,0,0,0,1,53.5,31,55.449999999999996,29.4
21,3,91,0,8,1,0,0,1,1,0,0,0,0,1,0,0,1,0,53.5,9,48.24999999999999,34.6
21,2,79,0,6,2,2,3,0,1,0,0,0,1,0,0,0,1,0,43.5,21,46.05,32.4
19,4,93,2,5,2,2,2,0,1,0,0,0,0,1,0,0,0,1,62.5,7,61.75,23.799999999999997
21,6,90,0,2,2,2,2,0,1,0,1,0,0,1,0,0,0,1,89.0,10,87.5,0.0
22,4,80,1,4,0,0,0,0,1,1,0,0,0,0,0,0,1,0,61.0,20,63.099999999999994,20.0
17,5,87,2,5,2,2,2,0,1,1,0,0,0,0,0,0,0,0,67.5,13,65.25,23.200000000000003
19,4,85,1,5,3,2,2,0,0,0,0,0,0,0,0,0,1,0,61.5,15,61.05,23.0
20,4,78,1,7,1,0,0,0,1,0,0,0,1,0,0,0,0,0,54.0,22,51.0,35.8
21,6,64,4,5,1,1,1,1,1,1,0,0,0,0,0,0,0,0,58.0,36,58.599999999999994,37.4
23,2,83,3,7,2,2,2,0,1,0,1,1,0,0,1,0,0,0,34.5,17,37.349999999999994,47.8
19,4,87,2,2,4,4,4,0,1,1,0,0,0,1,0,0,0,0,65.5,13,71.05,11.2
19,3,77,1,4,0,0,0,0,1,0,0,1,0,0,1,0,0,0,51.5,23,56.449999999999996,24.200000000000003
19,3,98,1,6,3,3,3,0,1,1,0,0,0,1,0,0,1,0,58.0,2,56.199999999999996,25.799999999999997
19,2,90,2,9,3,3,3,1,1,0,0,0,0,1,0,1,0,0,37.0,10,34.3,51.0
20,4,70,1,5,1,1,1,0,1,0,0,1,0,0,0,0,0,1,54.0,30,55.8,29.0
22,4,80,1,7,1,1,1,0,0,0,0,0,1,0,0,1,0,0,55.0,20,51.7,35.0
18,3,75,3,7,1,1,1,0,1,0,1,0,1,0,0,0,1,0,38.5,25,40.15,48.0
21,5,79,0,7,1,1,1,0,1,0,0,0,1,0,0,0,0,0,65.5,21,59.05,28.4
17,4,87,2,6,2,2,2,0,1,0,0,0,0,1,0,0,1,0,57.5,13,55.85,31.200000000000003
19,1,80,1,4,0,0,0,1,1,0,0,1,0,0,0,1,0,0,37.0,20,46.3,29.0
20,4,77,1,8,1,1,1,1,1,0,0,1,0,0,0,1,0,0,51.5,23,46.849999999999994,41.2
24,2,82,1,3,1,1,1,0,1,0,0,0,0,1,1,0,0,0,48.0,18,56.39999999999999,20.2
20,5,88,2,3,3,3,3,0,1,0,0,0,0,1,0,0,1,0,72.0,12,73.2,12.8
17,6,88,0,8,1,2,2,1,1,1,0,1,0,0,0,0,1,0,76.0,12,63.99999999999999,26.799999999999997
17,5,86,1,6,1,2,2,0,1,1,0,1,0,0,1,0,0,0,68.0,14,63.199999999999996,24.6
21,4,93,1,3,4,3,3,0,1,0,0,0,0,0,1,0,0,0,69.5,7,71.45,9.8
22,4,81,2,2,3,3,3,0,1,1,0,0,0,0,0,1,0,0,62.5,19,68.95,13.600000000000001
21,3,79,2,2,2,2,2,0,1,0,0,0,0,1,0,1,0,0,53.5,21,62.64999999999999,17.4
21,4,80,2,9,0,0,0,1,1,1,0,0,0,1,0,0,1,0,48.0,20,41.99999999999999,49.0
23,2,75,3,5,4,3,3,0,1,0,0,1,0,0,0,0,0,0,34.5,25,42.15,41.0
19,6,75,2,4,2,2,2,0,1,1,0,0,1,0,0,0,1,0,71.5,25,70.44999999999999,20.0
23,2,87,1,8,3,3,3,1,1,0,0,1,0,0,0,0,0,1,40.5,13,39.15,43.2
17,1,88,3,6,0,1,1,1,1,0,0,1,0,0,0,1,0,0,31.0,12,37.3,43.8
19,3,60,2,4,1,1,1,1,1,0,0,0,0,0,0,0,0,1,40.0,40,48.4,35.0
17,4,89,1,7,4,4,3,0,1,0,0,0,0,1,0,0,0,1,59.5,11,54.849999999999994,31.4
20,4,63,4,5,3,3,3,1,1,0,0,1,0,0,1,0,0,0,41.5,37,47.05,43.8
20,3,76,4,6,0,0,0,0,1,0,1,0,0,1,0,0,0,0,38.0,24,42.199999999999996,46.6
21,4,79,1,5,2,2,2,0,0,0,0,1,0,0,0,1,0,0,58.5,21,58.949999999999996,25.4
21,4,71,5,3,2,2,2,1,0,1,1,0,1,0,1,0,0,0,46.5,29,55.349999999999994,34.6
19,2,80,1,3,1,1,1,0,1,0,0,0,0,0,0,0,1,0,47.0,20,55.7,21.0
20,2,97,3,5,2,2,2,0,1,1,0,0,1,0,0,0,0,0,45.5,3,49.849999999999994,32.2
17,1,69,3,5,3,2,2,1,1,0,0,0,0,0,0,1,0,0,23.5,31,34.45,46.4
24,5,86,0,6,2,2,2,0,1,0,0,0,0,0,1,0,0,0,71.0,14,65.3,20.6
20,2,89,1,4,1,1,1,0,1,0,1,1,0,0,0,0,0,0,49.5,11,55.05,22.4
19,1,86,1,7,1,0,0,1,1,1,0,0,0,0,0,1,0,0,34.0,14,37.0,41.6
24,3,94,2,3,2,2,2,0,1,0,0,1,0,0,0,1,0,0,59.0,6,64.1,16.4
18,5,89,3,6,2,2,2,0,1,0,0,1,0,0,0,0,0,0,63.5,11,60.05,31.4
18,4,87,2,3,2,2,2,0,1,1,1,1,0,0,0,1,0,0,63.5,13,67.25,16.2
18,4,90,5,5,2,3,3,1,0,0,1,0,1,0,0,0,1,0,52.0,10,54.4,37.0
20,6,89,0,3,2,2,1,0,1,0,0,1,0,0,0,0,0,1,86.5,11,83.35,1.3999999999999986
21,5,79,0,4,4,3,3,0,1,0,1,0,0,0,1,0,0,0,71.5,21,70.44999999999999,13.399999999999999
22,0,87,1,3,1,0,1,1,1,0,1,0,0,1,0,1,0,0,34.5,13,46.95,24.2
26,3,79,1,3,0,0,0,0,1,1,0,1,0,0,0,1,0,0,54.5,21,60.95,18.4
17,4,71,2,7,0,0,1,0,1,0,0,0,0,1,1,0,0,0,47.5,29,46.45,42.6
22,4,96,5,3,3,4,4,1,1,0,1,0,0,1,1,0,0,0,59.0,4,64.1,24.6
19,4,77,2,6,1,1,1,0,1,0,1,0,0,1,0,0,0,1,52.5,23,52.35,35.2
19,7,90,4,7,3,3,3,0,1,0,0,0,0,1,0,0,1,0,75.0,10,65.7,34.0
19,4,86,1,5,1,1,1,0,1,0,1,0,0,0,0,0,1,0,62.0,14,61.4,22.6
19,1,74,2,5,1,1,1,1,1,0,0,1,0,0,0,0,0,1,29.0,26,38.3,40.4
24,0,75,2,3,0,0,0,1,1,0,0,1,0,0,0,0,0,1,25.5,25,40.65,33.0
22,5,85,1,2,3,2,2,0,1,1,0,0,0,1,0,0,1,0,75.5,15,78.05,5.0
21,3,85,3,3,2,2,2,0,1,1,1,0,1,0,0,0,0,1,51.5,15,58.849999999999994,24.0
24,2,79,5,3,3,3,3,1,1,0,1,0,0,1,1,0,0,0,34.5,21,46.95,37.4
17,3,69,0,6,1,1,1,1,1,0,0,0,1,0,0,0,0,0,46.5,31,48.15,33.4
18,3,88,1,3,4,4,4,0,1,0,0,0,1,0,0,0,0,1,59.0,12,64.1,14.8
17,3,58,0,5,1,1,1,1,1,1,0,0,0,1,0,0,0,0,43.0,42,48.099999999999994,32.8
19,1,84,0,5,0,0,0,1,1,1,0,0,1,0,0,0,0,0,40.0,16,46.0,28.4
21,4,91,2,5,3,2,2,0,0,0,0,0,1,0,0,0,0,1,61.5,9,61.05,24.6
21,4,67,3,5,2,2,2,1,1,0,1,0,0,1,0,0,1,0,46.5,33,50.55,38.2
21,4,83,1,7,1,1,1,0,1,1,0,0,0,1,0,0,1,0,56.5,17,52.75,33.8
17,3,78,0,6,2,3,3,0,1,1,0,0,1,0,1,0,0,0,51.0,22,51.3,29.799999999999997
22,4,83,3,6,1,1,1,0,1,0,1,0,0,0,1,0,0,0,52.5,17,52.35,36.8
21,4,89,2,4,3,3,3,0,1,1,0,0,1,0,0,1,0,0,62.5,11,64.15,20.4
22,1,71,1,6,2,2,2,1,1,1,1,0,1,0,0,0,0,0,28.5,29,35.55,42.6
17,2,80,1,6,1,1,1,0,1,1,0,0,0,1,0,0,0,1,41.0,20,44.3,36.0
21,4,80,1,5,3,3,3,0,1,0,0,0,0,0,0,0,0,0,59.0,20,59.3,25.0
18,3,66,4,4,0,0,0,1,1,0,0,0,0,0,0,0,0,0,37.0,34,46.3,40.6
20,5,86,1,5,2,2,2,0,1,0,1,0,0,0,0,0,0,1,70.0,14,67.0,19.6
22,2,95,2,9,1,1,1,1,1,0,0,1,0,0,0,0,0,1,39.5,5,36.05,49.0
21,4,87,2,5,2,2,2,0,1,0,1,0,0,0,0,0,0,1,59.5,13,59.65,26.200000000000003
19,6,83,1,8,2,1,1,1,1,1,1,0,0,0,0,0,1,0,70.5,17,60.14999999999999,32.8
21,3,89,3,2,2,3,3,0,1,0,1,0,0,0,1,0,0,0,55.5,11,64.05,17.4
17,2,77,0,5,1,1,1,0,1,0,1,0,0,0,0,0,0,0,44.5,23,49.15,28.200000000000003
23,3,74,4,7,2,2,2,0,1,1,1,0,0,0,0,0,0,0,35.0,26,37.7,52.4
20,5,86,2,6,3,3,3,0,1,0,0,1,0,0,0,1,0,0,65.0,14,61.1,28.6
23,3,83,2,6,2,2,2,0,1,1,0,0,0,1,0,1,0,0,47.5,17,48.85,35.8
19,4,84,2,4,3,3,3,0,1,0,0,0,0,0,0,1,0,0,60.0,16,62.4,22.4
19,4,75,3,7,0,0,0,0,1,0,0,0,1,0,0,0,1,0,46.5,25,45.75,45.0
19,4,70,2,2,2,1,1,0,1,0,1,0,0,1,0,1,0,0,57.0,30,65.1,18.0
22,4,73,3,5,1,0,0,0,1,0,1,0,0,0,0,1,0,0,49.5,27,52.65,35.8
19,4,75,2,5,1,1,1,0,1,0,0,0,1,0,1,0,0,0,53.5,25,55.449999999999996,31.0
22,5,65,3,4,1,1,1,1,1,0,0,0,1,0,0,0,1,0,55.5,35,59.24999999999999,31.0
20,4,85,0,5,3,4,3,0,1,0,0,1,0,0,0,0,1,0,64.5,15,63.15,19.0
17,5,71,0,2,2,1,1,0,1,1,0,1,0,0,0,0,0,1,71.5,29,75.25,6.600000000000001
19,3,71,2,3,3,2,2,0,1,1,1,0,1,0,0,0,0,1,47.5,29,56.05,25.6
18,3,79,3,7,1,1,1,0,1,1,0,0,1,0,0,1,0,0,40.5,21,41.55,46.4
21,7,74,0,5,3,3,3,0,1,1,0,1,0,0,1,0,0,0,83.0,26,76.1,14.399999999999999
18,4,54,1,5,4,4,4,1,1,1,0,0,1,0,0,0,1,0,46.0,46,50.199999999999996,35.400000000000006
23,5,70,4,7,1,1,1,0,1,0,1,0,0,0,1,0,0,0,49.0,30,47.5,48.0
20,2,86,2,8,0,0,0,1,1,0,1,1,0,0,0,1,0,0,37.0,14,36.699999999999996,47.6
20,4,79,2,8,2,2,2,1,1,0,0,0,0,0,1,0,0,0,49.5,21,45.449999999999996,44.4
22,3,69,0,2,3,3,3,1,1,1,0,0,1,0,0,0,0,0,54.5,31,63.349999999999994,13.399999999999999
23,6,93,0,8,1,1,1,1,1,0,0,0,0,1,0,1,0,0,78.5,7,65.75,24.799999999999997
21,3,76,1,3,4,3,3,0,1,0,1,0,1,0,0,1,0,0,53.0,24,59.89999999999999,19.6
19,3,86,1,6,1,2,2,0,1,1,0,0,1,0,0,0,1,0,52.0,14,52.0,30.6
17,4,81,5,6,2,3,3,1,1,0,0,0,0,0,1,0,0,0,45.5,19,47.449999999999996,45.6
19,2,82,1,8,0,0,0,1,1,1,1,0,1,0,1,0,0,0,38.0,18,37.4,45.2
19,4,82,4,6,1,1,1,0,1,0,0,0,1,0,0,0,0,0,49.0,18,49.9,41.2
21,3,71,0,6,1,1,1,0,1,1,0,0,0,0,0,0,0,1,47.5,29,48.85,32.6
20,4,100,2,4,3,4,4,0,1,0,1,1,0,0,0,0,1,0,68.0,0,68.0,16.0
22,3,75,3,2,1,0,0,0,1,0,1,1,0,0,0,0,1,0,48.5,25,59.14999999999999,23.0
19,6,88,1,3,1,1,1,0,1,0,0,0,0,1,0,0,0,0,83.0,12,80.89999999999999,5.800000000000001
20,4,75,1,8,2,2,2,1,1,0,0,0,1,0,1,0,0,0,50.5,25,46.14999999999999,42.0
23,2,73,1,5,1,1,1,0,1,0,1,0,1,0,0,0,0,1,39.5,27,45.65,33.8
21,2,93,4,8,0,1,1,1,1,1,0,0,0,0,0,0,0,1,34.5,7,34.949999999999996,52.8
20,3,94,1,4,1,1,1,0,0,1,0,1,0,0,0,0,1,0,60.0,6,62.4,17.4
19,4,85,1,5,2,1,1,0,1,1,0,0,0,1,0,0,0,1,61.5,15,61.05,23.0
19,5,88,0,5,2,2,2,0,0,1,0,0,0,1,0,0,0,0,74.0,12,69.8,14.8
19,3,72,2,7,1,1,1,0,1,0,1,0,1,0,0,0,0,0,40.0,28,41.2,45.2
19,3,87,3,5,4,4,4,0,1,0,0,0,0,0,0,0,0,0,48.5,13,51.949999999999996,33.2
22,4,87,2,5,1,2,2,0,1,1,1,0,0,1,1,0,0,0,59.5,13,59.65,26.200000000000003
20,7,85,1,7,1,0,0,0,1,0,0,0,0,0,0,0,0,1,81.5,15,70.25,24.0
18,3,95,0,1,2,2,2,0,1,1,1,0,0,0,0,0,1,0,69.5,5,76.25,0.0
24,6,63,2,5,3,2,2,1,1,1,0,0,0,0,0,0,0,0,63.5,37,62.449999999999996,29.799999999999997
21,3,80,1,2,2,2,2,0,1,0,0,0,0,0,0,0,1,0,57.0,20,65.1,13.0
17,5,93,2,5,3,4,3,0,1,1,0,1,0,0,1,0,0,0,70.5,7,67.35,20.799999999999997
20,2,73,2,4,2,2,2,0,1,1,0,0,0,0,0,0,1,0,38.5,27,47.349999999999994,32.8
21,5,87,0,6,0,0,0,0,1,0,0,0,0,0,0,0,0,1,71.5,13,65.64999999999999,20.200000000000003
24,3,78,0,6,4,4,4,0,1,0,1,0,0,0,0,0,0,0,51.0,22,51.3,29.799999999999997
18,5,82,2,5,2,2,2,0,1,0,1,0,0,1,0,1,0,0,65.0,18,63.5,25.200000000000003
23,5,73,0,3,4,4,4,0,1,1,0,1,0,0,0,0,1,0,70.5,27,72.14999999999999,10.8
24,4,100,0,5,1,2,2,0,1,1,0,0,0,0,0,0,0,1,72.0,0,68.4,13.0
19,4,72,4,7,1,1,1,0,1,0,0,0,0,1,0,0,0,0,42.0,28,42.599999999999994,50.2
20,3,81,3,3,2,2,2,0,1,0,0,1,0,0,0,1,0,0,49.5,19,57.45,25.6
18,4,79,1,2,0,1,1,0,1,0,1,0,0,1,0,0,0,0,64.5,21,70.35,10.399999999999999
20,4,90,1,5,1,1,1,0,1,0,1,0,0,1,1,0,0,0,64.0,10,62.8,21.0
20,7,82,3,2,3,3,3,0,1,0,1,0,1,0,0,0,1,0,84.0,18,84.0,8.2
22,4,69,2,5,2,2,2,1,0,0,1,0,1,0,0,0,0,1,50.5,31,53.349999999999994,33.4
23,4,76,0,3,4,4,4,0,1,0,0,1,0,0,0,0,1,0,64.0,24,67.6,12.600000000000001
19,4,64,1,4,1,2,2,1,1,0,0,0,1,0,0,0,0,0,53.0,36,57.49999999999999,26.4
17,3,82,1,6,0,0,0,0,0,0,0,0,1,0,0,0,0,1,50.0,18,50.6,32.2
21,3,96,1,1,3,3,3,0,1,1,1,0,0,0,0,1,0,0,67.0,4,74.5,1.5999999999999996
21,4,80,2,7,1,1,1,0,1,0,1,0,1,0,0,0,0,0,52.0,20,49.599999999999994,39.0
21,3,84,2,8,3,3,3,1,1,1,0,0,1,0,0,0,0,1,44.0,16,41.599999999999994,45.4
20,2,90,3,8,1,1,1,1,1,0,0,0,1,0,0,0,0,0,36.0,10,36.0,50.0
21,3,76,3,8,1,2,2,1,1,1,1,0,1,0,1,0,0,0,37.0,24,36.699999999999996,52.6
24,4,90,1,9,1,1,1,1,1,0,0,1,0,0,0,1,0,0,56.0,10,47.599999999999994,41.0
21,3,97,2,5,1,1,1,0,0,1,1,0,0,1,0,0,0,1,56.5,3,57.55,25.200000000000003
20,5,67,1,7,2,2,2,1,1,0,1,0,0,1,1,0,0,0,56.5,33,52.75,37.2
19,4,91,0,5,1,1,1,0,1,1,0,1,0,0,0,1,0,0,67.5,9,65.25,16.6
20,6,70,5,6,3,3,3,1,1,0,1,0,0,0,0,0,0,0,56.0,30,54.8,44.0
24,7,75,0,5,3,3,3,0,1,1,0,0,0,1,1,0,0,0,83.5,25,76.44999999999999,14.0
20,3,91,2,2,2,2,2,0,1,0,0,0,1,0,0,0,0,1,59.5,9,66.85,12.600000000000001
21,2,84,1,2,3,3,3,0,1,1,0,1,0,0,0,0,0,0,51.0,16,60.89999999999999,14.399999999999999
19,2,78,4,8,0,0,0,1,1,0,0,0,0,0,0,1,0,0,27.0,22,29.699999999999996,58.8
23,3,99,3,5,1,1,1,0,0,0,0,0,1,0,0,1,0,0,54.5,1,56.15,28.4
25,5,79,1,8,1,1,1,1,1,0,0,1,0,0,1,0,0,0,60.5,21,53.14999999999999,37.4
22,4,90,1,5,3,3,3,0,1,1,0,0,0,0,0,0,1,0,64.0,10,62.8,21.0
21,4,79,2,3,1,1,1,0,1,0,1,0,0,1,1,0,0,0,59.5,21,64.45,19.4
21,3,85,2,5,1,1,1,0,1,0,1,0,1,0,1,0,0,0,50.5,15,53.349999999999994,30.0
17,3,85,2,6,1,1,1,0,1,0,1,0,0,1,1,0,0,0,48.5,15,49.55,35.0
22,4,82,3,8,1,1,1,1,1,1,1,0,0,0,0,1,0,0,48.0,18,44.39999999999999,47.2
21,5,70,2,5,2,2,2,0,0,1,1,0,1,0,0,1,0,0,59.0,30,59.3,30.0
21,5,84,2,6,1,2,2,0,0,0,0,0,0,0,1,0,0,0,64.0,16,60.4,29.4
19,1,77,2,5,3,2,2,1,1,1,0,0,0,1,0,0,0,1,30.5,23,39.349999999999994,39.2
20,4,78,2,8,1,1,1,1,0,0,0,1,0,0,0,0,0,1,49.0,22,45.099999999999994,44.8
20,4,86,1,8,3,3,4,1,1,0,1,1,0,0,0,1,0,0,56.0,14,49.99999999999999,37.6
23,3,86,3,4,3,3,3,0,1,1,1,0,0,0,1,0,0,0,50.0,14,55.4,28.6
20,3,76,3,6,4,3,3,0,1,0,0,1,0,0,0,0,0,0,41.0,24,44.3,42.6
25,4,83,1,3,2,2,2,0,1,0,0,0,1,0,0,0,0,0,64.5,17,67.95,13.8
21,4,82,2,7,2,1,1,0,0,1,0,0,0,0,0,0,0,1,53.0,18,50.3,38.2
18,3,75,2,4,1,1,1,0,1,1,0,0,0,1,0,0,0,0,47.5,25,53.65,29.0
20,6,75,0,4,3,3,3,0,1,0,0,0,1,0,0,0,0,1,77.5,25,74.65,12.0
19,4,75,3,1,3,3,3,0,1,1,0,0,0,1,0,0,0,1,58.5,25,68.55,15.0
17,3,81,2,7,0,0,0,0,1,0,0,0,0,1,0,1,0,0,44.5,19,44.349999999999994,41.6
24,4,79,2,5,2,2,2,0,1,0,1,0,0,0,0,1,0,0,55.5,21,56.849999999999994,29.4
22,4,83,3,6,0,0,0,0,1,0,0,0,1,0,0,0,1,0,52.5,17,52.35,36.8
22,4,75,2,7,2,2,2,0,0,0,0,0,1,0,1,0,0,0,49.5,25,47.849999999999994,41.0
21,5,80,1,4,4,3,3,0,1,0,1,0,1,0,0,0,1,0,69.0,20,68.69999999999999,17.0
18,3,81,0,3,3,3,3,0,1,0,0,0,0,0,1,0,0,0,58.5,19,63.75,13.600000000000001
19,4,84,2,6,2,2,3,0,1,1,0,0,0,1,0,0,0,0,56.0,16,54.8,32.4
22,2,93,2,7,2,2,2,0,1,1,1,0,0,0,0,0,0,1,42.5,7,42.949999999999996,39.8
18,5,90,1,6,1,2,2,0,1,1,0,0,0,0,0,0,1,0,70.0,10,64.6,23.0
17,4,81,0,8,1,1,1,1,1,0,0,0,0,1,1,0,0,0,56.5,19,50.349999999999994,35.6
20,2,69,2,6,0,1,1,1,1,0,0,0,0,0,0,0,1,0,32.5,31,38.35,44.4
20,3,77,0,6,0,0,0,0,1,0,0,1,0,0,1,0,0,0,50.5,23,50.949999999999996,30.200000000000003
21,4,89,2,7,0,1,0,0,1,0,1,0,1,0,1,0,0,0,56.5,11,52.75,35.4
22,5,81,4,5,3,3,3,0,0,0,0,1,0,0,0,0,0,1,58.5,19,58.949999999999996,33.6
22,5,71,1,3,2,2,2,0,1,1,0,1,0,0,0,0,0,0,66.5,29,69.35,15.600000000000001
21,5,80,4,5,1,2,2,0,1,0,0,0,1,0,0,0,1,0,58.0,20,58.599999999999994,34.0
23,4,78,2,6,3,2,2,0,0,0,1,1,0,0,1,0,0,0,53.0,22,52.699999999999996,34.8
17,4,92,0,4,4,4,4,0,1,0,0,0,1,0,1,0,0,0,70.0,8,69.4,11.2
22,3,77,0,3,2,1,1,0,0,0,0,0,0,0,1,0,0,0,56.5,23,62.349999999999994,15.200000000000003
22,2,85,0,4,2,2,2,0,0,0,0,0,0,0,0,0,0,0,50.5,15,55.74999999999999,20.0
18,3,87,3,7,1,1,1,0,1,0,1,0,1,0,0,0,1,0,44.5,13,44.349999999999994,43.2
17,4,72,1,6,2,2,2,0,1,0,1,0,0,0,1,0,0,0,53.0,28,52.699999999999996,33.2
19,3,76,3,5,2,2,2,0,1,0,0,0,1,0,0,0,0,0,43.0,24,48.099999999999994,37.6
19,3,78,2,3,0,0,0,0,0,0,1,1,0,0,1,0,0,0,51.0,22,58.5,22.8
22,4,83,3,6,2,2,2,0,1,0,0,0,0,0,0,0,0,0,52.5,17,52.35,36.8
19,5,77,1,5,2,1,1,0,1,0,0,0,0,1,0,0,0,0,65.5,23,63.849999999999994,23.200000000000003
19,4,71,3,6,2,2,2,0,1,1,1,0,1,0,0,0,1,0,46.5,29,48.15,41.6
19,3,73,1,10,0,0,0,1,1,1,0,0,1,0,0,0,1,0,37.5,27,32.25,55.8
23,2,89,0,6,2,3,3,0,1,1,0,0,0,0,0,0,1,0,48.5,11,49.55,28.4
21,4,83,0,5,3,3,3,0,1,1,1,0,0,0,0,0,0,1,63.5,17,62.449999999999996,19.8
20,1,84,0,3,2,2,2,1,1,0,1,0,0,0,0,0,0,1,44.0,16,53.599999999999994,18.4
20,5,90,1,4,4,3,3,0,1,0,0,0,1,0,0,1,0,0,74.0,10,72.19999999999999,13.0
23,4,84,3,4,2,1,1,0,1,0,1,0,1,0,0,0,1,0,57.0,16,60.3,26.4
19,6,87,3,7,2,2,2,0,1,1,0,1,0,0,0,0,0,1,68.5,13,61.14999999999999,34.2
23,5,87,2,4,2,1,1,0,1,1,1,0,0,0,1,0,0,0,69.5,13,69.05,18.200000000000003
21,4,87,1,3,1,1,1,0,1,0,0,0,0,1,0,1,0,0,66.5,13,69.35,12.2
20,3,84,1,6,1,1,1,0,1,0,1,1,0,0,0,1,0,0,51.0,16,51.3,31.4
26,3,83,1,4,4,4,3,0,1,0,1,0,0,1,0,0,0,0,54.5,17,58.55,21.8
18,6,78,0,6,1,1,1,0,1,0,1,0,1,0,1,0,0,0,75.0,22,68.1,20.799999999999997
20,4,86,1,5,2,2,2,0,1,0,1,0,0,1,0,0,0,0,62.0,14,61.4,22.6
18,2,84,3,4,1,1,1,0,0,0,0,0,1,0,0,0,0,1,41.0,16,49.099999999999994,32.4
23,3,74,4,4,0,0,0,0,1,0,0,0,0,0,1,0,0,0,41.0,26,49.099999999999994,37.4
24,5,91,2,6,4,3,3,0,1,1,0,0,0,1,0,0,0,1,67.5,9,62.85,26.6
24,5,89,0,5,2,2,2,0,1,1,0,1,0,0,1,0,0,0,74.5,11,70.15,14.399999999999999
23,4,83,4,3,2,2,2,0,1,1,1,1,0,0,1,0,0,0,55.5,17,61.64999999999999,25.799999999999997
20,5,91,1,3,2,2,2,0,1,1,0,0,0,1,0,0,0,1,76.5,9,76.35,7.600000000000001
20,2,87,2,4,4,3,3,0,1,1,0,0,0,1,0,1,0,0,45.5,13,52.25,27.200000000000003
17,3,78,1,3,2,2,2,0,1,0,0,0,0,1,0,0,0,0,54.0,22,60.599999999999994,18.8
25,3,67,2,4,4,4,4,1,1,0,0,0,0,0,0,1,0,0,43.5,33,50.849999999999994,32.2
22,4,52,2,5,1,1,1,1,1,0,1,0,1,0,1,0,0,0,42.0,48,47.4,40.2
19,4,92,5,3,4,4,4,1,1,0,1,0,0,1,0,0,0,0,57.0,8,62.7,26.200000000000003
23,5,81,0,7,1,1,1,0,1,0,1,1,0,0,0,1,0,0,66.5,19,59.75,27.6
18,4,79,0,8,0,0,0,1,1,0,0,0,1,0,0,0,0,1,55.5,21,49.64999999999999,36.4
21,2,76,3,7,0,0,0,0,1,0,1,1,0,0,1,0,0,0,31.0,24,34.9,50.6
20,6,82,3,6,2,2,2,0,1,0,0,0,0,1,0,1,0,0,68.0,18,63.199999999999996,31.200000000000003
22,4,89,2,6,1,1,1,0,1,0,1,0,0,0,0,1,0,0,58.5,11,56.55,30.4
20,1,75,3,5,1,1,1,1,1,0,0,0,1,0,0,0,0,0,26.5,25,36.55,44.0
17,2,82,4,6,0,1,1,0,1,0,0,1,0,0,0,0,0,1,33.0,18,38.699999999999996,47.2
21,3,100,2,4,0,0,0,0,1,0,0,1,0,0,0,0,0,1,60.0,0,62.4,19.0
23,6,96,1,5,2,2,2,0,1,0,1,0,0,0,0,0,1,0,83.0,4,76.1,12.600000000000001
20,2,64,0,5,2,2,2,1,1,0,1,0,0,0,0,0,0,1,38.0,36,44.599999999999994,33.4
22,4,67,3,5,2,2,2,1,0,0,0,0,0,1,0,0,0,1,46.5,33,50.55,38.2
18,5,96,3,2,3,3,3,0,0,0,0,0,0,1,0,0,0,0,75.0,4,77.7,8.600000000000001
20,5,89,4,5,4,3,3,0,1,0,1,0,0,0,0,1,0,0,62.5,11,61.75,30.4
19,3,82,1,7,2,3,3,0,1,0,0,0,1,0,0,0,0,0,48.0,18,46.8,37.2
22,4,86,1,4,3,4,3,0,1,0,1,0,0,1,1,0,0,0,64.0,14,65.19999999999999,17.6
21,3,79,1,5,1,1,1,0,1,0,0,1,0,0,0,0,1,0,50.5,21,53.349999999999994,28.4
22,4,76,1,2,4,3,3,0,1,0,0,0,0,1,1,0,0,0,63.0,24,69.3,11.600000000000001
23,3,87,5,5,1,1,1,1,1,1,0,0,1,0,0,0,0,1,42.5,13,47.75,41.2
22,4,81,5,2,4,3,3,1,1,0,0,0,0,1,0,1,0,0,53.5,19,62.64999999999999,25.6
21,4,88,5,4,1,1,1,1,1,0,1,0,0,1,0,0,0,0,53.0,12,57.49999999999999,32.8
18,3,77,5,5,4,4,4,1,1,0,0,0,0,1,0,1,0,0,37.5,23,44.25,45.2
21,5,87,4,4,4,4,3,0,0,1,0,1,0,0,1,0,0,0,63.5,13,64.85,26.200000000000003
19,4,84,1,5,2,2,2,0,1,1,0,0,1,0,0,1,0,0,61.0,16,60.699999999999996,23.4
20,4,71,2,5,2,2,2,0,0,0,0,0,1,0,0,1,0,0,51.5,29,54.05,32.6
20,4,93,1,5,1,1,1,0,1,1,1,0,1,0,0,1,0,0,65.5,7,63.849999999999994,19.8
18,3,70,2,5,1,1,1,0,1,1,1,0,0,1,0,0,0,1,43.0,30,48.099999999999994,36.0
17,5,92,0,2,4,3,3,0,0,0,0,0,1,0,0,0,1,0,82.0,8,82.6,0.0
19,4,85,2,5,4,4,3,0,0,0,0,0,1,0,1,0,0,0,58.5,15,58.949999999999996,27.0
21,4,87,4,1,3,4,3,0,1,0,0,1,0,0,0,0,1,0,61.5,13,70.64999999999999,14.2
18,3,78,2,4,1,1,0,0,1,0,1,0,0,1,0,0,0,0,49.0,22,54.699999999999996,27.799999999999997
21,3,79,3,8,0,0,0,1,1,0,1,0,0,1,0,0,1,0,38.5,21,37.75,51.4
25,4,82,2,7,0,0,0,0,1,0,0,1,0,0,0,0,0,1,53.0,18,50.3,38.2
23,2,71,2,2,1,1,1,0,1,0,0,0,0,1,0,0,0,1,41.5,29,54.25,23.6
24,4,86,3,4,1,2,2,0,1,1,0,0,0,1,0,0,1,0,58.0,14,60.99999999999999,25.6
21,4,79,3,5,2,2,2,0,1,1,0,1,0,0,1,0,0,0,52.5,21,54.75,33.4
23,2,65,1,6,1,1,1,1,1,0,0,0,0,0,0,1,0,0,33.5,35,39.05,42.0
19,5,97,2,7,3,3,3,0,1,0,1,0,0,0,0,0,0,0,68.5,3,61.14999999999999,29.200000000000003
19,5,84,2,8,0,0,0,1,0,0,0,0,0,0,0,0,0,1,60.0,16,52.8,39.4
17,5,84,1,3,1,1,1,0,1,1,1,0,1,0,0,0,0,1,73.0,16,73.89999999999999,10.399999999999999
23,3,76,0,5,3,3,3,0,1,0,0,0,0,1,0,0,0,1,52.0,24,54.4,25.6
24,4,69,1,5,4,4,4,1,1,1,0,1,0,0,0,0,0,1,53.5,31,55.449999999999996,29.4
19,3,87,3,6,2,2,2,0,1,1,0,0,0,1,0,0,1,0,46.5,13,48.15,38.2
20,4,70,2,6,4,4,4,0,1,0,0,0,0,0,0,1,0,0,49.0,30,49.9,38.0
19,3,86,2,5,2,3,3,0,1,0,1,0,0,1,0,0,0,0,51.0,14,53.699999999999996,29.6
21,4,73,0,6,0,0,0,0,1,1,1,0,0,1,0,1,0,0,56.5,27,55.15,28.799999999999997
23,4,71,3,3,1,1,1,0,1,1,0,0,0,1,0,0,0,1,52.5,29,59.55,26.6
17,2,75,2,3,1,0,0,0,1,1,0,1,0,0,1,0,0,0,41.5,25,51.849999999999994,27.0
21,3,98,1,3,4,4,4,0,1,0,1,1,0,0,0,0,0,1,64.0,2,67.6,10.8
20,5,88,1,6,3,4,4,0,1,0,0,0,0,0,0,0,1,0,69.0,12,63.9,23.799999999999997
21,8,81,1,7,1,1,1,0,1,1,1,0,0,0,0,1,0,0,87.5,19,74.44999999999999,22.6
22,1,95,2,4,2,1,1,1,1,0,0,0,0,1,0,0,1,0,41.5,5,49.449999999999996,27.0
20,3,74,1,4,0,0,0,0,1,1,0,1,0,0,0,0,1,0,50.0,26,55.4,25.4
20,3,73,0,5,3,3,3,0,1,1,1,1,0,0,1,0,0,0,50.5,27,53.349999999999994,26.799999999999997
20,2,74,1,10,1,1,1,1,1,1,1,0,0,0,0,1,0,0,30.0,26,27.0,58.400000000000006
23,6,97,1,4,3,3,3,0,1,1,0,0,1,0,0,0,1,0,85.5,3,80.25,7.199999999999999
21,3,88,4,7,2,2,2,0,1,1,0,0,0,1,0,0,0,0,42.0,12,42.599999999999994,46.8
21,3,75,3,5,2,2,2,0,1,1,0,0,0,1,0,0,0,1,42.5,25,47.75,38.0
18,4,76,1,4,2,2,2,0,1,0,1,1,0,0,0,0,0,1,59.0,24,61.699999999999996,21.6
20,3,84,1,3,4,3,3,0,1,1,0,0,0,1,0,0,1,0,57.0,16,62.7,16.4
23,4,72,2,5,2,1,1,0,0,1,0,0,0,0,0,0,0,0,52.0,28,54.4,32.2
21,3,80,1,7,3,2,2,0,1,1,1,1,0,0,1,0,0,0,47.0,20,46.099999999999994,38.0
22,5,74,4,3,1,2,2,0,1,1,0,0,0,0,0,0,1,0,59.0,26,64.1,26.4
24,4,81,1,5,3,3,3,0,1,1,0,0,0,1,1,0,0,0,59.5,19,59.65,24.6
23,5,88,3,4,3,3,3,0,1,1,1,0,0,0,1,0,0,0,67.0,12,67.3,21.799999999999997
21,4,95,1,4,2,2,2,0,1,0,0,0,0,1,0,0,0,0,68.5,5,68.35,14.0
19,0,69,1,2,2,2,2,1,1,0,1,0,0,0,1,0,0,0,27.5,31,44.45,26.4
17,2,86,2,9,3,3,3,1,1,0,0,0,1,0,0,0,0,0,35.0,14,32.9,52.6
20,6,87,1,6,1,1,1,0,1,0,1,1,0,0,0,1,0,0,76.5,13,69.14999999999999,21.200000000000003
20,3,80,2,4,3,3,3,0,1,0,1,0,0,0,0,0,0,0,50.0,20,55.4,27.0
21,1,77,1,7,1,1,1,1,1,0,0,0,0,1,0,1,0,0,29.5,23,33.849999999999994,45.2
20,3,77,2,5,2,2,2,0,0,0,0,0,0,0,0,0,1,0,46.5,23,50.55,33.2
20,3,67,3,6,1,1,1,1,1,0,0,0,0,1,1,0,0,0,36.5,33,41.15,46.2
17,5,88,2,8,1,1,1,1,1,0,0,0,0,0,0,1,0,0,62.0,12,54.199999999999996,37.8
18,2,75,0,8,1,1,1,1,0,1,0,0,0,0,0,0,0,1,37.5,25,37.05,44.0
22,3,68,1,3,1,1,1,1,1,1,0,1,0,0,1,0,0,0,49.0,32,57.099999999999994,22.8
24,5,84,3,5,3,3,3,0,1,1,0,0,1,0,0,1,0,0,63.0,16,62.099999999999994,28.4
20,3,84,4,7,1,1,1,0,1,0,0,0,0,0,0,0,1,0,40.0,16,41.2,48.4
21,2,88,0,3,3,3,3,0,1,0,1,0,0,0,1,0,0,0,54.0,12,60.599999999999994,13.8
23,4,96,1,5,1,1,1,0,1,0,0,0,0,0,1,0,0,0,67.0,4,64.9,18.6
19,5,82,3,5,2,2,2,0,1,0,0,0,0,0,0,0,1,0,62.0,18,61.4,29.200000000000003
21,3,79,0,6,2,2,2,0,1,0,0,1,0,0,0,0,1,0,51.5,21,51.65,29.4
19,4,78,1,6,2,2,2,0,1,0,1,1,0,0,0,0,1,0,56.0,22,54.8,30.799999999999997
22,3,79,2,7,0,0,0,0,1,0,1,0,0,1,0,0,0,0,43.5,21,43.65,42.4
21,1,76,1,5,0,0,0,1,1,0,0,0,0,0,0,1,0,0,33.0,24,41.099999999999994,35.6
21,5,78,3,3,2,2,3,0,1,1,0,1,0,0,0,0,0,1,64.0,22,67.6,20.799999999999997
19,2,76,1,4,2,3,3,0,1,0,0,1,0,0,0,0,1,0,43.0,24,50.5,27.6
22,4,73,1,5,2,2,2,0,1,1,0,0,0,1,0,0,1,0,55.5,27,56.849999999999994,27.799999999999997
25,4,95,2,4,3,3,3,0,1,0,0,0,1,0,0,0,0,0,65.5,5,66.25,18.0
18,5,93,0,6,2,2,2,0,1,0,0,0,1,0,1,0,0,0,74.5,7,67.75,17.799999999999997
20,3,67,4,2,2,2,2,1,1,0,0,0,0,0,0,1,0,0,41.5,33,54.25,30.200000000000003
21,3,84,2,4,2,2,2,0,1,0,1,0,0,1,0,1,0,0,52.0,16,56.8,25.4
22,5,81,2,7,3,3,3,0,1,0,0,0,0,0,0,0,0,0,60.5,19,55.55,35.6
19,3,83,1,6,0,0,0,0,1,1,0,0,1,0,0,1,0,0,50.5,17,50.949999999999996,31.799999999999997
17,3,70,1,4,2,2,2,0,1,0,0,0,0,0,0,0,1,0,48.0,30,53.99999999999999,27.0
24,1,67,0,3,0,0,0,1,1,1,1,1,0,0,0,0,0,1,35.5,33,47.65,25.200000000000003
22,4,81,1,8,1,1,1,1,1,0,0,0,0,1,0,0,1,0,53.5,19,48.24999999999999,39.6
17,5,79,3,6,2,2,2,0,1,1,0,0,0,0,0,0,0,1,58.5,21,56.55,35.4
19,2,77,1,4,3,3,3,0,0,1,0,0,0,0,0,0,0,1,43.5,23,50.849999999999994,27.200000000000003
24,3,80,0,5,2,3,3,0,1,0,0,0,1,0,1,0,0,0,54.0,20,55.8,24.0
24,3,86,3,7,2,2,2,0,1,1,0,0,0,0,0,0,0,0,44.0,14,44.0,43.6
23,4,89,2,3,4,3,3,0,1,0,1,0,0,1,1,0,0,0,64.5,11,67.95,15.399999999999999
20,4,74,4,3,1,1,1,0,1,0,0,0,1,0,0,0,0,0,51.0,26,58.5,29.4
21,4,74,2,5,3,4,3,0,1,0,0,0,1,0,0,0,0,0,53.0,26,55.099999999999994,31.4
20,3,83,2,3,2,2,2,0,1,1,0,0,0,1,0,0,0,1,53.5,17,60.25,20.8
23,4,76,0,5,2,2,2,0,1,1,0,0,1,0,1,0,0,0,60.0,24,60.0,22.6
19,1,80,2,4,2,2,2,1,1,0,0,0,0,0,0,0,0,0,34.0,20,44.199999999999996,33.0
19,5,83,0,1,4,3,3,0,1,0,0,0,1,0,0,0,0,0,79.5,17,83.25,0.0
23,6,71,1,5,2,2,2,0,1,0,0,0,0,1,0,0,1,0,70.5,29,67.35,22.6
20,4,64,0,6,1,1,1,1,1,0,0,0,0,1,0,0,1,0,52.0,36,52.0,32.4
24,3,100,1,9,2,2,2,1,1,0,0,0,0,1,1,0,0,0,53.0,0,45.49999999999999,40.0
19,4,84,0,6,4,3,3,0,1,0,0,0,1,0,0,1,0,0,62.0,16,59.0,24.4
20,2,73,5,3,3,3,3,1,1,0,0,1,0,0,0,1,0,0,31.5,27,44.849999999999994,39.8
19,2,64,2,4,0,0,0,1,1,0,0,0,0,1,0,0,0,0,34.0,36,44.199999999999996,36.4
21,4,93,1,5,1,1,1,0,1,0,0,1,0,0,0,0,1,0,65.5,7,63.849999999999994,19.8
17,4,74,1,6,2,1,1,0,1,0,0,1,0,0,0,1,0,0,54.0,26,53.4,32.4
19,4,74,5,7,1,1,1,1,1,1,1,0,0,0,0,0,1,0,40.0,26,41.2,53.400000000000006
17,4,76,1,5,1,2,1,0,1,0,1,0,1,0,0,0,0,1,57.0,24,57.9,26.6
22,7,83,0,5,0,0,0,0,1,0,0,0,0,1,1,0,0,0,87.5,17,79.25,10.8
22,4,87,1,5,2,2,2,0,1,1,0,0,0,1,0,0,0,0,62.5,13,61.75,22.200000000000003
17,3,79,2,7,2,2,2,0,1,0,0,0,1,0,0,0,0,0,43.5,21,43.65,42.4
23,4,73,2,4,2,2,2,0,1,0,0,0,0,0,0,0,0,1,54.5,27,58.55,26.799999999999997
26,3,100,2,6,1,1,1,0,1,0,0,0,0,1,1,0,0,0,56.0,0,54.8,29.0
21,2,78,0,5,2,3,3,0,1,0,1,0,0,1,0,0,0,1,45.0,22,49.5,27.799999999999997
19,7,82,3,3,4,3,3,0,1,0,0,1,0,0,0,0,0,1,82.0,18,80.2,13.200000000000003
27,2,70,2,5,1,1,1,0,1,1,0,0,0,1,0,0,0,1,35.0,30,42.5,39.0
18,4,86,1,5,1,1,2,0,1,0,0,1,0,0,0,0,1,0,62.0,14,61.4,22.6
21,3,90,2,5,3,3,3,0,1,0,0,1,0,0,0,0,1,0,53.0,10,55.099999999999994,28.0
21,3,75,1,4,0,0,0,0,1,1,0,0,0,1,1,0,0,0,50.5,25,55.74999999999999,25.0
24,4,67,0,8,1,1,1,1,1,1,0,0,1,0,0,0,0,0,49.5,33,45.449999999999996,41.2
21,3,78,1,6,3,3,3,0,1,1,0,0,0,0,0,0,1,0,48.0,22,49.199999999999996,33.8
19,3,97,0,3,3,4,3,0,0,1,0,0,1,0,0,0,0,0,66.5,3,69.35,7.199999999999999
18,3,76,1,5,1,2,2,0,1,0,0,0,1,0,0,1,0,0,49.0,24,52.3,29.6
20,3,100,3,6,2,2,2,0,1,1,0,0,1,0,0,1,0,0,53.0,0,52.699999999999996,33.0
18,2,77,1,5,1,0,0,0,1,1,1,0,1,0,1,0,0,0,41.5,23,47.05,32.2
21,3,67,5,6,0,0,0,1,1,1,0,0,0,1,0,0,0,0,30.5,33,36.949999999999996,54.2
19,3,77,0,5,3,3,3,0,0,0,0,1,0,0,0,0,0,0,52.5,23,54.75,25.200000000000003
17,3,67,1,5,3,4,4,1,1,1,0,1,0,0,0,0,1,0,44.5,33,49.15,33.2
23,3,76,1,5,2,2,2,0,0,1,1,0,1,0,0,0,0,0,49.0,24,52.3,29.6
19,5,85,1,6,1,1,1,0,1,1,1,0,0,1,1,0,0,0,67.5,15,62.85,25.0
18,3,78,2,4,3,3,3,0,0,1,0,0,0,0,0,0,0,1,49.0,22,54.699999999999996,27.799999999999997
20,5,90,3,5,2,3,3,0,1,1,0,0,1,0,1,0,0,0,66.0,10,64.19999999999999,26.0
21,6,77,5,5,2,1,1,1,1,0,0,0,1,0,0,1,0,0,61.5,23,61.05,36.2
17,3,70,4,4,0,1,1,0,1,1,0,0,1,0,0,0,0,1,39.0,30,47.699999999999996,39.0
21,4,83,0,6,3,2,2,0,1,1,0,0,0,1,1,0,0,0,61.5,17,58.65,24.799999999999997
18,4,80,3,6,3,3,3,0,1,1,0,0,0,0,1,0,0,0,51.0,20,51.3,38.0
24,4,81,3,1,4,3,3,0,0,0,1,0,1,0,0,0,1,0,61.5,19,70.64999999999999,12.600000000000001
22,1,71,5,5,1,1,1,1,1,1,0,0,0,0,0,0,0,0,18.5,29,30.95,53.6
20,5,84,0,8,3,3,3,1,1,0,0,0,0,1,0,0,0,0,66.0,16,56.99999999999999,31.4
19,3,93,2,8,2,2,2,1,1,0,1,0,0,0,0,1,0,0,48.5,7,44.74999999999999,41.8
20,5,71,3,6,0,0,0,0,1,0,1,0,0,1,0,0,1,0,54.5,29,53.75,38.6
22,3,66,1,7,1,1,1,1,1,0,1,0,0,0,0,1,0,0,40.0,34,41.2,43.6
20,5,69,5,5,1,2,2,1,1,0,1,0,0,1,0,0,0,0,49.5,31,52.65,42.4
20,4,81,3,6,2,2,2,0,1,0,0,0,1,0,0,0,0,1,51.5,19,51.65,37.6
21,4,69,2,5,2,2,2,1,1,0,0,0,0,0,0,1,0,0,50.5,31,53.349999999999994,33.4
19,4,84,3,5,3,3,3,0,1,0,1,0,1,0,0,1,0,0,55.0,16,56.5,31.4
20,3,84,6,8,2,1,1,1,1,1,1,0,0,1,1,0,0,0,32.0,16,33.199999999999996,61.400000000000006
17,3,84,1,7,1,1,1,0,0,0,1,0,0,0,0,1,0,0,49.0,16,47.5,36.4
23,4,100,3,4,2,2,2,0,1,0,0,1,0,0,0,1,0,0,65.0,0,65.9,20.0
21,4,67,1,8,0,0,0,1,1,1,0,0,0,1,0,0,0,1,46.5,33,43.349999999999994,45.2
19,3,68,0,5,0,1,0,1,1,0,1,0,0,1,1,0,0,0,48.0,32,51.599999999999994,28.799999999999997
25,5,92,1,6,2,1,1,0,1,1,0,0,1,0,0,0,0,1,71.0,8,65.3,22.200000000000003
21,3,86,3,5,1,2,2,0,0,0,0,1,0,0,1,0,0,0,48.0,14,51.599999999999994,33.6
18,4,91,0,6,1,2,2,0,0,0,0,0,0,0,0,0,0,0,65.5,9,61.449999999999996,21.6
22,5,65,4,6,1,2,2,1,0,0,1,0,1,0,0,0,0,0,48.5,35,49.55,45.0
21,4,71,5,7,1,0,0,1,1,0,0,1,0,0,0,1,0,0,38.5,29,40.15,54.599999999999994
21,3,89,3,4,0,0,0,0,1,0,0,0,0,1,0,0,0,0,51.5,11,56.449999999999996,27.4
20,5,80,4,7,3,3,3,0,1,1,0,0,0,1,0,0,0,1,54.0,20,51.0,44.0
22,6,92,1,1,4,2,2,0,1,0,1,0,0,1,0,0,0,1,89.0,8,89.89999999999999,0.0
20,4,78,3,4,1,1,1,0,1,1,0,0,0,0,0,0,0,1,54.0,22,58.199999999999996,28.799999999999997
22,1,80,0,3,2,2,2,1,1,0,0,1,0,0,0,0,0,1,42.0,20,52.2,20.0
17,3,100,0,6,2,2,2,0,1,0,1,0,0,0,0,0,1,0,62.0,0,59.0,21.0
20,5,73,0,7,2,2,2,0,1,1,0,0,0,1,1,0,0,0,62.5,27,56.95,30.799999999999997
24,3,87,3,5,3,3,3,0,1,1,0,0,0,0,0,0,0,0,48.5,13,51.949999999999996,33.2
19,4,69,3,7,0,0,0,1,1,0,1,0,1,0,1,0,0,0,43.5,31,43.65,47.4
19,3,75,4,4,1,1,1,0,1,1,1,0,0,1,0,0,0,0,41.5,25,49.449999999999996,37.0
20,5,87,0,3,3,3,3,0,1,1,1,0,0,0,0,0,1,0,77.5,13,77.05,5.199999999999999
18,4,70,0,6,1,1,1,0,0,0,1,0,0,0,0,0,1,0,55.0,30,54.1,30.0
17,3,89,0,7,1,0,0,0,1,0,1,0,0,1,0,1,0,0,54.5,11,51.349999999999994,30.4
20,5,80,2,5,1,1,1,0,1,0,0,0,0,1,0,0,1,0,64.0,20,62.8,26.0
21,5,74,0,8,1,1,1,1,1,0,0,0,0,0,1,0,0,0,61.0,26,53.49999999999999,35.4
20,4,81,3,6,2,2,2,0,1,0,1,0,1,0,1,0,0,0,51.5,19,51.65,37.6
20,4,77,4,6,2,2,2,0,1,0,0,0,0,1,1,0,0,0,46.5,23,48.15,43.2
21,8,76,2,4,3,3,3,0,1,0,1,1,0,0,0,0,0,1,88.0,24,82.0,13.600000000000001
23,2,78,3,3,2,2,2,0,1,1,0,0,1,0,0,1,0,0,40.0,22,50.8,29.799999999999997
20,3,70,1,5,2,2,2,0,1,1,1,0,0,1,0,0,0,1,46.0,30,50.199999999999996,32.0
19,4,67,2,8,1,1,1,1,1,0,0,1,0,0,0,0,0,0,43.5,33,41.25,49.2
20,5,65,4,5,1,1,1,1,1,0,1,0,1,0,0,0,0,0,50.5,35,53.349999999999994,40.0
22,3,86,3,4,2,3,3,0,1,0,0,0,0,0,0,0,0,1,50.0,14,55.4,28.6
24,5,85,1,3,1,1,1,0,1,0,0,0,0,1,0,0,0,0,73.5,15,74.25,10.0
19,3,75,2,6,1,1,1,0,1,0,0,0,0,1,0,0,0,1,43.5,25,46.05,39.0
21,4,81,1,3,3,4,4,0,1,1,0,0,0,0,1,0,0,0,63.5,19,67.25,14.600000000000001
21,5,93,2,6,1,1,1,0,1,0,1,0,0,1,0,0,0,0,68.5,7,63.55,25.799999999999997
18,4,77,4,5,2,2,2,0,1,0,0,0,0,0,0,0,0,0,48.5,23,51.949999999999996,38.2
21,5,79,1,5,3,3,3,0,0,0,0,1,0,0,1,0,0,0,66.5,21,64.55,22.4
17,5,97,2,6,2,2,2,0,1,0,1,0,0,1,0,0,0,1,70.5,3,64.94999999999999,24.200000000000003
17,3,85,0,3,3,3,3,0,1,1,0,1,0,0,1,0,0,0,60.5,15,65.14999999999999,12.0
21,2,89,3,5,3,3,3,0,1,0,0,0,0,1,1,0,0,0,41.5,11,47.05,35.4
20,3,87,1,2,1,1,1,0,0,0,1,0,0,0,0,0,1,0,60.5,13,67.55,10.2
21,3,86,1,5,3,3,3,0,1,1,0,0,0,0,0,0,0,1,54.0,14,55.8,25.6
21,5,76,3,6,0,1,1,0,1,0,0,0,0,0,0,1,0,0,57.0,24,55.5,36.6
18,2,74,1,6,2,3,3,0,0,0,1,0,0,0,0,0,0,0,38.0,26,42.199999999999996,38.4
20,4,87,1,7,3,3,3,0,1,0,1,0,0,0,0,1,0,0,58.5,13,54.14999999999999,32.2
18,4,86,0,6,0,0,0,0,1,0,0,0,0,1,0,0,0,1,63.0,14,59.699999999999996,23.6
24,4,83,1,4,3,4,3,0,1,0,1,0,0,1,1,0,0,0,62.5,17,64.15,18.8
18,5,84,1,2,4,4,4,0,1,0,0,0,0,0,1,0,0,0,75.0,16,77.7,5.399999999999999
20,4,75,2,7,2,3,3,0,1,1,1,0,0,1,1,0,0,0,49.5,25,47.849999999999994,41.0
18,3,72,3,4,2,2,2,0,1,0,1,0,0,0,1,0,0,0,43.0,28,50.5,34.2
22,3,76,3,2,0,0,0,0,1,1,1,1,0,0,0,0,0,0,49.0,24,59.5,22.6
20,4,80,1,8,3,3,3,1,1,1,0,0,1,0,0,0,0,1,53.0,20,47.89999999999999,40.0
19,3,77,3,5,2,2,2,0,1,1,1,1,0,0,1,0,0,0,43.5,23,48.45,37.2
22,2,94,1,6,1,1,1,0,1,1,1,0,0,1,0,1,0,0,48.0,6,49.199999999999996,30.4
21,4,93,3,5,2,2,2,0,0,1,0,1,0,0,0,1,0,0,59.5,7,59.65,27.799999999999997
22,4,88,1,5,4,4,4,0,1,0,1,0,0,0,0,0,0,1,63.0,12,62.099999999999994,21.799999999999997
18,3,91,3,4,3,2,2,0,1,1,0,0,0,1,0,1,0,0,52.5,9,57.15,26.6
17,4,71,1,4,3,3,3,0,1,1,0,0,0,1,0,0,0,1,56.5,29,59.949999999999996,23.6
21,2,87,3,9,1,2,2,1,1,0,1,0,1,0,0,1,0,0,32.5,13,31.15,56.2
20,0,81,0,2,1,1,1,1,0,0,0,1,0,0,1,0,0,0,36.5,19,50.75,17.6
22,4,78,4,5,2,2,2,0,1,0,1,1,0,0,0,0,1,0,49.0,22,52.3,37.8
20,2,79,2,3,3,3,3,0,1,1,0,0,1,0,0,0,1,0,43.5,21,53.25,25.4
21,4,79,5,6,1,1,1,1,0,0,0,0,1,0,0,0,1,0,44.5,21,46.75,46.4
17,2,79,2,4,2,1,1,0,1,0,0,0,0,1,0,0,0,1,41.5,21,49.449999999999996,30.4
25,3,77,0,4,1,1,1,0,1,0,0,0,0,1,0,0,0,0,54.5,23,58.55,20.200000000000003
20,3,71,0,6,0,0,0,0,1,1,0,0,0,1,0,1,0,0,47.5,29,48.85,32.6
22,3,69,2,9,1,1,1,1,1,0,0,1,0,0,0,0,0,1,34.5,31,32.55,56.400000000000006
19,5,85,4,4,1,1,1,0,1,0,0,0,0,0,0,1,0,0,62.5,15,64.15,27.0
21,2,59,2,2,3,3,3,1,1,0,0,0,1,0,0,0,0,1,35.5,41,50.05,28.400000000000006
18,0,97,3,5,2,2,2,1,1,1,1,1,0,0,0,0,1,0,29.5,3,38.65,38.2
22,2,77,3,7,1,1,1,0,0,0,0,1,0,0,0,0,1,0,31.5,23,35.25,50.2
20,5,67,0,5,2,2,2,1,1,1,1,0,0,0,0,0,0,0,63.5,33,62.449999999999996,23.200000000000003
21,3,86,1,6,2,2,2,0,1,0,1,0,1,0,0,0,0,0,52.0,14,52.0,30.6
22,5,80,1,4,3,3,3,0,1,0,0,0,0,1,1,0,0,0,69.0,20,68.69999999999999,17.0
18,3,74,1,9,0,1,1,1,1,0,0,1,0,0,0,0,0,1,40.0,26,36.4,50.4
19,5,77,1,6,2,1,1,0,1,0,1,0,0,1,1,0,0,0,63.5,23,60.05,28.200000000000003
22,2,81,3,4,2,2,2,0,0,0,1,0,0,0,0,0,0,0,39.5,19,48.05,33.6
25,4,90,1,4,2,2,2,0,1,0,1,0,1,0,0,0,1,0,66.0,10,66.6,16.0
20,5,60,3,6,0,0,0,1,1,1,1,1,0,0,1,0,0,0,49.0,40,49.9,43.0
22,2,84,1,6,0,0,0,0,1,0,0,0,1,0,0,1,0,0,43.0,16,45.699999999999996,34.4
20,2,95,1,3,1,1,1,0,1,0,1,0,0,1,0,1,0,0,54.5,5,60.95,15.0
25,3,75,0,5,0,0,0,0,1,1,0,1,0,0,0,0,0,0,51.5,25,54.05,26.0
17,4,88,2,6,0,1,1,0,0,1,1,0,1,0,0,1,0,0,58.0,12,56.199999999999996,30.799999999999997
21,2,87,1,6,1,0,0,0,1,0,1,0,1,0,0,1,0,0,44.5,13,46.75,33.2
17,5,97,2,6,1,1,1,0,1,0,0,0,0,0,0,0,0,0,70.5,3,64.94999999999999,24.200000000000003
17,5,83,3,8,1,1,1,1,1,0,0,0,0,0,0,0,0,1,56.5,17,50.349999999999994,43.8
21,3,87,3,1,3,3,3,0,1,0,1,0,0,1,1,0,0,0,56.5,13,67.14999999999999,13.2
21,4,90,2,5,2,2,2,0,1,0,0,1,0,0,0,0,0,1,61.0,10,60.699999999999996,25.0
20,4,71,2,5,3,2,2,0,1,0,1,0,0,0,0,0,0,0,51.5,29,54.05,32.6
20,4,74,1,5,1,0,0,0,1,1,0,0,0,1,0,0,1,0,56.0,26,57.199999999999996,27.4
27,4,76,2,7,1,1,1,0,1,1,1,0,0,1,0,0,1,0,50.0,24,48.2,40.6
20,3,84,2,5,1,1,1,0,1,0,0,0,1,0,0,0,0,1,50.0,16,53.0,30.4
22,1,88,1,3,3,2,3,1,1,1,1,1,0,0,0,0,0,0,43.0,12,52.9,20.8
19,4,84,0,7,2,3,3,0,1,0,0,0,0,0,0,0,1,0,60.0,16,55.2,29.4
21,5,73,2,5,1,1,1,0,1,0,0,1,0,0,0,0,1,0,60.5,27,60.349999999999994,28.799999999999997
20,5,80,2,5,4,4,4,0,1,0,1,0,1,0,0,0,0,1,64.0,20,62.8,26.0
20,4,70,4,9,2,1,1,1,1,0,0,1,0,0,0,1,0,0,37.0,30,34.3,61.0
25,3,86,2,2,3,3,3,0,1,1,0,0,0,0,0,0,1,0,57.0,14,65.1,14.600000000000001
23,5,97,0,4,4,4,3,0,1,0,0,0,0,1,0,0,0,1,80.5,3,76.75,6.199999999999999
21,2,86,1,6,1,1,1,0,0,0,0,0,0,0,0,0,1,0,44.0,14,46.4,33.6
17,3,66,4,7,1,1,1,1,0,1,0,0,0,0,0,0,1,0,31.0,34,34.9,55.599999999999994
20,2,82,1,3,2,2,2,0,1,0,1,0,0,0,0,1,0,0,48.0,18,56.39999999999999,20.2
26,5,81,1,4,4,4,3,0,0,0,0,0,0,1,0,1,0,0,69.5,19,69.05,16.6
20,1,77,3,5,3,3,3,1,1,0,0,0,1,0,0,0,1,0,27.5,23,37.25,43.2
23,4,65,0,5,2,2,2,1,1,0,1,0,0,0,0,1,0,0,54.5,35,56.15,27.0
24,7,85,4,6,1,2,2,0,1,0,1,1,0,0,1,0,0,0,74.5,15,67.75,31.0
21,4,89,4,5,2,2,2,0,1,0,0,0,0,1,0,1,0,0,54.5,11,56.15,33.4
19,2,74,0,6,0,0,0,0,1,1,0,0,1,0,1,0,0,0,41.0,26,44.3,34.4
17,3,74,2,3,1,1,1,0,0,1,0,1,0,0,1,0,0,0,49.0,26,57.099999999999994,24.4
22,2,79,1,5,2,2,2,0,1,0,1,1,0,0,0,0,0,1,42.5,21,47.75,31.4
19,2,95,3,5,1,1,1,0,1,0,1,0,0,0,0,1,0,0,44.5,5,49.15,33.0
21,3,79,4,7,1,0,0,0,1,0,0,0,0,0,0,0,0,0,37.5,21,39.45,50.4
18,2,75,2,10,3,2,2,1,1,0,1,1,0,0,0,0,1,0,27.5,25,25.25,62.0
20,4,78,0,7,1,1,1,0,0,0,0,0,0,1,1,0,0,0,57.0,22,53.099999999999994,31.799999999999997
21,0,86,1,4,0,0,0,1,1,1,0,0,0,1,0,0,0,1,32.0,14,42.8,29.6
21,2,65,3,6,2,3,3,1,1,0,1,1,0,0,0,0,0,0,27.5,35,34.85,50.0
18,4,80,3,5,2,3,3,0,1,0,0,1,0,0,0,1,0,0,53.0,20,55.099999999999994,33.0
23,6,79,1,4,2,3,3,0,1,1,0,1,0,0,0,0,0,1,76.5,21,73.94999999999999,14.399999999999999
19,4,81,1,4,2,1,1,0,1,0,0,1,0,0,0,0,0,1,61.5,19,63.449999999999996,19.6
17,2,76,1,4,0,0,0,0,1,0,0,0,0,1,0,0,0,1,43.0,24,50.5,27.6
20,5,71,2,3,4,3,3,0,1,1,0,1,0,0,0,0,0,0,63.5,29,67.25,19.6
21,5,89,0,3,4,4,4,0,0,0,0,0,0,0,0,0,1,0,78.5,11,77.75,4.399999999999999
21,3,67,1,6,0,0,0,1,1,0,1,0,0,0,0,0,0,1,42.5,33,45.349999999999994,38.2
24,2,94,1,4,3,3,3,0,1,0,0,0,1,0,0,0,0,0,52.0,6,56.8,20.4
20,6,84,0,5,2,2,2,0,1,0,0,0,1,0,1,0,0,0,80.0,16,74.0,13.399999999999999
20,2,87,1,3,2,2,2,0,1,0,0,0,0,1,0,1,0,0,50.5,13,58.14999999999999,18.2
18,6,82,3,6,2,1,1,0,1,1,0,0,0,1,0,0,0,1,68.0,18,63.199999999999996,31.200000000000003
22,4,91,3,4,3,3,3,0,1,0,0,0,0,0,0,0,0,0,60.5,9,62.74999999999999,23.6
21,5,86,2,3,1,2,2,0,1,1,0,0,0,0,0,1,0,0,71.0,14,72.5,13.600000000000001
20,5,92,0,8,0,0,0,1,0,0,0,0,0,1,1,0,0,0,70.0,8,59.8,28.200000000000003
17,5,88,2,5,3,4,4,0,1,0,1,0,0,1,0,0,0,1,68.0,12,65.6,22.799999999999997
24,2,90,1,4,3,3,3,0,1,0,1,0,1,0,0,0,0,1,50.0,10,55.4,22.0
18,4,76,0,5,1,2,2,0,0,0,0,0,0,0,0,0,1,0,60.0,24,60.0,22.6
19,5,79,1,4,1,1,1,0,1,1,0,0,0,0,1,0,0,0,68.5,21,68.35,17.4
21,3,82,2,6,1,1,1,0,1,0,0,0,1,0,0,1,0,0,47.0,18,48.5,36.2
18,1,82,1,2,1,1,1,1,1,1,0,0,1,0,0,0,1,0,42.0,18,54.599999999999994,18.2
17,2,86,2,2,4,4,4,0,0,1,0,0,1,0,0,0,0,1,49.0,14,59.5,17.6
17,1,76,2,5,3,3,3,1,1,0,0,0,0,1,0,1,0,0,30.0,24,39.0,39.6
22,3,81,1,2,4,3,3,0,1,1,0,0,0,1,0,1,0,0,57.5,19,65.45,12.600000000000001
19,2,87,1,2,2,1,1,0,1,1,1,0,0,1,0,1,0,0,52.5,13,61.95,13.2
27,3,66,0,7,0,0,0,1,1,0,0,0,0,0,0,0,1,0,43.0,34,43.3,39.6
18,6,90,2,5,0,0,0,0,0,0,0,0,0,0,0,1,0,0,77.0,10,71.9,19.0
19,5,98,6,5,2,2,2,1,1,0,0,1,0,0,0,0,0,0,61.0,2,60.699999999999996,34.8
19,4,74,0,3,1,1,1,0,1,0,0,0,0,0,0,0,0,0,63.0,26,66.89999999999999,13.399999999999999
21,5,93,3,8,1,1,1,1,1,1,1,1,0,0,0,0,0,1,61.5,7,53.849999999999994,39.8
20,2,83,4,7,1,2,2,0,1,1,1,0,1,0,0,0,0,0,31.5,17,35.25,51.8
22,2,74,1,3,2,2,2,0,1,0,1,1,0,0,0,0,0,0,44.0,26,53.599999999999994,23.4
18,4,88,1,5,2,2,2,0,1,1,1,0,0,1,1,0,0,0,63.0,12,62.099999999999994,21.799999999999997
18,3,97,0,4,3,3,3,0,1,0,0,1,0,0,0,1,0,0,64.5,3,65.55,12.2
17,3,78,3,5,2,2,2,0,0,1,0,0,0,0,0,1,0,0,44.0,22,48.8,36.8
17,4,73,0,7,2,2,2,0,1,0,1,0,0,0,0,0,1,0,54.5,27,51.349999999999994,33.8
19,5,64,2,4,1,1,1,1,1,1,0,0,0,0,0,0,1,0,58.0,36,60.99999999999999,27.4
20,4,80,5,7,3,3,3,1,1,1,0,0,0,1,0,1,0,0,43.0,20,43.3,51.0
19,5,83,3,2,3,4,3,0,1,0,1,1,0,0,1,0,0,0,68.5,17,73.14999999999999,13.8
23,0,96,1,4,4,4,3,1,1,1,1,0,1,0,0,0,0,0,37.0,4,46.3,25.6
23,4,81,2,5,3,4,4,0,1,0,0,0,0,1,0,0,0,1,56.5,19,57.55,28.6
20,5,76,7,4,1,1,1,1,0,0,0,0,0,0,0,0,0,1,49.0,24,54.699999999999996,42.6
17,3,88,0,5,3,2,2,0,0,0,0,0,0,0,1,0,0,0,58.0,12,58.599999999999994,20.8
19,2,72,3,5,0,0,0,0,1,1,0,0,1,0,1,0,0,0,33.0,28,41.099999999999994,42.2
19,3,82,0,5,0,0,0,0,1,0,0,0,0,0,0,0,0,1,55.0,18,56.5,23.200000000000003
19,2,81,3,7,3,4,4,0,0,0,0,1,0,0,0,0,1,0,33.5,19,36.65,48.6
19,5,75,3,6,2,2,2,0,1,0,0,0,0,1,0,0,0,1,56.5,25,55.15,37.0
19,4,81,2,2,3,3,3,0,1,0,1,1,0,0,0,0,0,0,62.5,19,68.95,13.600000000000001
20,3,88,2,5,3,3,3,0,1,0,1,1,0,0,0,1,0,0,52.0,12,54.4,28.799999999999997
19,2,90,0,4,2,2,2,0,1,0,1,0,1,0,0,0,0,0,53.0,10,57.49999999999999,18.0
21,3,80,0,7,4,3,3,0,1,1,1,0,1,0,0,0,0,1,50.0,20,48.2,34.0
21,5,81,0,7,2,2,2,0,0,0,1,0,0,0,0,0,0,0,66.5,19,59.75,27.6
19,4,67,4,7,1,1,1,1,0,1,0,0,1,0,1,0,0,0,39.5,33,40.849999999999994,52.2
23,2,84,2,8,0,0,0,1,1,0,1,0,1,0,0,0,1,0,36.0,16,36.0,48.4
18,3,79,2,6,2,2,2,0,0,1,1,0,0,1,1,0,0,0,45.5,21,47.449999999999996,37.4
17,5,81,4,7,2,1,1,0,0,0,0,0,0,0,0,0,1,0,54.5,19,51.349999999999994,43.6
21,3,78,2,4,4,3,3,0,1,0,0,1,0,0,0,0,1,0,49.0,22,54.699999999999996,27.799999999999997
19,3,74,1,5,2,2,2,0,1,1,1,0,0,1,0,1,0,0,48.0,26,51.599999999999994,30.4
21,6,75,0,6,4,3,3,0,1,1,0,0,0,0,0,0,0,1,73.5,25,67.05,22.0
17,2,76,2,6,1,1,1,0,1,0,0,1,0,0,0,0,0,0,36.0,24,40.8,41.6
24,5,71,3,3,3,3,3,0,1,0,0,0,0,1,0,0,0,0,60.5,29,65.14999999999999,23.6
22,3,84,2,3,0,0,0,0,1,1,0,0,0,0,0,0,0,1,54.0,16,60.599999999999994,20.4
17,3,86,2,2,2,2,2,0,0,0,1,0,1,0,1,0,0,0,57.0,14,65.1,14.600000000000001
17,4,80,1,6,2,2,2,0,0,0,0,0,0,1,0,1,0,0,57.0,20,55.5,30.0
24,4,83,3,5,2,2,2,0,1,1,1,0,1,0,0,0,0,1,54.5,17,56.15,31.799999999999997
19,4,80,1,6,3,3,3,0,1,0,1,0,1,0,0,0,0,0,57.0,20,55.5,30.0
19,3,91,2,6,1,1,1,0,1,1,1,0,0,0,0,0,0,0,51.5,9,51.65,32.6
17,4,82,1,5,2,2,2,0,1,1,0,0,0,0,0,0,0,0,60.0,18,60.0,24.200000000000003
20,4,84,3,6,2,1,1,0,1,0,0,0,0,0,0,1,0,0,53.0,16,52.699999999999996,36.4
20,3,88,2,7,1,1,1,0,1,0,0,0,1,0,1,0,0,0,48.0,12,46.8,38.8
22,2,81,2,7,1,1,1,0,1,0,0,0,1,0,0,0,1,0,36.5,19,38.75,44.6
17,4,93,3,1,2,3,3,0,1,1,0,1,0,0,0,0,1,0,67.5,7,74.85,7.800000000000001
17,4,76,0,6,0,0,0,0,0,0,1,0,0,1,0,0,0,0,58.0,24,56.199999999999996,27.6
22,3,95,0,6,1,1,1,0,1,0,1,0,1,0,1,0,0,0,59.5,5,57.25,23.0
23,2,80,4,6,1,1,1,0,1,0,0,0,0,0,1,0,0,0,32.0,20,38.0,48.0
17,3,76,0,6,1,1,1,0,1,0,0,1,0,0,1,0,0,0,50.0,24,50.6,30.6
23,1,69,3,4,0,1,1,1,1,0,1,0,1,0,0,1,0,0,25.5,31,38.25,41.4
21,5,89,1,1,2,2,2,0,1,0,0,0,0,0,0,1,0,0,79.5,11,83.25,0.0
23,3,79,4,4,2,2,2,0,1,0,1,0,0,1,0,0,1,0,43.5,21,50.849999999999994,35.4
20,4,83,0,2,3,3,3,0,1,0,0,0,0,1,0,0,0,0,69.5,17,73.85,4.800000000000001
17,3,84,1,2,3,3,3,0,1,1,0,0,1,0,0,0,1,0,59.0,16,66.5,11.399999999999999
20,6,78,3,7,1,1,1,0,1,1,0,0,1,0,0,1,0,0,64.0,22,58.0,37.8
23,4,90,0,5,3,3,3,0,1,0,0,0,1,0,0,0,1,0,67.0,10,64.9,17.0
19,3,85,1,6,1,1,1,0,1,0,0,0,1,0,1,0,0,0,51.5,15,51.65,31.0
20,3,75,2,5,1,1,1,0,1,0,0,1,0,0,0,0,1,0,45.5,25,49.849999999999994,34.0
20,3,71,1,7,0,0,0,0,1,1,0,0,0,1,0,0,1,0,42.5,29,42.949999999999996,41.6
17,3,88,2,5,3,3,3,0,1,0,0,0,0,1,0,0,0,1,52.0,12,54.4,28.799999999999997
24,4,80,5,5,2,2,2,1,1,0,0,0,1,0,0,0,0,0,47.0,20,50.9,41.0
19,4,87,1,8,1,2,2,1,0,0,0,0,0,0,0,0,1,0,56.5,13,50.349999999999994,37.2
22,4,80,2,5,1,1,1,0,0,0,0,0,0,0,0,1,0,0,56.0,20,57.199999999999996,29.0
20,5,83,3,6,1,1,1,0,1,1,0,1,0,0,1,0,0,0,60.5,17,57.949999999999996,33.8
23,1,88,0,6,3,3,3,1,1,0,0,1,0,0,0,1,0,0,40.0,12,43.6,31.799999999999997
21,3,70,1,3,2,2,2,0,1,0,0,0,1,0,1,0,0,0,50.0,30,57.8,22.0
20,4,95,0,7,2,2,2,0,1,0,0,0,1,0,1,0,0,0,65.5,5,59.05,25.0
19,5,85,1,7,1,2,2,0,1,0,0,1,0,0,1,0,0,0,65.5,15,59.05,30.0
22,4,65,3,3,1,2,2,1,1,0,1,1,0,0,0,0,0,0,49.5,35,57.45,29.0
17,5,92,2,5,1,1,1,0,1,1,0,0,0,0,0,0,0,0,70.0,8,67.0,21.200000000000003
22,6,89,3,7,1,1,1,0,1,1,0,0,0,1,0,0,1,0,69.5,11,61.849999999999994,33.4
18,3,80,1,2,3,3,3,0,1,0,0,0,0,1,1,0,0,0,57.0,20,65.1,13.0
23,2,93,3,6,1,1,1,0,0,1,0,0,0,0,0,0,0,0,41.5,7,44.65,38.8
21,2,76,1,3,0,0,0,0,1,1,0,0,0,1,0,0,0,1,45.0,24,54.3,22.6
22,2,81,2,4,2,3,3,0,1,0,1,0,0,0,0,1,0,0,42.5,19,50.14999999999999,29.6
21,2,100,2,5,4,4,4,0,0,1,0,0,0,0,1,0,0,0,50.0,0,53.0,27.0
17,2,86,2,3,4,4,3,0,1,0,1,0,1,0,0,1,0,0,47.0,14,55.7,22.6
19,2,90,3,3,0,0,0,0,1,0,0,0,0,1,1,0,0,0,46.0,10,55.0,25.0
22,5,88,3,5,2,2,2,0,1,1,0,1,0,0,0,0,0,1,65.0,12,63.5,26.799999999999997
21,3,70,1,8,0,1,1,1,1,1,1,0,0,0,0,1,0,0,40.0,30,38.8,47.0
23,2,84,0,6,2,2,2,0,1,1,0,0,0,0,0,1,0,0,46.0,16,47.8,30.4
21,3,83,2,2,3,3,3,0,1,0,1,0,0,1,0,0,1,0,55.5,17,64.05,15.8
18,4,91,0,6,3,3,3,0,1,0,1,1,0,0,0,1,0,0,65.5,9,61.449999999999996,21.6
19,3,94,1,5,1,1,1,0,1,1,1,0,1,0,0,0,0,0,58.0,6,58.599999999999994,22.4
21,3,92,0,4,3,3,3,0,1,0,0,0,0,1,0,0,0,0,62.0,8,63.8,14.2
17,1,78,4,4,2,2,2,1,1,0,0,0,0,1,0,1,0,0,27.0,22,39.3,41.8
24,5,70,1,6,0,0,0,0,1,1,0,1,0,0,0,0,1,0,60.0,30,57.6,31.0
22,3,86,3,2,2,2,2,0,1,0,1,0,0,0,0,0,0,1,54.0,14,63.0,18.6
23,2,81,3,4,3,3,3,0,1,0,1,0,1,0,1,0,0,0,39.5,19,48.05,33.6
17,3,73,3,3,2,2,2,0,1,0,0,0,1,0,0,1,0,0,45.5,27,54.65,28.799999999999997
23,4,76,2,5,1,1,1,0,1,0,0,0,0,1,0,0,0,0,54.0,24,55.8,30.6
25,4,81,4,6,1,2,2,0,1,1,0,0,0,0,0,0,0,0,48.5,19,49.55,41.6
18,4,84,0,5,3,4,4,0,1,1,0,0,1,0,0,0,1,0,64.0,16,62.8,19.4
22,3,77,1,6,1,1,1,0,1,0,0,0,0,1,0,0,0,0,47.5,23,48.85,34.2
21,4,81,1,1,3,3,2,0,1,1,1,0,0,1,0,0,1,0,67.5,19,74.85,4.600000000000001
17,3,81,1,5,3,2,2,0,1,1,0,0,0,1,0,0,1,0,51.5,19,54.05,27.6
22,3,84,2,5,1,1,1,0,0,0,1,1,0,0,0,0,1,0,50.0,16,53.0,30.4
22,5,74,2,2,3,3,3,0,1,0,0,1,0,0,1,0,0,0,67.0,26,72.1,13.399999999999999
19,4,76,1,4,2,2,2,0,1,0,0,0,0,0,0,1,0,0,59.0,24,61.699999999999996,21.6
23,6,92,1,5,3,4,4,0,1,1,0,0,0,0,0,0,0,1,81.0,8,74.69999999999999,14.200000000000003
17,3,79,4,6,1,1,1,0,0,1,1,0,1,0,0,0,0,0,39.5,21,43.25,45.4
17,5,85,3,6,4,4,3,0,1,1,1,0,1,0,0,1,0,0,61.5,15,58.65,33.0
21,3,72,1,2,2,3,3,0,1,0,0,0,0,1,0,0,0,1,53.0,28,62.3,16.200000000000003
21,3,91,0,4,1,1,1,0,1,0,0,0,1,0,0,0,1,0,61.5,9,63.449999999999996,14.600000000000001
19,4,91,3,2,4,4,3,0,1,0,0,1,0,0,0,1,0,0,64.5,9,70.35,13.600000000000001
22,4,84,3,5,2,2,2,0,1,1,0,0,1,0,0,0,1,0,55.0,16,56.5,31.4
22,2,77,0,4,3,3,3,0,1,0,1,0,0,1,0,0,0,1,46.5,23,52.949999999999996,23.200000000000003
22,4,70,2,4,2,1,2,0,1,0,0,0,1,0,0,1,0,0,53.0,30,57.49999999999999,28.0
20,3,100,1,10,1,2,2,1,1,0,1,0,1,0,1,0,0,0,51.0,0,41.699999999999996,45.0
22,5,78,3,3,2,2,2,0,1,0,0,0,0,1,0,0,0,0,64.0,22,67.6,20.799999999999997
20,3,70,3,5,0,0,0,0,1,0,0,0,0,0,0,0,0,1,40.0,30,46.0,40.0
25,3,77,2,6,0,0,0,0,1,0,0,0,0,1,1,0,0,0,44.5,23,46.75,38.2
19,2,85,4,6,2,2,2,0,1,1,0,0,0,1,1,0,0,0,34.5,15,39.75,46.0
25,5,72,1,6,1,1,1,0,0,0,0,1,0,0,0,0,1,0,61.0,28,58.3,30.200000000000003
21,4,77,0,6,1,1,1,0,1,0,0,1,0,0,0,0,0,1,58.5,23,56.55,27.200000000000003
18,6,70,1,4,1,1,1,0,1,0,0,0,1,0,0,0,0,1,72.0,30,70.8,18.0
24,5,93,2,5,2,2,2,0,1,0,1,0,0,0,0,1,0,0,70.5,7,67.35,20.799999999999997
21,3,81,3,4,2,2,2,0,1,0,0,1,0,0,0,0,1,0,47.5,19,53.65,30.6
22,1,70,1,4,0,0,0,1,1,0,0,0,0,0,1,0,0,0,32.0,30,42.8,33.0
23,3,74,4,3,2,2,2,0,0,1,0,0,0,0,0,0,0,0,43.0,26,52.9,32.4
21,3,76,4,6,1,1,1,0,1,0,0,1,0,0,1,0,0,0,38.0,24,42.199999999999996,46.6
19,1,82,3,7,0,0,0,1,1,0,1,1,0,0,1,0,0,0,26.0,18,31.4,51.2
23,4,59,1,5,2,2,2,1,1,0,0,0,1,0,0,0,0,0,48.5,41,51.949999999999996,33.400000000000006
21,5,79,1,5,2,2,2,0,1,1,1,0,1,0,0,0,1,0,66.5,21,64.55,22.4
22,2,76,3,8,0,0,0,1,1,0,0,1,0,0,0,0,0,0,29.0,24,31.099999999999994,55.6
17,2,70,4,7,3,3,3,0,1,0,0,0,0,1,0,1,0,0,25.0,30,30.7,57.0
22,4,74,5,7,2,2,2,1,1,0,0,0,0,0,1,0,0,0,40.0,26,41.2,53.400000000000006
19,3,75,2,6,1,0,0,0,1,0,0,0,0,1,0,0,0,1,43.5,25,46.05,39.0
24,4,72,3,4,1,1,1,0,1,0,1,0,0,1,0,0,0,0,51.0,28,56.099999999999994,31.200000000000003
22,4,70,2,4,2,2,2,0,0,0,0,0,0,1,1,0,0,0,53.0,30,57.49999999999999,28.0
21,3,77,1,5,1,1,1,0,1,1,1,0,1,0,0,0,0,1,49.5,23,52.65,29.200000000000003
22,5,88,0,6,2,2,2,0,1,0,0,0,0,1,0,0,0,0,72.0,12,66.0,19.799999999999997
18,4,80,2,3,3,3,3,0,1,0,0,0,1,0,0,0,1,0,60.0,20,64.8,19.0
24,4,56,2,7,0,0,0,1,1,1,0,0,0,1,0,1,0,0,40.0,44,41.2,48.6
25,5,90,0,8,4,4,4,1,1,0,0,0,1,0,0,0,0,0,69.0,10,59.099999999999994,29.0
21,5,76,2,6,0,0,0,0,1,0,0,0,0,0,0,0,0,0,60.0,24,57.6,32.6
24,3,93,2,8,3,2,2,1,1,1,0,0,1,0,0,0,0,1,48.5,7,44.74999999999999,41.8
19,3,88,2,6,2,1,1,0,1,1,0,1,0,0,1,0,0,0,50.0,12,50.6,33.8
19,4,79,0,6,2,2,2,0,1,0,0,0,0,0,0,0,1,0,59.5,21,57.25,26.4
21,3,80,4,5,2,2,2,0,1,0,0,0,0,0,0,0,0,1,42.0,20,47.4,40.0
22,3,72,4,4,0,0,0,0,1,1,0,0,0,1,0,0,1,0,40.0,28,48.4,38.2
20,3,87,2,5,0,0,0,0,0,0,0,0,0,0,0,1,0,0,51.5,13,54.05,29.200000000000003
22,4,94,2,3,4,4,3,0,1,0,0,1,0,0,0,1,0,0,67.0,6,69.7,13.399999999999999
21,6,76,1,5,3,3,3,0,1,0,0,0,1,0,0,0,0,0,73.0,24,69.1,20.6
18,4,77,1,3,3,3,3,0,1,1,1,1,0,0,0,1,0,0,61.5,23,65.85,16.200000000000003
22,4,97,2,4,2,2,2,0,1,0,0,0,0,1,1,0,0,0,66.5,3,66.94999999999999,17.2
22,5,82,2,7,4,3,3,0,1,0,0,1,0,0,0,0,0,0,61.0,18,55.89999999999999,35.2
21,4,69,3,7,2,2,2,1,1,0,1,1,0,0,0,0,1,0,43.5,31,43.65,47.4
23,3,71,5,4,3,3,3,1,1,0,0,0,0,0,0,1,0,0,36.5,29,45.949999999999996,42.6
18,3,95,2,7,0,0,0,0,0,1,0,0,0,0,1,0,0,0,51.5,5,49.25,36.0
22,4,85,3,5,2,3,3,0,1,1,1,0,0,0,0,0,1,0,55.5,15,56.849999999999994,31.0
18,4,73,2,4,2,2,2,0,1,0,0,1,0,0,0,0,0,0,54.5,27,58.55,26.799999999999997
18,4,84,5,8,0,0,0,1,1,0,1,0,0,1,1,0,0,0,43.0,16,40.9,54.400000000000006
19,2,75,1,3,0,0,0,0,1,0,0,0,1,0,0,0,0,0,44.5,25,53.95,23.0
18,3,66,1,2,2,3,3,1,1,0,1,0,0,0,0,1,0,0,50.0,34,60.2,18.6
19,3,79,5,4,2,2,2,1,1,1,1,0,0,0,0,1,0,0,40.5,21,48.75,39.4
20,4,81,1,5,3,3,3,0,1,0,1,0,1,0,0,1,0,0,59.5,19,59.65,24.6
22,4,69,5,5,0,0,0,1,1,0,1,0,0,1,1,0,0,0,41.5,31,47.05,45.4
20,2,71,1,2,3,3,3,0,1,0,0,1,0,0,0,0,0,1,44.5,29,56.349999999999994,19.6
17,3,74,2,6,1,1,1,0,0,0,0,0,0,0,1,0,0,0,43.0,26,45.699999999999996,39.4
23,4,80,4,8,1,1,1,1,1,0,1,0,0,0,0,0,1,0,44.0,20,41.599999999999994,52.0
19,6,83,1,6,1,1,1,0,1,0,0,1,0,0,1,0,0,0,74.5,17,67.75,22.799999999999997
20,2,70,0,5,3,3,3,0,1,1,1,1,0,0,0,0,0,1,41.0,30,46.7,31.0
22,1,77,3,6,1,2,2,1,1,1,0,0,0,1,0,0,0,1,25.5,23,33.449999999999996,48.2
21,4,78,2,5,2,2,2,0,1,1,1,0,1,0,0,0,0,1,55.0,22,56.5,29.799999999999997
23,2,68,1,5,3,3,3,1,1,0,0,1,0,0,0,0,1,0,37.0,32,43.9,35.8
22,4,83,2,5,1,0,0,0,1,0,0,0,0,0,0,0,0,1,57.5,17,58.25,27.799999999999997
19,5,86,0,5,3,4,3,0,1,1,0,1,0,0,0,0,0,0,73.0,14,69.1,15.600000000000001
25,3,84,0,4,2,3,3,0,1,0,0,1,0,0,0,0,1,0,58.0,16,60.99999999999999,17.4
21,3,71,2,2,2,2,2,0,1,0,1,0,0,0,0,0,0,1,49.5,29,59.849999999999994,20.6
20,3,86,2,8,3,2,2,1,0,0,0,0,1,0,0,0,1,0,45.0,14,42.3,44.6
23,4,81,0,6,1,1,1,0,1,1,0,0,0,1,0,1,0,0,60.5,19,57.949999999999996,25.6
21,2,89,3,4,3,3,3,0,1,0,0,0,0,0,0,0,1,0,43.5,11,50.849999999999994,30.4
21,3,85,3,6,0,0,0,0,1,1,1,0,0,1,0,0,0,1,45.5,15,47.449999999999996,39.0
26,3,84,1,3,3,3,3,0,1,1,0,0,0,1,0,0,0,1,57.0,16,62.7,16.4
20,4,79,4,6,1,1,1,0,1,0,1,0,0,0,1,0,0,0,47.5,21,48.85,42.4
20,4,89,0,6,3,3,3,0,0,1,0,0,1,0,0,0,1,0,64.5,11,60.75,22.4
21,5,72,3,7,2,2,2,0,1,0,1,0,0,0,1,0,0,0,53.0,28,50.3,43.2
23,2,71,3,6,0,1,1,0,0,0,0,1,0,0,0,0,1,0,30.5,29,36.949999999999996,47.6
17,3,100,2,5,3,3,3,0,1,0,1,0,0,0,0,0,1,0,58.0,0,58.599999999999994,24.0
17,5,66,4,7,0,0,0,1,1,1,0,0,0,1,0,0,1,0,47.0,34,46.099999999999994,49.599999999999994
19,4,72,2,4,0,0,0,0,1,0,0,0,0,0,1,0,0,0,54.0,28,58.199999999999996,27.200000000000003
17,3,88,2,6,2,2,2,0,1,0,0,0,0,1,0,0,1,0,50.0,12,50.6,33.8
20,2,69,3,4,2,1,1,1,1,1,0,0,1,0,0,0,0,0,33.5,31,43.849999999999994,38.4
22,6,87,2,5,1,2,1,0,1,1,0,1,0,0,0,0,1,0,75.5,13,70.85,20.200000000000003
19,4,76,4,5,0,0,0,0,0,1,0,1,0,0,0,1,0,0,48.0,24,51.599999999999994,38.6
17,2,92,2,6,1,1,0,0,1,1,1,0,1,0,0,0,1,0,44.0,8,46.4,35.2
21,4,82,2,7,1,2,2,0,1,0,0,0,1,0,0,1,0,0,53.0,18,50.3,38.2
22,5,72,0,7,0,1,0,0,1,0,1,0,1,0,0,1,0,0,62.0,28,56.599999999999994,31.200000000000003
17,2,74,1,5,1,1,1,0,1,1,0,0,0,1,0,0,1,0,40.0,26,46.0,33.4
22,4,92,1,3,2,2,2,0,1,1,0,0,0,1,0,0,1,0,69.0,8,71.1,10.2
22,4,67,2,5,3,3,3,1,1,1,0,0,1,0,0,0,0,1,49.5,33,52.65,34.2
23,5,88,0,3,2,2,2,0,1,0,0,1,0,0,1,0,0,0,78.0,12,77.39999999999999,4.800000000000001
23,5,69,3,5,2,2,2,1,1,1,1,0,0,0,0,1,0,0,55.5,31,56.849999999999994,34.4
25,2,81,3,1,3,4,4,0,1,1,0,0,0,0,0,1,0,0,45.5,19,59.449999999999996,18.6
20,5,77,2,5,1,1,1,0,1,1,0,0,0,0,0,0,0,1,62.5,23,61.75,27.200000000000003
21,2,78,2,6,1,1,1,0,1,0,0,0,0,1,0,0,0,0,37.0,22,41.5,40.8
20,0,92,3,2,2,2,2,1,1,0,0,1,0,0,0,0,1,0,33.0,8,48.3,25.2
21,3,77,3,7,1,2,1,0,1,0,0,0,0,1,0,0,0,1,39.5,23,40.849999999999994,47.2
24,4,90,5,4,3,3,3,1,1,0,0,0,0,1,0,0,0,0,54.0,10,58.199999999999996,32.0
18,4,76,2,2,4,4,4,0,1,1,1,0,0,0,0,0,0,1,60.0,24,67.2,15.600000000000001
19,5,84,4,2,3,3,3,0,1,0,1,0,0,0,1,0,0,0,66.0,16,71.39999999999999,17.4
24,2,81,2,5,0,0,0,0,1,1,0,0,0,0,0,0,1,0,40.5,19,46.349999999999994,34.6
23,3,71,2,5,3,3,3,0,1,0,0,1,0,0,0,0,0,1,43.5,29,48.45,35.6
20,3,71,3,5,1,0,0,0,1,1,0,0,1,0,0,1,0,0,40.5,29,46.349999999999994,39.6
22,3,79,1,7,3,3,3,0,1,1,0,0,0,0,0,0,1,0,46.5,21,45.75,38.4
21,6,78,2,5,3,4,3,0,1,0,1,1,0,0,0,1,0,0,71.0,22,67.69999999999999,23.799999999999997
24,3,87,1,4,1,1,1,0,1,1,0,0,0,1,0,0,1,0,56.5,13,59.949999999999996,20.2
21,2,67,1,4,1,1,1,1,0,1,0,0,0,0,0,0,0,1,38.5,33,47.349999999999994,31.200000000000003
23,3,75,2,7,1,1,1,0,0,1,0,0,0,0,1,0,0,0,41.5,25,42.25,44.0
26,5,85,2,3,4,3,3,0,1,0,0,0,0,0,1,0,0,0,70.5,15,72.14999999999999,14.0
22,4,80,2,5,1,1,1,0,1,1,1,1,0,0,0,0,0,0,56.0,20,57.199999999999996,29.0
21,5,70,1,5,1,1,1,0,1,0,1,1,0,0,0,0,1,0,62.0,30,61.4,26.0
22,6,84,3,7,1,1,1,0,1,0,0,0,0,0,0,0,0,0,67.0,16,60.099999999999994,35.4
20,6,88,1,5,1,1,1,0,0,1,0,0,0,0,0,1,0,0,79.0,12,73.3,15.799999999999997
26,2,74,2,3,3,3,3,0,1,0,0,0,1,0,0,0,0,1,41.0,26,51.5,27.4
21,4,89,0,5,4,4,4,0,1,0,0,0,0,1,0,0,0,1,66.5,11,64.55,17.4
20,1,77,2,6,1,1,1,1,0,0,1,0,1,0,1,0,0,0,28.5,23,35.55,44.2
19,5,79,4,5,2,2,2,0,1,0,1,0,0,0,0,1,0,0,57.5,21,58.25,34.4
23,1,77,4,7,0,0,0,1,1,1,1,0,1,0,0,0,0,1,20.5,23,27.549999999999997,57.2
22,1,90,1,3,2,2,2,1,1,0,0,0,0,0,0,0,0,1,44.0,10,53.599999999999994,20.0
19,3,80,2,5,3,3,3,0,1,1,0,1,0,0,0,0,0,1,48.0,20,51.599999999999994,32.0
22,4,88,1,5,3,3,3,0,1,1,0,0,0,0,0,0,1,0,63.0,12,62.099999999999994,21.799999999999997
17,2,78,1,6,3,2,2,0,1,1,0,0,1,0,0,1,0,0,40.0,22,43.6,36.8
21,3,84,2,7,1,1,1,0,1,0,1,0,0,0,0,1,0,0,46.0,16,45.39999999999999,40.4
22,2,73,3,5,0,0,0,0,1,1,1,0,0,1,0,0,1,0,33.5,27,41.45,41.8
24,4,90,5,4,3,3,3,1,1,0,0,0,0,0,0,0,1,0,54.0,10,58.199999999999996,32.0
19,5,79,3,5,0,0,0,0,1,1,0,0,0,1,0,1,0,0,60.5,21,60.349999999999994,30.4
18,4,92,1,3,4,4,4,0,1,0,1,1,0,0,0,0,0,1,69.0,8,71.1,10.2
19,4,66,0,5,2,2,2,1,1,0,0,0,1,0,1,0,0,0,55.0,34,56.5,26.6
18,5,82,2,6,3,2,2,0,1,1,1,0,0,1,0,1,0,0,63.0,18,59.699999999999996,30.200000000000003
23,5,100,1,6,2,2,2,0,1,1,0,1,0,0,0,0,0,0,75.0,0,68.1,19.0
24,2,88,4,4,2,3,3,0,1,1,0,0,0,1,1,0,0,0,40.0,12,48.4,34.8
21,2,83,0,4,4,4,3,0,1,1,1,0,1,0,0,0,0,1,49.5,17,55.05,20.8
23,3,72,2,4,2,2,2,0,1,0,0,1,0,0,1,0,0,0,46.0,28,52.599999999999994,30.200000000000003
21,5,76,4,4,1,1,1,0,1,0,1,0,0,0,1,0,0,0,58.0,24,60.99999999999999,30.6
20,0,88,1,5,1,1,1,1,1,0,0,0,0,0,1,0,0,0,31.0,12,39.7,33.8
20,5,79,1,7,2,3,3,0,1,0,1,1,0,0,0,1,0,0,62.5,21,56.95,32.4
20,3,80,2,7,2,2,2,0,1,0,0,0,1,0,1,0,0,0,44.0,20,44.0,42.0
17,2,73,0,3,1,1,1,0,1,0,1,1,0,0,0,0,1,0,46.5,27,55.349999999999994,19.8
21,4,85,2,6,4,4,3,0,0,1,0,0,0,1,0,0,0,0,56.5,15,55.15,32.0
20,4,82,1,6,2,2,2,0,1,0,1,0,0,0,1,0,0,0,58.0,18,56.199999999999996,29.200000000000003
22,5,87,2,5,0,0,0,0,1,0,0,0,0,1,1,0,0,0,67.5,13,65.25,23.200000000000003
21,5,91,1,3,3,3,3,0,1,0,1,0,0,0,0,1,0,0,76.5,9,76.35,7.600000000000001
20,4,85,0,4,1,1,1,0,1,0,0,0,0,0,1,0,0,0,66.5,15,66.94999999999999,14.0
19,4,72,2,6,3,2,2,0,1,0,0,0,1,0,0,0,1,0,50.0,28,50.6,37.2
21,4,69,2,4,1,1,1,1,0,0,1,0,1,0,0,0,0,0,52.5,31,57.15,28.4
22,4,87,2,5,1,1,0,0,1,0,0,0,1,0,0,0,1,0,59.5,13,59.65,26.200000000000003
18,3,83,2,3,1,2,2,0,1,0,0,0,0,1,0,0,0,0,53.5,17,60.25,20.8
21,3,96,1,4,1,1,1,0,1,0,0,0,0,1,0,0,0,0,61.0,4,63.099999999999994,16.6
21,1,82,1,3,3,3,3,1,0,0,0,0,0,0,0,1,0,0,40.0,18,50.8,23.2
19,6,68,1,6,3,3,3,1,1,0,0,1,0,0,1,0,0,0,67.0,32,62.5,28.799999999999997
19,3,71,1,4,1,1,1,0,1,1,0,1,0,0,0,1,0,0,48.5,29,54.349999999999994,26.6
21,5,76,2,6,2,2,2,0,1,0,0,1,0,0,0,1,0,0,60.0,24,57.6,32.6
18,5,95,2,4,2,2,2,0,1,0,1,0,0,1,0,0,0,0,73.5,5,71.85,15.0
21,1,91,0,5,2,2,2,1,0,1,0,1,0,0,0,0,1,0,43.5,9,48.45,25.6
19,4,77,0,8,0,0,0,1,1,1,1,0,0,0,0,0,1,0,54.5,23,48.949999999999996,37.2
23,4,80,0,4,1,2,2,0,1,1,0,1,0,0,0,0,0,1,64.0,20,65.19999999999999,16.0
26,3,71,2,6,2,2,2,0,1,0,1,0,0,0,0,1,0,0,41.5,29,44.65,40.6
19,2,70,1,4,3,2,2,0,1,1,0,0,0,1,0,0,1,0,40.0,30,48.4,30.0
22,5,91,2,5,3,3,3,0,0,0,0,0,0,1,0,0,1,0,69.5,9,66.65,21.6
19,4,89,1,6,2,2,2,0,1,0,0,0,0,0,1,0,0,0,61.5,11,58.65,26.4
23,4,79,0,6,1,1,1,0,1,1,1,0,1,0,0,0,0,1,59.5,21,57.25,26.4
18,2,96,1,6,2,1,1,0,1,1,0,0,0,0,0,0,1,0,49.0,4,49.9,29.6
22,2,85,1,7,1,0,0,0,1,0,1,0,0,0,0,1,0,0,41.5,15,42.25,39.0
19,4,83,1,6,2,3,3,0,1,0,0,0,1,0,0,0,1,0,58.5,17,56.55,28.799999999999997
20,3,83,1,7,0,0,0,0,1,1,0,0,1,0,0,1,0,0,48.5,17,47.14999999999999,36.8
18,4,73,3,5,2,1,1,0,1,0,0,0,0,0,1,0,0,0,49.5,27,52.65,35.8
22,4,89,2,4,1,1,0,0,0,0,0,1,0,0,0,0,1,0,62.5,11,64.15,20.4
19,3,89,1,6,2,2,2,0,1,0,0,0,0,1,1,0,0,0,53.5,11,53.05,29.4
22,6,83,2,4,0,0,0,0,1,1,0,1,0,0,0,0,0,1,75.5,17,73.25,16.799999999999997
20,3,73,1,6,0,0,0,0,1,0,0,0,0,0,0,0,1,0,45.5,27,47.449999999999996,35.8
20,2,90,0,3,2,2,2,0,1,0,0,0,1,0,0,0,1,0,55.0,10,61.3,13.0
21,4,67,2,4,1,1,1,1,1,1,0,0,0,0,0,0,0,0,51.5,33,56.449999999999996,29.200000000000003
19,4,75,0,4,1,1,1,0,1,1,0,0,0,1,1,0,0,0,61.5,25,63.449999999999996,18.0
21,2,86,4,6,3,2,2,0,1,1,0,0,0,0,0,1,0,0,35.0,14,40.1,45.6
24,3,78,3,4,0,0,0,0,1,0,1,0,0,1,0,1,0,0,46.0,22,52.599999999999994,31.799999999999997
19,2,74,2,5,2,2,2,0,1,1,1,0,0,1,0,0,1,0,37.0,26,43.9,37.4
23,3,93,2,5,2,3,3,0,1,1,0,0,0,0,0,0,1,0,54.5,7,56.15,26.799999999999997
24,5,91,3,7,1,1,1,0,1,0,0,0,1,0,0,0,0,0,62.5,9,56.95,35.6
19,2,90,0,6,2,3,3,0,1,0,1,0,0,0,0,0,0,0,49.0,10,49.9,28.0
17,2,84,1,6,1,2,1,0,1,1,1,1,0,0,0,0,0,1,43.0,16,45.699999999999996,34.4
21,2,82,4,5,2,2,2,0,0,0,0,0,0,0,0,0,0,1,35.0,18,42.5,42.2
19,5,95,1,4,4,4,3,0,1,0,1,1,0,0,0,0,1,0,76.5,5,73.94999999999999,11.0
25,5,93,2,3,2,2,2,0,1,0,0,0,0,1,0,0,0,1,74.5,7,74.95,10.8
21,1,81,1,6,0,1,1,1,1,1,0,1,0,0,0,0,0,1,33.5,19,39.05,38.6
19,1,100,1,3,4,4,3,1,1,1,0,1,0,0,1,0,0,0,49.0,0,57.099999999999994,16.0
18,4,81,1,5,1,1,1,0,1,0,0,0,0,0,0,0,0,0,59.5,19,59.65,24.6
23,1,85,2,5,1,0,0,1,0,0,1,0,0,0,0,0,0,0,34.5,15,42.15,36.0
19,5,93,1,3,4,4,3,0,1,1,1,1,0,0,0,0,0,1,77.5,7,77.05,6.800000000000001
21,1,85,1,5,3,3,3,1,0,0,1,1,0,0,0,0,0,1,37.5,15,44.25,32.0
23,3,79,2,5,1,1,1,0,0,1,0,0,1,0,1,0,0,0,47.5,21,51.25,32.4
19,4,85,1,9,0,0,0,1,1,1,0,0,0,0,0,1,0,0,53.5,15,45.849999999999994,43.0
20,5,82,1,5,1,1,1,0,1,1,1,0,1,0,0,0,1,0,68.0,18,65.6,21.200000000000003
21,3,65,3,7,2,2,2,1,1,0,0,0,0,1,1,0,0,0,33.5,35,36.65,52.0
22,4,90,3,6,1,1,1,0,1,1,1,0,0,0,0,0,0,0,56.0,10,54.8,34.0
22,4,77,2,6,1,1,1,0,1,1,0,1,0,0,0,1,0,0,52.5,23,52.35,35.2
20,5,72,2,7,1,1,1,0,1,0,1,1,0,0,0,0,1,0,56.0,28,52.39999999999999,39.2
21,4,91,2,2,2,2,2,0,1,1,1,1,0,0,0,0,0,0,67.5,9,72.45,9.600000000000001
20,4,85,1,5,2,3,3,0,0,1,1,1,0,0,0,1,0,0,61.5,15,61.05,23.0
17,4,87,1,6,0,0,0,0,0,1,1,0,1,0,0,0,0,0,60.5,13,57.949999999999996,27.200000000000003
21,4,81,0,5,1,1,1,0,1,0,0,0,0,1,0,1,0,0,62.5,19,61.75,20.6
25,1,83,2,5,1,1,1,1,1,1,0,0,1,0,0,1,0,0,33.5,17,41.45,36.8
19,2,79,1,5,1,1,1,0,1,0,1,0,1,0,0,0,0,0,42.5,21,47.75,31.4
19,4,75,0,5,0,0,0,0,1,1,0,0,0,0,0,0,1,0,59.5,25,59.65,23.0
19,6,87,1,3,2,3,3,0,1,1,1,1,0,0,0,0,0,0,82.5,13,80.55,6.199999999999999
22,4,83,5,4,3,3,3,1,0,0,0,0,1,0,0,0,0,0,50.5,17,55.74999999999999,34.8
22,3,95,3,4,2,2,2,0,1,0,1,0,0,1,0,0,1,0,54.5,5,58.55,25.0
20,5,64,2,6,1,1,1,1,1,1,1,0,0,0,0,0,0,1,54.0,36,53.4,37.4
19,5,91,1,5,1,0,0,0,1,0,1,0,0,1,0,0,1,0,72.5,9,68.75,17.6
21,4,78,1,5,1,1,1,0,1,1,0,0,1,0,0,1,0,0,58.0,22,58.599999999999994,25.799999999999997
17,3,78,3,5,2,2,2,0,1,0,0,0,1,0,0,0,1,0,44.0,22,48.8,36.8
21,4,86,2,4,1,2,2,0,0,0,1,0,0,0,0,1,0,0,61.0,14,63.099999999999994,21.6
22,4,74,2,4,3,3,3,0,1,1,1,1,0,0,0,0,0,1,55.0,26,58.9,26.4
18,5,78,4,4,3,3,3,0,1,0,1,0,0,0,0,1,0,0,59.0,22,61.699999999999996,29.799999999999997
17,4,86,2,5,3,4,3,0,1,0,0,0,1,0,1,0,0,0,59.0,14,59.3,26.6
24,4,77,3,5,1,0,0,0,0,1,1,0,0,0,0,0,1,0,51.5,23,54.05,34.2
19,5,76,1,5,2,2,2,0,1,1,1,0,0,0,1,0,0,0,65.0,24,63.5,23.6
23,3,76,2,7,2,2,2,0,1,0,0,0,1,0,0,0,0,1,42.0,24,42.599999999999994,43.6
20,4,84,4,6,1,1,1,0,1,1,1,0,0,0,0,0,0,1,50.0,16,50.6,40.4
20,6,72,5,6,2,2,2,1,1,0,0,1,0,0,0,0,1,0,57.0,28,55.5,43.2
22,3,88,2,3,4,4,4,0,0,0,1,0,0,0,0,1,0,0,56.0,12,62.0,18.8
19,3,98,1,7,3,4,4,0,1,0,1,0,0,0,0,0,0,1,56.0,2,52.39999999999999,30.799999999999997
21,2,82,0,5,1,2,2,0,1,0,0,0,1,0,1,0,0,0,47.0,18,50.9,26.200000000000003
20,4,85,1,4,3,3,3,0,1,1,0,0,1,0,0,0,1,0,63.5,15,64.85,18.0
18,4,84,3,4,2,2,2,0,1,0,1,0,0,0,0,0,0,0,57.0,16,60.3,26.4
21,1,74,1,4,2,2,2,1,1,1,1,0,1,0,1,0,0,0,34.0,26,44.199999999999996,31.4
20,5,84,2,5,3,3,3,0,0,0,0,0,1,0,0,0,0,1,66.0,16,64.19999999999999,24.4
20,4,83,1,5,2,2,2,0,1,1,1,0,0,1,1,0,0,0,60.5,17,60.349999999999994,23.799999999999997
18,4,96,2,5,2,3,3,0,1,1,0,0,0,1,1,0,0,0,64.0,4,62.8,22.6
24,4,84,2,5,1,1,1,0,1,1,0,0,0,0,1,0,0,0,58.0,16,58.599999999999994,27.4
22,0,91,1,6,4,3,3,1,1,1,0,1,0,0,0,0,0,1,30.5,9,36.949999999999996,37.6
23,0,85,2,5,1,0,0,1,1,1,0,0,0,1,0,1,0,0,26.5,15,36.55,39.0
20,2,77,1,2,3,2,2,0,1,0,0,0,1,0,1,0,0,0,47.5,23,58.45,17.200000000000003
17,5,72,2,4,1,1,1,0,1,0,1,0,1,0,1,0,0,0,62.0,28,63.8,24.200000000000003
25,1,84,2,3,1,1,1,1,1,0,0,0,0,1,0,0,0,1,38.0,16,49.4,26.4
20,5,88,0,4,1,1,1,0,1,1,1,0,0,0,0,0,1,0,76.0,12,73.6,9.8
19,1,81,4,3,4,3,3,1,1,1,0,0,0,1,0,0,0,0,30.5,19,44.15,35.6
21,1,76,1,9,0,0,0,1,1,0,0,0,0,1,0,0,0,1,25.0,24,25.9,55.6
23,4,93,1,4,4,3,3,0,1,1,0,0,1,0,0,0,0,1,67.5,7,67.65,14.8
20,3,78,3,6,1,1,1,0,1,0,0,0,1,0,0,0,0,1,42.0,22,45.0,41.8
23,1,72,1,4,1,1,2,1,1,1,0,0,0,1,0,0,0,0,33.0,28,43.5,32.2
23,2,81,0,5,0,0,0,0,1,0,1,0,0,1,0,1,0,0,46.5,19,50.55,26.6
18,4,82,2,4,2,2,2,0,1,1,0,0,1,0,1,0,0,0,59.0,18,61.699999999999996,23.200000000000003
19,3,76,3,4,1,1,1,0,0,1,0,0,0,1,1,0,0,0,45.0,24,51.89999999999999,32.6
23,4,81,3,4,2,1,1,0,1,0,1,1,0,0,0,0,0,1,55.5,19,59.24999999999999,27.6
17,3,68,1,6,1,1,1,1,1,1,0,0,1,0,1,0,0,0,43.0,32,45.699999999999996,37.8
20,5,85,5,5,1,1,1,1,1,0,0,0,0,0,0,1,0,0,57.5,15,58.25,36.0
17,2,73,2,7,1,0,0,0,1,1,0,0,0,0,1,0,0,0,32.5,27,35.95,47.8
20,4,78,4,5,2,2,2,0,1,0,1,1,0,0,0,0,1,0,49.0,22,52.3,37.8
20,2,76,0,5,2,1,1,0,1,1,0,0,0,1,0,1,0,0,44.0,24,48.8,28.6
20,4,93,3,5,3,3,3,0,0,0,0,0,0,0,0,0,0,1,59.5,7,59.65,27.799999999999997
19,4,79,1,6,0,0,0,0,1,0,1,0,1,0,0,0,1,0,56.5,21,55.15,30.4
18,2,75,4,5,0,0,0,0,1,0,0,0,0,1,0,1,0,0,31.5,25,40.05,45.0
26,4,98,1,7,3,2,2,0,1,0,0,1,0,0,0,0,1,0,64.0,2,58.0,27.799999999999997
25,4,96,2,10,2,2,2,1,1,0,0,1,0,0,0,1,0,0,54.0,4,43.8,47.6
18,4,88,0,7,1,1,2,0,1,0,0,1,0,0,0,0,0,0,62.0,12,56.599999999999994,27.799999999999997
24,3,86,2,6,1,1,1,0,1,1,0,0,0,1,1,0,0,0,49.0,14,49.9,34.6
20,3,75,0,1,3,3,3,0,1,0,1,0,1,0,0,0,0,0,59.5,25,69.25,6.0
21,6,90,5,8,4,4,4,1,1,1,1,0,0,1,0,0,0,1,62.0,10,54.199999999999996,46.0
20,2,84,1,7,1,1,1,0,1,1,0,0,0,1,0,0,0,0,41.0,16,41.9,39.4
19,4,76,0,8,1,1,1,1,1,0,1,0,1,0,1,0,0,0,54.0,24,48.599999999999994,37.6
23,3,83,3,6,1,2,2,0,1,0,0,0,0,0,0,1,0,0,44.5,17,46.75,39.8
21,4,78,4,3,2,2,2,0,1,1,1,1,0,0,0,0,1,0,53.0,22,59.89999999999999,27.799999999999997
20,5,69,3,3,2,2,2,1,1,0,0,0,1,0,0,1,0,0,59.5,31,64.45,24.4
18,3,92,1,3,3,3,3,0,1,0,0,0,1,0,0,1,0,0,61.0,8,65.5,13.2
19,4,67,2,5,3,3,3,1,1,0,0,1,0,0,0,0,1,0,49.5,33,52.65,34.2
17,4,99,3,4,3,3,3,0,1,0,0,1,0,0,0,0,1,0,64.5,1,65.55,20.4
21,3,80,1,7,1,1,1,0,1,1,0,0,1,0,0,0,1,0,47.0,20,46.099999999999994,38.0
18,2,85,4,4,3,4,4,0,1,0,0,1,0,0,0,0,0,0,38.5,15,47.349999999999994,36.0
20,4,86,2,4,2,3,3,0,1,1,1,0,0,0,0,0,0,1,61.0,14,63.099999999999994,21.6
24,4,74,1,6,2,2,2,0,0,0,0,0,0,1,0,0,1,0,54.0,26,53.4,32.4
23,1,80,2,4,0,0,0,1,1,0,1,0,1,0,0,0,1,0,34.0,20,44.199999999999996,33.0
20,2,81,2,3,1,1,1,0,1,0,1,1,0,0,0,0,0,0,44.5,19,53.95,24.6
20,4,77,3,2,4,4,4,0,1,0,0,0,0,0,1,0,0,0,57.5,23,65.45,19.200000000000003
25,3,90,5,7,0,0,0,1,0,0,1,0,0,1,0,0,0,0,40.0,10,41.2,50.0
22,4,72,2,3,3,3,3,0,1,0,1,1,0,0,0,0,0,1,56.0,28,62.0,22.200000000000003
20,2,83,1,4,0,1,1,0,1,0,1,0,0,0,1,0,0,0,46.5,17,52.949999999999996,24.8
17,4,68,2,4,1,1,1,1,1,1,0,0,0,1,0,0,0,1,52.0,32,56.8,28.799999999999997
21,4,83,0,1,3,3,2,0,1,1,1,0,0,1,0,0,0,0,71.5,17,77.64999999999999,0.0
22,4,83,1,6,3,3,3,0,1,0,1,0,1,0,0,0,0,0,58.5,17,56.55,28.799999999999997
19,3,97,3,8,2,2,2,1,1,0,0,1,0,0,0,0,1,0,47.5,3,44.05,44.2
21,4,77,0,7,2,3,3,0,1,0,1,0,1,0,0,1,0,0,56.5,23,52.75,32.2
20,4,65,0,5,3,3,3,1,1,0,1,0,1,0,0,0,1,0,54.5,35,56.15,27.0
20,4,80,2,7,2,3,3,0,1,1,0,0,0,0,0,0,1,0,52.0,20,49.599999999999994,39.0
17,5,95,0,2,2,2,2,0,1,0,0,0,0,0,0,1,0,0,83.5,5,83.64999999999999,0.0
20,3,77,2,7,1,1,1,0,1,0,0,1,0,0,0,0,0,0,42.5,23,42.949999999999996,43.2
23,0,83,3,4,2,2,2,1,1,0,1,0,0,1,0,1,0,0,24.5,17,37.55,38.8
19,4,79,1,7,1,1,1,0,1,1,0,0,0,0,0,1,0,0,54.5,21,51.349999999999994,35.4
21,6,80,2,5,2,1,1,0,0,0,1,1,0,0,0,0,0,1,72.0,20,68.4,23.0
19,4,82,0,3,2,2,2,0,1,0,1,1,0,0,1,0,0,0,67.0,18,69.7,10.2
21,3,90,2,5,1,0,0,0,1,0,0,0,1,0,0,0,1,0,53.0,10,55.099999999999994,28.0
20,4,93,3,5,2,2,2,0,0,0,0,1,0,0,0,0,0,0,59.5,7,59.65,27.799999999999997
18,5,70,2,5,3,3,3,0,1,0,0,0,0,0,1,0,0,0,59.0,30,59.3,30.0
23,4,88,0,4,2,2,2,0,1,1,0,0,0,1,0,1,0,0,68.0,12,68.0,12.8
23,3,92,6,3,1,1,1,1,1,0,0,0,0,1,0,0,0,0,46.0,8,55.0,33.2
19,2,84,6,6,2,2,2,1,1,1,1,1,0,0,0,1,0,0,28.0,16,35.199999999999996,54.4
22,4,91,1,5,2,2,2,0,1,0,1,0,0,0,0,1,0,0,64.5,9,63.15,20.6
22,8,72,1,6,3,4,4,0,1,1,0,1,0,0,0,0,0,1,85.0,28,75.1,21.200000000000003
22,2,86,1,6,0,0,0,0,0,0,1,1,0,0,0,0,1,0,44.0,14,46.4,33.6
17,4,92,1,6,3,4,4,0,1,0,0,1,0,0,0,0,0,0,63.0,8,59.699999999999996,25.200000000000003
23,4,77,4,8,0,0,0,1,1,1,0,1,0,0,0,0,1,0,42.5,23,40.55,53.2
19,2,71,0,5,0,0,0,0,1,0,1,0,1,0,0,0,1,0,41.5,29,47.05,30.6
20,5,91,1,3,2,2,2,0,1,1,0,1,0,0,0,0,0,1,76.5,9,76.35,7.600000000000001
26,4,63,1,5,4,4,3,1,1,1,0,0,0,1,0,1,0,0,50.5,37,53.349999999999994,31.799999999999997
21,5,77,0,5,1,2,2,0,1,0,0,0,0,0,1,0,0,0,68.5,23,65.94999999999999,19.200000000000003
20,3,67,0,5,2,2,2,1,1,0,1,0,1,0,0,0,1,0,47.5,33,51.25,29.200000000000003
17,2,77,4,8,0,0,0,1,1,1,1,0,0,0,0,0,0,0,26.5,23,29.349999999999994,59.2
24,4,76,3,5,2,2,2,0,1,0,0,0,1,0,0,1,0,0,51.0,24,53.699999999999996,34.6
18,3,67,2,8,1,1,1,1,1,0,0,0,0,1,0,0,0,0,35.5,33,35.65,52.2
18,4,77,2,8,2,2,2,1,1,1,0,1,0,0,0,0,1,0,48.5,23,44.74999999999999,45.2
20,3,91,0,6,2,3,3,0,1,0,0,1,0,0,0,1,0,0,57.5,9,55.85,24.6
24,2,84,3,6,1,2,2,0,1,0,0,1,0,0,1,0,0,0,37.0,16,41.5,42.4
22,4,68,4,5,2,2,2,1,1,1,0,0,0,1,0,1,0,0,44.0,32,48.8,41.8
20,5,85,2,8,2,2,2,1,1,0,0,0,0,1,0,1,0,0,60.5,15,53.14999999999999,39.0
21,5,87,3,4,4,3,3,0,1,0,1,0,1,0,0,0,0,1,66.5,13,66.94999999999999,22.200000000000003
19,3,82,0,7,2,2,2,0,1,0,0,1,0,0,0,0,1,0,51.0,18,48.89999999999999,33.2
21,2,81,4,3,3,3,3,0,1,0,1,0,0,0,0,0,0,0,38.5,19,49.75,32.6
21,4,75,1,5,2,2,2,0,1,0,0,0,1,0,0,0,1,0,56.5,25,57.55,27.0
23,3,85,1,7,3,3,3,0,0,1,0,0,0,0,0,0,1,0,49.5,15,47.849999999999994,36.0
23,3,86,1,7,1,1,1,0,0,0,1,0,0,0,0,1,0,0,50.0,14,48.2,35.6
22,6,84,3,4,1,2,2,0,0,1,1,0,0,1,0,0,0,0,73.0,16,71.5,20.4
20,3,96,0,5,3,3,3,0,1,0,0,0,1,0,0,0,0,1,62.0,4,61.4,17.6
22,4,80,0,8,2,1,1,1,1,0,0,1,0,0,0,1,0,0,56.0,20,49.99999999999999,36.0
20,5,71,2,4,2,2,2,0,1,0,0,0,0,0,0,0,0,1,61.5,29,63.449999999999996,24.6
18,4,95,2,4,2,3,3,0,1,1,0,1,0,0,0,0,0,0,65.5,5,66.25,18.0
20,5,66,3,8,0,0,0,1,1,0,1,0,0,1,0,1,0,0,48.0,34,44.39999999999999,50.599999999999994
21,3,78,3,5,2,3,3,0,1,0,1,0,0,0,0,1,0,0,44.0,22,48.8,36.8
23,3,74,3,5,2,2,2,0,1,1,0,0,1,0,0,0,1,0,42.0,26,47.4,38.4
20,3,81,3,8,1,1,1,1,1,0,1,0,1,0,0,0,1,0,39.5,19,38.449999999999996,50.6
18,2,80,0,4,2,1,1,0,1,0,0,0,0,1,0,1,0,0,48.0,20,53.99999999999999,22.0
21,4,74,2,4,2,2,2,0,1,0,1,0,0,1,0,1,0,0,55.0,26,58.9,26.4
21,4,90,1,5,2,1,1,0,1,0,0,0,1,0,0,1,0,0,64.0,10,62.8,21.0
21,3,80,3,5,0,0,0,0,1,1,1,1,0,0,0,1,0,0,45.0,20,49.5,36.0
23,4,91,2,4,3,3,3,0,1,0,1,0,0,0,0,0,0,0,63.5,9,64.85,19.6
23,4,72,2,7,2,2,2,0,1,1,0,1,0,0,0,0,0,1,48.0,28,46.8,42.2
19,3,73,3,5,1,1,1,0,1,1,0,0,1,0,1,0,0,0,41.5,27,47.05,38.8
19,4,73,0,5,3,3,3,0,1,0,1,0,0,1,0,0,0,1,58.5,27,58.949999999999996,23.799999999999997
18,2,86,2,5,4,3,3,0,1,0,1,0,0,1,0,0,1,0,43.0,14,48.099999999999994,32.6
22,2,96,0,3,4,4,3,0,1,0,1,1,0,0,0,0,0,1,58.0,4,63.39999999999999,10.600000000000001
24,5,79,0,4,1,1,1,0,1,1,0,0,1,0,0,0,0,0,71.5,21,70.44999999999999,13.399999999999999
20,3,63,1,2,2,1,1,1,1,1,0,0,0,0,1,0,0,0,48.5,37,59.14999999999999,19.8
20,3,85,1,7,1,1,1,0,0,0,1,0,1,0,0,0,0,0,49.5,15,47.849999999999994,36.0
24,6,87,1,5,4,3,3,0,1,0,1,0,0,1,0,0,0,1,78.5,13,72.94999999999999,16.200000000000003
22,4,58,1,5,1,1,1,1,1,0,0,1,0,0,1,0,0,0,48.0,42,51.599999999999994,33.8
22,3,86,3,4,3,3,3,0,1,0,0,0,0,1,0,0,1,0,50.0,14,55.4,28.6
18,2,88,1,7,0,0,0,0,1,0,1,1,0,0,0,0,0,1,43.0,12,43.3,37.8
22,4,65,0,2,3,3,3,1,1,0,0,0,1,0,0,0,0,1,60.5,35,67.55,12.0
19,5,90,3,7,2,1,1,0,1,0,0,1,0,0,0,0,0,1,62.0,10,56.599999999999994,36.0
18,3,91,2,5,3,3,3,0,0,0,0,0,0,1,1,0,0,0,53.5,9,55.449999999999996,27.6
20,5,79,0,3,2,2,2,0,1,0,1,0,0,1,0,0,0,1,73.5,21,74.25,8.399999999999999
19,3,87,1,1,2,2,2,0,0,0,0,0,1,0,0,0,0,0,62.5,13,71.35,5.199999999999999
20,3,97,0,6,1,1,1,0,1,1,0,1,0,0,0,0,0,0,60.5,3,57.949999999999996,22.2
17,3,76,1,7,1,1,1,0,1,0,0,0,1,0,1,0,0,0,45.0,24,44.699999999999996,39.6
23,3,91,1,5,2,2,2,0,1,1,0,0,0,0,0,0,0,1,56.5,9,57.55,23.6
23,5,84,1,6,3,3,3,0,1,0,1,1,0,0,0,0,0,1,67.0,16,62.5,25.4
17,5,72,1,6,0,0,0,0,1,0,0,1,0,0,1,0,0,0,61.0,28,58.3,30.200000000000003
23,4,67,2,5,1,1,1,1,1,0,0,0,0,0,0,0,0,1,49.5,33,52.65,34.2
19,0,87,3,7,0,0,0,1,1,1,1,0,0,0,0,0,1,0,20.5,13,27.549999999999997,52.2
22,5,71,2,2,2,2,2,0,1,1,0,0,1,0,0,0,1,0,65.5,29,71.05,14.600000000000001
20,3,89,1,5,3,3,3,0,1,1,1,1,0,0,0,0,1,0,55.5,11,56.849999999999994,24.4
21,3,64,1,6,1,2,2,1,1,0,0,0,0,0,0,0,0,0,41.0,36,44.3,39.4
20,3,83,0,4,3,3,3,0,1,0,0,1,0,0,0,0,0,1,57.5,17,60.65,17.8
23,4,79,1,6,2,2,2,0,1,0,0,0,0,0,0,0,0,1,56.5,21,55.15,30.4
18,4,95,0,3,3,2,2,0,1,0,0,0,1,0,0,0,1,0,73.5,5,74.25,5.0
22,5,83,3,5,1,2,1,0,1,1,0,0,0,1,0,0,0,1,62.5,17,61.75,28.799999999999997
23,4,86,3,4,2,3,3,0,1,0,1,0,1,0,0,1,0,0,58.0,14,60.99999999999999,25.6
22,4,78,0,4,2,2,2,0,1,0,0,1,0,0,1,0,0,0,63.0,22,64.5,16.8
26,3,80,2,6,1,1,1,0,1,1,1,0,0,0,0,0,0,0,46.0,20,47.8,37.0
19,2,90,0,2,3,4,4,0,1,0,1,0,0,1,0,0,0,0,57.0,10,65.1,8.0
23,4,82,2,3,3,3,3,0,1,0,0,0,0,0,0,0,1,0,61.0,18,65.5,18.2
20,4,74,5,6,2,2,2,1,1,1,1,0,1,0,1,0,0,0,42.0,26,45.0,48.4
23,3,91,0,5,1,1,1,0,1,0,0,0,0,0,0,1,0,0,59.5,9,59.65,19.6
21,2,95,1,4,3,3,3,0,1,0,0,0,0,1,0,0,0,0,52.5,5,57.15,20.0
20,5,94,3,6,3,3,3,0,1,1,0,0,0,0,1,0,0,0,66.0,6,61.8,29.4
23,3,92,1,3,2,2,2,0,1,0,0,0,0,0,0,1,0,0,61.0,8,65.5,13.2
19,2,79,2,3,1,1,1,0,1,0,1,1,0,0,0,0,0,0,43.5,21,53.25,25.4
17,2,74,3,5,3,4,4,0,1,0,1,0,0,0,0,1,0,0,34.0,26,41.8,41.4
19,4,72,2,5,1,1,1,0,1,0,0,0,1,0,1,0,0,0,52.0,28,54.4,32.2
22,6,71,3,4,2,2,2,0,1,1,0,0,0,1,0,0,0,0,66.5,29,66.94999999999999,25.6
24,4,81,1,5,2,3,3,0,1,0,1,0,0,1,0,0,0,1,59.5,19,59.65,24.6
21,4,96,3,5,1,1,1,0,1,0,0,1,0,0,0,0,0,0,61.0,4,60.699999999999996,26.6
23,3,68,1,5,2,3,3,1,1,1,0,0,0,1,0,0,1,0,45.0,32,49.5,32.8
18,5,82,4,3,2,2,2,0,1,0,1,0,0,0,0,0,0,1,63.0,18,66.89999999999999,23.200000000000003
20,2,79,2,5,0,0,0,0,1,0,1,0,0,0,0,0,0,0,39.5,21,45.65,35.4
20,6,72,0,1,2,3,3,0,1,0,1,0,0,0,0,0,1,0,82.0,28,85.0,0.0
20,1,80,1,8,0,0,0,1,0,1,0,0,0,1,0,0,0,0,29.0,20,31.099999999999994,49.0
21,4,92,0,3,1,1,1,0,1,1,0,1,0,0,0,0,0,1,72.0,8,73.2,6.199999999999999
22,3,83,1,5,0,0,0,0,1,0,1,0,0,1,1,0,0,0,52.5,17,54.75,26.799999999999997
20,4,87,1,5,2,3,3,0,1,0,0,0,0,1,1,0,0,0,62.5,13,61.75,22.200000000000003
21,4,90,3,4,3,3,3,0,1,0,0,0,0,0,0,0,0,0,60.0,10,62.4,24.0
20,2,85,7,7,1,1,1,1,1,1,0,0,0,0,0,0,1,0,23.5,15,29.65,63.0
19,4,64,1,5,0,0,0,1,1,1,1,0,1,0,0,0,0,1,51.0,36,53.699999999999996,31.4
20,3,82,1,4,3,2,2,0,1,0,0,1,0,0,0,0,0,0,54.0,18,58.199999999999996,22.2
20,4,73,1,6,1,2,2,0,1,0,0,0,1,0,0,0,0,1,53.5,27,53.05,32.8
20,3,82,1,3,2,2,2,0,1,0,0,0,1,0,0,0,0,0,56.0,18,62.0,17.2
21,3,83,1,7,2,2,2,0,1,0,0,1,0,0,1,0,0,0,48.5,17,47.14999999999999,36.8
21,4,92,2,7,2,2,2,0,1,0,0,0,0,1,0,1,0,0,58.0,8,53.8,34.2
20,3,79,1,7,0,0,0,0,1,0,1,0,0,1,0,0,0,1,46.5,21,45.75,38.4
23,5,79,2,2,1,2,2,0,1,0,0,0,0,0,0,0,0,0,69.5,21,73.85,11.399999999999999
18,4,69,1,4,2,2,2,1,1,1,0,1,0,0,0,0,0,0,55.5,31,59.24999999999999,24.4
19,6,87,1,4,3,4,3,0,1,0,0,0,1,0,0,0,0,0,80.5,13,76.75,11.2
27,3,70,3,4,4,4,3,0,1,0,0,0,0,1,0,1,0,0,42.0,30,49.8,35.0
18,4,78,2,7,1,1,1,0,1,1,1,1,0,0,0,0,0,0,51.0,22,48.89999999999999,39.8
18,3,76,1,2,2,2,2,0,1,1,1,1,0,0,1,0,0,0,55.0,24,63.7,14.600000000000001
22,4,89,2,6,4,4,3,0,0,1,0,0,1,0,0,0,0,0,58.5,11,56.55,30.4
17,4,85,1,6,0,1,1,0,1,1,0,0,1,0,0,0,1,0,59.5,15,57.25,28.0
20,6,87,2,4,3,4,4,0,1,1,0,0,0,0,0,0,0,1,77.5,13,74.65,15.200000000000003
25,5,89,2,6,4,4,4,0,1,0,0,0,0,0,0,0,0,1,66.5,11,62.15,27.4
17,5,76,4,6,1,2,2,0,1,1,1,1,0,0,0,1,0,0,54.0,24,53.4,40.6
17,2,75,2,5,2,1,1,0,1,0,1,0,0,1,0,0,0,1,37.5,25,44.25,37.0
17,3,68,0,7,0,0,0,1,1,1,0,0,0,1,1,0,0,0,44.0,32,44.0,38.8
23,4,83,0,4,1,1,1,0,1,0,1,1,0,0,0,0,1,0,65.5,17,66.25,14.8
23,2,75,1,7,1,1,1,0,1,0,0,0,0,0,0,1,0,0,36.5,25,38.75,43.0
19,3,85,1,5,3,3,3,0,0,1,0,0,1,0,0,0,0,1,53.5,15,55.449999999999996,26.0
22,4,76,1,5,4,4,3,0,1,0,0,1,0,0,0,0,0,0,57.0,24,57.9,26.6
24,6,89,1,5,3,3,3,0,1,0,1,0,1,0,0,0,0,1,79.5,11,73.65,15.399999999999999
24,3,83,0,3,2,3,3,0,1,0,0,0,0,0,1,0,0,0,59.5,17,64.45,12.8
20,1,82,0,4,3,2,2,1,1,1,0,1,0,0,0,0,0,1,41.0,18,49.099999999999994,24.2
17,5,81,1,3,4,3,3,0,1,0,1,0,0,1,0,0,0,1,71.5,19,72.85,11.600000000000001
19,5,99,5,6,2,2,2,1,1,0,0,0,0,1,1,0,0,0,62.5,1,59.35,35.4
20,6,77,3,7,1,1,1,0,1,0,1,1,0,0,0,0,1,0,63.5,23,57.64999999999999,38.2
20,3,82,7,6,1,1,1,1,1,0,0,0,0,1,0,0,0,0,32.0,18,38.0,56.2
20,2,80,6,4,2,2,2,1,1,0,0,0,1,0,0,0,0,1,30.0,20,41.4,46.0
23,4,75,2,5,3,3,3,0,1,0,0,0,1,0,0,0,0,0,53.5,25,55.449999999999996,31.0
23,4,79,1,6,2,2,2,0,1,0,1,0,0,1,0,0,0,1,56.5,21,55.15,30.4
20,4,82,1,6,2,1,1,0,1,1,0,1,0,0,0,0,1,0,58.0,18,56.199999999999996,29.200000000000003
23,3,72,5,8,1,0,0,1,0,0,0,0,0,0,0,0,1,0,29.0,28,31.099999999999994,62.2
21,4,95,1,6,2,2,2,0,1,0,0,0,0,0,0,0,0,1,64.5,5,60.75,24.0
21,4,87,0,5,1,1,1,0,1,1,1,0,1,0,0,0,0,1,65.5,13,63.849999999999994,18.2
23,3,90,2,5,1,1,1,0,0,1,1,0,0,0,0,0,0,0,53.0,10,55.099999999999994,28.0
21,2,80,1,4,2,3,3,0,1,1,1,0,0,1,0,0,1,0,45.0,20,51.89999999999999,26.0
25,3,79,2,5,1,1,1,0,1,0,1,0,0,0,0,0,0,0,47.5,21,51.25,32.4
17,3,80,1,6,0,0,0,0,1,0,0,0,0,0,1,0,0,0,49.0,20,49.9,33.0
19,4,76,1,4,2,2,2,0,0,0,1,0,0,0,0,1,0,0,59.0,24,61.699999999999996,21.6
20,3,92,2,6,1,2,2,0,1,0,0,0,1,0,0,0,0,1,52.0,8,52.0,32.2
22,3,93,0,5,2,1,1,0,1,0,0,0,0,1,0,0,0,1,60.5,7,60.349999999999994,18.8
23,4,86,2,8,1,1,1,1,1,0,1,0,0,1,0,0,0,0,53.0,14,47.89999999999999,41.6
20,3,95,3,6,1,1,1,0,1,1,1,0,1,0,0,0,0,1,50.5,5,50.949999999999996,35.0
17,3,100,1,6,1,1,1,0,1,0,1,0,1,0,1,0,0,0,59.0,0,56.9,25.0
22,4,96,3,4,4,4,3,0,1,1,0,1,0,0,0,0,1,0,63.0,4,64.5,21.6
22,4,78,3,8,3,3,3,1,1,1,0,0,0,1,1,0,0,0,46.0,22,42.99999999999999,48.8
17,3,62,0,6,1,1,1,1,1,1,0,0,1,0,0,0,0,1,43.0,38,45.699999999999996,36.2
21,6,87,6,8,3,3,3,1,1,0,0,0,1,0,0,0,0,0,57.5,13,51.05,51.2
17,5,85,0,5,1,1,1,0,1,0,1,0,1,0,0,0,1,0,72.5,15,68.75,16.0
19,4,82,4,5,1,1,1,0,1,0,0,0,0,0,1,0,0,0,51.0,18,53.699999999999996,36.2
19,3,80,0,3,4,4,4,0,1,1,0,0,0,0,1,0,0,0,58.0,20,63.39999999999999,14.0
22,1,92,1,8,1,1,1,1,1,0,1,0,0,0,0,0,0,0,35.0,8,35.3,44.2
21,2,69,1,6,1,1,1,1,0,1,0,0,0,0,0,0,0,1,35.5,31,40.449999999999996,40.4
18,5,94,2,8,1,1,1,1,1,0,0,0,0,1,0,0,1,0,65.0,6,56.3,35.4
22,2,95,1,4,3,3,3,0,1,0,0,0,0,1,0,0,1,0,52.5,5,57.15,20.0
17,4,83,1,6,2,2,2,0,1,0,0,0,0,0,0,0,0,1,58.5,17,56.55,28.799999999999997
21,2,84,0,7,1,2,2,0,1,1,0,1,0,0,0,0,1,0,44.0,16,44.0,35.4
19,3,72,0,6,0,0,0,0,1,0,0,0,0,1,0,1,0,0,48.0,28,49.199999999999996,32.2
20,3,90,3,4,1,1,1,0,1,0,0,0,0,1,0,0,1,0,52.0,10,56.8,27.0
22,5,92,1,4,3,3,3,0,1,0,1,1,0,0,0,0,0,0,75.0,8,72.9,12.2
22,5,88,2,4,1,1,1,0,1,1,1,1,0,0,0,1,0,0,70.0,12,69.4,17.799999999999997
23,1,72,0,10,0,0,0,1,1,0,1,0,0,0,0,1,0,0,24.0,28,22.799999999999997,58.2
20,5,69,0,4,2,2,2,1,1,0,0,0,0,0,1,0,0,0,66.5,31,66.94999999999999,17.4
21,3,80,0,1,2,2,2,0,1,1,0,0,1,0,0,1,0,0,62.0,20,71.0,4.0
20,5,82,4,5,0,0,0,0,1,0,0,0,0,0,0,0,0,1,59.0,18,59.3,33.2
21,5,90,0,5,3,4,3,0,1,0,0,1,0,0,0,0,1,0,75.0,10,70.5,14.0
22,3,80,1,4,4,3,3,0,1,1,0,1,0,0,1,0,0,0,53.0,20,57.49999999999999,23.0
20,6,90,3,4,3,3,3,0,0,1,1,1,0,0,1,0,0,0,76.0,10,73.6,18.0
17,1,91,2,5,3,3,3,1,1,0,0,1,0,0,0,0,0,0,37.5,9,44.25,33.6
21,2,85,3,3,1,1,1,0,1,1,0,0,0,0,0,0,0,0,43.5,15,53.25,27.0
21,3,89,1,8,1,1,1,1,0,1,0,0,0,0,0,0,0,1,49.5,11,45.449999999999996,39.4
19,2,78,2,5,1,1,1,0,1,0,0,0,1,0,0,0,0,0,39.0,22,45.3,35.8
18,2,72,2,5,1,1,1,0,1,0,0,0,0,0,0,1,0,0,36.0,28,43.2,38.2
24,5,77,2,7,1,1,1,0,0,1,0,0,0,1,0,0,0,1,58.5,23,54.14999999999999,37.2
22,3,75,2,10,3,2,2,1,1,0,1,1,0,0,0,0,1,0,35.5,25,30.849999999999998,59.0
20,4,91,1,4,4,4,4,0,1,1,1,0,1,0,0,0,0,1,66.5,9,66.94999999999999,15.600000000000001
18,4,88,1,6,3,2,2,0,1,1,0,1,0,0,0,0,1,0,61.0,12,58.3,26.799999999999997
19,5,65,4,6,0,0,0,1,1,1,0,0,1,0,0,0,0,0,48.5,35,49.55,45.0
23,6,83,2,6,1,1,1,0,1,1,0,1,0,0,0,1,0,0,71.5,17,65.64999999999999,26.799999999999997
21,2,67,2,7,0,0,0,1,1,0,1,0,0,1,0,0,1,0,29.5,33,33.849999999999994,50.2
19,6,73,5,7,1,1,1,1,1,0,0,1,0,0,0,0,1,0,55.5,27,52.05,47.8
22,4,88,1,4,2,2,2,0,1,0,0,0,0,0,0,0,0,1,65.0,12,65.9,16.8
19,4,68,0,7,1,1,1,1,1,0,1,0,0,1,1,0,0,0,52.0,32,49.599999999999994,35.8
24,3,71,2,5,3,3,3,0,1,1,1,0,0,1,0,1,0,0,43.5,29,48.45,35.6
24,4,73,3,5,3,3,3,0,1,0,0,0,1,0,1,0,0,0,49.5,27,52.65,35.8
20,6,69,1,6,2,2,2,1,1,1,0,0,0,1,0,0,0,1,67.5,31,62.85,28.4
19,4,70,2,4,1,1,1,0,1,1,0,1,0,0,1,0,0,0,53.0,30,57.49999999999999,28.0
17,5,81,3,6,3,3,3,0,1,1,1,0,0,1,0,1,0,0,59.5,19,57.25,34.6
17,2,68,6,6,1,1,1,1,1,1,1,0,1,0,1,0,0,0,20.0,32,29.6,60.8
18,3,80,2,2,3,3,3,0,1,0,0,0,0,0,0,1,0,0,54.0,20,63.0,17.0
21,4,82,2,8,0,0,0,1,0,1,0,0,0,1,0,1,0,0,51.0,18,46.49999999999999,43.2
20,4,88,1,4,2,3,3,0,1,0,1,0,1,0,0,1,0,0,65.0,12,65.9,16.8
18,4,89,1,6,4,3,3,0,1,0,0,1,0,0,0,0,1,0,61.5,11,58.65,26.4
20,6,71,1,8,0,0,0,1,1,1,1,0,0,0,0,0,0,0,64.5,29,55.949999999999996,37.6
22,3,71,2,6,1,0,0,0,1,0,0,1,0,0,0,0,0,1,41.5,29,44.65,40.6
22,4,71,3,7,0,0,0,0,1,0,0,0,0,0,0,0,0,1,44.5,29,44.349999999999994,46.6
17,4,88,0,7,2,2,2,0,1,0,0,1,0,0,0,0,0,0,62.0,12,56.599999999999994,27.799999999999997
20,3,84,1,4,3,3,3,0,1,1,0,0,0,1,0,1,0,0,55.0,16,58.9,21.4
18,4,79,3,5,2,2,2,0,1,0,1,0,0,1,0,1,0,0,52.5,21,54.75,33.4
23,3,72,3,6,0,0,0,0,1,1,0,1,0,0,0,0,1,0,39.0,28,42.9,44.2
22,4,83,1,6,4,4,4,0,1,0,1,0,1,0,0,0,1,0,58.5,17,56.55,28.799999999999997
19,2,93,4,7,2,2,2,0,1,1,0,0,1,0,0,0,1,0,36.5,7,38.75,47.8
19,6,92,3,6,4,4,4,0,1,1,0,0,0,0,0,0,0,1,73.0,8,66.69999999999999,27.200000000000003
20,3,70,1,4,1,1,1,0,1,1,0,0,1,0,1,0,0,0,48.0,30,53.99999999999999,27.0
17,3,90,2,7,1,1,1,0,1,1,0,0,1,0,0,0,0,1,49.0,10,47.5,38.0
21,1,70,5,1,2,2,2,1,1,1,1,1,0,0,0,1,0,0,26.0,30,45.8,34.0
20,3,78,3,7,1,0,0,0,1,0,1,1,0,0,0,0,0,1,40.0,22,41.2,46.8
23,3,77,2,3,3,3,3,0,1,0,1,0,0,1,0,1,0,0,50.5,23,58.14999999999999,23.200000000000003
18,4,84,3,3,1,1,1,0,1,0,1,0,0,1,1,0,0,0,59.0,16,64.1,21.4
19,3,74,1,10,1,1,1,1,1,1,1,0,1,0,1,0,0,0,38.0,26,32.599999999999994,55.400000000000006
17,7,82,1,5,1,1,1,0,1,1,0,0,1,0,0,1,0,0,84.0,18,76.8,15.200000000000003
18,2,73,3,5,2,2,2,0,1,0,1,0,0,1,0,1,0,0,33.5,27,41.45,41.8
18,4,83,1,3,4,3,3,0,1,1,1,0,0,1,0,0,1,0,64.5,17,67.95,13.8
23,4,71,3,6,2,2,2,0,1,0,0,0,1,0,1,0,0,0,46.5,29,48.15,41.6
19,2,78,1,6,2,2,2,0,1,0,0,0,0,1,0,0,0,1,40.0,22,43.6,36.8
21,3,82,2,4,2,2,2,0,1,1,0,0,0,1,0,0,0,0,51.0,18,56.099999999999994,26.200000000000003
20,7,80,2,1,2,2,2,0,1,0,1,0,0,1,0,0,0,1,88.0,20,89.19999999999999,0.0
18,3,88,2,8,0,0,0,1,1,0,0,0,0,1,0,0,0,0,46.0,12,42.99999999999999,43.8
20,6,63,2,5,2,3,3,1,1,0,0,1,0,0,0,1,0,0,63.5,37,62.449999999999996,29.799999999999997
22,3,83,2,4,0,1,1,0,1,0,0,0,1,0,0,0,0,0,51.5,17,56.449999999999996,25.799999999999997
18,4,75,3,5,1,1,1,0,1,0,0,0,1,0,0,0,1,0,50.5,25,53.349999999999994,35.0
22,3,86,3,4,1,0,0,0,1,0,1,0,0,0,0,0,0,1,50.0,14,55.4,28.6
19,2,82,1,7,1,1,1,0,1,0,0,0,0,0,1,0,0,0,40.0,18,41.2,40.2
19,2,90,1,6,2,2,2,0,1,0,0,1,0,0,0,0,0,0,46.0,10,47.8,32.0
22,3,80,1,6,2,3,3,0,1,0,0,0,1,0,0,0,0,0,49.0,20,49.9,33.0
19,4,91,0,9,1,1,1,1,1,1,1,0,0,0,0,1,0,0,59.5,9,50.05,36.6
21,4,83,3,4,3,2,2,0,0,1,0,1,0,0,0,0,1,0,56.5,17,59.949999999999996,26.799999999999997
20,3,71,3,7,2,2,2,0,1,0,0,1,0,0,0,0,0,0,36.5,29,38.75,49.6
21,4,75,3,5,3,3,3,0,1,1,0,1,0,0,0,1,0,0,50.5,25,53.349999999999994,35.0
17,2,77,2,6,0,0,0,0,1,0,0,0,0,1,0,0,0,0,36.5,23,41.15,41.2
17,4,82,2,9,0,0,0,1,1,1,0,0,0,0,0,0,0,0,49.0,18,42.699999999999996,48.2
22,2,89,5,3,2,1,1,1,1,1,0,0,1,0,0,0,0,0,39.5,11,50.45,33.4
23,4,86,2,8,1,1,1,1,1,1,0,1,0,0,0,0,0,0,53.0,14,47.89999999999999,41.6
19,4,87,2,3,3,3,3,0,1,1,0,0,1,0,0,0,0,1,63.5,13,67.25,16.2
20,3,76,1,9,0,0,0,1,1,0,0,1,0,0,0,0,0,0,41.0,24,37.1,49.6
21,4,89,1,4,3,2,2,0,1,0,0,0,1,0,0,0,0,1,65.5,11,66.25,16.4
22,3,82,3,4,2,3,2,0,1,0,1,0,0,1,0,0,1,0,48.0,18,53.99999999999999,30.200000000000003
17,5,88,2,4,3,4,3,0,1,0,1,0,0,1,0,0,0,0,70.0,12,69.4,17.799999999999997
19,5,70,3,5,3,3,3,0,1,0,0,0,1,0,0,0,0,0,56.0,30,57.199999999999996,34.0
20,4,85,3,5,2,3,2,0,1,0,0,0,0,1,0,0,0,1,55.5,15,56.849999999999994,31.0
22,4,77,1,5,1,1,1,0,1,0,1,0,0,0,0,1,0,0,57.5,23,58.25,26.200000000000003
26,4,71,5,6,1,1,1,1,1,1,0,1,0,0,0,1,0,0,40.5,29,43.949999999999996,49.6
20,3,87,4,5,2,3,3,0,1,0,0,0,0,0,1,0,0,0,45.5,13,49.849999999999994,37.2
17,4,78,1,5,3,4,3,0,1,0,0,0,0,1,0,0,0,0,58.0,22,58.599999999999994,25.799999999999997
21,4,86,2,4,2,3,3,0,1,0,1,1,0,0,1,0,0,0,61.0,14,63.099999999999994,21.6
23,3,74,4,6,1,1,1,0,1,0,1,0,1,0,1,0,0,0,37.0,26,41.5,47.4
21,4,98,3,6,4,4,4,0,1,1,0,0,1,0,0,1,0,0,60.0,2,57.6,30.799999999999997
19,2,81,2,6,2,2,2,0,0,0,0,0,0,1,0,1,0,0,38.5,19,42.55,39.6
23,2,78,3,5,2,2,2,0,1,1,0,0,0,0,0,0,0,1,36.0,22,43.2,39.8
22,4,89,0,4,4,4,4,0,1,1,0,0,0,0,0,0,0,1,68.5,11,68.35,12.399999999999999
18,3,81,1,5,2,2,2,0,1,0,0,0,0,1,0,0,0,0,51.5,19,54.05,27.6
21,5,100,4,5,3,2,2,0,0,1,1,0,0,1,0,0,0,1,68.0,0,65.6,26.0
23,3,91,4,1,3,3,3,0,1,0,0,0,0,1,0,0,0,0,55.5,9,66.44999999999999,15.600000000000001
23,5,78,2,7,1,1,1,0,1,0,0,0,0,1,0,0,0,1,59.0,22,54.5,36.8
20,3,82,1,6,3,3,3,0,1,0,1,0,0,0,0,0,0,0,50.0,18,50.6,32.2
20,4,82,3,5,1,1,1,0,1,0,1,0,1,0,0,0,1,0,54.0,18,55.8,32.2
23,3,73,2,6,2,2,2,0,0,0,0,0,0,1,1,0,0,0,42.5,27,45.349999999999994,39.8
18,4,92,2,5,1,1,1,0,1,0,1,0,0,1,0,0,0,1,62.0,8,61.4,24.200000000000003
22,3,78,0,7,2,1,1,0,1,0,0,1,0,0,0,0,1,0,49.0,22,47.5,34.8
18,2,80,0,7,0,0,0,0,1,0,1,0,0,1,0,0,1,0,42.0,20,42.599999999999994,37.0
23,5,83,4,3,3,3,3,0,1,0,0,1,0,0,0,0,1,0,63.5,17,67.25,22.799999999999997
20,5,74,2,4,2,2,2,0,1,1,0,0,1,0,0,0,1,0,63.0,26,64.5,23.4
23,5,83,0,6,2,2,1,0,0,1,0,0,1,0,0,1,0,0,69.5,17,64.25,21.799999999999997
22,5,78,3,5,2,3,3,0,1,0,0,0,1,0,1,0,0,0,60.0,22,60.0,30.799999999999997
18,4,78,1,5,1,0,0,0,0,0,0,1,0,0,0,0,0,0,58.0,22,58.599999999999994,25.799999999999997
24,3,80,2,6,2,2,2,0,1,0,0,0,1,0,0,0,0,0,46.0,20,47.8,37.0
24,3,76,1,2,2,2,2,0,1,0,0,0,0,1,0,1,0,0,55.0,24,63.7,14.600000000000001
22,1,69,0,3,0,0,0,1,1,1,0,0,0,1,0,0,1,0,36.5,31,48.349999999999994,24.4
19,4,83,4,4,3,3,3,0,1,1,0,0,0,1,0,0,0,1,53.5,17,57.849999999999994,30.799999999999997
20,4,63,2,6,1,0,0,1,1,0,0,0,0,0,1,0,0,0,45.5,37,47.449999999999996,40.8
21,4,64,0,1,4,4,3,1,1,0,0,1,0,0,1,0,0,0,62.0,36,71.0,7.399999999999999
19,4,82,0,5,3,4,4,0,0,0,0,0,0,1,0,0,0,1,63.0,18,62.099999999999994,20.200000000000003
24,5,80,2,4,1,1,1,0,1,0,0,0,1,0,0,0,0,0,66.0,20,66.6,21.0
21,4,69,3,5,3,3,3,1,1,0,0,0,0,1,0,0,1,0,47.5,31,51.25,37.4
17,4,87,2,7,2,2,2,0,1,0,1,1,0,0,0,1,0,0,55.5,13,52.05,36.2
21,3,66,2,8,1,2,2,1,1,0,0,0,1,0,0,0,1,0,35.0,34,35.3,52.6
20,1,77,0,3,1,1,1,1,1,0,1,0,0,1,0,0,0,1,40.5,23,51.15,21.200000000000003
20,3,78,2,4,1,2,2,0,1,1,0,0,0,1,0,0,0,1,49.0,22,54.699999999999996,27.799999999999997
20,5,84,0,5,3,3,3,0,1,0,0,0,0,0,0,1,0,0,72.0,16,68.4,16.4
22,3,83,1,8,2,2,3,1,1,1,0,0,1,0,0,0,0,1,46.5,17,43.349999999999994,41.8
23,2,78,1,6,2,2,2,0,1,0,1,0,0,1,0,0,0,0,40.0,22,43.6,36.8
21,4,82,2,5,2,2,2,0,0,0,1,0,0,1,0,0,0,0,57.0,18,57.9,28.200000000000003
20,5,79,2,7,1,1,1,0,1,0,0,0,1,0,0,0,0,0,59.5,21,54.849999999999994,36.4
20,4,74,1,4,3,2,2,0,1,1,0,0,0,0,0,1,0,0,58.0,26,60.99999999999999,22.4
21,5,82,0,7,1,1,1,0,1,0,1,0,0,0,0,0,0,0,67.0,18,60.099999999999994,27.200000000000003
19,2,64,0,8,2,2,2,1,1,1,1,0,1,0,0,0,0,0,32.0,36,33.199999999999996,48.4
22,5,84,1,5,3,3,3,0,1,1,1,1,0,0,0,0,0,0,69.0,16,66.3,20.4
22,1,93,3,2,2,2,2,1,1,0,0,1,0,0,1,0,0,0,41.5,7,54.25,21.8
24,1,79,2,5,2,2,2,1,1,0,0,0,0,1,0,1,0,0,31.5,21,40.05,38.4
23,2,98,0,8,2,2,2,1,1,1,0,0,0,1,0,1,0,0,49.0,2,45.099999999999994,34.8
19,4,86,1,6,3,4,3,0,1,1,0,1,0,0,0,0,0,0,60.0,14,57.6,27.6
22,2,93,1,3,3,4,4,0,1,0,0,0,0,0,0,0,0,1,53.5,7,60.25,15.8
18,3,85,1,7,2,3,3,0,1,1,1,0,0,1,0,1,0,0,49.5,15,47.849999999999994,36.0
22,3,86,3,6,2,1,1,0,1,1,0,0,0,1,0,1,0,0,46.0,14,47.8,38.6
19,4,83,4,7,2,2,2,0,1,0,0,0,0,0,0,0,0,1,47.5,17,46.45,45.8
18,5,69,4,7,1,1,1,1,1,0,0,0,1,0,0,0,0,0,48.5,31,47.14999999999999,48.4
21,5,66,2,4,1,1,1,1,1,0,0,1,0,0,1,0,0,0,59.0,34,61.699999999999996,26.6
17,2,80,1,7,1,1,1,0,1,1,0,0,0,1,0,0,1,0,39.0,20,40.5,41.0
17,4,77,1,4,3,3,3,0,1,1,1,0,1,0,0,0,0,1,59.5,23,62.05,21.200000000000003
20,3,77,2,3,2,2,2,0,1,1,1,0,0,1,0,0,1,0,50.5,23,58.14999999999999,23.200000000000003
21,3,71,0,4,0,0,0,0,0,1,0,1,0,0,0,0,0,1,51.5,29,56.449999999999996,22.6
20,3,90,4,6,1,1,1,0,1,1,1,0,0,0,1,0,0,0,45.0,10,47.099999999999994,41.0
17,3,73,1,4,2,1,1,0,1,0,1,0,0,1,1,0,0,0,49.5,27,55.05,25.799999999999997
19,3,73,1,8,1,1,1,1,1,1,1,0,1,0,0,0,0,0,41.5,27,39.849999999999994,45.8
21,3,82,3,7,3,3,3,0,1,1,0,1,0,0,0,0,1,0,42.0,18,42.599999999999994,45.2
22,3,90,1,6,1,1,1,0,1,1,1,1,0,0,1,0,0,0,54.0,10,53.4,29.0
21,4,88,2,5,3,3,3,0,1,0,1,0,0,1,0,1,0,0,60.0,12,60.0,25.799999999999997
23,3,76,1,3,4,3,3,0,1,1,0,0,0,1,1,0,0,0,53.0,24,59.89999999999999,19.6
21,4,80,1,5,1,0,0,0,1,1,0,0,0,0,0,0,0,0,59.0,20,59.3,25.0
19,5,95,1,6,3,2,2,0,1,1,1,1,0,0,1,0,0,0,72.5,5,66.35,21.0
20,5,90,2,3,4,3,3,0,0,0,0,1,0,0,0,0,0,1,73.0,10,73.89999999999999,12.0
17,2,89,1,4,1,2,2,0,1,0,1,0,0,1,0,0,0,1,49.5,11,55.05,22.4
20,4,85,2,5,2,2,2,0,1,0,0,0,1,0,0,0,1,0,58.5,15,58.949999999999996,27.0
23,2,82,1,5,2,2,2,0,1,1,0,0,0,0,0,0,0,1,44.0,18,48.8,30.200000000000003
22,6,98,1,5,3,3,3,0,1,1,1,0,0,1,0,0,1,0,84.0,2,76.8,11.8
24,4,91,0,4,3,3,3,0,1,0,0,0,0,1,0,0,1,0,69.5,9,69.05,11.600000000000001
20,3,83,0,8,0,0,0,1,0,1,0,1,0,0,0,0,1,0,49.5,17,45.449999999999996,37.8
24,3,87,2,3,2,2,2,0,1,0,0,0,1,0,0,1,0,0,55.5,13,61.64999999999999,19.2
20,5,80,1,3,1,1,1,0,1,0,0,0,1,0,0,0,1,0,71.0,20,72.5,12.0
24,3,69,3,3,2,2,2,1,1,0,1,0,1,0,0,0,0,1,43.5,31,53.25,30.4
21,2,73,3,4,4,3,3,0,1,0,0,0,1,0,0,0,0,1,35.5,27,45.25,36.8
22,4,78,1,4,3,4,4,0,1,1,0,0,0,1,1,0,0,0,60.0,22,62.4,20.799999999999997
24,5,77,4,8,1,0,1,1,1,0,0,1,0,0,1,0,0,0,50.5,23,46.14999999999999,50.2
20,3,76,4,4,3,2,2,0,1,0,0,0,0,0,0,0,0,1,42.0,24,49.8,36.6
21,4,76,0,5,1,1,1,0,1,0,1,0,0,0,0,1,0,0,60.0,24,60.0,22.6
23,3,92,0,3,3,3,3,0,1,1,0,0,1,0,0,0,0,0,64.0,8,67.6,9.2
20,4,96,3,4,4,3,3,0,1,0,0,0,0,0,0,0,1,0,63.0,4,64.5,21.6
18,4,92,1,6,2,2,2,0,1,0,1,0,1,0,1,0,0,0,63.0,8,59.699999999999996,25.200000000000003
25,3,64,2,6,1,1,1,1,1,0,1,1,0,0,0,0,0,1,38.0,36,42.199999999999996,43.4
20,2,90,0,7,2,2,2,0,1,0,0,0,1,0,0,0,1,0,47.0,10,46.099999999999994,33.0
21,3,87,4,3,2,2,2,0,1,0,1,0,0,1,1,0,0,0,49.5,13,57.45,27.200000000000003
23,3,81,5,4,2,2,2,1,1,0,0,0,1,0,0,0,1,0,41.5,19,49.449999999999996,38.6
19,3,78,2,7,1,2,2,0,1,0,0,0,0,0,0,0,1,0,43.0,22,43.3,42.8
18,3,79,1,5,3,2,2,0,1,0,1,0,0,1,0,0,0,0,50.5,21,53.349999999999994,28.4
21,4,89,0,5,3,3,3,0,1,0,0,1,0,0,0,0,1,0,66.5,11,64.55,17.4
17,4,85,2,6,4,4,4,0,0,0,0,0,1,0,1,0,0,0,56.5,15,55.15,32.0
20,3,91,2,7,1,1,1,0,1,1,0,0,1,0,0,0,1,0,49.5,9,47.849999999999994,37.6
21,4,88,1,4,3,3,3,0,1,0,0,1,0,0,0,0,1,0,65.0,12,65.9,16.8
20,2,93,4,5,1,1,1,0,0,1,0,1,0,0,0,1,0,0,40.5,7,46.349999999999994,37.8
17,4,87,3,5,3,2,2,0,1,0,1,1,0,0,0,0,0,0,56.5,13,57.55,30.200000000000003
24,1,72,0,3,4,4,4,1,1,0,0,0,1,0,0,1,0,0,38.0,28,49.4,23.200000000000003
21,2,69,1,6,2,2,2,1,1,0,0,0,0,1,0,0,1,0,35.5,31,40.449999999999996,40.4
24,2,87,1,4,2,2,2,0,1,1,0,0,0,1,0,0,1,0,48.5,13,54.349999999999994,23.2
20,3,86,1,5,3,3,3,0,1,1,0,1,0,0,0,0,0,1,54.0,14,55.8,25.6
19,4,77,1,6,2,2,2,0,1,1,1,1,0,0,1,0,0,0,55.5,23,54.449999999999996,31.200000000000003
21,4,84,3,6,2,1,1,0,1,0,1,0,0,1,1,0,0,0,53.0,16,52.699999999999996,36.4
20,4,63,2,5,3,3,3,1,0,0,0,1,0,0,1,0,0,0,47.5,37,51.25,35.8
18,5,78,1,5,0,1,0,0,1,0,0,1,0,0,0,0,0,1,66.0,22,64.19999999999999,22.799999999999997
24,4,70,2,5,2,2,2,0,1,1,1,0,0,0,0,0,1,0,51.0,30,53.699999999999996,33.0
19,2,82,2,4,3,3,3,0,1,1,1,1,0,0,0,0,1,0,43.0,18,50.5,29.200000000000003
17,4,77,3,3,1,1,1,0,1,0,0,0,1,0,0,0,0,1,55.5,23,61.64999999999999,24.200000000000003
23,4,85,1,5,3,3,3,0,0,1,0,0,0,0,1,0,0,0,61.5,15,61.05,23.0
19,3,68,4,3,1,1,1,1,1,0,0,0,1,0,0,0,0,0,40.0,32,50.8,34.8
19,4,86,3,3,4,3,3,0,1,0,0,0,1,0,0,0,0,1,60.0,14,64.8,20.6
17,3,77,4,3,2,2,2,0,1,0,0,0,0,0,0,0,1,0,44.5,23,53.95,31.200000000000003
24,4,73,1,5,2,3,3,0,1,0,1,0,0,0,0,0,1,0,55.5,27,56.849999999999994,27.799999999999997
18,4,78,2,4,1,0,0,0,1,1,0,1,0,0,1,0,0,0,57.0,22,60.3,24.799999999999997
21,2,69,0,7,2,2,2,1,1,0,1,1,0,0,0,0,0,0,36.5,31,38.75,41.4
23,3,79,1,6,3,2,2,0,1,1,0,0,0,0,0,0,0,1,48.5,21,49.55,33.4
21,4,83,1,5,0,0,0,0,1,1,1,0,0,0,0,0,1,0,60.5,17,60.349999999999994,23.799999999999997
20,4,82,0,4,1,1,1,0,1,0,1,0,0,1,0,1,0,0,65.0,18,65.9,15.2
17,2,85,6,1,3,2,2,1,1,1,0,1,0,0,0,1,0,0,38.5,15,54.55,29.0
19,3,77,3,4,2,2,2,0,1,0,0,0,0,1,1,0,0,0,45.5,23,52.25,32.2
21,4,88,1,7,1,1,1,0,0,0,0,1,0,0,0,0,0,1,59.0,12,54.5,31.799999999999997
19,3,84,4,4,3,3,3,0,0,1,1,1,0,0,0,1,0,0,46.0,16,52.599999999999994,33.4
21,3,88,1,5,0,0,0,0,1,1,0,1,0,0,0,0,1,0,55.0,12,56.5,24.799999999999997
22,4,95,2,5,3,3,3,0,1,1,1,0,1,0,0,1,0,0,63.5,5,62.449999999999996,23.0
23,6,69,2,6,3,3,3,1,1,1,0,1,0,0,0,1,0,0,64.5,31,60.75,32.4
18,4,78,1,7,2,3,3,0,1,1,1,0,1,0,0,1,0,0,54.0,22,51.0,35.8
25,4,75,0,2,3,2,2,0,1,0,0,0,0,1,0,0,1,0,65.5,25,71.05,8.0
22,2,99,2,1,3,3,3,0,1,1,0,0,0,0,0,0,0,1,57.5,1,67.85,7.4
21,2,86,2,6,2,2,2,0,1,1,0,0,0,1,0,0,0,1,41.0,14,44.3,37.6
23,2,84,3,5,2,2,2,0,1,1,0,0,0,1,0,0,1,0,39.0,16,45.3,37.4
26,3,91,3,6,1,1,1,0,1,0,1,0,0,1,1,0,0,0,48.5,9,49.55,36.6
17,4,82,2,5,4,3,3,0,1,0,0,0,1,0,1,0,0,0,57.0,18,57.9,28.200000000000003
20,4,85,1,6,2,1,1,0,1,0,1,0,1,0,0,0,0,0,59.5,15,57.25,28.0
17,5,78,4,5,2,1,1,0,0,0,1,0,0,0,0,0,1,0,57.0,22,57.9,34.8
21,4,71,4,5,0,0,0,0,1,1,1,0,0,0,0,0,1,0,45.5,29,49.849999999999994,40.6
21,1,89,0,4,1,2,2,1,1,1,0,1,0,0,0,0,1,0,44.5,11,51.55,21.4
20,2,74,1,5,0,0,0,0,1,1,0,0,0,1,0,0,0,0,40.0,26,46.0,33.4
19,6,88,3,6,3,3,3,0,1,0,0,1,0,0,0,0,0,1,71.0,12,65.3,28.799999999999997
17,4,90,1,5,2,2,3,0,1,0,0,1,0,0,0,0,0,0,64.0,10,62.8,21.0
21,3,64,0,3,1,1,1,1,1,1,0,0,1,0,0,0,0,0,50.0,36,57.8,20.4
24,1,90,0,8,0,0,0,1,1,0,0,0,0,1,0,1,0,0,37.0,10,36.699999999999996,41.0
19,2,84,3,6,1,1,1,0,1,0,0,0,0,0,1,0,0,0,37.0,16,41.5,42.4
22,5,74,1,7,2,2,2,0,1,0,0,0,1,0,1,0,0,0,60.0,26,55.2,34.4
17,4,53,0,5,2,2,2,1,0,1,0,0,0,0,0,1,0,0,48.5,47,51.949999999999996,31.799999999999997
22,4,81,1,5,2,3,3,0,1,1,1,1,0,0,0,0,1,0,59.5,19,59.65,24.6
20,3,80,4,5,0,0,0,0,1,1,1,0,0,1,0,1,0,0,42.0,20,47.4,40.0
19,6,90,1,6,2,2,2,0,1,0,0,0,0,1,0,0,1,0,78.0,10,70.19999999999999,20.0
19,3,82,1,2,2,2,2,0,1,0,1,0,0,0,1,0,0,0,58.0,18,65.8,12.2
20,2,73,1,2,2,2,2,0,1,0,0,0,0,0,1,0,0,0,45.5,27,57.05,18.8
21,4,69,1,4,2,2,2,1,1,1,0,1,0,0,0,0,0,1,55.5,31,59.24999999999999,24.4
18,4,83,1,6,2,2,3,0,0,0,0,0,1,0,0,1,0,0,58.5,17,56.55,28.799999999999997
20,3,82,1,4,3,3,4,0,1,0,0,1,0,0,0,1,0,0,54.0,18,58.199999999999996,22.2
20,4,92,4,5,1,1,1,0,1,1,0,0,0,1,0,1,0,0,56.0,8,57.199999999999996,32.2
18,5,78,1,5,2,2,2,0,1,1,0,0,0,0,1,0,0,0,66.0,22,64.19999999999999,22.799999999999997
25,3,85,1,4,2,2,2,0,1,0,1,0,1,0,0,0,0,1,55.5,15,59.24999999999999,21.0
19,2,80,0,8,2,2,2,1,1,0,0,0,1,0,0,0,0,0,40.0,20,38.8,42.0
19,4,60,0,4,2,2,2,1,1,0,0,0,0,0,0,0,0,0,54.0,40,58.199999999999996,24.0
18,3,87,1,1,3,3,3,0,1,0,0,1,0,0,0,0,1,0,62.5,13,71.35,5.199999999999999
25,4,78,2,3,4,3,3,0,0,0,0,1,0,0,1,0,0,0,59.0,22,64.1,19.8
22,5,87,2,4,3,4,4,0,0,0,0,0,0,0,1,0,0,0,69.5,13,69.05,18.200000000000003
18,2,83,1,5,2,1,1,0,1,1,0,0,0,0,0,0,0,1,44.5,17,49.15,29.799999999999997
23,1,74,3,5,1,0,0,1,1,0,1,0,0,1,0,0,0,1,26.0,26,36.2,44.4
21,6,80,2,6,3,2,2,0,1,0,0,0,0,1,0,0,0,1,70.0,20,64.6,28.0
21,4,81,2,8,2,3,2,1,1,1,1,0,0,1,0,0,0,0,50.5,19,46.14999999999999,43.6
20,2,83,3,5,2,3,3,0,1,1,1,0,1,0,1,0,0,0,38.5,17,44.95,37.8
19,2,86,2,7,3,3,3,0,1,0,1,1,0,0,0,0,0,0,39.0,14,40.5,42.6
21,3,82,3,4,2,2,2,0,1,0,0,0,1,0,0,0,0,0,48.0,18,53.99999999999999,30.200000000000003
19,4,96,4,6,0,0,0,0,0,1,0,0,0,1,0,0,0,1,56.0,4,54.8,35.6
25,0,88,4,4,2,2,2,1,1,0,0,0,0,0,1,0,0,0,24.0,12,37.199999999999996,40.8
18,4,90,0,5,3,3,2,0,1,0,1,0,0,1,0,0,0,1,67.0,10,64.9,17.0
24,3,88,1,5,2,2,2,0,1,0,1,0,1,0,0,0,0,1,55.0,12,56.5,24.799999999999997
20,5,82,1,7,2,2,2,0,0,0,0,0,1,0,0,0,0,0,64.0,18,58.0,31.200000000000003
21,4,87,2,5,4,3,3,0,1,0,1,1,0,0,1,0,0,0,59.5,13,59.65,26.200000000000003
22,5,92,3,5,4,4,4,0,1,1,0,0,1,0,0,0,0,0,67.0,8,64.9,25.200000000000003
19,3,83,2,6,4,3,3,0,1,1,0,1,0,0,0,0,0,0,47.5,17,48.85,35.8
22,4,90,2,7,1,2,2,0,1,1,1,0,0,1,0,0,0,0,57.0,10,53.099999999999994,35.0
17,5,71,1,3,2,1,1,0,0,1,0,1,0,0,0,1,0,0,66.5,29,69.35,15.600000000000001
19,2,90,0,5,1,1,1,0,0,1,0,0,0,1,0,0,0,0,51.0,10,53.699999999999996,23.0
19,4,75,0,3,2,2,2,0,1,1,0,0,0,1,0,1,0,0,63.5,25,67.25,13.0
18,4,71,4,7,1,0,0,0,1,0,0,0,0,1,0,0,0,1,41.5,29,42.25,50.6
20,5,79,3,6,2,2,2,0,1,0,1,1,0,0,1,0,0,0,58.5,21,56.55,35.4
21,3,83,2,7,0,0,0,0,0,0,1,0,0,0,0,0,0,0,45.5,17,45.05,40.8
22,2,84,2,2,0,0,0,0,1,1,1,0,0,1,0,0,1,0,48.0,16,58.8,18.4
21,5,92,2,5,2,3,3,0,1,1,1,0,0,0,0,0,1,0,70.0,8,67.0,21.200000000000003
19,3,77,1,7,1,1,1,0,1,1,1,0,1,0,0,0,1,0,45.5,23,45.05,39.2
21,2,95,1,8,2,3,2,1,1,1,1,1,0,0,0,0,0,0,44.5,5,41.949999999999996,40.0
21,3,95,0,6,1,1,1,0,1,1,0,1,0,0,0,0,0,1,59.5,5,57.25,23.0
23,2,83,0,4,3,4,3,0,1,1,0,0,0,1,1,0,0,0,49.5,17,55.05,20.8
22,3,75,1,5,1,1,1,0,1,0,1,0,1,0,1,0,0,0,48.5,25,51.949999999999996,30.0
21,0,100,4,3,3,3,3,1,0,1,1,0,0,0,1,0,0,0,32.0,0,45.2,31.0
19,4,95,0,8,2,2,2,1,1,1,0,0,1,0,0,0,0,0,63.5,5,55.24999999999999,30.0
19,2,83,0,6,1,1,1,0,1,1,0,0,0,1,0,1,0,0,45.5,17,47.449999999999996,30.799999999999997
19,5,71,4,5,3,2,2,0,1,0,0,0,1,0,0,0,1,0,53.5,29,55.449999999999996,37.6
20,3,87,2,6,3,2,2,0,1,1,1,0,1,0,0,0,0,0,49.5,13,50.25,34.2
21,4,62,1,5,2,2,2,1,1,1,0,0,1,0,0,1,0,0,50.0,38,53.0,32.2
22,4,89,0,5,2,2,2,0,1,1,1,0,1,0,1,0,0,0,66.5,11,64.55,17.4
20,4,83,3,4,3,3,3,0,1,0,0,0,1,0,0,0,0,0,56.5,17,59.949999999999996,26.799999999999997
21,4,69,2,4,2,2,2,1,1,0,0,0,1,0,1,0,0,0,52.5,31,57.15,28.4
21,1,72,0,6,0,0,0,1,1,1,0,0,0,0,0,0,1,0,32.0,28,38.0,38.2
19,4,75,2,7,2,2,2,0,1,0,1,0,1,0,0,0,1,0,49.5,25,47.849999999999994,41.0
19,4,80,4,5,2,1,1,0,1,0,0,0,0,1,0,0,0,1,50.0,20,53.0,37.0
17,3,76,3,4,2,2,2,0,1,1,0,0,0,0,0,0,1,0,45.0,24,51.89999999999999,32.6
19,4,63,0,7,1,2,2,1,0,1,1,0,0,1,0,0,1,0,49.5,37,47.849999999999994,37.8
22,4,80,0,5,2,3,3,0,1,0,1,1,0,0,0,0,1,0,62.0,20,61.4,21.0
19,2,79,1,1,3,3,3,0,1,0,0,0,1,0,0,0,1,0,50.5,21,62.94999999999999,11.399999999999999
20,4,94,2,4,3,3,3,0,1,0,0,1,0,0,0,1,0,0,65.0,6,65.9,18.4
22,1,94,3,6,3,3,3,1,1,1,0,0,0,1,0,1,0,0,34.0,6,39.4,41.4
22,4,71,2,4,4,4,4,0,1,0,0,0,0,1,0,0,1,0,53.5,29,57.849999999999994,27.6
18,2,85,0,5,2,2,2,0,1,1,1,1,0,0,1,0,0,0,48.5,15,51.949999999999996,25.0
23,5,88,2,3,4,4,3,0,1,1,0,0,0,1,0,1,0,0,72.0,12,73.2,12.8
23,2,81,3,4,2,2,2,0,1,0,1,0,1,0,0,1,0,0,39.5,19,48.05,33.6
18,2,83,2,3,3,2,2,0,1,0,1,0,1,0,1,0,0,0,45.5,17,54.65,23.8
19,7,90,0,3,4,4,4,0,1,0,1,0,0,0,0,0,0,1,95.0,10,89.3,0.0
23,5,84,1,4,3,3,3,0,1,1,0,0,0,1,0,0,0,1,71.0,16,70.1,15.399999999999999
20,2,87,1,7,1,1,1,0,1,0,0,1,0,0,0,0,1,0,42.5,13,42.949999999999996,38.2
17,2,93,1,6,2,2,2,0,1,1,1,0,0,1,1,0,0,0,47.5,7,48.85,30.799999999999997
17,2,78,1,9,0,0,0,1,0,0,0,0,0,0,0,1,0,0,34.0,22,32.199999999999996,51.8
20,4,88,1,4,2,2,2,0,1,1,0,0,0,0,1,0,0,0,65.0,12,65.9,16.8
18,4,78,2,7,0,1,1,0,1,0,1,0,1,0,0,0,1,0,51.0,22,48.89999999999999,39.8
20,3,90,2,8,1,1,1,1,1,1,1,0,0,1,0,1,0,0,47.0,10,43.699999999999996,43.0
21,6,77,2,7,0,0,0,0,1,0,1,0,1,0,0,1,0,0,66.5,23,59.75,34.2
24,2,85,1,7,2,2,2,0,1,0,0,0,0,1,0,0,0,0,41.5,15,42.25,39.0
20,1,80,1,5,2,2,2,1,1,1,0,0,0,0,0,1,0,0,35.0,20,42.5,34.0
23,7,86,0,5,4,3,3,0,1,0,0,1,0,0,0,0,1,0,89.0,14,80.3,9.600000000000001
24,5,75,1,3,1,2,2,0,1,1,1,0,0,0,1,0,0,0,68.5,25,70.75,14.0
24,3,79,3,1,3,3,3,0,1,0,0,0,0,1,0,0,0,1,52.5,21,64.35,16.4
21,4,81,3,5,2,2,2,0,1,0,0,0,0,1,0,1,0,0,53.5,19,55.449999999999996,32.6
17,4,73,4,3,1,2,2,0,1,0,0,0,0,1,1,0,0,0,50.5,27,58.14999999999999,29.799999999999997
22,1,77,3,4,2,1,1,1,1,1,1,0,0,0,0,0,0,1,29.5,23,41.05,38.2
23,3,68,0,4,3,3,3,1,1,1,0,1,0,0,0,0,0,1,50.0,32,55.4,23.799999999999997
20,4,85,2,6,2,3,3,0,1,1,0,0,0,0,0,0,0,1,56.5,15,55.15,32.0
24,4,88,1,5,2,2,2,0,1,1,0,0,0,0,0,0,0,1,63.0,12,62.099999999999994,21.799999999999997
22,0,70,0,7,1,1,1,1,0,1,0,1,0,0,0,1,0,0,21.0,30,27.9,47.0
22,4,72,4,4,1,1,1,0,1,1,0,0,0,1,1,0,0,0,48.0,28,53.99999999999999,35.2
23,4,74,2,5,2,2,2,0,1,0,1,0,0,0,0,0,0,0,53.0,26,55.099999999999994,31.4
21,3,71,2,5,3,3,3,0,1,0,0,0,1,0,0,0,0,0,43.5,29,48.45,35.6
17,2,85,1,5,3,4,3,0,1,0,1,1,0,0,0,1,0,0,45.5,15,49.849999999999994,29.0
19,5,76,5,5,3,3,3,1,0,0,1,0,0,0,0,0,0,1,53.0,24,55.099999999999994,39.6
23,3,84,1,8,0,0,0,1,1,1,1,0,1,0,0,0,0,0,47.0,16,43.699999999999996,41.4
19,3,76,0,7,1,1,1,0,1,0,1,0,0,0,0,0,0,0,48.0,24,46.8,35.6
20,4,79,0,5,2,2,2,0,1,0,1,0,0,0,0,1,0,0,61.5,21,61.05,21.4
18,2,90,2,4,4,4,3,0,1,1,0,0,0,1,0,0,0,0,47.0,10,53.3,26.0
24,6,72,1,4,1,1,1,0,1,0,0,0,0,0,0,1,0,0,73.0,28,71.5,17.200000000000003
24,5,77,2,5,1,1,1,0,1,0,1,0,0,1,1,0,0,0,62.5,23,61.75,27.200000000000003
19,3,85,1,2,3,3,3,0,1,0,0,0,0,0,0,0,0,1,59.5,15,66.85,11.0
21,1,79,5,5,0,1,1,1,1,0,0,0,1,0,0,0,0,1,22.5,21,33.75,50.4
19,4,83,0,6,2,2,2,0,1,0,0,0,0,1,1,0,0,0,61.5,17,58.65,24.799999999999997
22,4,82,0,4,2,2,2,0,1,0,0,0,0,1,1,0,0,0,65.0,18,65.9,15.2
22,4,69,1,5,2,2,2,1,1,0,0,1,0,0,1,0,0,0,53.5,31,55.449999999999996,29.4
22,3,93,5,6,2,2,2,1,1,0,1,0,1,0,1,0,0,0,43.5,7,46.05,43.8
21,1,81,0,2,1,2,2,1,1,1,0,0,0,1,0,1,0,0,44.5,19,56.349999999999994,14.600000000000001
27,4,94,2,5,1,1,1,0,1,0,0,0,0,0,0,0,0,1,63.0,6,62.099999999999994,23.4
18,1,84,2,4,0,0,0,1,1,1,1,0,1,0,0,0,0,1,36.0,16,45.599999999999994,31.4
17,4,92,1,8,1,1,2,1,1,0,0,0,0,1,0,1,0,0,59.0,8,52.099999999999994,35.2
20,4,90,1,5,2,2,2,0,1,0,0,0,0,1,0,1,0,0,64.0,10,62.8,21.0
17,3,91,1,3,3,3,3,0,1,0,1,1,0,0,0,0,1,0,60.5,9,65.14999999999999,13.600000000000001
17,4,65,2,5,2,3,3,1,1,0,0,0,1,0,0,0,1,0,48.5,35,51.949999999999996,35.0
18,0,96,3,5,2,2,2,1,1,1,1,0,0,1,0,0,1,0,29.0,4,38.3,38.6
19,2,78,1,7,0,0,0,0,1,1,1,1,0,0,0,1,0,0,38.0,22,39.8,41.8
18,3,84,0,4,1,0,0,0,1,0,0,0,1,0,0,0,1,0,58.0,16,60.99999999999999,17.4
22,1,88,2,6,3,3,3,1,1,0,0,0,0,1,0,0,1,0,34.0,12,39.4,39.8
19,5,100,1,6,2,2,2,0,1,0,0,0,0,1,0,1,0,0,75.0,0,68.1,19.0
20,2,90,0,6,3,3,3,0,1,0,0,0,1,0,1,0,0,0,49.0,10,49.9,28.0
23,3,77,3,5,0,0,0,0,1,0,1,1,0,0,0,0,0,1,43.5,23,48.45,37.2
19,6,84,1,4,3,2,2,0,1,0,1,0,0,0,1,0,0,0,79.0,16,75.69999999999999,12.399999999999999
20,5,71,1,5,1,2,2,0,1,0,0,0,0,1,1,0,0,0,62.5,29,61.75,25.6
21,4,93,2,5,4,4,3,0,1,1,1,0,1,0,0,0,1,0,62.5,7,61.75,23.799999999999997
17,4,57,0,5,1,1,1,1,1,0,0,0,0,0,0,0,0,1,50.5,43,53.349999999999994,30.200000000000003
17,4,80,1,7,3,3,3,0,1,1,1,1,0,0,0,0,1,0,55.0,20,51.7,35.0
21,2,99,2,6,2,2,2,0,1,1,0,1,0,0,0,0,0,1,47.5,1,48.85,32.4
22,2,88,2,6,2,2,2,0,0,0,0,0,0,1,0,0,0,1,42.0,12,45.0,36.8
25,5,85,1,4,2,2,2,0,1,0,1,0,1,0,0,1,0,0,71.5,15,70.44999999999999,15.0
21,3,72,3,7,3,3,3,0,1,0,0,0,0,1,0,1,0,0,37.0,28,39.099999999999994,49.2
22,0,92,2,5,0,0,0,1,1,1,0,1,0,0,0,0,0,1,30.0,8,39.0,36.2
20,4,74,3,5,2,2,2,0,1,0,0,0,0,1,0,0,0,1,50.0,26,53.0,35.4
21,4,74,1,7,0,1,1,0,1,0,0,0,1,0,0,1,0,0,52.0,26,49.599999999999994,37.4
24,2,92,1,4,3,3,3,0,1,0,1,0,0,1,0,0,0,1,51.0,8,56.099999999999994,21.2
17,5,74,4,4,2,2,2,0,1,1,0,0,1,0,0,1,0,0,57.0,26,60.3,31.4
21,4,70,2,5,2,2,2,0,1,0,0,0,0,1,0,0,0,0,51.0,30,53.699999999999996,33.0
25,6,74,2,7,2,3,3,0,1,0,0,0,0,0,0,0,0,1,65.0,26,58.7,35.4
21,5,83,0,6,1,1,1,0,1,0,0,0,0,0,1,0,0,0,69.5,17,64.25,21.799999999999997
24,5,78,0,1,1,1,1,0,0,1,1,1,0,0,1,0,0,0,77.0,22,81.5,0.0
19,3,96,1,7,2,2,2,0,1,1,1,1,0,0,0,0,0,0,55.0,4,51.7,31.6
20,4,82,3,4,2,2,2,0,1,1,0,1,0,0,0,0,0,0,56.0,18,59.599999999999994,27.200000000000003
21,4,72,0,4,2,3,3,0,1,0,0,0,0,0,0,0,1,0,60.0,28,62.4,19.200000000000003
17,3,67,3,5,0,0,0,1,1,0,0,0,0,0,0,1,0,0,38.5,33,44.95,41.2
18,4,89,1,3,2,2,2,0,1,0,0,1,0,0,0,0,1,0,67.5,11,70.05,11.399999999999999
18,6,84,1,7,2,3,3,0,1,0,0,0,0,1,1,0,0,0,73.0,16,64.3,27.4
22,3,86,3,5,1,1,1,0,1,1,1,0,0,0,0,0,0,1,48.0,14,51.599999999999994,33.6
22,4,78,1,6,3,3,3,0,1,1,0,0,1,0,0,1,0,0,56.0,22,54.8,30.799999999999997
21,3,83,4,4,2,2,2,0,1,1,0,0,1,0,0,0,0,0,45.5,17,52.25,33.8
22,1,91,2,7,1,0,0,1,1,1,0,0,0,1,0,0,0,0,33.5,9,36.65,43.6
20,5,82,1,8,3,2,2,1,0,0,1,0,0,0,0,0,0,1,62.0,18,54.199999999999996,36.2
23,4,72,4,3,3,3,3,0,1,1,1,0,0,0,0,0,0,0,50.0,28,57.8,30.200000000000003
21,5,87,7,3,4,4,4,1,1,0,1,1,0,0,1,0,0,0,56.5,13,62.349999999999994,33.2
21,2,79,1,4,2,3,3,0,1,1,0,0,1,0,0,0,0,0,44.5,21,51.55,26.4
20,3,89,1,7,3,3,3,0,1,0,1,1,0,0,0,0,0,0,51.5,11,49.25,34.4
22,4,82,1,5,2,2,2,0,1,0,0,0,1,0,0,0,0,0,60.0,18,60.0,24.200000000000003
20,5,88,1,5,3,4,4,0,1,1,1,1,0,0,1,0,0,0,71.0,12,67.69999999999999,18.799999999999997
23,5,86,2,6,1,0,0,0,1,0,1,1,0,0,0,0,1,0,65.0,14,61.1,28.6
18,3,92,2,9,1,1,1,1,0,1,0,1,0,0,0,0,0,1,46.0,8,40.599999999999994,47.2
18,4,89,2,2,3,3,3,0,1,0,0,0,0,0,1,0,0,0,66.5,11,71.75,10.399999999999999
22,4,71,3,5,2,1,2,0,1,0,1,1,0,0,0,1,0,0,48.5,29,51.949999999999996,36.6
20,4,67,2,5,4,3,4,1,1,0,1,0,0,1,1,0,0,0,49.5,33,52.65,34.2
20,4,81,3,6,1,1,1,0,0,0,0,0,1,0,0,0,1,0,51.5,19,51.65,37.6
23,3,86,2,7,0,0,0,0,1,1,1,0,0,0,0,0,0,1,47.0,14,46.099999999999994,39.6
19,4,76,3,4,4,4,3,0,1,1,0,1,0,0,0,0,0,0,53.0,24,57.49999999999999,29.6
20,5,85,3,6,1,1,1,0,1,1,0,0,1,0,0,0,1,0,61.5,15,58.65,33.0
24,3,85,2,2,2,3,3,0,1,1,0,1,0,0,0,0,0,1,56.5,15,64.75,15.0
24,2,81,2,6,2,2,2,0,1,0,1,0,0,1,0,0,1,0,38.5,19,42.55,39.6
24,5,76,2,9,1,1,1,1,1,0,1,1,0,0,0,0,1,0,54.0,24,46.199999999999996,47.6
20,5,73,2,4,2,2,2,0,1,0,0,1,0,0,0,0,0,0,62.5,27,64.15,23.799999999999997
23,2,100,0,6,3,3,3,0,1,0,1,1,0,0,0,0,0,1,54.0,0,53.4,24.0
18,3,65,1,4,0,1,1,1,1,0,0,0,0,1,0,0,0,0,45.5,35,52.25,29.0
19,4,72,1,5,2,1,1,0,1,0,0,0,0,1,0,0,1,0,55.0,28,56.5,28.200000000000003
17,4,100,1,7,3,3,3,0,1,1,1,0,1,0,0,0,0,0,65.0,0,58.7,27.0
24,4,73,4,6,2,1,1,0,0,0,0,0,0,0,1,0,0,0,44.5,27,46.75,44.8
19,4,77,2,5,1,2,2,0,1,1,0,0,0,1,0,0,0,0,54.5,23,56.15,30.200000000000003
20,3,87,1,5,3,2,2,0,1,0,0,0,0,1,0,0,0,1,54.5,13,56.15,25.200000000000003
19,0,85,1,3,2,3,3,1,1,0,0,0,0,0,1,0,0,0,33.5,15,46.25,25.0
22,3,85,2,7,1,1,1,0,1,0,1,0,1,0,0,1,0,0,46.5,15,45.75,40.0
20,3,94,2,6,1,1,1,0,1,1,1,1,0,0,0,0,0,1,53.0,6,52.699999999999996,31.4
18,2,74,0,3,1,1,1,0,1,0,1,0,1,0,0,0,0,0,47.0,26,55.7,19.4
22,3,83,4,5,2,2,2,0,1,1,0,0,0,0,0,0,0,0,43.5,17,48.45,38.8
17,5,81,3,3,3,3,3,0,1,0,1,0,0,0,0,0,0,0,65.5,19,68.64999999999999,19.6
19,3,75,1,4,2,2,2,0,1,0,0,1,0,0,1,0,0,0,50.5,25,55.74999999999999,25.0
17,4,82,1,7,1,1,1,0,1,0,0,1,0,0,1,0,0,0,56.0,18,52.39999999999999,34.2
17,2,86,2,7,2,2,2,0,0,1,0,1,0,0,0,1,0,0,39.0,14,40.5,42.6
21,4,86,2,6,2,2,2,0,0,0,0,1,0,0,0,0,1,0,57.0,14,55.5,31.6
17,6,90,2,5,1,1,1,0,1,0,0,0,1,0,0,0,0,1,77.0,10,71.9,19.0
17,4,81,1,6,0,0,0,0,1,1,0,0,1,0,0,0,0,0,57.5,19,55.85,29.6
21,4,73,1,4,3,4,4,0,0,0,1,0,1,0,0,0,0,1,57.5,27,60.65,22.799999999999997
19,4,70,1,6,0,0,0,0,1,0,0,1,0,0,1,0,0,0,52.0,30,52.0,34.0
25,3,78,1,5,2,1,1,0,0,1,1,1,0,0,0,0,0,0,50.0,22,53.0,28.799999999999997
25,5,71,0,4,2,3,3,0,1,1,0,0,0,0,0,0,1,0,67.5,29,67.65,16.6
19,3,76,2,4,2,2,2,0,1,1,1,1,0,0,0,1,0,0,48.0,24,53.99999999999999,28.6
22,6,72,0,6,2,2,2,0,1,1,0,0,1,0,0,0,0,1,72.0,28,66.0,23.200000000000003
22,6,76,1,5,2,2,2,0,1,1,1,0,1,0,0,0,1,0,73.0,24,69.1,20.6
19,3,96,1,4,3,2,2,0,1,1,0,0,0,1,0,0,0,0,61.0,4,63.099999999999994,16.6
17,4,81,3,5,1,1,1,0,1,1,0,0,1,0,0,0,0,1,53.5,19,55.449999999999996,32.6
21,3,94,1,3,3,3,3,0,1,1,1,0,1,0,1,0,0,0,62.0,6,66.2,12.399999999999999
20,5,85,4,5,2,2,2,0,0,0,1,0,0,1,0,0,0,1,60.5,15,60.349999999999994,32.0
20,2,77,1,6,1,1,1,0,1,0,1,1,0,0,0,0,0,0,39.5,23,43.25,37.2
22,4,66,0,5,2,2,2,1,1,0,0,1,0,0,0,0,1,0,55.0,34,56.5,26.6
19,4,68,0,3,2,1,1,1,1,0,0,1,0,0,0,0,0,0,60.0,32,64.8,15.8
18,5,79,1,2,2,2,2,0,1,1,1,0,0,0,1,0,0,0,72.5,21,75.95,7.399999999999999
21,2,71,2,7,1,1,1,0,1,0,0,0,0,0,0,0,0,0,31.5,29,35.25,48.6
21,4,86,2,5,3,4,4,0,1,0,0,1,0,0,1,0,0,0,59.0,14,59.3,26.6
18,4,78,2,7,1,1,1,0,1,0,0,0,0,1,1,0,0,0,51.0,22,48.89999999999999,39.8
23,2,79,0,8,0,0,0,1,1,0,1,0,0,1,0,0,0,0,39.5,21,38.449999999999996,42.4
17,5,78,3,6,0,0,0,0,1,0,0,1,0,0,0,1,0,0,58.0,22,56.199999999999996,35.8
19,6,89,2,5,1,1,1,0,1,1,0,0,0,1,1,0,0,0,76.5,11,71.55,19.4
20,4,74,1,5,3,3,3,0,1,0,1,1,0,0,0,0,0,1,56.0,26,57.199999999999996,27.4
19,3,74,1,4,2,2,2,0,1,0,0,1,0,0,0,0,0,0,50.0,26,55.4,25.4
19,3,84,1,4,2,3,3,0,1,0,1,0,0,1,0,0,0,1,55.0,16,58.9,21.4
25,7,90,4,4,3,3,3,0,1,1,0,1,0,0,1,0,0,0,81.0,10,77.1,19.0
19,4,69,0,5,3,2,2,1,1,0,0,0,1,0,0,0,0,0,56.5,31,57.55,25.4
26,3,99,2,2,3,3,3,0,0,0,0,0,0,0,0,0,0,0,63.5,1,69.64999999999999,9.399999999999999
22,1,74,2,3,1,1,1,1,1,0,0,1,0,0,1,0,0,0,33.0,26,45.9,30.4
21,3,64,1,3,1,0,1,1,1,1,0,0,0,1,0,0,1,0,47.0,36,55.7,24.4
22,3,85,3,3,2,2,3,0,1,1,0,0,1,0,0,0,0,0,51.5,15,58.849999999999994,24.0
26,4,80,0,6,3,3,3,0,1,1,1,0,0,1,0,0,0,0,60.0,20,57.6,26.0
18,4,85,1,4,2,2,2,0,0,0,0,0,0,0,0,0,0,1,63.5,15,64.85,18.0
18,5,88,1,5,1,2,2,0,1,1,0,0,1,0,1,0,0,0,71.0,12,67.69999999999999,18.799999999999997
19,0,69,4,6,0,0,0,1,1,1,1,0,0,0,1,0,0,0,10.5,31,22.95,58.4
21,4,79,1,7,3,3,3,0,1,0,1,0,1,0,0,1,0,0,54.5,21,51.349999999999994,35.4
17,5,86,2,6,1,0,0,0,1,0,0,1,0,0,0,0,0,0,65.0,14,61.1,28.6
21,1,84,2,8,2,2,2,1,1,0,1,0,1,0,0,1,0,0,28.0,16,30.4,51.4
24,2,80,0,5,2,2,2,0,0,0,0,1,0,0,0,0,0,0,46.0,20,50.199999999999996,27.0
21,3,87,1,5,1,1,1,0,1,0,1,0,0,1,0,0,0,1,54.5,13,56.15,25.200000000000003
20,4,90,4,4,4,4,3,0,1,1,0,0,1,0,0,1,0,0,57.0,10,60.3,28.0
19,3,65,1,2,2,2,2,1,1,0,0,0,1,0,0,0,1,0,49.5,35,59.849999999999994,19.0
23,3,94,2,5,2,2,2,0,0,0,0,0,1,0,0,0,0,0,55.0,6,56.5,26.4
19,2,72,2,7,2,2,2,0,1,1,1,0,0,1,0,1,0,0,32.0,28,35.599999999999994,48.2
25,4,86,0,4,4,3,3,0,0,1,0,1,0,0,0,0,0,0,67.0,14,67.3,13.600000000000001
25,3,79,2,4,2,2,2,0,1,1,0,1,0,0,1,0,0,0,49.5,21,55.05,27.4
21,2,92,2,7,0,0,0,0,0,0,0,1,0,0,0,0,0,0,42.0,8,42.599999999999994,40.2
21,4,87,1,5,3,3,3,0,1,1,1,0,1,0,1,0,0,0,62.5,13,61.75,22.200000000000003
23,5,86,2,3,2,2,2,0,1,0,1,0,1,0,0,1,0,0,71.0,14,72.5,13.600000000000001
23,4,83,1,3,4,4,3,0,1,1,1,0,0,1,0,0,0,0,64.5,17,67.95,13.8
19,3,77,1,6,1,1,1,0,1,0,0,0,0,1,1,0,0,0,47.5,23,48.85,34.2
19,5,74,3,5,2,2,2,0,1,0,0,1,0,0,1,0,0,0,58.0,26,58.599999999999994,32.4
18,3,70,2,5,2,2,2,0,1,0,0,1,0,0,0,1,0,0,43.0,30,48.099999999999994,36.0
21,4,77,4,5,3,3,3,0,1,0,1,0,0,0,0,0,0,1,48.5,23,51.949999999999996,38.2
22,5,89,3,6,1,1,1,0,1,1,0,0,0,0,1,0,0,0,63.5,11,60.05,31.4
18,3,74,2,7,2,1,1,0,1,0,0,1,0,0,1,0,0,0,41.0,26,41.9,44.4
20,3,91,5,4,3,3,3,1,1,0,0,0,1,0,0,0,1,0,46.5,9,52.949999999999996,34.6
18,4,73,2,6,0,0,0,0,0,0,0,1,0,0,0,1,0,0,50.5,27,50.949999999999996,36.8
19,2,80,2,4,2,2,2,0,1,0,0,1,0,0,0,1,0,0,42.0,20,49.8,30.0
22,5,85,4,6,1,2,1,0,1,1,1,1,0,0,1,0,0,0,58.5,15,56.55,37.0
19,1,90,2,6,1,1,1,1,1,0,0,0,0,1,0,0,0,1,35.0,10,40.1,39.0
20,4,79,1,4,2,2,2,0,1,1,1,0,0,0,0,0,1,0,60.5,21,62.74999999999999,20.4
17,3,85,3,1,1,0,0,0,1,1,0,0,0,1,0,0,0,0,55.5,15,66.44999999999999,14.0
21,4,83,2,4,4,4,4,0,1,0,0,0,1,0,0,0,0,1,59.5,17,62.05,22.799999999999997
20,5,80,3,6,2,2,2,0,1,0,0,1,0,0,0,0,0,1,59.0,20,56.9,35.0
19,2,73,1,7,0,0,0,0,1,0,1,1,0,0,0,0,0,0,35.5,27,38.05,43.8
20,2,85,2,4,1,2,2,0,1,0,0,0,0,0,0,0,1,0,44.5,15,51.55,28.0
21,5,82,1,7,2,2,2,0,1,0,1,0,0,1,0,0,0,1,64.0,18,58.0,31.200000000000003
19,3,79,1,8,0,0,0,1,1,0,0,1,0,0,0,0,0,1,44.5,21,41.949999999999996,43.4
17,3,82,0,6,0,0,0,0,1,0,0,0,1,0,0,1,0,0,53.0,18,52.699999999999996,28.200000000000003
25,3,86,0,3,2,3,3,0,1,0,1,0,0,1,0,0,0,0,61.0,14,65.5,11.600000000000001
19,3,68,3,6,1,1,1,1,1,0,0,0,0,1,0,0,0,0,37.0,32,41.5,45.8
20,2,77,2,4,4,4,4,0,1,0,0,1,0,0,0,0,1,0,40.5,23,48.75,31.200000000000003
23,3,74,0,4,4,4,4,0,1,0,0,1,0,0,0,1,0,0,53.0,26,57.49999999999999,21.4
28,2,74,1,6,2,2,2,0,1,0,0,0,0,1,0,0,0,0,38.0,26,42.199999999999996,38.4
18,5,75,1,6,2,3,3,0,1,0,0,0,0,1,1,0,0,0,62.5,25,59.35,29.0
22,3,90,1,6,1,1,1,0,1,0,0,0,0,0,1,0,0,0,54.0,10,53.4,29.0
19,5,84,3,6,2,2,2,0,1,0,0,0,0,1,0,1,0,0,61.0,16,58.3,33.4
19,4,73,3,5,2,2,2,0,1,0,0,0,0,1,0,1,0,0,49.5,27,52.65,35.8
19,2,83,2,2,4,4,4,0,0,1,1,0,0,0,0,0,1,0,47.5,17,58.45,18.8
18,4,85,3,5,1,1,1,0,1,0,1,0,0,1,0,1,0,0,55.5,15,56.849999999999994,31.0
20,3,79,0,4,1,1,1,0,0,0,1,0,1,0,0,0,1,0,55.5,21,59.24999999999999,19.4
17,3,71,2,4,2,2,2,0,1,1,1,0,0,0,0,0,1,0,45.5,29,52.25,30.6
23,3,73,3,3,3,3,3,0,1,0,0,0,0,1,0,1,0,0,45.5,27,54.65,28.799999999999997
21,5,69,0,5,1,1,1,1,1,0,1,0,0,1,0,1,0,0,64.5,31,63.15,22.4
21,4,99,4,5,3,3,3,0,1,1,1,0,0,0,0,0,1,0,59.5,1,59.65,29.4
20,5,68,3,5,1,1,1,1,0,1,0,0,1,0,1,0,0,0,55.0,32,56.5,34.8
20,2,72,1,8,0,0,0,1,1,0,0,0,0,0,1,0,0,0,33.0,28,33.9,49.2
21,1,81,5,6,1,0,0,1,0,1,1,0,0,1,1,0,0,0,21.5,19,30.65,54.6
18,3,67,1,3,3,2,2,1,1,0,0,1,0,0,0,0,0,1,48.5,33,56.75,23.200000000000003
20,5,72,3,9,1,1,1,1,1,1,0,0,0,1,1,0,0,0,49.0,28,42.699999999999996,53.2
19,3,82,2,2,3,3,3,0,0,0,1,0,0,0,0,0,0,0,55.0,18,63.7,16.2
19,6,83,1,5,4,3,3,0,1,0,1,0,0,1,0,0,1,0,76.5,17,71.55,17.799999999999997
17,3,85,1,4,3,3,3,0,1,1,0,0,1,0,0,0,0,0,55.5,15,59.24999999999999,21.0
23,4,87,2,6,2,2,2,0,1,0,1,0,0,1,1,0,0,0,57.5,13,55.85,31.200000000000003
19,3,81,1,6,3,3,3,0,1,0,0,0,0,1,1,0,0,0,49.5,19,50.25,32.6
23,1,76,4,4,1,1,1,1,1,0,0,0,0,0,0,1,0,0,26.0,24,38.599999999999994,42.6
23,3,85,4,7,1,1,1,0,1,1,0,0,0,0,0,0,0,0,40.5,15,41.55,48.0
18,4,93,1,5,1,1,1,0,1,0,1,0,0,1,1,0,0,0,65.5,7,63.849999999999994,19.8
18,3,86,3,8,2,2,2,1,1,1,0,1,0,0,0,0,1,0,42.0,14,40.199999999999996,48.6
26,3,75,0,7,2,2,2,0,1,0,1,0,0,1,1,0,0,0,47.5,25,46.45,36.0
24,3,86,1,4,1,1,1,0,1,1,0,0,0,1,0,1,0,0,56.0,14,59.599999999999994,20.6
20,4,86,2,7,2,2,2,0,1,0,1,0,1,0,0,0,0,1,55.0,14,51.7,36.6
21,0,72,3,4,2,2,2,1,1,1,0,0,1,0,0,0,0,0,19.0,28,33.699999999999996,43.2
19,3,80,2,6,0,0,0,0,1,0,0,0,0,0,1,0,0,0,46.0,20,47.8,37.0
22,2,86,0,6,3,3,3,0,1,1,0,0,1,0,0,0,1,0,47.0,14,48.5,29.6
19,4,91,0,4,2,2,2,0,1,0,1,0,0,1,0,0,1,0,69.5,9,69.05,11.600000000000001
17,4,76,3,1,2,3,3,0,1,0,0,0,0,1,0,0,0,1,59.0,24,68.89999999999999,14.600000000000001
18,4,70,0,8,0,0,0,1,1,1,0,0,0,1,0,0,0,1,51.0,30,46.49999999999999,40.0
21,4,86,2,6,2,2,2,0,1,0,0,0,0,1,0,0,1,0,57.0,14,55.5,31.6
18,1,80,0,5,3,3,3,1,1,1,1,0,1,0,1,0,0,0,38.0,20,44.599999999999994,30.0
20,2,83,1,5,2,3,3,0,1,0,1,0,0,1,1,0,0,0,44.5,17,49.15,29.799999999999997
18,3,83,1,7,2,2,2,0,1,0,0,0,1,0,0,0,0,1,48.5,17,47.14999999999999,36.8
19,3,83,2,9,0,0,0,1,1,0,1,0,1,0,0,0,1,0,41.5,17,37.449999999999996,50.8
22,3,78,3,7,0,0,0,0,1,1,0,0,0,1,0,0,0,0,40.0,22,41.2,46.8
21,1,89,1,6,3,3,3,1,0,1,0,0,0,1,1,0,0,0,37.5,11,41.85,35.4
21,5,75,0,6,4,3,3,0,1,1,1,1,0,0,0,1,0,0,65.5,25,61.449999999999996,25.0
22,2,84,3,6,2,2,2,0,1,0,1,0,1,0,1,0,0,0,37.0,16,41.5,42.4
22,1,85,4,3,2,2,2,1,1,0,0,1,0,0,1,0,0,0,32.5,15,45.55,34.0
24,5,80,1,6,2,2,2,0,1,0,0,0,0,0,0,0,0,1,65.0,20,61.1,27.0
20,2,88,0,3,1,1,1,0,1,0,0,0,0,1,0,0,0,0,54.0,12,60.599999999999994,13.8
20,4,78,3,6,3,3,3,0,1,0,1,0,1,0,0,1,0,0,50.0,22,50.6,38.8
18,1,100,2,4,3,3,3,1,1,0,0,0,0,0,0,0,0,1,44.0,0,51.199999999999996,25.0
20,3,83,4,7,1,1,1,0,1,1,0,0,0,0,1,0,0,0,39.5,17,40.849999999999994,48.8
23,2,91,4,6,1,1,1,0,1,0,1,0,1,0,0,0,1,0,37.5,9,41.85,43.6
23,4,89,1,4,2,1,1,0,1,1,0,0,0,0,0,0,0,0,65.5,11,66.25,16.4
23,2,93,2,3,1,1,1,0,1,0,0,0,1,0,0,0,1,0,50.5,7,58.14999999999999,19.8
17,4,82,0,8,1,2,2,1,1,0,0,0,1,0,0,1,0,0,57.0,18,50.699999999999996,35.2
23,3,91,1,5,3,3,3,0,0,0,0,0,0,0,0,0,0,0,56.5,9,57.55,23.6
17,3,93,4,8,0,0,0,1,1,1,1,0,1,0,0,0,0,1,42.5,7,40.55,49.8
23,5,84,2,3,2,2,2,0,1,1,1,1,0,0,0,0,0,0,70.0,16,71.8,14.399999999999999
20,6,76,3,5,2,2,2,0,1,0,1,0,0,1,0,0,0,1,67.0,24,64.9,28.6
22,3,96,2,1,3,3,3,0,1,0,0,1,0,0,1,0,0,0,64.0,4,72.39999999999999,5.6
18,2,82,2,6,2,2,2,0,1,0,0,0,1,0,0,0,0,1,39.0,18,42.9,39.2
23,4,82,1,5,2,2,2,0,1,0,0,0,0,1,0,0,0,1,60.0,18,60.0,24.200000000000003
17,4,84,1,4,2,3,2,0,0,1,0,1,0,0,0,0,0,1,63.0,16,64.5,18.4
19,1,75,3,4,2,2,3,1,1,1,0,0,1,0,0,0,0,0,28.5,25,40.349999999999994,39.0
18,2,84,1,4,1,1,1,0,0,1,1,0,0,0,0,0,1,0,47.0,16,53.3,24.4
17,2,84,2,5,3,3,3,0,1,1,0,0,0,1,1,0,0,0,42.0,16,47.4,33.4
21,2,81,4,4,0,0,0,0,1,1,0,0,1,0,1,0,0,0,36.5,19,45.949999999999996,37.6
25,5,81,2,7,2,2,2,0,0,1,1,0,1,0,0,0,0,1,60.5,19,55.55,35.6
26,1,80,0,4,1,0,0,1,1,0,1,1,0,0,0,1,0,0,40.0,20,48.4,25.0
21,4,79,1,2,4,4,4,0,1,1,1,0,0,0,0,0,0,0,64.5,21,70.35,10.399999999999999
23,3,87,2,5,1,0,0,0,1,1,1,1,0,0,0,0,0,1,51.5,13,54.05,29.200000000000003
21,4,84,3,4,3,3,3,0,0,0,0,0,1,0,0,0,0,1,57.0,16,60.3,26.4
22,2,89,6,3,1,0,0,1,1,1,1,1,0,0,1,0,0,0,36.5,11,48.349999999999994,37.4
20,3,77,2,5,1,2,2,0,1,1,0,0,1,0,0,0,0,0,46.5,23,50.55,33.2
21,5,91,0,2,4,4,4,0,1,1,0,1,0,0,0,0,0,0,81.5,9,82.25,0.0
22,3,89,2,6,2,2,2,0,1,0,0,0,0,1,1,0,0,0,50.5,11,50.949999999999996,33.4
19,5,80,1,5,2,2,2,0,1,0,0,0,0,0,0,0,1,0,67.0,20,64.9,22.0
20,0,76,0,4,0,0,0,1,0,0,0,0,1,0,1,0,0,0,30.0,24,41.4,29.6
20,4,86,0,5,2,2,2,0,1,1,1,1,0,0,0,1,0,0,65.0,14,63.5,18.6
22,4,69,1,2,2,2,2,1,1,0,1,0,0,1,1,0,0,0,59.5,31,66.85,14.399999999999999
18,2,78,5,7,0,0,0,1,1,1,0,0,1,0,0,1,0,0,26.0,22,31.4,57.8
20,5,84,2,5,1,2,2,0,1,1,1,1,0,0,0,1,0,0,66.0,16,64.19999999999999,24.4
25,3,80,2,2,3,3,3,0,1,0,0,0,0,1,0,0,0,1,54.0,20,63.0,17.0
23,4,73,1,5,1,0,0,0,1,0,0,0,0,0,0,1,0,0,55.5,27,56.849999999999994,27.799999999999997
24,2,82,4,5,3,3,3,0,1,1,0,0,1,0,0,0,1,0,35.0,18,42.5,42.2
21,3,74,5,8,1,1,1,1,1,0,0,0,1,0,0,0,0,0,30.0,26,31.799999999999997,61.400000000000006
21,4,84,3,4,2,2,2,0,0,1,0,0,0,1,0,0,1,0,57.0,16,60.3,26.4
23,4,78,1,5,1,1,1,0,1,1,0,0,0,1,0,0,1,0,58.0,22,58.599999999999994,25.799999999999997
24,2,80,4,5,2,1,1,0,1,1,1,0,0,0,0,0,0,1,34.0,20,41.8,43.0
17,5,75,3,3,2,2,2,0,0,0,0,0,1,0,1,0,0,0,62.5,25,66.55,22.0
18,5,88,1,6,2,2,2,0,1,1,1,0,0,1,0,0,0,0,69.0,12,63.9,23.799999999999997
23,4,80,1,7,2,3,3,0,1,0,0,1,0,0,0,1,0,0,55.0,20,51.7,35.0
20,5,76,1,7,2,1,1,0,1,1,0,0,1,0,0,0,0,0,61.0,24,55.89999999999999,33.6
19,3,81,2,6,3,3,3,0,1,0,1,0,1,0,0,0,0,1,46.5,19,48.15,36.6
18,2,95,1,7,2,2,2,0,1,0,0,0,0,1,0,0,0,0,46.5,5,45.75,35.0
19,3,84,1,5,1,1,1,0,1,1,1,0,1,0,0,0,1,0,53.0,16,55.099999999999994,26.4
17,4,90,0,5,4,4,4,0,1,0,0,0,0,0,0,0,0,0,67.0,10,64.9,17.0
25,3,69,1,2,2,2,2,1,1,0,0,0,1,0,1,0,0,0,51.5,31,61.25,17.4
21,3,80,6,5,0,0,0,1,1,1,0,1,0,0,0,0,0,1,36.0,20,43.2,48.0
20,3,74,3,8,0,0,0,1,1,0,0,0,1,0,0,0,0,1,36.0,26,36.0,53.4
22,3,77,3,2,3,3,3,0,1,1,0,0,0,1,0,0,0,1,49.5,23,59.849999999999994,22.200000000000003
23,5,75,1,3,1,0,0,0,0,0,1,0,0,0,0,0,1,0,68.5,25,70.75,14.0
23,2,92,3,4,3,3,3,0,1,0,1,1,0,0,1,0,0,0,45.0,8,51.89999999999999,29.200000000000003
23,4,87,1,3,3,3,3,0,1,1,0,0,1,0,0,0,1,0,66.5,13,69.35,12.2
19,4,76,3,6,3,3,3,0,1,0,1,1,0,0,0,1,0,0,49.0,24,49.9,39.6
20,3,78,1,2,3,3,3,0,1,1,0,0,1,0,1,0,0,0,56.0,22,64.39999999999999,13.8
22,4,84,2,6,3,3,3,0,1,1,0,0,0,1,1,0,0,0,56.0,16,54.8,32.4
19,5,89,1,7,2,2,2,0,1,0,0,1,0,0,1,0,0,0,67.5,11,60.45,28.4
21,3,90,0,6,0,0,0,0,1,1,1,1,0,0,0,0,0,1,57.0,10,55.5,25.0
21,3,87,1,5,1,1,1,0,1,1,0,0,0,0,1,0,0,0,54.5,13,56.15,25.200000000000003
22,2,96,2,6,2,1,1,0,1,1,1,0,1,0,0,1,0,0,46.0,4,47.8,33.6
17,2,85,3,3,1,1,1,0,1,0,0,0,1,0,0,0,0,0,43.5,15,53.25,27.0
22,5,78,0,6,4,4,3,0,1,1,0,0,1,0,1,0,0,0,67.0,22,62.5,23.799999999999997
20,3,75,3,4,2,2,2,0,1,1,0,0,0,0,1,0,0,0,44.5,25,51.55,33.0
22,1,73,0,7,0,0,0,1,0,1,1,1,0,0,0,0,0,1,30.5,27,34.55,42.8
22,5,72,2,6,1,1,1,0,1,1,0,0,1,0,0,0,1,0,58.0,28,56.199999999999996,34.2
24,3,87,3,4,4,3,3,0,1,0,0,0,0,0,0,1,0,0,50.5,13,55.74999999999999,28.200000000000003
24,4,94,1,6,1,1,1,0,1,0,1,0,0,1,0,0,1,0,64.0,6,60.4,24.4
24,4,82,0,6,2,2,2,0,1,0,0,0,0,1,0,1,0,0,61.0,18,58.3,25.200000000000003
24,2,96,5,4,2,2,2,1,1,0,0,1,0,0,0,0,0,0,41.0,4,49.099999999999994,35.6
21,2,82,1,5,2,2,2,0,1,1,1,0,1,0,0,0,0,1,44.0,18,48.8,30.200000000000003
21,2,86,0,6,2,2,2,0,1,0,1,1,0,0,1,0,0,0,47.0,14,48.5,29.6
22,3,69,4,4,1,1,1,1,0,0,1,0,0,0,0,0,0,0,38.5,31,47.349999999999994,39.4
22,4,88,0,3,3,3,3,0,1,0,1,0,1,0,1,0,0,0,70.0,12,71.8,7.800000000000001
20,6,76,0,5,2,1,1,0,0,0,1,1,0,0,0,0,1,0,76.0,24,71.19999999999999,16.6
21,5,88,3,8,1,0,0,1,1,0,1,0,1,0,0,0,0,1,59.0,12,52.099999999999994,41.8
20,4,92,2,5,0,0,0,0,1,0,1,0,0,0,0,0,1,0,62.0,8,61.4,24.200000000000003
19,3,84,2,4,3,3,3,0,1,0,0,0,0,1,0,1,0,0,52.0,16,56.8,25.4
23,1,85,1,4,2,1,1,1,1,0,1,0,0,1,0,0,0,1,39.5,15,48.05,27.0
21,5,82,3,7,0,0,0,0,1,1,1,0,0,1,0,0,0,1,58.0,18,53.8,39.2
25,3,87,3,7,2,2,2,0,1,0,1,1,0,0,0,0,0,1,44.5,13,44.349999999999994,43.2
17,4,97,2,5,3,3,3,0,1,1,0,1,0,0,0,0,0,1,64.5,3,63.15,22.200000000000003
19,3,82,2,4,1,1,1,0,1,1,0,0,0,1,0,0,1,0,51.0,18,56.099999999999994,26.200000000000003
21,4,83,0,4,3,3,3,0,1,0,0,0,0,1,0,0,0,0,65.5,17,66.25,14.8
23,3,67,1,4,2,2,2,1,1,1,0,0,0,0,0,0,0,0,46.5,33,52.949999999999996,28.200000000000003
21,4,85,5,4,2,2,2,1,1,1,1,0,0,1,0,1,0,0,51.5,15,56.449999999999996,34.0
21,2,75,2,4,2,2,2,0,1,0,0,0,1,0,1,0,0,0,39.5,25,48.05,32.0
18,4,80,2,4,2,2,2,0,0,1,1,1,0,0,0,0,0,1,58.0,20,60.99999999999999,24.0
18,4,85,1,7,2,1,1,0,1,1,0,0,1,0,0,0,1,0,57.5,15,53.45,33.0
21,4,69,1,8,1,0,0,1,1,0,1,0,0,1,0,0,1,0,47.5,31,44.05,44.4
18,3,85,0,3,2,3,3,0,1,1,0,0,1,0,0,0,1,0,60.5,15,65.14999999999999,12.0
19,5,84,0,4,3,2,2,0,1,0,1,0,0,0,0,0,0,1,74.0,16,72.19999999999999,11.399999999999999
22,6,87,1,3,1,1,1,0,1,0,0,1,0,0,0,0,0,0,82.5,13,80.55,6.199999999999999
18,2,76,5,6,1,1,1,1,0,0,1,0,0,1,0,0,0,1,27.0,24,34.5,53.6
24,2,90,1,4,1,0,0,0,1,1,0,0,0,0,0,1,0,0,50.0,10,55.4,22.0
23,3,84,1,3,2,2,2,0,1,0,1,0,1,0,0,0,1,0,57.0,16,62.7,16.4
17,3,76,0,8,1,1,1,1,1,1,0,0,0,0,0,1,0,0,46.0,24,42.99999999999999,40.6
18,4,71,3,6,2,2,2,0,1,0,1,0,1,0,0,0,0,0,46.5,29,48.15,41.6
17,4,77,3,3,3,3,3,0,1,0,0,0,0,1,0,0,1,0,55.5,23,61.64999999999999,24.200000000000003
19,4,89,2,8,3,3,3,1,1,0,0,0,0,0,0,0,0,0,54.5,11,48.949999999999996,40.4
22,1,85,2,3,2,2,2,1,1,0,0,0,0,1,0,0,1,0,38.5,15,49.75,26.0
20,4,64,4,6,0,0,0,1,1,0,0,1,0,0,0,0,0,0,40.0,36,43.6,48.4
22,6,79,1,9,3,3,3,1,0,0,0,0,1,0,0,0,1,0,66.5,21,54.949999999999996,39.4
17,4,83,2,5,2,2,2,0,1,1,1,0,0,0,0,0,0,1,57.5,17,58.25,27.799999999999997
22,3,97,3,5,3,3,3,0,1,0,1,0,1,0,0,0,1,0,53.5,3,55.449999999999996,29.200000000000003
19,4,92,1,5,3,3,3,0,1,0,0,0,1,0,0,0,1,0,65.0,8,63.5,20.200000000000003
21,2,80,4,9,1,1,1,1,1,0,0,0,1,0,0,0,0,1,26.0,20,26.6,63.0
20,4,83,2,8,2,2,2,1,1,0,0,0,0,0,0,0,0,0,51.5,17,46.849999999999994,42.8
18,3,71,0,4,0,1,1,0,1,1,0,0,0,0,0,0,0,1,51.5,29,56.449999999999996,22.6
18,2,61,2,6,2,1,1,1,1,1,1,0,0,0,0,1,0,0,28.5,39,35.55,47.6
23,4,78,3,7,1,1,1,0,0,0,1,0,0,1,0,1,0,0,48.0,22,46.8,43.8
21,4,75,2,5,1,1,1,0,1,0,0,0,0,0,0,0,0,0,53.5,25,55.449999999999996,31.0
23,5,83,1,3,3,3,3,0,1,1,0,0,0,1,0,0,1,0,72.5,17,73.55,10.8
21,4,76,3,7,2,3,3,0,0,1,0,1,0,0,1,0,0,0,47.0,24,46.099999999999994,44.6
21,4,89,4,6,3,3,3,0,1,0,1,0,0,0,0,0,0,1,52.5,11,52.35,38.4
17,4,96,1,6,3,3,3,0,1,0,0,0,1,0,0,1,0,0,65.0,4,61.1,23.6
20,4,70,0,7,0,1,0,0,1,1,0,0,0,1,0,1,0,0,53.0,30,50.3,35.0
20,5,81,1,3,4,3,3,0,1,0,0,0,0,0,0,1,0,0,71.5,19,72.85,11.600000000000001
25,4,77,0,5,2,3,3,0,1,0,1,0,1,0,0,1,0,0,60.5,23,60.349999999999994,22.200000000000003
22,2,82,1,10,0,0,0,1,1,1,0,0,0,0,1,0,0,0,34.0,18,29.799999999999997,55.2
24,3,78,5,6,2,2,2,1,1,1,1,0,1,0,1,0,0,0,36.0,22,40.8,49.8
22,2,100,1,6,1,2,2,0,1,0,0,0,0,0,1,0,0,0,51.0,0,51.3,28.0
19,5,81,2,5,4,4,3,0,1,1,0,0,1,0,0,0,0,0,64.5,19,63.15,25.6
21,3,84,0,2,4,4,4,0,1,0,0,1,0,0,0,0,0,1,62.0,16,68.6,7.399999999999999
21,3,83,0,4,3,3,3,0,0,0,0,0,0,1,0,0,0,1,57.5,17,60.65,17.8
18,6,72,1,7,2,2,2,0,1,1,1,0,0,1,0,0,1,0,67.0,28,60.099999999999994,32.2
20,3,83,0,4,2,2,2,0,1,1,0,0,1,0,0,0,1,0,57.5,17,60.65,17.8
20,2,70,5,5,2,3,3,1,1,0,0,0,0,0,0,0,0,0,26.0,30,36.2,51.0
24,4,96,1,6,3,3,3,0,1,0,0,0,0,1,0,0,1,0,65.0,4,61.1,23.6
17,3,89,2,3,2,3,3,0,1,1,1,0,1,0,0,1,0,0,56.5,11,62.349999999999994,18.4
23,2,77,1,3,1,2,2,0,1,0,0,0,1,0,0,0,0,0,45.5,23,54.65,22.200000000000003
18,4,80,2,5,1,2,2,0,1,0,0,0,1,0,0,0,0,0,56.0,20,57.199999999999996,29.0
18,4,90,1,4,3,3,3,0,1,1,1,0,1,0,0,0,0,0,66.0,10,66.6,16.0
23,5,84,1,5,1,2,1,0,1,0,0,0,1,0,0,1,0,0,69.0,16,66.3,20.4
22,4,68,1,2,1,1,1,1,1,1,0,0,0,1,0,0,0,1,59.0,32,66.5,14.8
23,5,83,0,4,3,3,3,0,0,0,0,1,0,0,0,0,0,0,73.5,17,71.85,11.8
22,5,90,3,6,1,2,2,0,1,0,0,0,0,0,0,0,1,0,64.0,10,60.4,31.0
25,3,63,0,10,1,1,1,1,0,0,0,1,0,0,0,1,0,0,35.5,37,30.849999999999998,55.8
22,6,83,4,5,2,2,2,0,1,1,1,0,0,0,0,0,1,0,67.5,17,65.25,29.799999999999997
20,4,75,0,6,1,1,1,0,1,0,0,1,0,0,0,0,0,0,57.5,25,55.85,28.0
21,5,92,0,6,3,3,3,0,0,0,0,1,0,0,0,0,0,1,74.0,8,67.39999999999999,18.200000000000003
23,3,78,4,6,1,2,2,0,1,0,1,0,0,0,0,0,0,0,39.0,22,42.9,45.8
19,5,77,3,6,1,2,2,0,1,0,1,0,1,0,0,0,0,0,57.5,23,55.85,36.2
19,4,88,0,3,4,4,4,0,1,0,1,0,0,1,0,0,0,1,70.0,12,71.8,7.800000000000001
20,5,74,2,4,1,1,1,0,1,0,0,0,1,0,0,0,0,0,63.0,26,64.5,23.4
17,3,82,1,5,2,1,1,0,1,1,1,0,0,1,0,1,0,0,52.0,18,54.4,27.200000000000003
21,3,84,2,3,3,3,3,0,1,0,0,0,0,0,0,0,0,0,54.0,16,60.599999999999994,20.4
17,5,80,3,6,0,0,0,0,0,1,0,0,0,0,0,0,0,0,59.0,20,56.9,35.0
21,4,71,0,2,4,3,3,0,1,0,0,0,0,1,1,0,0,0,63.5,29,69.64999999999999,9.600000000000001
22,5,75,1,7,1,0,0,0,1,0,0,1,0,0,0,1,0,0,60.5,25,55.55,34.0
20,2,81,3,5,1,0,0,0,1,0,1,0,0,0,0,0,0,1,37.5,19,44.25,38.6
24,2,66,4,6,0,0,0,1,1,0,1,0,0,1,0,0,1,0,25.0,34,33.1,53.6
17,3,82,2,7,1,1,1,0,0,0,0,0,0,0,1,0,0,0,45.0,18,44.699999999999996,41.2
23,4,79,0,5,2,2,2,0,1,0,0,0,1,0,1,0,0,0,61.5,21,61.05,21.4
22,5,86,2,6,1,2,2,0,1,0,0,0,0,0,1,0,0,0,65.0,14,61.1,28.6
17,4,87,3,2,3,2,2,0,1,1,1,0,0,0,0,0,1,0,62.5,13,68.95,15.2
27,4,73,2,2,3,3,3,0,1,0,1,0,1,0,0,0,1,0,58.5,27,66.14999999999999,16.8
20,4,77,3,3,2,1,1,0,1,0,0,0,1,0,0,0,0,1,55.5,23,61.64999999999999,24.200000000000003
19,2,74,1,6,0,0,1,0,1,0,1,0,0,1,0,0,0,0,38.0,26,42.199999999999996,38.4
17,4,77,0,3,4,3,3,0,1,1,1,0,0,1,1,0,0,0,64.5,23,67.95,12.200000000000003
20,2,80,0,5,1,1,1,0,1,1,1,0,1,0,1,0,0,0,46.0,20,50.199999999999996,27.0
20,3,91,0,4,2,2,2,0,1,0,0,0,0,1,0,1,0,0,61.5,9,63.449999999999996,14.600000000000001
21,3,77,0,6,1,0,0,0,1,1,0,0,0,0,0,0,1,0,50.5,23,50.949999999999996,30.200000000000003
20,6,89,1,6,3,2,2,0,1,1,1,1,0,0,0,0,1,0,77.5,11,69.85,20.4
22,4,84,1,5,3,2,2,0,1,1,0,1,0,0,1,0,0,0,61.0,16,60.699999999999996,23.4
20,3,93,2,6,2,2,2,0,1,0,0,0,0,1,0,1,0,0,52.5,7,52.35,31.799999999999997
17,4,79,1,3,4,4,3,0,1,0,0,0,0,1,0,1,0,0,62.5,21,66.55,15.399999999999999
20,3,75,3,7,2,2,2,0,1,0,0,0,1,0,0,0,1,0,38.5,25,40.15,48.0
17,7,83,2,5,4,3,3,0,1,1,0,0,0,1,0,0,0,0,81.5,17,75.05,18.799999999999997
21,4,69,2,6,0,0,0,1,1,1,0,0,1,0,0,0,0,1,48.5,31,49.55,38.4
18,0,83,2,4,1,1,1,1,1,1,0,0,0,1,0,0,0,0,27.5,17,39.65,34.8
21,2,86,2,1,2,3,3,0,1,0,0,1,0,0,0,0,0,0,51.0,14,63.3,12.600000000000001
23,6,90,2,6,3,3,3,0,1,0,0,0,0,0,0,0,0,1,75.0,10,68.1,24.0
18,4,85,2,5,3,4,4,0,1,1,0,1,0,0,0,1,0,0,58.5,15,58.949999999999996,27.0
23,3,80,0,7,2,2,2,0,1,1,0,1,0,0,0,0,1,0,50.0,20,48.2,34.0
20,4,97,5,6,3,3,3,1,1,1,1,1,0,0,0,0,1,0,53.5,3,53.05,39.2
24,1,81,0,10,0,0,0,1,1,0,0,0,0,1,0,0,1,0,28.5,19,25.95,54.6
20,2,73,0,7,1,1,1,0,1,0,0,0,0,0,1,0,0,0,38.5,27,40.15,39.8
19,2,81,0,5,3,2,2,0,1,0,0,1,0,0,0,1,0,0,46.5,19,50.55,26.6
22,3,71,0,2,4,3,3,0,1,0,0,0,0,0,0,0,1,0,55.5,29,64.05,12.600000000000001
20,6,72,1,3,3,3,3,0,1,1,1,1,0,0,0,0,1,0,75.0,28,75.3,12.200000000000003
19,4,83,3,3,1,2,2,0,1,0,0,1,0,0,0,1,0,0,58.5,17,63.75,21.799999999999997
19,4,71,2,4,3,2,2,0,1,1,1,1,0,0,0,0,0,0,53.5,29,57.849999999999994,27.6
20,3,77,4,5,2,3,3,0,0,1,1,1,0,0,0,1,0,0,40.5,23,46.349999999999994,41.2
24,5,72,1,6,0,0,0,0,1,1,0,1,0,0,0,0,1,0,61.0,28,58.3,30.200000000000003
17,2,83,1,8,0,0,0,1,1,1,1,0,1,0,0,0,0,1,38.5,17,37.75,44.8
21,3,76,0,3,0,0,0,0,1,1,0,1,0,0,1,0,0,0,56.0,24,62.0,15.600000000000001
22,4,86,1,3,2,3,3,0,1,0,0,1,0,0,0,0,0,1,66.0,14,69.0,12.600000000000001
21,3,85,3,7,1,0,0,0,1,1,1,0,0,0,0,0,1,0,43.5,15,43.65,44.0
23,5,71,0,7,2,2,2,0,1,0,1,0,0,1,1,0,0,0,61.5,29,56.25,31.6
20,3,89,1,4,2,2,2,0,1,0,0,0,0,1,0,0,1,0,57.5,11,60.65,19.4
20,5,80,4,7,1,2,1,0,1,0,1,1,0,0,0,1,0,0,54.0,20,51.0,44.0
22,4,72,2,6,2,2,2,0,1,1,0,1,0,0,1,0,0,0,50.0,28,50.6,37.2
21,2,85,1,2,2,3,3,0,1,0,1,0,0,0,0,1,0,0,51.5,15,61.25,14.0
20,3,96,3,4,2,2,2,0,1,0,0,0,0,1,0,1,0,0,55.0,4,58.9,24.6
22,3,80,2,4,1,1,1,0,1,1,1,0,1,0,0,0,0,1,50.0,20,55.4,27.0
19,5,68,0,9,0,0,0,1,1,0,0,1,0,0,0,0,0,1,56.0,32,47.599999999999994,42.8
19,6,89,1,6,2,2,1,0,1,0,0,0,1,0,0,0,0,0,77.5,11,69.85,20.4
19,2,94,5,4,1,1,1,1,1,0,0,0,0,0,0,0,1,0,40.0,6,48.4,36.4
24,3,73,3,4,4,3,3,0,1,0,0,1,0,0,1,0,0,0,43.5,27,50.849999999999994,33.8
17,5,75,2,2,3,3,3,0,1,1,1,0,0,0,0,0,0,1,67.5,25,72.45,13.0
21,3,82,3,7,2,2,2,0,1,0,1,1,0,0,0,1,0,0,42.0,18,42.599999999999994,45.2
21,3,66,1,6,0,0,0,1,1,1,0,0,0,0,0,0,0,0,42.0,34,45.0,38.6
17,4,98,2,6,3,3,3,0,1,1,0,0,1,0,0,0,0,1,63.0,2,59.699999999999996,26.799999999999997
21,2,81,1,3,0,0,0,0,1,0,0,1,0,0,0,0,0,0,47.5,19,56.05,20.6
22,4,82,3,6,4,4,3,0,1,0,0,0,1,0,0,0,0,1,52.0,18,52.0,37.2
22,4,84,4,5,2,2,2,0,1,0,0,1,0,0,1,0,0,0,52.0,16,54.4,35.4
17,4,79,6,4,1,2,2,1,1,1,0,0,0,1,0,0,1,0,45.5,21,52.25,40.4
24,5,77,3,6,1,1,1,0,1,1,0,0,1,0,0,0,1,0,57.5,23,55.85,36.2
19,3,74,2,3,2,2,2,0,1,0,0,1,0,0,0,0,0,1,49.0,26,57.099999999999994,24.4
22,4,72,0,5,1,1,1,0,0,1,0,1,0,0,0,0,0,1,58.0,28,58.599999999999994,24.200000000000003
22,4,85,2,5,1,0,0,0,1,1,1,0,0,0,0,0,0,0,58.5,15,58.949999999999996,27.0
19,1,92,1,7,3,3,3,1,1,0,1,0,0,1,0,0,0,1,37.0,8,39.099999999999994,39.2
22,5,89,2,7,1,1,1,0,1,0,0,1,0,0,0,0,0,0,64.5,11,58.349999999999994,32.4
20,4,79,3,5,2,2,2,0,1,0,0,1,0,0,0,1,0,0,52.5,21,54.75,33.4
17,4,80,1,5,3,3,3,0,0,0,1,0,0,1,0,0,0,0,59.0,20,59.3,25.0
23,4,94,2,6,3,2,2,0,0,0,0,0,0,1,0,0,0,1,61.0,6,58.3,28.4
19,5,75,1,5,3,3,3,0,1,0,0,0,0,0,0,0,0,1,64.5,25,63.15,24.0
19,4,68,3,4,2,2,2,1,1,1,1,1,0,0,0,0,0,1,49.0,32,54.699999999999996,32.8
20,3,84,4,4,4,4,4,0,1,0,0,0,0,0,0,1,0,0,46.0,16,52.599999999999994,33.4
21,1,88,0,3,2,2,2,1,1,1,0,1,0,0,0,0,0,1,46.0,12,55.0,16.8
20,2,62,1,7,0,0,0,1,0,0,1,0,0,1,0,1,0,0,30.0,38,34.2,48.2
22,3,85,1,6,1,1,1,0,1,0,0,1,0,0,0,0,0,1,51.5,15,51.65,31.0
18,4,73,4,4,1,1,1,0,1,1,0,0,1,0,0,1,0,0,48.5,27,54.349999999999994,34.8
19,3,70,1,4,1,1,1,0,1,0,0,0,1,0,0,0,0,0,48.0,30,53.99999999999999,27.0
20,3,79,3,5,1,0,0,0,1,1,0,0,0,1,0,0,0,0,44.5,21,49.15,36.4
25,2,72,0,3,3,4,4,0,1,0,1,0,0,0,0,0,0,1,46.0,28,55.0,20.200000000000003
20,5,67,2,3,3,3,3,1,1,0,0,0,1,0,0,0,1,0,61.5,33,65.85,21.200000000000003
23,3,82,1,5,0,0,0,0,1,0,1,0,0,0,0,1,0,0,52.0,18,54.4,27.200000000000003
21,4,81,0,5,1,1,1,0,1,0,1,0,0,1,0,0,0,1,62.5,19,61.75,20.6
19,3,68,0,6,3,3,3,1,1,1,0,1,0,0,0,0,0,0,46.0,32,47.8,33.8
20,4,70,1,5,2,2,2,0,0,0,0,0,1,0,0,1,0,0,54.0,30,55.8,29.0
20,4,85,3,3,3,3,3,0,1,0,0,0,1,0,0,1,0,0,59.5,15,64.45,21.0
22,4,86,0,3,1,2,2,0,1,0,0,1,0,0,0,0,0,0,69.0,14,71.1,8.600000000000001
24,2,60,4,7,0,0,0,1,1,0,0,0,0,0,0,0,0,1,20.0,40,27.2,61.0
21,3,71,1,4,1,1,1,0,1,0,1,0,0,1,0,0,0,1,48.5,29,54.349999999999994,26.6
23,1,81,0,5,3,3,3,1,1,0,0,0,0,1,0,0,0,1,38.5,19,44.95,29.6
18,6,85,1,6,2,2,2,0,0,0,1,1,0,0,0,0,1,0,75.5,15,68.44999999999999,22.0
20,0,85,5,4,1,0,0,1,1,0,0,0,0,0,1,0,0,0,19.5,15,34.05,46.0
19,5,86,1,4,1,1,1,0,1,0,1,0,0,0,0,0,0,0,72.0,14,70.8,14.600000000000001
21,4,76,2,2,4,4,3,0,1,1,0,0,0,1,0,1,0,0,60.0,24,67.2,15.600000000000001
20,1,83,2,3,0,0,0,1,1,0,1,0,0,1,1,0,0,0,37.5,17,49.05,26.8
22,4,78,1,6,2,2,2,0,0,1,0,0,0,0,1,0,0,0,56.0,22,54.8,30.799999999999997
19,2,77,5,4,4,4,4,1,1,1,0,1,0,0,0,0,0,1,31.5,23,42.449999999999996,43.2
21,4,69,3,6,2,2,2,1,1,0,1,0,0,0,0,0,0,1,45.5,31,47.449999999999996,42.4
22,3,84,2,2,3,2,2,0,1,0,0,0,0,0,1,0,0,0,56.0,16,64.39999999999999,15.399999999999999
17,4,68,4,7,1,1,1,1,1,0,1,1,0,0,0,0,1,0,40.0,32,41.2,51.8
25,3,72,1,5,3,4,3,0,1,0,0,0,0,1,0,1,0,0,47.0,28,50.9,31.200000000000003
20,5,87,2,2,3,3,3,0,0,0,0,0,0,1,0,0,1,0,73.5,13,76.64999999999999,8.2
17,2,80,1,7,2,2,2,0,1,1,0,0,1,0,0,0,0,1,39.0,20,40.5,41.0
21,3,90,3,3,0,0,0,0,0,1,0,1,0,0,0,0,0,1,54.0,10,60.599999999999994,22.0
21,3,79,2,7,2,2,2,0,1,1,1,0,0,0,0,0,0,0,43.5,21,43.65,42.4
20,3,77,1,5,3,3,3,0,1,0,1,0,1,0,1,0,0,0,49.5,23,52.65,29.200000000000003
23,2,91,1,3,1,1,1,0,1,1,0,0,0,1,0,0,0,1,52.5,9,59.55,16.6
22,1,78,2,8,1,1,1,1,1,0,0,1,0,0,0,0,0,0,25.0,22,28.299999999999997,53.8
21,4,84,2,6,2,2,2,0,1,1,0,0,0,1,0,0,1,0,56.0,16,54.8,32.4
22,4,80,3,7,2,2,2,0,1,1,0,0,0,1,0,1,0,0,49.0,20,47.5,43.0
20,6,83,0,6,3,4,4,0,1,1,0,0,0,1,0,1,0,0,77.5,17,69.85,18.799999999999997
24,5,80,3,5,2,2,2,0,1,0,0,0,1,0,1,0,0,0,61.0,20,60.699999999999996,30.0
17,4,89,3,3,3,3,3,0,1,0,0,1,0,0,0,0,0,1,61.5,11,65.85,19.4
21,3,82,1,5,1,1,1,0,1,0,1,0,0,0,0,1,0,0,52.0,18,54.4,27.200000000000003
21,4,79,0,5,1,1,1,0,1,0,1,0,1,0,0,0,0,0,61.5,21,61.05,21.4
22,2,84,0,7,0,0,0,0,1,1,0,0,0,1,0,0,1,0,44.0,16,44.0,35.4
19,4,69,3,5,1,1,1,1,1,0,0,0,1,0,0,0,0,0,47.5,31,51.25,37.4
17,4,90,3,5,2,2,2,0,1,0,0,1,0,0,0,0,0,1,58.0,10,58.599999999999994,29.0
21,4,69,3,5,2,2,2,1,0,1,1,0,0,1,0,0,0,1,47.5,31,51.25,37.4
21,2,76,1,5,0,0,0,0,1,0,1,0,0,0,1,0,0,0,41.0,24,46.7,32.6
24,2,78,3,2,1,1,1,0,1,1,1,0,0,0,1,0,0,0,42.0,22,54.599999999999994,24.8
18,1,84,2,5,1,0,0,1,0,1,0,0,0,1,0,0,0,1,34.0,16,41.8,36.4
23,3,95,2,5,3,3,3,0,1,1,1,0,0,0,1,0,0,0,55.5,5,56.849999999999994,26.0
26,4,90,1,5,1,1,1,0,1,0,0,0,0,0,0,0,0,1,64.0,10,62.8,21.0
20,3,70,3,2,1,1,1,0,1,0,0,0,0,0,0,0,0,1,46.0,30,57.39999999999999,25.0
18,2,74,3,6,1,1,1,0,1,1,0,0,0,1,0,0,0,1,32.0,26,38.0,46.4
20,2,70,1,4,2,2,2,0,1,0,0,0,0,1,1,0,0,0,40.0,30,48.4,30.0
21,4,71,1,5,1,0,0,0,1,0,0,1,0,0,0,0,0,1,54.5,29,56.15,28.6
22,4,77,2,7,1,1,1,0,1,0,0,0,0,0,0,1,0,0,50.5,23,48.55,40.2
19,4,77,3,5,3,3,3,0,1,0,0,0,0,0,0,0,1,0,51.5,23,54.05,34.2
24,4,80,4,5,3,3,3,0,1,1,0,0,0,1,0,0,0,0,50.0,20,53.0,37.0
18,2,81,2,5,0,0,0,0,1,0,0,1,0,0,0,0,1,0,40.5,19,46.349999999999994,34.6
17,3,83,2,5,2,2,2,0,1,0,0,0,0,0,1,0,0,0,49.5,17,52.65,30.799999999999997
23,3,74,3,4,3,2,2,0,1,0,1,1,0,0,0,1,0,0,44.0,26,51.199999999999996,33.4
17,5,81,2,4,1,0,0,0,0,0,0,0,1,0,0,0,0,1,66.5,19,66.94999999999999,20.6
20,5,84,1,8,1,1,1,1,1,1,0,0,0,0,0,1,0,0,63.0,16,54.89999999999999,35.4
27,5,100,2,4,2,2,2,0,1,0,0,0,1,0,0,0,0,0,76.0,0,73.6,13.0
21,5,89,5,6,1,2,2,1,1,0,0,0,0,1,0,0,1,0,57.5,11,55.85,39.4
18,2,95,0,5,2,1,1,0,0,0,1,0,0,0,1,0,0,0,53.5,5,55.449999999999996,21.0
20,4,82,2,5,2,2,3,0,1,1,1,1,0,0,1,0,0,0,57.0,18,57.9,28.200000000000003
20,1,86,1,6,1,1,1,1,1,0,0,0,1,0,0,0,0,1,36.0,14,40.8,36.6
21,4,84,1,5,3,3,3,0,0,1,0,0,1,0,0,0,0,1,61.0,16,60.699999999999996,23.4
22,3,67,1,8,1,2,2,1,1,1,1,0,1,0,0,0,1,0,38.5,33,37.75,48.2
18,6,62,4,3,3,3,3,1,1,0,0,0,0,1,1,0,0,0,61.0,38,65.5,28.200000000000003
24,4,58,4,5,3,3,3,1,1,1,1,0,0,0,0,0,1,0,39.0,42,45.3,45.8
21,3,91,2,3,4,3,3,0,1,0,1,1,0,0,0,0,1,0,57.5,9,63.05,17.6
22,3,78,0,7,0,1,1,0,1,1,0,0,0,0,0,0,0,1,49.0,22,47.5,34.8
19,3,88,1,3,2,3,3,0,0,0,0,0,0,0,0,1,0,0,59.0,12,64.1,14.8
23,4,92,7,5,0,0,0,1,1,0,0,1,0,0,0,0,0,1,47.0,8,50.9,44.2
20,3,71,0,6,1,1,1,0,1,1,0,0,0,1,0,0,1,0,47.5,29,48.85,32.6
21,2,93,2,5,2,2,2,0,1,0,0,0,0,0,0,0,0,1,46.5,7,50.55,29.799999999999997
18,3,72,1,7,1,1,1,0,1,1,0,0,1,0,1,0,0,0,43.0,28,43.3,41.2
18,1,80,3,4,3,3,3,1,1,0,1,0,0,1,1,0,0,0,31.0,20,42.099999999999994,37.0
22,4,73,2,8,2,2,2,1,1,1,0,1,0,0,0,0,1,0,46.5,27,43.349999999999994,46.8
20,3,83,2,4,1,1,1,0,1,1,0,0,0,0,0,0,1,0,51.5,17,56.449999999999996,25.799999999999997
19,2,80,1,6,1,1,1,0,1,0,0,0,1,0,0,1,0,0,41.0,20,44.3,36.0
19,4,88,3,5,3,3,3,0,0,1,1,0,1,0,0,0,0,0,57.0,12,57.9,29.799999999999997
22,1,90,3,6,2,1,1,1,0,0,0,0,0,0,1,0,0,0,32.0,10,38.0,43.0
19,4,94,0,3,2,2,2,0,1,1,1,0,1,0,0,0,0,0,73.0,6,73.89999999999999,5.399999999999999
20,4,88,5,5,1,0,0,1,1,0,0,0,0,1,1,0,0,0,51.0,12,53.699999999999996,37.8
21,2,88,3,5,0,0,0,0,1,1,0,0,0,1,1,0,0,0,41.0,12,46.7,35.8
17,3,78,1,6,2,1,1,0,1,1,0,0,0,1,1,0,0,0,48.0,22,49.199999999999996,33.8
17,4,80,3,6,1,2,2,0,1,1,0,1,0,0,0,1,0,0,51.0,20,51.3,38.0
21,4,84,3,4,2,3,3,0,1,1,0,0,0,1,1,0,0,0,57.0,16,60.3,26.4
19,5,72,4,7,2,2,2,0,1,0,0,1,0,0,0,0,1,0,50.0,28,48.2,47.2
23,4,91,4,5,3,3,3,0,1,0,1,0,0,1,0,0,0,0,55.5,9,56.849999999999994,32.6
23,5,80,3,6,1,0,0,0,1,0,0,1,0,0,1,0,0,0,59.0,20,56.9,35.0
22,5,83,2,3,2,2,2,0,1,1,0,1,0,0,0,0,0,0,69.5,17,71.45,14.8
25,4,69,3,4,3,3,3,1,1,1,0,1,0,0,0,1,0,0,49.5,31,55.05,32.4
20,3,79,1,7,0,0,0,0,1,0,1,0,1,0,0,0,1,0,46.5,21,45.75,38.4
22,3,88,1,8,1,1,1,1,0,0,1,0,0,0,0,1,0,0,49.0,12,45.099999999999994,39.8
19,3,85,1,6,2,2,2,0,1,0,1,0,1,0,1,0,0,0,51.5,15,51.65,31.0
26,5,88,0,5,3,3,3,0,0,1,0,0,0,1,0,0,0,1,74.0,12,69.8,14.8
25,3,79,2,3,2,2,2,0,1,0,0,0,0,1,0,0,0,1,51.5,21,58.849999999999994,22.4
21,5,83,0,6,1,2,2,0,1,1,0,0,1,0,0,1,0,0,69.5,17,64.25,21.799999999999997
21,3,81,4,6,1,2,1,0,1,0,0,0,0,1,1,0,0,0,40.5,19,43.949999999999996,44.6
24,5,87,1,1,3,3,3,0,1,0,0,1,0,0,0,0,0,1,78.5,13,82.55,0.0
20,4,84,0,2,2,2,2,0,1,0,1,0,1,0,0,1,0,0,70.0,16,74.2,4.399999999999999
19,3,78,2,6,2,1,1,0,0,1,1,0,0,1,0,1,0,0,45.0,22,47.099999999999994,37.8
22,4,61,2,4,4,3,3,1,1,0,0,0,0,0,0,1,0,0,48.5,39,54.349999999999994,31.6
21,2,83,0,3,2,1,1,0,1,0,0,0,0,0,0,0,0,0,51.5,17,58.849999999999994,15.8
21,4,68,1,5,1,1,1,1,1,1,0,0,0,1,0,0,1,0,53.0,32,55.099999999999994,29.799999999999997
19,5,87,2,6,3,3,3,0,1,0,1,0,0,0,1,0,0,0,65.5,13,61.449999999999996,28.200000000000003
17,5,88,1,8,1,1,1,1,0,0,0,0,1,0,0,0,0,1,65.0,12,56.3,33.8
21,3,63,2,4,2,2,2,1,1,1,1,1,0,0,0,0,0,1,41.5,37,49.449999999999996,33.8
23,6,84,2,6,1,1,1,0,1,1,1,0,0,0,1,0,0,0,72.0,16,66.0,26.4
20,3,84,2,3,2,2,2,0,1,1,1,0,0,1,0,0,0,1,54.0,16,60.599999999999994,20.4
24,3,85,3,4,3,3,3,0,1,0,0,0,0,0,1,0,0,0,49.5,15,55.05,29.0
19,3,72,2,5,0,0,0,0,1,0,0,1,0,0,0,1,0,0,44.0,28,48.8,35.2
18,3,85,2,5,2,3,3,0,1,0,0,1,0,0,0,0,1,0,50.5,15,53.349999999999994,30.0
20,2,71,3,3,0,0,0,0,1,1,0,0,0,1,0,0,1,0,36.5,29,48.349999999999994,32.6
20,2,87,0,6,3,3,3,0,1,0,0,0,0,0,0,0,0,0,47.5,13,48.85,29.200000000000003
22,2,85,0,6,0,0,0,0,1,1,1,0,0,1,1,0,0,0,46.5,15,48.15,30.0
19,4,79,1,9,1,1,1,1,1,0,1,0,0,0,0,0,0,1,50.5,21,43.74999999999999,45.4
24,5,85,1,5,1,1,1,0,1,0,0,0,0,0,0,0,0,1,69.5,15,66.65,20.0
25,3,74,4,5,0,0,0,0,1,0,1,0,0,1,0,1,0,0,39.0,26,45.3,42.4
20,3,77,2,6,2,2,2,0,1,1,0,0,0,0,0,1,0,0,44.5,23,46.75,38.2
23,2,91,2,3,3,2,2,0,1,1,1,0,0,0,0,0,0,0,49.5,9,57.45,20.6
18,4,91,0,3,2,2,2,0,1,0,1,1,0,0,0,0,0,1,71.5,9,72.85,6.600000000000001
23,4,73,4,5,2,2,2,0,0,0,0,0,0,1,0,0,1,0,46.5,27,50.55,39.8
23,5,77,2,1,3,3,3,0,1,0,0,1,0,0,1,0,0,0,70.5,23,76.94999999999999,7.200000000000003
22,2,77,3,3,3,3,3,0,1,1,0,0,1,0,0,0,0,1,39.5,23,50.45,30.200000000000003
21,3,82,2,4,1,1,1,0,1,0,0,0,0,0,0,1,0,0,51.0,18,56.099999999999994,26.200000000000003
17,3,80,1,7,3,4,4,0,1,0,0,0,1,0,0,0,0,0,47.0,20,46.099999999999994,38.0
19,3,92,1,6,3,2,2,0,1,0,0,0,0,0,0,0,1,0,55.0,8,54.1,28.200000000000003
19,5,94,0,2,4,4,3,0,1,0,0,0,1,0,0,0,0,0,83.0,6,83.3,0.0
18,3,96,4,5,3,3,3,0,1,1,0,0,1,0,0,1,0,0,50.0,4,53.0,33.6
21,3,99,2,6,1,1,1,0,0,0,0,0,0,1,0,1,0,0,55.5,1,54.449999999999996,29.4
20,2,69,3,6,3,3,3,1,1,1,0,0,0,0,1,0,0,0,29.5,31,36.25,48.4
19,6,80,5,7,3,3,3,1,1,1,0,1,0,0,0,0,1,0,59.0,20,54.5,45.0
18,2,76,1,7,1,1,1,0,1,1,1,1,0,0,0,1,0,0,37.0,24,39.099999999999994,42.6
19,4,74,1,6,1,0,0,0,1,1,1,0,0,1,0,1,0,0,54.0,26,53.4,32.4
23,2,93,2,6,3,3,3,0,0,0,0,0,0,1,0,0,0,1,44.5,7,46.75,34.8
19,4,85,3,5,2,2,2,0,0,0,1,1,0,0,0,0,1,0,55.5,15,56.849999999999994,31.0
19,2,69,2,7,3,2,2,1,1,0,0,1,0,0,0,1,0,0,30.5,31,34.55,49.4
20,4,100,3,4,3,3,2,0,1,0,0,0,0,1,0,0,1,0,65.0,0,65.9,20.0
21,4,67,2,5,1,1,1,1,1,0,0,0,0,1,1,0,0,0,49.5,33,52.65,34.2
22,3,79,0,4,4,4,3,0,1,0,1,0,0,1,0,1,0,0,55.5,21,59.24999999999999,19.4
17,4,82,2,6,0,0,0,0,1,0,0,0,0,1,0,0,1,0,55.0,18,54.1,33.2
23,4,72,2,5,3,3,3,0,1,1,1,0,0,0,0,0,0,1,52.0,28,54.4,32.2
24,3,86,3,7,4,3,3,0,1,1,0,0,1,0,0,0,0,0,44.0,14,44.0,43.6
18,4,77,1,5,2,2,2,0,1,0,1,0,1,0,0,0,0,1,57.5,23,58.25,26.200000000000003
18,4,88,1,7,2,2,2,0,1,0,0,0,0,1,0,0,0,0,59.0,12,54.5,31.799999999999997
20,5,85,1,1,1,1,1,0,1,1,0,1,0,0,0,0,1,0,77.5,15,81.85,0.0
19,2,62,0,4,0,0,0,1,1,1,0,1,0,0,1,0,0,0,39.0,38,47.699999999999996,29.200000000000003
21,4,69,2,7,1,1,1,1,1,0,0,0,0,1,0,0,0,1,46.5,31,45.75,43.4
17,4,88,3,5,2,2,2,0,1,0,0,0,0,0,0,0,0,0,57.0,12,57.9,29.799999999999997
18,3,85,1,7,0,0,0,0,1,0,0,1,0,0,0,0,0,0,49.5,15,47.849999999999994,36.0
24,5,73,4,6,2,1,1,0,1,0,0,0,0,0,0,0,0,0,52.5,27,52.35,41.8
19,3,76,2,3,1,1,1,0,0,0,0,0,1,0,1,0,0,0,50.0,24,57.8,23.6
23,4,81,3,8,1,2,2,1,1,1,0,1,0,0,1,0,0,0,47.5,19,44.05,47.6
21,3,65,5,4,1,1,1,1,1,0,0,1,0,0,0,0,0,0,33.5,35,43.849999999999994,45.0
17,5,100,2,4,4,4,4,0,1,0,0,0,0,0,0,1,0,0,76.0,0,73.6,13.0
22,4,74,2,7,2,2,2,0,1,1,0,1,0,0,0,0,0,0,49.0,26,47.5,41.4
20,1,82,2,3,4,3,3,1,1,0,0,0,0,0,1,0,0,0,37.0,18,48.7,27.2
20,5,95,2,3,1,0,0,0,1,1,0,0,0,1,0,0,0,1,75.5,5,75.64999999999999,10.0
21,4,80,0,4,2,2,2,0,1,1,1,0,1,0,0,1,0,0,64.0,20,65.19999999999999,16.0
22,4,84,1,7,0,1,1,0,1,0,1,1,0,0,0,0,0,1,57.0,16,53.099999999999994,33.4
22,3,74,2,9,0,0,1,1,1,0,0,0,1,0,0,0,0,0,37.0,26,34.3,54.4
23,2,77,4,5,1,2,2,0,1,0,0,0,0,0,0,0,0,1,32.5,23,40.75,44.2
21,4,74,3,4,2,3,3,0,0,1,0,0,0,1,0,0,1,0,52.0,26,56.8,30.4
18,2,92,1,7,0,0,0,0,0,0,0,1,0,0,0,1,0,0,45.0,8,44.699999999999996,36.2
20,3,76,3,4,1,1,1,0,0,1,0,0,1,0,0,0,1,0,45.0,24,51.89999999999999,32.6
27,4,76,1,4,1,1,1,0,0,1,1,1,0,0,0,1,0,0,59.0,24,61.699999999999996,21.6
22,2,75,1,6,0,0,0,0,1,1,1,0,0,1,1,0,0,0,38.5,25,42.55,38.0
26,2,85,5,7,1,0,1,1,1,0,0,0,1,0,0,1,0,0,29.5,15,33.849999999999994,55.0
24,4,86,2,5,2,3,3,0,1,1,0,0,1,0,1,0,0,0,59.0,14,59.3,26.6
21,3,66,2,4,0,0,0,1,1,1,1,0,0,0,0,0,1,0,43.0,34,50.5,32.6
21,6,82,4,9,2,2,2,1,1,1,0,1,0,0,0,0,0,1,59.0,18,49.699999999999996,50.2
20,3,84,3,4,2,2,2,0,1,0,0,0,1,0,1,0,0,0,49.0,16,54.699999999999996,29.4
17,1,93,2,4,2,2,2,1,1,0,0,0,0,0,1,0,0,0,40.5,7,48.75,27.8
21,5,72,0,4,1,1,1,0,1,0,0,0,1,0,0,0,0,0,68.0,28,68.0,16.200000000000003
23,2,73,0,6,1,1,1,0,1,0,0,0,0,1,0,0,0,0,40.5,27,43.949999999999996,34.8
19,2,87,1,4,3,3,3,0,0,1,1,0,0,1,0,1,0,0,48.5,13,54.349999999999994,23.2
21,3,81,1,7,3,3,3,0,0,0,1,0,1,0,0,0,0,0,47.5,19,46.45,37.6
22,4,93,3,5,2,3,3,0,1,0,1,0,0,1,1,0,0,0,59.5,7,59.65,27.799999999999997
19,4,90,0,4,1,2,2,0,1,1,0,1,0,0,0,0,1,0,69.0,10,68.69999999999999,12.0
20,5,84,2,4,4,4,4,0,1,0,1,0,0,0,1,0,0,0,68.0,16,68.0,19.4
18,0,81,2,5,0,0,0,1,0,0,0,0,0,0,0,0,0,0,24.5,19,35.15,40.6
19,2,80,1,6,2,2,2,0,0,1,0,1,0,0,0,1,0,0,41.0,20,44.3,36.0
18,5,81,0,5,3,3,3,0,1,0,1,0,1,0,0,0,0,0,70.5,19,67.35,17.6
19,2,82,3,5,1,1,1,0,1,0,0,0,0,0,0,0,0,1,38.0,18,44.599999999999994,38.2
24,3,93,2,4,3,3,3,0,1,0,1,1,0,0,1,0,0,0,56.5,7,59.949999999999996,21.8
19,5,65,3,4,3,3,3,1,1,1,1,0,0,1,0,0,0,1,55.5,35,59.24999999999999,31.0
21,3,78,2,5,1,1,1,0,0,1,0,0,0,1,0,0,1,0,47.0,22,50.9,32.8
19,3,83,1,5,2,1,1,0,1,0,0,0,1,0,0,1,0,0,52.5,17,54.75,26.799999999999997
23,3,77,2,5,1,1,1,0,1,0,0,0,0,0,0,1,0,0,46.5,23,50.55,33.2
23,5,79,1,4,1,1,1,0,1,0,0,0,0,0,0,0,1,0,68.5,21,68.35,17.4
22,1,78,4,5,1,1,1,1,1,0,1,1,0,0,0,1,0,0,25.0,22,35.5,46.8
21,6,92,2,5,1,2,2,0,1,0,0,0,1,0,0,0,0,1,78.0,8,72.6,18.200000000000003
20,3,78,1,5,2,2,2,0,1,0,0,0,0,1,0,0,0,0,50.0,22,53.0,28.799999999999997
18,3,76,2,4,3,3,3,0,0,1,0,0,0,0,0,0,0,1,48.0,24,53.99999999999999,28.6
25,2,88,0,6,1,1,1,0,1,0,0,1,0,0,0,1,0,0,48.0,12,49.199999999999996,28.799999999999997
19,2,77,2,5,2,3,3,0,1,0,0,0,0,0,1,0,0,0,38.5,23,44.95,36.2
22,0,80,0,4,3,2,2,1,1,0,0,0,1,0,0,1,0,0,32.0,20,42.8,28.0
23,5,73,2,5,0,0,0,0,1,0,1,0,0,1,0,0,0,1,60.5,27,60.349999999999994,28.799999999999997
19,1,78,0,4,0,0,0,1,1,1,1,0,1,0,0,0,0,1,39.0,22,47.699999999999996,25.8
23,3,81,2,5,1,2,2,0,1,1,1,1,0,0,0,0,0,0,48.5,19,51.949999999999996,31.6
22,3,71,1,8,2,1,1,1,0,0,0,0,0,0,0,1,0,0,40.5,29,39.15,46.6
24,4,81,0,5,2,2,2,0,0,0,0,1,0,0,0,0,0,0,62.5,19,61.75,20.6
20,1,86,2,5,2,2,2,1,1,1,0,1,0,0,0,0,0,0,35.0,14,42.5,35.6
18,2,66,2,8,1,1,1,1,1,0,1,0,0,0,0,0,1,0,27.0,34,29.699999999999996,55.6
19,4,76,2,6,1,1,1,0,1,0,0,0,1,0,1,0,0,0,52.0,24,52.0,35.6
21,4,100,1,6,2,2,2,0,0,1,0,0,0,0,1,0,0,0,67.0,0,62.5,22.0
21,3,80,1,5,2,2,2,0,1,0,0,0,1,0,1,0,0,0,51.0,20,53.699999999999996,28.0
20,4,91,2,4,2,2,2,0,1,1,0,0,0,1,0,0,1,0,63.5,9,64.85,19.6
17,6,81,3,6,4,3,3,0,1,1,0,1,0,0,0,0,0,0,67.5,19,62.85,31.6
22,5,79,1,8,2,1,1,1,1,1,0,0,0,0,0,0,0,1,60.5,21,53.14999999999999,37.4
25,5,89,2,3,3,3,3,0,1,0,0,0,1,0,0,0,1,0,72.5,11,73.55,12.399999999999999
22,4,91,1,5,3,3,3,0,1,0,1,0,1,0,0,0,0,1,64.5,9,63.15,20.6
22,4,74,0,5,3,3,3,0,1,0,0,0,0,1,0,0,0,1,59.0,26,59.3,23.4
22,3,73,2,4,1,1,1,0,1,1,0,0,0,1,0,0,1,0,46.5,27,52.949999999999996,29.799999999999997
21,4,71,1,7,2,2,2,0,1,1,1,0,1,0,0,1,0,0,50.5,29,48.55,38.6
23,6,75,1,5,3,2,2,0,1,0,1,0,0,1,0,0,1,0,72.5,25,68.75,21.0
21,5,91,4,6,3,2,2,0,0,1,0,0,0,1,0,1,0,0,61.5,9,58.65,34.6
20,3,82,3,4,3,2,2,0,1,0,1,0,1,0,0,0,0,1,48.0,18,53.99999999999999,30.200000000000003
19,4,91,3,5,3,3,3,0,0,1,0,0,0,0,0,0,0,0,58.5,9,58.949999999999996,28.6
20,4,73,1,3,3,3,3,0,1,1,0,0,0,0,0,0,0,0,59.5,27,64.45,17.8
21,5,74,0,8,2,2,2,1,1,1,1,0,0,0,0,1,0,0,61.0,26,53.49999999999999,35.4
20,3,78,3,6,1,2,2,0,1,0,0,0,0,0,0,0,1,0,42.0,22,45.0,41.8
21,3,84,0,3,3,3,3,0,1,1,0,1,0,0,0,1,0,0,60.0,16,64.8,12.399999999999999
22,4,80,3,5,0,0,0,0,1,1,1,0,1,0,0,0,0,0,53.0,20,55.099999999999994,33.0
22,5,87,1,5,2,3,3,0,1,0,1,0,0,1,0,0,0,1,70.5,13,67.35,19.200000000000003
23,3,85,0,6,3,3,3,0,1,0,0,0,0,1,0,0,0,1,54.5,15,53.75,27.0
21,4,85,2,5,1,1,1,0,0,0,0,0,0,0,1,0,0,0,58.5,15,58.949999999999996,27.0
18,2,87,3,2,3,2,2,0,0,1,1,0,0,0,0,1,0,0,46.5,13,57.75,21.2
20,2,90,1,4,1,1,1,0,1,1,0,0,0,0,0,0,1,0,50.0,10,55.4,22.0
21,5,62,2,7,2,2,2,1,1,0,0,1,0,0,0,0,1,0,51.0,38,48.89999999999999,43.2
17,3,81,3,7,2,2,2,0,0,1,0,0,0,0,1,0,0,0,41.5,19,42.25,45.6
24,4,88,2,5,2,2,2,0,0,0,0,0,0,0,1,0,0,0,60.0,12,60.0,25.799999999999997
21,7,100,0,5,3,3,3,0,1,1,0,0,1,0,1,0,0,0,96.0,0,85.19999999999999,4.0
21,5,81,1,5,2,2,2,0,1,0,0,0,0,0,0,0,0,0,67.5,19,65.25,21.6
24,4,64,2,5,0,1,1,1,1,1,0,1,0,0,0,1,0,0,48.0,36,51.599999999999994,35.4
19,4,93,1,5,4,3,3,0,1,0,0,0,0,1,0,1,0,0,65.5,7,63.849999999999994,19.8
22,1,72,2,4,2,2,2,1,1,0,0,0,0,1,1,0,0,0,30.0,28,41.4,36.2
20,3,85,3,6,4,4,4,0,1,0,0,1,0,0,0,0,0,1,45.5,15,47.449999999999996,39.0
20,2,86,2,7,1,0,0,0,1,0,1,0,0,0,0,0,0,0,39.0,14,40.5,42.6
19,4,83,0,6,0,1,0,0,1,0,0,0,0,1,1,0,0,0,61.5,17,58.65,24.799999999999997
24,6,64,1,6,4,4,4,1,1,0,1,0,0,0,0,0,1,0,65.0,36,61.1,30.4
20,1,79,2,3,2,2,2,1,1,1,0,0,1,0,1,0,0,0,35.5,21,47.65,28.4
22,6,69,4,3,3,3,3,1,1,0,1,0,0,1,0,1,0,0,64.5,31,67.95,25.4
17,4,85,0,3,2,2,2,0,1,0,0,0,0,1,0,1,0,0,68.5,15,70.75,9.0
23,2,74,2,7,2,2,2,0,1,1,0,1,0,0,0,0,1,0,33.0,26,36.3,47.4
23,2,65,2,4,3,3,3,1,0,0,0,0,0,1,0,0,0,1,34.5,35,44.55,36.0
21,3,87,1,7,0,0,0,0,1,0,0,1,0,0,0,0,1,0,50.5,13,48.55,35.2
20,2,71,1,4,1,1,1,0,1,0,1,1,0,0,1,0,0,0,40.5,29,48.75,29.6
21,2,83,3,5,0,0,0,0,1,0,1,1,0,0,0,0,0,0,38.5,17,44.95,37.8
26,4,76,1,5,1,1,1,0,0,1,1,0,0,0,1,0,0,0,57.0,24,57.9,26.6
17,3,88,0,4,3,4,4,0,1,1,1,1,0,0,0,0,0,0,60.0,12,62.4,15.8
22,4,88,3,2,4,3,3,0,0,0,0,0,0,1,0,0,0,1,63.0,12,69.3,14.8
19,4,83,6,5,0,0,0,1,1,0,0,0,1,0,0,0,0,1,45.5,17,49.849999999999994,43.8
21,4,81,2,4,1,2,2,0,1,1,1,1,0,0,0,1,0,0,58.5,19,61.349999999999994,23.6
20,5,78,2,2,4,4,3,0,1,1,1,0,1,0,0,0,0,1,69.0,22,73.5,11.8
20,2,72,1,6,1,1,1,0,1,1,1,0,0,1,0,1,0,0,37.0,28,41.5,39.2
21,3,77,3,6,0,0,0,0,1,0,1,1,0,0,0,0,0,0,41.5,23,44.65,42.2
18,2,85,2,4,2,2,2,0,1,1,1,0,0,1,0,1,0,0,44.5,15,51.55,28.0
23,2,97,2,3,0,0,0,0,1,1,1,0,0,0,0,0,1,0,52.5,3,59.55,18.2
17,5,86,3,8,2,2,2,1,1,0,0,0,0,0,0,1,0,0,58.0,14,51.39999999999999,42.6
22,3,87,2,6,2,2,2,0,1,1,0,1,0,0,0,1,0,0,49.5,13,50.25,34.2
20,4,81,4,1,4,4,3,0,1,1,1,0,0,1,0,0,0,1,58.5,19,68.55,16.6
18,4,86,0,4,2,2,2,0,1,0,0,1,0,0,0,0,0,1,67.0,14,67.3,13.600000000000001
21,4,64,2,4,0,0,0,1,0,0,0,0,1,0,0,0,0,0,50.0,36,55.4,30.4
17,4,76,1,4,1,1,1,0,1,1,0,0,0,0,1,0,0,0,59.0,24,61.699999999999996,21.6
21,4,87,2,7,2,2,2,0,1,0,0,0,0,0,1,0,0,0,55.5,13,52.05,36.2
17,2,87,0,6,2,2,2,0,1,1,1,1,0,0,0,0,0,1,47.5,13,48.85,29.200000000000003
22,4,77,1,6,2,2,2,0,1,0,0,0,1,0,0,0,0,0,55.5,23,54.449999999999996,31.200000000000003
19,4,71,0,5,2,2,2,0,1,1,1,1,0,0,0,1,0,0,57.5,29,58.25,24.6
20,2,81,3,7,3,2,2,0,0,0,0,0,1,0,0,1,0,0,33.5,19,36.65,48.6
21,1,78,2,4,2,2,2,1,1,1,1,1,0,0,0,0,0,1,33.0,22,43.5,33.8
19,4,89,2,5,1,1,1,0,1,1,0,0,0,1,0,0,1,0,60.5,11,60.349999999999994,25.4
20,5,87,2,6,3,3,3,0,1,0,0,0,0,1,0,0,0,0,65.5,13,61.449999999999996,28.200000000000003
17,4,79,2,5,2,2,2,0,1,0,0,0,0,0,1,0,0,0,55.5,21,56.849999999999994,29.4
22,3,90,2,1,3,3,3,0,0,0,0,0,0,1,0,0,1,0,61.0,10,70.3,8.0
24,1,79,4,2,2,2,3,1,1,0,0,0,0,1,0,0,1,0,31.5,21,47.25,31.4
27,4,84,3,9,2,2,2,1,1,0,0,0,0,1,1,0,0,0,47.0,16,41.3,51.4
21,5,98,3,6,3,3,3,0,0,0,0,1,0,0,0,0,0,0,68.0,2,63.199999999999996,27.799999999999997
22,3,78,1,6,1,0,0,0,0,0,0,0,0,1,0,0,1,0,48.0,22,49.199999999999996,33.8
17,4,83,1,8,3,3,3,1,1,1,0,0,0,1,0,1,0,0,54.5,17,48.949999999999996,38.8
24,4,82,2,3,1,1,1,0,1,0,0,0,1,0,0,1,0,0,61.0,18,65.5,18.2
22,2,82,0,4,0,0,0,0,1,0,0,1,0,0,1,0,0,0,49.0,18,54.699999999999996,21.2
19,3,75,1,3,2,2,2,0,1,0,0,1,0,0,0,1,0,0,52.5,25,59.55,20.0
23,3,92,2,9,1,1,1,1,1,0,0,1,0,0,1,0,0,0,46.0,8,40.599999999999994,47.2
20,3,74,1,3,3,3,3,0,0,0,1,1,0,0,1,0,0,0,52.0,26,59.2,20.4
20,4,96,2,7,1,1,1,0,1,0,0,1,0,0,0,0,0,0,60.0,4,55.2,32.6
22,4,95,0,4,3,3,3,0,1,1,0,0,0,0,0,0,1,0,71.5,5,70.44999999999999,10.0
18,3,84,4,5,1,1,1,0,1,0,1,0,0,1,0,0,0,0,44.0,16,48.8,38.4
23,3,82,0,7,2,1,1,0,1,1,1,1,0,0,0,0,0,1,51.0,18,48.89999999999999,33.2
18,4,75,1,6,2,1,1,0,1,1,1,0,1,0,1,0,0,0,54.5,25,53.75,32.0
18,4,82,2,5,1,1,1,0,1,1,0,0,1,0,1,0,0,0,57.0,18,57.9,28.200000000000003
19,4,90,0,9,1,1,1,1,1,0,1,1,0,0,0,0,0,0,59.0,10,49.699999999999996,37.0
22,4,76,2,5,2,2,2,0,1,1,0,0,1,0,0,0,1,0,54.0,24,55.8,30.6
19,2,93,1,3,2,2,2,0,1,1,0,1,0,0,0,0,1,0,53.5,7,60.25,15.8
18,4,90,2,4,1,1,1,0,1,0,0,0,0,1,0,0,1,0,63.0,10,64.5,20.0
19,2,81,1,7,1,1,1,0,1,0,0,0,1,0,0,0,1,0,39.5,19,40.849999999999994,40.6
20,3,88,2,4,2,2,2,0,0,0,0,0,1,0,1,0,0,0,54.0,12,58.199999999999996,23.799999999999997
18,1,74,2,7,0,0,0,1,1,1,1,0,0,1,1,0,0,0,25.0,26,30.7,50.4
18,4,81,1,2,3,4,3,0,1,1,1,1,0,0,0,0,1,0,65.5,19,71.05,9.600000000000001
25,2,99,3,7,0,0,0,0,1,1,0,0,1,0,0,0,0,0,42.5,1,42.949999999999996,41.4
19,2,91,1,7,0,0,0,0,1,0,0,0,0,0,0,0,0,0,44.5,9,44.349999999999994,36.6
20,2,86,2,3,4,4,3,0,1,1,0,0,0,1,1,0,0,0,47.0,14,55.7,22.6
20,4,82,1,5,1,1,1,0,0,1,1,0,1,0,0,0,0,0,60.0,18,60.0,24.200000000000003
20,3,81,1,5,3,3,3,0,1,0,0,0,0,1,0,0,1,0,51.5,19,54.05,27.6
22,3,81,2,6,2,2,2,0,1,0,1,0,0,0,0,0,0,1,46.5,19,48.15,36.6
23,6,75,5,7,1,1,1,1,1,1,0,0,1,0,0,1,0,0,56.5,25,52.75,47.0
20,4,87,3,4,3,4,3,0,1,0,1,0,1,0,0,1,0,0,58.5,13,61.349999999999994,25.200000000000003
18,1,90,2,6,0,1,1,1,1,1,1,1,0,0,1,0,0,0,35.0,10,40.1,39.0
23,2,80,5,5,1,2,2,1,1,1,0,0,1,0,0,0,1,0,31.0,20,39.7,47.0
20,1,85,0,5,2,2,2,1,1,1,0,0,0,0,0,0,0,1,40.5,15,46.349999999999994,28.0
24,3,76,1,8,0,0,0,1,0,0,1,0,1,0,0,0,1,0,43.0,24,40.9,44.6
17,5,81,3,5,1,1,1,0,1,0,1,0,0,0,0,0,1,0,61.5,19,61.05,29.6
21,4,75,1,3,0,0,0,0,1,0,0,0,1,0,1,0,0,0,60.5,25,65.14999999999999,17.0
25,3,80,1,6,2,2,2,0,1,0,0,0,1,0,1,0,0,0,49.0,20,49.9,33.0
20,3,83,5,8,1,1,1,1,0,0,0,1,0,0,0,1,0,0,34.5,17,34.949999999999996,57.8
20,4,86,4,5,2,2,2,0,1,1,1,1,0,0,0,0,0,0,53.0,14,55.099999999999994,34.6
21,1,77,2,7,0,0,0,1,0,0,0,0,1,0,0,0,1,0,26.5,23,31.749999999999996,49.2
19,3,85,0,4,3,3,3,0,1,0,0,0,0,0,0,0,0,0,58.5,15,61.349999999999994,17.0
20,4,74,1,6,1,1,1,0,1,0,0,1,0,0,0,0,1,0,54.0,26,53.4,32.4
20,2,84,2,2,2,2,2,0,1,1,1,1,0,0,0,0,1,0,48.0,16,58.8,18.4
19,4,99,0,5,1,1,1,0,1,0,0,0,0,1,0,0,0,0,71.5,1,68.05,13.399999999999999
23,6,79,0,5,4,4,4,0,1,0,0,0,1,0,0,0,1,0,77.5,21,72.25,15.399999999999999
22,4,56,0,5,1,1,1,1,1,0,0,0,0,1,0,0,1,0,50.0,44,53.0,30.6
21,1,89,0,6,2,2,2,1,1,0,1,1,0,0,0,0,1,0,40.5,11,43.949999999999996,31.4
22,3,84,3,7,1,1,1,0,1,0,0,0,1,0,1,0,0,0,43.0,16,43.3,44.4
20,3,85,0,2,2,2,2,0,1,0,0,0,1,0,0,0,1,0,62.5,15,68.95,7.0
19,7,92,2,8,2,2,2,1,1,0,0,0,0,0,0,1,0,0,80.0,8,66.8,30.200000000000003
19,5,76,0,4,3,3,3,0,1,0,0,0,1,0,0,1,0,0,70.0,24,69.4,14.600000000000001
21,5,76,2,3,2,3,3,0,1,0,0,0,0,0,0,0,0,0,66.0,24,69.0,17.6
18,4,86,1,7,1,1,1,0,1,0,1,0,0,0,0,0,0,1,58.0,14,53.8,32.6
19,2,90,1,3,2,2,2,0,1,0,0,1,0,0,0,0,1,0,52.0,10,59.2,17.0
19,6,83,3,8,2,2,2,1,1,1,0,0,1,0,0,0,0,1,64.5,17,55.949999999999996,40.8
25,5,81,6,1,3,4,4,1,0,1,1,0,1,0,0,0,0,0,60.5,19,69.94999999999999,21.6
17,5,84,4,4,2,3,3,0,1,0,0,0,0,1,1,0,0,0,62.0,16,63.8,27.4
20,6,87,1,7,1,0,0,0,1,1,1,0,0,1,0,1,0,0,74.5,13,65.35,26.200000000000003
24,6,70,1,6,2,2,2,0,1,1,0,0,1,0,1,0,0,0,68.0,30,63.199999999999996,28.0
21,3,74,1,1,2,2,2,0,1,0,1,1,0,0,0,0,1,0,56.0,26,66.8,10.399999999999999
22,4,81,1,4,2,2,2,0,1,1,0,0,0,1,0,0,0,1,61.5,19,63.449999999999996,19.6
21,4,87,0,2,2,3,2,0,1,0,0,0,0,1,0,1,0,0,71.5,13,75.25,3.1999999999999993
19,5,99,2,5,4,4,3,0,1,0,1,1,0,0,0,1,0,0,73.5,1,69.44999999999999,18.4
17,4,81,3,5,1,2,2,0,1,1,0,0,1,0,0,0,0,0,53.5,19,55.449999999999996,32.6
21,4,84,2,5,2,1,1,0,1,0,0,0,0,0,0,0,0,0,58.0,16,58.599999999999994,27.4
19,4,76,1,5,1,2,2,0,1,0,0,0,0,0,1,0,0,0,57.0,24,57.9,26.6
19,3,87,1,3,3,4,4,0,1,0,1,0,1,0,0,1,0,0,58.5,13,63.75,15.2
19,4,73,2,4,4,3,3,0,1,1,1,0,1,0,0,1,0,0,54.5,27,58.55,26.799999999999997
24,5,81,3,7,2,2,2,0,1,0,0,0,1,0,0,0,0,1,57.5,19,53.45,39.6
26,2,74,3,4,1,0,0,0,1,0,0,1,0,0,0,1,0,0,36.0,26,45.599999999999994,36.4
21,4,65,4,4,2,2,2,1,1,1,1,0,0,1,0,0,1,0,44.5,35,51.55,38.0
20,4,100,5,7,1,1,1,1,1,0,1,0,1,0,0,0,1,0,53.0,0,50.3,43.0
18,6,88,1,3,3,3,3,0,1,0,0,1,0,0,0,0,0,0,83.0,12,80.89999999999999,5.800000000000001
22,3,88,4,8,0,0,0,1,1,0,1,0,0,1,0,0,1,0,40.0,12,38.8,51.8
24,2,89,2,8,0,0,0,1,1,0,1,1,0,0,0,1,0,0,38.5,11,37.75,46.4
20,5,93,1,3,2,2,2,0,1,0,1,0,0,0,0,0,0,1,77.5,7,77.05,6.800000000000001
17,4,83,1,7,2,2,2,0,1,1,0,0,0,1,0,0,1,0,56.5,17,52.75,33.8
22,3,88,1,1,3,2,2,0,1,1,1,1,0,0,0,0,0,1,63.0,12,71.69999999999999,4.800000000000001
23,5,78,1,5,1,1,1,0,1,1,0,0,0,0,0,0,1,0,66.0,22,64.19999999999999,22.799999999999997
17,1,80,0,3,4,3,3,1,1,1,1,0,0,1,1,0,0,0,42.0,20,52.2,20.0
21,3,69,1,6,0,0,0,1,1,0,0,1,0,0,1,0,0,0,43.5,31,46.05,37.4
22,4,83,2,6,2,2,2,0,1,1,0,0,1,0,0,0,1,0,55.5,17,54.449999999999996,32.8
20,4,77,2,5,3,3,3,0,1,0,0,0,1,0,1,0,0,0,54.5,23,56.15,30.200000000000003
19,2,80,4,3,3,3,3,0,0,0,0,0,0,0,0,0,0,1,38.0,20,49.4,33.0
23,2,88,0,7,2,3,3,0,1,0,0,0,1,0,0,0,0,1,46.0,12,45.39999999999999,33.8
20,6,84,2,5,3,4,4,0,1,0,0,1,0,0,0,1,0,0,74.0,16,69.8,21.4
17,4,90,1,4,2,2,2,0,1,1,0,1,0,0,1,0,0,0,66.0,10,66.6,16.0
17,4,77,2,5,2,2,2,0,1,0,1,0,0,0,0,0,0,1,54.5,23,56.15,30.200000000000003
23,3,85,1,5,2,2,2,0,1,0,1,0,0,1,0,1,0,0,53.5,15,55.449999999999996,26.0
22,2,76,3,5,0,0,0,0,1,1,1,0,0,1,1,0,0,0,35.0,24,42.5,40.6
21,3,80,2,6,1,1,1,0,1,1,0,0,0,0,0,0,0,0,46.0,20,47.8,37.0
20,5,79,2,7,1,2,2,0,1,0,0,0,0,1,0,0,0,0,59.5,21,54.849999999999994,36.4
19,3,73,1,7,1,1,1,0,1,0,1,1,0,0,0,1,0,0,43.5,27,43.65,40.8
18,3,78,0,5,0,0,0,0,1,0,0,0,0,1,0,0,0,1,53.0,22,55.099999999999994,24.799999999999997
20,6,86,1,6,4,3,4,0,1,0,0,1,0,0,0,1,0,0,76.0,14,68.8,21.6
17,6,74,2,5,3,3,3,0,1,0,0,0,1,0,0,1,0,0,69.0,26,66.3,25.4
19,2,76,2,7,0,0,0,0,1,1,1,1,0,0,1,0,0,0,34.0,24,37.0,46.6
20,4,76,3,5,2,2,2,0,1,0,1,0,0,1,0,1,0,0,51.0,24,53.699999999999996,34.6
22,3,93,3,5,2,1,1,0,1,0,1,0,1,0,0,0,0,1,51.5,7,54.05,30.799999999999997
20,2,88,4,5,0,0,0,0,1,0,0,0,0,0,0,0,0,0,38.0,12,44.599999999999994,39.8
22,4,95,0,6,2,2,2,0,0,0,1,0,1,0,1,0,0,0,67.5,5,62.85,20.0
24,3,92,1,6,0,0,0,0,1,1,0,0,0,0,0,0,0,0,55.0,8,54.1,28.200000000000003
23,3,81,2,8,1,1,1,1,1,1,0,0,1,0,0,0,0,0,42.5,19,40.55,46.6
22,5,97,2,7,1,1,1,0,1,0,0,0,0,0,1,0,0,0,68.5,3,61.14999999999999,29.200000000000003
21,1,94,0,5,1,1,1,1,1,1,0,1,0,0,1,0,0,0,45.0,6,49.5,24.4
18,3,81,4,5,2,2,1,0,1,0,0,0,0,1,0,0,0,1,42.5,19,47.75,39.6
22,4,84,1,5,2,1,1,0,1,0,0,0,0,0,0,1,0,0,61.0,16,60.699999999999996,23.4
24,5,76,3,7,2,2,2,0,1,1,0,0,0,1,0,0,0,1,55.0,24,51.7,41.6
21,3,81,4,5,1,1,1,0,1,0,0,0,1,0,0,0,1,0,42.5,19,47.75,39.6
25,4,69,2,9,0,0,0,1,1,0,0,0,0,1,0,0,0,1,42.5,31,38.15,53.400000000000006
17,3,77,3,5,1,2,2,0,1,1,0,0,1,0,1,0,0,0,43.5,23,48.45,37.2
18,3,88,3,8,1,1,1,1,1,0,0,0,0,1,0,0,0,0,43.0,12,40.9,47.8
22,3,73,2,8,2,2,2,1,1,0,0,0,1,0,1,0,0,0,38.5,27,37.75,49.8
21,3,79,2,8,3,3,3,1,1,0,0,0,0,0,1,0,0,0,41.5,21,39.849999999999994,47.4
23,4,86,1,4,0,0,0,0,1,0,0,0,0,0,1,0,0,0,64.0,14,65.19999999999999,17.6
21,5,79,2,5,1,1,1,0,1,0,0,1,0,0,0,0,1,0,63.5,21,62.449999999999996,26.4
19,4,91,5,5,2,2,2,1,1,1,0,0,1,0,0,1,0,0,52.5,9,54.75,36.6
20,3,91,2,8,2,2,2,1,1,0,1,1,0,0,0,0,0,0,47.5,9,44.05,42.6
17,4,77,2,4,2,2,2,0,1,0,0,0,0,0,0,0,1,0,56.5,23,59.949999999999996,25.200000000000003
18,4,78,1,4,1,2,2,0,1,0,1,0,0,0,0,1,0,0,60.0,22,62.4,20.799999999999997
23,4,82,4,6,2,2,2,0,1,1,0,1,0,0,0,0,0,1,49.0,18,49.9,41.2
22,3,76,2,3,3,3,3,0,1,1,0,1,0,0,0,0,0,1,50.0,24,57.8,23.6
21,4,95,2,6,3,3,3,0,0,0,1,0,1,0,0,0,0,1,61.5,5,58.65,28.0
17,4,78,1,3,4,3,3,0,1,1,1,0,0,1,1,0,0,0,62.0,22,66.2,15.8
20,2,89,2,4,1,1,1,0,0,0,1,0,0,0,0,0,1,0,46.5,11,52.949999999999996,26.4
18,3,70,3,7,1,1,1,0,1,0,0,1,0,0,1,0,0,0,36.0,30,38.4,50.0
23,3,75,0,4,3,3,3,0,1,0,1,1,0,0,1,0,0,0,53.5,25,57.849999999999994,21.0
19,3,73,2,6,2,2,2,0,0,1,0,1,0,0,1,0,0,0,42.5,27,45.349999999999994,39.8
18,2,72,1,7,0,0,0,0,0,1,0,0,0,0,0,0,0,1,35.0,28,37.7,44.2
21,0,77,4,3,1,1,1,1,1,1,0,0,0,0,0,0,0,1,20.5,23,37.15,40.2
19,5,84,5,5,1,2,2,1,1,0,1,0,1,0,0,1,0,0,57.0,16,57.9,36.4
24,1,94,1,6,2,2,2,1,1,0,0,0,0,0,1,0,0,0,40.0,6,43.6,33.4
19,6,80,2,2,2,2,2,0,1,1,1,0,0,0,0,0,1,0,78.0,20,79.8,8.0
17,3,82,3,3,2,2,2,0,1,0,0,0,1,0,0,0,0,0,50.0,18,57.8,25.200000000000003
17,3,84,2,8,2,2,2,1,1,1,0,0,0,0,0,0,0,1,44.0,16,41.599999999999994,45.4
20,1,76,2,3,2,2,2,1,1,0,1,0,1,0,0,0,0,0,34.0,24,46.599999999999994,29.6
19,1,81,2,4,2,2,2,1,1,0,1,1,0,0,0,0,1,0,34.5,19,44.55,32.6
17,2,98,3,1,2,2,2,0,1,1,1,0,0,0,0,1,0,0,54.0,2,65.39999999999999,11.8
23,4,85,5,4,2,2,2,1,1,0,0,0,0,0,0,0,0,1,51.5,15,56.449999999999996,34.0
22,5,98,3,6,2,2,2,0,1,0,1,0,0,1,0,0,0,0,68.0,2,63.199999999999996,27.799999999999997
20,1,82,1,7,2,2,2,1,1,1,1,0,1,0,0,1,0,0,32.0,18,35.599999999999994,43.2
24,4,77,1,6,0,1,1,0,1,1,0,0,0,0,0,0,0,0,55.5,23,54.449999999999996,31.200000000000003
22,1,90,2,5,3,3,3,1,1,1,1,1,0,0,1,0,0,0,37.0,10,43.9,34.0
19,2,92,2,3,2,2,2,0,1,0,1,0,1,0,1,0,0,0,50.0,8,57.8,20.2
18,4,78,3,6,2,2,2,0,1,0,1,1,0,0,0,0,0,1,50.0,22,50.6,38.8
22,2,84,2,4,2,2,2,0,1,1,0,1,0,0,0,0,0,0,44.0,16,51.199999999999996,28.4
21,6,81,3,2,3,4,4,0,0,0,0,0,1,0,1,0,0,0,75.5,19,78.05,11.600000000000001
21,4,71,0,5,3,2,2,0,1,1,0,1,0,0,0,0,0,0,57.5,29,58.25,24.6
19,4,71,1,5,1,1,1,0,1,1,1,1,0,0,0,1,0,0,54.5,29,56.15,28.6
22,3,80,1,7,2,2,2,0,1,0,0,1,0,0,0,0,0,1,47.0,20,46.099999999999994,38.0
19,2,91,1,7,3,3,3,0,1,0,0,0,1,0,0,0,0,0,44.5,9,44.349999999999994,36.6
20,3,88,1,6,2,2,2,0,1,1,1,0,0,1,0,0,1,0,53.0,12,52.699999999999996,29.799999999999997
24,4,74,2,3,2,2,2,0,1,0,0,0,1,0,0,1,0,0,57.0,26,62.7,21.4
19,4,73,1,6,1,1,1,0,1,1,0,0,1,0,0,1,0,0,53.5,27,53.05,32.8
17,2,75,1,5,1,1,1,0,1,0,0,1,0,0,0,0,0,0,40.5,25,46.349999999999994,33.0
18,3,74,2,5,1,1,1,0,1,0,0,0,0,1,0,1,0,0,45.0,26,49.5,34.4
23,1,74,1,6,1,1,1,1,1,1,0,0,0,1,1,0,0,0,30.0,26,36.6,41.4
21,6,65,1,6,2,2,2,1,1,0,0,1,0,0,0,1,0,0,65.5,35,61.449999999999996,30.0
20,2,62,2,4,2,2,2,1,1,1,0,0,0,1,0,1,0,0,33.0,38,43.5,37.2
19,4,61,0,5,0,0,0,1,1,1,0,0,0,0,0,1,0,0,52.5,39,54.75,28.6
22,0,69,2,3,2,2,2,1,1,1,1,0,0,0,0,0,0,1,22.5,31,38.55,35.4
19,3,91,0,6,0,0,0,0,0,1,1,0,1,0,1,0,0,0,57.5,9,55.85,24.6
21,4,100,2,7,2,2,2,0,1,1,0,0,1,0,0,1,0,0,62.0,0,56.599999999999994,31.0
19,3,98,2,4,2,2,2,0,1,0,0,0,0,0,0,0,1,0,59.0,2,61.699999999999996,19.8
19,3,84,2,3,2,2,2,0,0,1,1,0,0,1,0,0,0,0,54.0,16,60.599999999999994,20.4
19,4,75,1,6,0,0,0,0,1,1,0,0,1,0,0,0,1,0,54.5,25,53.75,32.0
20,4,78,3,8,0,0,1,1,1,0,0,0,0,1,0,1,0,0,46.0,22,42.99999999999999,48.8
20,2,83,1,9,1,0,0,1,0,0,0,0,1,0,0,1,0,0,36.5,17,33.949999999999996,49.8
21,4,98,2,8,2,3,3,1,0,1,0,0,0,0,0,1,0,0,59.0,2,52.099999999999994,36.8
17,4,74,2,5,1,1,1,0,1,0,0,0,0,0,0,0,0,0,53.0,26,55.099999999999994,31.4
19,3,82,0,3,2,2,2,0,1,0,1,0,0,1,0,0,0,0,59.0,18,64.1,13.2
20,5,82,0,6,2,2,2,0,1,1,1,0,0,1,0,1,0,0,69.0,18,63.9,22.200000000000003
24,2,81,3,5,2,1,1,0,1,1,0,0,0,1,0,0,0,1,37.5,19,44.25,38.6
18,3,65,1,5,0,0,0,1,1,0,0,0,0,0,0,0,1,0,43.5,35,48.45,34.0
21,3,79,0,8,2,2,2,1,1,0,0,0,0,0,0,0,0,0,47.5,21,44.05,39.4
24,5,71,0,8,1,1,1,1,1,0,0,1,0,0,0,1,0,0,59.5,29,52.449999999999996,36.6
18,4,100,0,5,2,3,3,0,1,0,1,0,0,0,0,1,0,0,72.0,0,68.4,13.0
21,5,86,0,5,2,2,2,0,1,0,0,0,1,0,0,1,0,0,73.0,14,69.1,15.600000000000001
19,5,90,0,5,2,2,2,0,1,0,0,0,0,1,0,1,0,0,75.0,10,70.5,14.0
19,3,74,5,2,3,3,3,1,1,0,0,1,0,0,0,0,1,0,42.0,26,54.599999999999994,31.4
19,5,78,3,7,3,3,3,0,1,0,1,0,0,1,0,1,0,0,56.0,22,52.39999999999999,40.8
19,4,98,2,7,2,2,2,0,1,1,0,0,1,0,0,1,0,0,61.0,2,55.89999999999999,31.799999999999997
27,3,90,3,4,1,1,1,0,1,0,0,1,0,0,0,0,1,0,52.0,10,56.8,27.0
22,3,85,1,4,2,2,2,0,1,0,0,0,1,0,0,0,1,0,55.5,15,59.24999999999999,21.0
23,3,92,2,7,1,1,1,0,1,1,0,0,0,0,1,0,0,0,50.0,8,48.2,37.2
22,3,97,1,4,2,1,1,0,1,0,0,0,0,0,1,0,0,0,61.5,3,63.449999999999996,16.2
17,4,94,1,7,3,3,2,0,1,0,0,1,0,0,0,1,0,0,62.0,6,56.599999999999994,29.4
21,3,90,1,4,1,1,1,0,1,0,1,1,0,0,0,0,1,0,58.0,10,60.99999999999999,19.0
23,4,91,3,4,2,2,2,0,0,0,0,0,0,0,0,0,1,0,60.5,9,62.74999999999999,23.6
19,4,79,1,6,2,2,2,0,1,1,0,0,1,0,0,0,0,0,56.5,21,55.15,30.4
23,4,83,1,4,3,3,3,0,1,1,1,0,1,0,0,0,1,0,62.5,17,64.15,18.8
22,3,87,2,4,4,4,3,0,1,1,0,0,1,0,0,1,0,0,53.5,13,57.849999999999994,24.200000000000003
25,2,84,4,4,1,1,1,0,1,0,0,1,0,0,0,0,0,0,38.0,16,47.0,36.4
20,3,86,2,6,1,1,1,0,1,0,0,1,0,0,1,0,0,0,49.0,14,49.9,34.6
18,4,80,3,7,1,1,1,0,0,0,1,0,0,0,0,1,0,0,49.0,20,47.5,43.0
20,2,60,0,6,2,2,2,1,1,0,1,1,0,0,0,0,0,0,34.0,40,39.4,40.0
24,1,87,1,4,0,1,1,1,1,1,1,0,1,0,0,0,0,0,40.5,13,48.75,26.2
17,3,82,0,8,2,2,2,1,1,1,0,1,0,0,1,0,0,0,49.0,18,45.099999999999994,38.2
17,4,68,0,5,0,0,0,1,1,0,1,1,0,0,0,1,0,0,56.0,32,57.199999999999996,25.799999999999997
21,5,99,4,7,1,1,1,0,1,0,1,0,0,1,0,0,0,0,63.5,1,57.64999999999999,36.4
20,4,84,3,5,4,3,3,0,1,0,1,0,0,1,0,0,0,0,55.0,16,56.5,31.4
21,2,75,3,7,3,2,2,0,1,0,0,0,0,0,0,1,0,0,30.5,25,34.55,51.0
23,1,87,3,4,1,1,1,1,1,0,0,0,0,1,1,0,0,0,34.5,13,44.55,34.2
19,4,82,1,4,3,3,3,0,1,0,0,1,0,0,0,0,0,0,62.0,18,63.8,19.2
17,4,90,1,6,3,3,3,0,1,1,1,0,1,0,0,0,0,0,62.0,10,59.0,26.0
25,4,77,3,1,1,1,1,0,1,0,0,0,1,0,1,0,0,0,59.5,23,69.25,14.200000000000003
18,5,75,1,6,2,1,1,0,1,0,0,0,1,0,0,1,0,0,62.5,25,59.35,29.0
18,3,77,2,5,0,0,0,0,1,1,1,0,1,0,0,0,0,0,46.5,23,50.55,33.2
23,3,68,4,8,0,0,0,1,1,0,1,0,1,0,0,0,1,0,30.0,32,31.799999999999997,59.8
20,5,78,2,6,1,1,1,0,1,1,1,0,0,0,0,0,0,0,61.0,22,58.3,31.799999999999997
20,4,94,3,3,4,4,4,0,1,0,1,0,0,0,0,0,1,0,64.0,6,67.6,17.4
22,6,76,2,4,2,2,2,0,1,0,0,0,0,1,0,0,0,1,72.0,24,70.8,19.6
23,4,71,0,1,2,2,2,0,1,0,0,0,1,0,0,0,1,0,65.5,29,73.44999999999999,4.600000000000001
20,4,77,1,9,2,2,2,1,0,1,1,1,0,0,0,0,0,0,49.5,23,43.05,46.2
24,5,83,3,1,4,4,3,0,1,0,0,1,0,0,0,1,0,0,70.5,17,76.94999999999999,8.8
17,6,76,1,4,2,2,2,0,1,1,0,0,0,1,0,0,0,1,75.0,24,72.9,15.600000000000001
22,4,82,2,6,1,1,1,0,1,1,0,1,0,0,0,0,0,0,55.0,18,54.1,33.2
19,3,84,3,8,1,2,2,1,0,1,1,1,0,0,0,0,0,0,41.0,16,39.5,49.4
24,3,82,1,8,2,1,1,1,1,1,0,1,0,0,0,0,0,0,46.0,18,42.99999999999999,42.2
21,4,81,2,5,3,3,3,0,1,0,0,1,0,0,0,0,0,1,56.5,19,57.55,28.6
19,2,96,3,6,2,2,2,0,1,0,1,0,1,0,1,0,0,0,43.0,4,45.699999999999996,37.6
22,4,83,3,5,2,3,3,0,1,1,0,1,0,0,0,0,1,0,54.5,17,56.15,31.799999999999997
23,4,75,3,2,1,1,1,0,1,0,0,0,1,0,0,1,0,0,56.5,25,64.75,20.0
22,4,88,3,3,2,1,1,0,1,1,0,0,0,1,0,0,0,1,61.0,12,65.5,19.8
18,1,81,1,2,3,3,3,1,1,1,0,0,0,0,0,1,0,0,41.5,19,54.25,18.6
19,5,82,0,6,1,2,1,0,1,1,0,1,0,0,0,1,0,0,69.0,18,63.9,22.200000000000003
21,2,90,3,4,1,2,2,0,1,0,0,0,0,1,0,0,1,0,44.0,10,51.199999999999996,30.0
20,2,92,4,5,3,3,3,0,1,0,0,0,0,0,0,0,1,0,40.0,8,46.0,38.2
22,1,72,0,6,2,2,2,1,1,1,0,0,0,1,0,1,0,0,32.0,28,38.0,38.2
17,3,95,1,5,1,2,2,0,1,1,0,1,0,0,0,0,0,0,58.5,5,58.949999999999996,22.0
21,4,81,1,6,0,0,0,0,1,0,1,0,1,0,1,0,0,0,57.5,19,55.85,29.6
20,3,81,3,8,2,3,3,1,1,0,0,1,0,0,0,0,0,0,39.5,19,38.449999999999996,50.6
19,4,73,2,4,2,2,2,0,1,0,1,0,1,0,0,0,0,1,54.5,27,58.55,26.799999999999997
19,5,88,1,2,3,3,3,0,1,0,1,1,0,0,0,1,0,0,77.0,12,79.1,3.8000000000000007
20,5,70,2,4,2,2,2,0,1,0,1,0,0,1,0,0,0,0,61.0,30,63.099999999999994,25.0
17,3,86,2,5,2,2,2,0,1,0,0,0,0,0,0,0,0,0,51.0,14,53.699999999999996,29.6
19,3,95,0,6,2,3,3,0,1,0,0,0,1,0,0,0,0,1,59.5,5,57.25,23.0
19,3,79,2,6,1,1,1,0,1,1,0,0,1,0,0,0,0,1,45.5,21,47.449999999999996,37.4
22,3,90,2,3,4,4,4,0,1,1,0,0,1,0,1,0,0,0,57.0,10,62.7,18.0
19,6,82,1,3,3,3,3,0,1,0,0,1,0,0,0,0,0,1,80.0,18,78.8,8.2
20,4,70,1,8,1,1,1,1,0,0,0,0,0,1,0,0,0,0,48.0,30,44.39999999999999,44.0
24,4,83,3,6,1,1,1,0,1,1,0,0,0,0,0,0,1,0,52.5,17,52.35,36.8
23,4,80,3,6,1,2,1,0,1,0,0,1,0,0,1,0,0,0,51.0,20,51.3,38.0
23,5,89,3,6,2,3,3,0,1,1,1,0,1,0,0,1,0,0,63.5,11,60.05,31.4
19,3,79,2,5,2,2,2,0,1,1,0,0,1,0,0,0,0,1,47.5,21,51.25,32.4
22,4,86,2,5,3,3,3,0,0,1,0,0,0,0,0,0,0,1,59.0,14,59.3,26.6
20,4,73,1,4,3,3,3,0,1,1,0,0,1,0,0,1,0,0,57.5,27,60.65,22.799999999999997
20,1,85,2,4,2,2,2,1,1,0,1,0,1,0,0,0,1,0,36.5,15,45.949999999999996,31.0
21,3,82,3,9,1,1,1,1,1,1,1,0,0,1,0,0,0,1,38.0,18,35.0,55.2
19,3,81,1,8,1,2,2,1,1,0,0,0,0,0,1,0,0,0,45.5,19,42.65,42.6
24,5,82,0,7,2,2,2,0,1,1,1,0,1,0,0,0,1,0,67.0,18,60.099999999999994,27.200000000000003
20,8,79,3,5,4,4,4,0,1,0,0,0,1,0,0,0,0,0,84.5,21,77.15,21.4
22,3,83,1,6,2,1,1,0,0,1,1,0,0,1,0,0,1,0,50.5,17,50.949999999999996,31.799999999999997
24,4,80,2,5,2,2,2,0,1,1,0,0,1,0,0,1,0,0,56.0,20,57.199999999999996,29.0
23,4,74,1,7,1,1,1,0,1,0,0,0,1,0,0,1,0,0,52.0,26,49.599999999999994,37.4
17,1,71,2,5,2,1,1,1,1,0,0,0,0,0,0,1,0,0,27.5,29,37.25,41.6
22,1,78,3,5,1,1,1,1,1,0,1,0,0,0,0,1,0,0,28.0,22,37.599999999999994,42.8
22,3,79,4,5,2,2,2,0,0,1,1,0,1,0,0,1,0,0,41.5,21,47.05,40.4
23,3,58,2,5,1,2,1,1,1,0,0,0,1,0,0,1,0,0,37.0,42,43.9,40.8
18,5,82,1,6,2,2,2,0,1,1,0,1,0,0,0,0,0,0,66.0,18,61.8,26.200000000000003
19,3,99,3,8,1,1,1,1,1,0,0,0,0,0,0,0,1,0,48.5,1,44.74999999999999,43.4
23,2,87,1,7,2,2,2,0,1,1,1,0,1,0,0,0,1,0,42.5,13,42.949999999999996,38.2
19,2,80,1,5,2,2,2,0,1,0,1,0,0,0,0,0,0,1,43.0,20,48.099999999999994,31.0
20,5,75,2,3,3,3,3,0,1,0,0,0,0,1,0,0,0,1,65.5,25,68.64999999999999,18.0
24,3,68,2,5,3,3,3,1,1,0,1,1,0,0,0,0,1,0,42.0,32,47.4,36.8
20,3,89,3,5,2,2,2,0,1,0,1,0,0,1,0,0,0,0,49.5,11,52.65,32.4
19,3,85,0,7,2,2,2,0,0,0,0,0,0,1,0,0,0,1,52.5,15,49.95,32.0
19,3,72,2,4,2,2,2,0,1,0,0,0,0,0,1,0,0,0,46.0,28,52.599999999999994,30.200000000000003
21,4,89,1,3,1,1,1,0,1,0,1,0,1,0,1,0,0,0,67.5,11,70.05,11.399999999999999
18,6,88,2,6,3,2,2,0,1,1,1,0,0,0,0,0,1,0,74.0,12,67.39999999999999,24.799999999999997
20,4,76,1,7,1,2,2,0,1,1,0,1,0,0,0,0,1,0,53.0,24,50.3,36.6
21,5,79,1,5,2,2,2,0,1,0,0,0,0,0,0,1,0,0,66.5,21,64.55,22.4
23,2,84,3,7,0,0,0,0,1,0,1,0,0,0,0,1,0,0,35.0,16,37.7,47.4
22,4,86,2,3,4,3,3,0,1,0,0,0,1,0,0,0,0,0,63.0,14,66.89999999999999,16.6
19,5,73,1,6,1,1,1,0,1,1,0,0,0,0,0,0,1,0,61.5,27,58.65,29.799999999999997
23,3,86,3,3,3,4,4,0,1,0,0,1,0,0,1,0,0,0,52.0,14,59.2,23.6
20,3,82,0,10,2,1,1,1,1,1,1,1,0,0,0,0,1,0,45.0,18,37.5,48.2
18,4,90,1,7,2,3,2,0,1,0,0,1,0,0,1,0,0,0,60.0,10,55.2,31.0
20,5,88,6,6,1,1,1,1,1,1,0,0,1,0,0,0,0,1,54.0,12,53.4,43.8
24,5,82,2,2,3,3,3,0,1,1,1,1,0,0,0,0,0,1,71.0,18,74.89999999999999,10.2
21,2,89,1,3,2,2,2,0,1,1,0,0,0,0,0,0,0,1,51.5,11,58.849999999999994,17.4
21,4,69,2,8,0,0,0,1,0,0,0,0,0,1,0,1,0,0,44.5,31,41.949999999999996,48.4
24,3,79,0,3,2,2,2,0,1,0,1,1,0,0,0,0,0,1,57.5,21,63.05,14.399999999999999
17,3,74,2,6,3,3,2,0,1,1,1,0,1,0,1,0,0,0,43.0,26,45.699999999999996,39.4
18,2,77,3,8,0,0,0,1,1,0,0,1,0,0,0,0,0,0,29.5,23,31.449999999999996,55.2
17,3,77,2,5,3,3,3,0,1,0,0,0,0,0,0,0,1,0,46.5,23,50.55,33.2
21,4,71,2,5,1,1,1,0,1,0,1,0,0,1,1,0,0,0,51.5,29,54.05,32.6
21,3,89,2,2,3,3,3,0,1,0,0,1,0,0,0,0,0,0,58.5,11,66.14999999999999,13.399999999999999
24,4,88,4,6,4,3,3,0,1,1,1,0,0,1,0,1,0,0,52.0,12,52.0,38.8
21,4,77,5,3,2,2,2,1,1,1,0,0,0,0,1,0,0,0,49.5,23,57.45,32.2
20,5,63,4,5,2,2,2,1,1,1,0,0,1,0,0,0,1,0,49.5,37,52.65,40.8
21,3,78,2,3,2,2,2,0,1,0,1,0,0,1,0,1,0,0,51.0,22,58.5,22.8
21,1,81,0,4,2,2,2,1,1,0,1,0,0,0,1,0,0,0,40.5,19,48.75,24.6
17,6,92,4,4,2,2,2,0,1,1,0,0,0,1,1,0,0,0,74.0,8,72.19999999999999,21.200000000000003
27,4,77,0,5,1,1,1,0,1,0,0,0,0,0,0,1,0,0,60.5,23,60.349999999999994,22.200000000000003
22,4,89,2,4,1,1,1,0,1,0,0,0,0,1,0,0,1,0,62.5,11,64.15,20.4
21,4,78,0,6,3,3,3,0,1,0,0,1,0,0,0,0,0,1,59.0,22,56.9,26.799999999999997
22,4,86,2,7,2,2,2,0,1,0,0,0,0,1,0,0,0,1,55.0,14,51.7,36.6
22,5,88,4,4,3,2,2,0,1,0,0,0,0,1,0,1,0,0,64.0,12,65.19999999999999,25.799999999999997
20,3,86,5,6,2,3,3,1,1,0,1,0,1,0,1,0,0,0,40.0,14,43.6,46.6
19,4,74,4,5,2,1,1,0,1,0,0,0,0,1,0,1,0,0,47.0,26,50.9,39.4
22,4,79,3,2,3,2,2,0,1,1,0,1,0,0,1,0,0,0,58.5,21,66.14999999999999,18.4
21,4,86,1,6,1,1,1,0,1,0,1,0,0,1,1,0,0,0,60.0,14,57.6,27.6
19,3,69,3,7,0,0,0,1,1,1,1,1,0,0,1,0,0,0,35.5,31,38.05,50.4
24,4,88,3,2,4,3,3,0,1,0,1,1,0,0,0,0,0,0,63.0,12,69.3,14.8
21,3,72,2,5,3,3,3,0,1,0,1,0,0,1,0,0,0,1,44.0,28,48.8,35.2
22,5,71,4,6,3,3,3,0,1,1,0,0,0,1,0,0,0,1,51.5,29,51.65,42.6
24,3,77,2,6,2,2,2,0,1,1,1,0,0,0,0,0,1,0,44.5,23,46.75,38.2
21,2,76,3,4,0,0,0,0,1,1,0,0,0,0,0,1,0,0,37.0,24,46.3,35.6
21,4,83,1,5,1,1,1,0,1,1,1,1,0,0,0,0,0,0,60.5,17,60.349999999999994,23.799999999999997
22,6,84,2,7,1,1,1,0,1,0,0,1,0,0,0,1,0,0,70.0,16,62.2,31.4
19,4,82,2,5,4,3,3,0,1,0,0,1,0,0,0,0,1,0,57.0,18,57.9,28.200000000000003
21,3,74,0,8,1,1,1,1,1,1,1,1,0,0,0,0,0,0,45.0,26,42.3,41.4
21,6,91,3,3,4,3,3,0,1,1,0,1,0,0,0,0,0,0,78.5,9,77.75,12.600000000000001
18,4,82,1,7,2,2,2,0,0,0,0,1,0,0,0,0,0,0,56.0,18,52.39999999999999,34.2
26,3,89,1,5,1,1,1,0,0,1,0,0,0,1,0,1,0,0,55.5,11,56.849999999999994,24.4
17,6,63,2,4,3,2,2,1,1,1,0,0,0,0,0,0,0,1,65.5,37,66.25,24.799999999999997
18,3,86,1,2,4,4,3,0,0,0,0,0,1,0,0,1,0,0,60.0,14,67.2,10.600000000000001
23,3,77,1,7,0,0,0,0,1,0,0,1,0,0,0,1,0,0,45.5,23,45.05,39.2
22,4,88,0,3,3,3,3,0,1,0,1,0,0,1,0,0,0,0,70.0,12,71.8,7.800000000000001
18,7,96,3,5,3,3,3,0,1,1,0,1,0,0,0,0,0,1,85.0,4,77.5,17.6
22,2,72,1,6,1,1,1,0,1,1,1,0,1,0,0,0,0,1,37.0,28,41.5,39.2
24,2,88,3,9,0,0,0,1,1,0,0,0,0,0,0,0,0,1,33.0,12,31.5,55.8
20,4,77,1,4,3,3,3,0,1,1,1,0,0,0,1,0,0,0,59.5,23,62.05,21.200000000000003
26,5,67,1,5,2,2,2,1,0,0,1,1,0,0,0,0,0,0,60.5,33,60.349999999999994,27.200000000000003
17,5,89,1,6,3,3,3,0,1,0,0,0,1,0,0,0,0,1,69.5,11,64.25,23.4
22,3,96,4,5,1,1,1,0,1,1,1,0,0,0,1,0,0,0,50.0,4,53.0,33.6
23,2,98,1,4,0,0,0,0,1,1,1,0,1,0,0,0,0,1,54.0,2,58.199999999999996,18.8
23,4,69,0,5,2,2,2,1,1,0,0,1,0,0,0,0,0,1,56.5,31,57.55,25.4
20,4,70,2,4,2,2,2,0,1,0,0,0,0,0,0,0,1,0,53.0,30,57.49999999999999,28.0
20,4,80,1,5,2,2,2,0,1,0,0,0,0,1,1,0,0,0,59.0,20,59.3,25.0
22,3,81,3,5,1,1,1,0,0,0,1,0,0,1,0,0,0,1,45.5,19,49.849999999999994,35.6
22,3,90,2,4,3,2,2,0,0,0,0,1,0,0,0,0,0,0,55.0,10,58.9,23.0
22,3,81,1,7,2,2,2,0,1,1,0,0,0,1,1,0,0,0,47.5,19,46.45,37.6
23,4,65,1,6,0,1,1,1,1,0,0,0,0,1,1,0,0,0,49.5,35,50.25,36.0
18,4,87,1,1,4,3,3,0,1,0,0,1,0,0,0,0,0,0,70.5,13,76.94999999999999,2.1999999999999993
20,4,82,1,6,1,1,1,0,1,1,0,0,0,1,0,0,1,0,58.0,18,56.199999999999996,29.200000000000003
18,4,89,1,4,2,2,2,0,1,1,0,0,0,1,0,0,1,0,65.5,11,66.25,16.4
20,1,84,0,2,3,3,3,1,1,0,0,0,0,1,0,0,0,1,46.0,16,57.39999999999999,13.399999999999999
23,4,87,1,7,2,3,3,0,1,0,0,0,0,0,0,0,0,1,58.5,13,54.14999999999999,32.2
21,3,82,0,4,3,3,3,0,1,0,1,0,1,0,0,0,0,1,57.0,18,60.3,18.2
26,6,84,1,6,2,2,2,0,1,0,1,0,0,0,0,0,0,1,75.0,16,68.1,22.4
21,2,74,2,7,1,1,1,0,1,0,1,0,1,0,1,0,0,0,33.0,26,36.3,47.4
21,1,84,3,5,2,2,2,1,1,0,0,0,0,0,1,0,0,0,31.0,16,39.7,40.4
21,5,80,2,6,3,3,3,0,1,0,1,0,0,1,0,1,0,0,62.0,20,59.0,31.0
19,4,85,2,4,1,1,1,0,1,1,1,0,0,1,0,0,0,1,60.5,15,62.74999999999999,22.0
20,4,72,1,7,2,2,2,0,1,1,0,0,0,0,0,1,0,0,51.0,28,48.89999999999999,38.2
23,4,93,0,5,3,3,3,0,1,0,1,0,0,0,0,0,0,1,68.5,7,65.94999999999999,15.8
21,3,84,1,6,0,0,0,0,1,0,0,0,0,1,0,1,0,0,51.0,16,51.3,31.4
19,4,73,0,5,4,4,4,0,1,0,0,0,0,0,0,0,1,0,58.5,27,58.949999999999996,23.799999999999997
19,4,82,2,2,2,2,2,0,1,0,0,0,0,1,0,0,0,1,63.0,18,69.3,13.2
20,2,86,0,4,2,2,2,0,1,0,1,0,0,0,0,1,0,0,51.0,14,56.099999999999994,19.6
21,5,64,5,5,0,1,1,1,1,1,1,0,0,0,0,0,0,1,47.0,36,50.9,44.4
23,3,81,1,5,1,1,1,0,1,0,0,0,0,0,0,0,0,1,51.5,19,54.05,27.6
18,2,75,0,6,1,1,1,0,1,1,0,0,0,1,0,0,0,0,41.5,25,44.65,34.0
20,4,79,2,7,2,2,2,0,1,0,0,0,1,0,0,0,0,1,51.5,21,49.25,39.4
21,2,90,4,4,1,1,1,0,1,1,0,0,1,0,0,0,1,0,41.0,10,49.099999999999994,34.0
17,5,69,1,5,2,2,2,1,1,1,1,0,0,0,0,0,0,0,61.5,31,61.05,26.4
19,1,87,0,7,1,0,0,1,1,0,0,0,1,0,0,0,0,1,37.5,13,39.45,37.2
19,4,85,1,5,3,3,3,0,1,1,0,0,0,0,1,0,0,0,61.5,15,61.05,23.0
19,3,92,0,2,2,2,2,0,1,0,1,0,0,0,0,0,0,0,66.0,8,71.39999999999999,4.199999999999999
21,4,65,4,2,2,2,2,1,1,0,0,0,1,0,0,0,1,0,48.5,35,59.14999999999999,28.0
20,3,86,2,4,2,2,2,0,1,0,1,0,0,1,0,0,1,0,53.0,14,57.49999999999999,24.6
19,3,84,0,6,0,0,0,0,1,1,1,1,0,0,0,0,0,1,54.0,16,53.4,27.4
21,6,81,3,6,2,2,2,0,1,1,1,1,0,0,0,0,0,0,67.5,19,62.85,31.6
24,4,93,2,5,4,3,3,0,1,0,1,1,0,0,0,1,0,0,62.5,7,61.75,23.799999999999997
24,1,65,6,6,1,1,1,1,1,1,0,0,1,0,0,1,0,0,10.5,35,22.95,65.0
17,3,83,2,6,3,3,3,0,1,0,0,1,0,0,0,0,0,0,47.5,17,48.85,35.8
22,2,90,3,3,2,2,2,0,1,1,1,0,0,0,0,0,1,0,46.0,10,55.0,25.0
20,4,69,1,4,3,3,3,1,1,0,0,0,0,1,0,0,0,1,55.5,31,59.24999999999999,24.4
21,4,86,4,2,4,4,4,0,1,1,0,0,1,0,0,1,0,0,59.0,14,66.5,19.6
20,3,84,2,3,1,2,2,0,1,0,1,0,0,1,0,0,0,0,54.0,16,60.599999999999994,20.4
21,4,65,0,2,1,1,1,1,1,0,1,0,0,0,0,0,1,0,60.5,35,67.55,12.0
21,2,90,2,2,2,3,3,0,1,0,1,0,0,1,1,0,0,0,51.0,10,60.89999999999999,16.0
19,5,74,1,8,2,2,2,1,1,0,0,0,0,1,0,0,0,0,58.0,26,51.39999999999999,39.4
19,3,94,1,4,4,3,3,0,0,1,0,0,0,0,0,0,0,1,60.0,6,62.4,17.4
20,6,86,4,2,3,3,3,0,1,0,0,0,0,0,0,0,0,1,75.0,14,77.7,13.600000000000001
21,3,84,1,6,2,2,2,0,0,0,1,0,1,0,1,0,0,0,51.0,16,51.3,31.4
22,3,90,0,6,3,3,3,0,1,1,0,1,0,0,0,0,1,0,57.0,10,55.5,25.0
22,4,89,3,5,2,2,2,0,1,1,0,0,0,0,0,0,0,1,57.5,11,58.25,29.4
19,4,66,1,3,1,1,1,1,1,1,1,0,0,1,0,0,0,1,56.0,34,62.0,20.6
21,5,68,2,6,2,2,2,1,1,1,0,0,0,0,1,0,0,0,56.0,32,54.8,35.8
23,4,80,2,3,3,3,3,0,1,0,1,0,1,0,0,0,1,0,60.0,20,64.8,19.0
23,4,58,1,5,3,3,3,1,1,1,1,1,0,0,0,0,1,0,48.0,42,51.599999999999994,33.8
20,2,95,0,7,3,3,3,0,1,1,0,0,0,1,0,0,0,0,49.5,5,47.849999999999994,31.0
20,3,74,3,5,2,2,2,0,1,0,0,0,0,1,0,1,0,0,42.0,26,47.4,38.4
21,2,82,6,2,3,3,3,1,1,0,0,1,0,0,0,1,0,0,35.0,18,49.7,35.2
18,3,86,2,6,2,2,2,0,0,1,1,0,1,0,0,0,0,1,49.0,14,49.9,34.6
20,3,100,1,4,2,2,2,0,0,1,0,0,1,0,0,0,1,0,63.0,0,64.5,15.0
22,2,91,1,6,0,0,0,0,1,1,1,0,0,1,0,0,0,1,46.5,9,48.15,31.6
22,5,76,2,6,1,1,1,0,1,0,0,0,0,0,1,0,0,0,60.0,24,57.6,32.6
20,4,86,1,4,3,3,3,0,1,1,0,0,1,0,0,1,0,0,64.0,14,65.19999999999999,17.6
21,3,87,0,9,2,3,3,1,1,0,0,0,0,1,0,0,0,1,49.5,13,43.05,41.2
19,4,87,1,5,2,3,3,0,1,0,1,0,0,1,0,0,1,0,62.5,13,61.75,22.200000000000003
22,3,74,0,4,1,1,1,0,1,0,0,0,1,0,0,0,0,0,53.0,26,57.49999999999999,21.4
20,3,98,1,7,2,2,2,0,1,0,0,0,0,1,0,0,1,0,56.0,2,52.39999999999999,30.799999999999997
20,4,72,0,8,0,0,0,1,1,0,0,0,0,0,0,0,1,0,52.0,28,47.199999999999996,39.2
20,3,87,0,1,4,4,3,0,1,0,0,0,1,0,0,0,0,1,65.5,13,73.44999999999999,1.1999999999999993
20,4,74,2,3,4,3,3,0,1,1,0,0,1,0,1,0,0,0,57.0,26,62.7,21.4
20,4,85,3,5,2,2,2,0,1,0,0,1,0,0,0,1,0,0,55.5,15,56.849999999999994,31.0
22,5,80,1,9,0,0,0,1,1,1,1,0,1,0,0,0,0,1,59.0,20,49.699999999999996,42.0
20,5,71,2,4,1,1,1,0,1,0,0,0,0,1,0,0,0,0,61.5,29,63.449999999999996,24.6
24,5,62,1,8,1,1,1,1,1,0,0,1,0,0,1,0,0,0,52.0,38,47.199999999999996,44.2
24,3,89,1,5,2,2,2,0,0,0,0,0,0,1,1,0,0,0,55.5,11,56.849999999999994,24.4
19,5,77,2,2,2,2,2,0,1,0,0,0,0,0,1,0,0,0,68.5,23,73.14999999999999,12.200000000000003
21,4,83,0,7,3,3,3,0,1,0,0,0,1,0,0,0,1,0,59.5,17,54.849999999999994,29.799999999999997
19,2,96,3,6,1,1,1,0,1,1,1,0,0,1,0,0,1,0,43.0,4,45.699999999999996,37.6
20,3,87,3,3,3,3,3,0,1,0,1,0,0,1,0,0,0,1,52.5,13,59.55,23.200000000000003
25,4,43,1,5,0,0,0,1,1,0,1,1,0,0,1,0,0,0,40.5,57,46.349999999999994,39.8
20,0,72,1,3,2,2,2,1,1,0,0,0,1,0,0,0,1,0,27.0,28,41.7,30.200000000000003
21,4,67,1,4,2,2,2,1,1,1,1,0,0,0,0,0,0,0,54.5,33,58.55,25.200000000000003
22,2,75,3,6,1,2,2,0,1,0,1,0,1,0,0,0,0,1,32.5,25,38.35,46.0
18,2,79,1,3,2,2,2,0,1,1,1,0,1,0,0,1,0,0,46.5,21,55.349999999999994,21.4
19,4,100,1,5,3,3,4,0,1,0,0,1,0,0,1,0,0,0,69.0,0,66.3,17.0
18,3,90,1,6,2,2,2,0,1,1,0,0,0,1,0,1,0,0,54.0,10,53.4,29.0
19,2,84,4,5,2,2,2,0,1,0,1,0,0,0,0,0,0,1,36.0,16,43.2,41.4
17,4,85,2,2,3,3,3,0,0,1,0,0,0,0,1,0,0,0,64.5,15,70.35,12.0
22,2,85,2,6,2,2,3,0,1,0,0,1,0,0,1,0,0,0,40.5,15,43.949999999999996,38.0
25,2,68,2,3,0,0,0,1,1,0,0,0,0,0,0,0,0,1,38.0,32,49.4,29.799999999999997
21,5,70,2,4,3,3,3,0,0,0,1,0,0,1,0,1,0,0,61.0,30,63.099999999999994,25.0
17,4,85,1,4,2,2,2,0,1,0,0,0,1,0,0,1,0,0,63.5,15,64.85,18.0
19,4,82,5,5,1,1,1,1,1,0,1,1,0,0,0,0,1,0,48.0,18,51.599999999999994,40.2
20,6,84,2,5,0,1,1,0,1,1,0,0,0,0,0,0,1,0,74.0,16,69.8,21.4
18,3,94,3,6,2,2,2,0,1,1,0,0,0,1,0,0,1,0,50.0,6,50.6,35.4
22,3,76,3,4,3,3,3,0,1,0,0,0,0,1,1,0,0,0,45.0,24,51.89999999999999,32.6
22,3,79,1,3,2,2,2,0,1,0,1,0,0,1,0,0,0,0,54.5,21,60.95,18.4
18,6,84,3,7,0,0,0,0,1,1,0,0,0,0,1,0,0,0,67.0,16,60.099999999999994,35.4
22,3,68,3,4,2,2,2,1,1,1,1,0,0,0,0,0,1,0,41.0,32,49.099999999999994,35.8
24,2,70,0,5,2,3,3,0,1,0,0,0,1,0,1,0,0,0,41.0,30,46.7,31.0
25,4,92,1,3,3,3,3,0,1,0,0,0,1,0,0,0,1,0,69.0,8,71.1,10.2
27,3,79,3,3,1,1,1,0,1,0,0,0,0,1,0,0,1,0,48.5,21,56.75,26.4
19,3,78,4,8,1,1,1,1,1,1,0,1,0,0,0,0,0,1,35.0,22,35.3,55.8
27,6,83,2,3,3,3,3,0,1,0,1,0,0,0,0,0,0,0,77.5,17,77.05,11.8
20,4,68,2,3,1,1,1,1,1,0,0,0,0,0,1,0,0,0,54.0,32,60.599999999999994,23.799999999999997
19,2,79,2,4,0,0,0,0,1,1,0,1,0,0,1,0,0,0,41.5,21,49.449999999999996,30.4
21,3,77,1,6,1,1,1,0,1,0,0,1,0,0,0,0,0,1,47.5,23,48.85,34.2
19,1,84,3,3,2,2,2,1,1,0,0,0,0,0,0,0,0,1,35.0,16,47.3,30.4
21,3,65,1,2,1,1,1,1,1,0,0,1,0,0,0,1,0,0,49.5,35,59.849999999999994,19.0
18,5,75,5,3,4,4,4,1,1,0,0,1,0,0,0,1,0,0,56.5,25,62.349999999999994,30.0
20,3,78,1,4,0,0,0,0,1,0,1,0,0,1,0,0,1,0,52.0,22,56.8,23.799999999999997
23,7,78,3,3,2,2,2,0,1,1,0,0,1,0,1,0,0,0,80.0,22,78.8,14.799999999999997
20,0,90,4,9,0,0,0,1,1,1,0,0,1,0,0,1,0,0,15.0,10,18.9,65.0
21,3,75,1,9,1,0,0,1,1,1,0,1,0,0,0,0,0,1,40.5,25,36.75,50.0
22,4,100,2,7,1,1,1,0,1,0,0,0,1,0,0,1,0,0,62.0,0,56.599999999999994,31.0
23,4,88,2,6,2,2,2,0,1,1,0,0,0,0,0,0,0,0,58.0,12,56.199999999999996,30.799999999999997
17,4,63,3,5,4,4,4,1,1,0,0,0,0,1,0,1,0,0,44.5,37,49.15,39.8
22,3,86,0,7,2,2,2,0,1,0,0,0,1,0,0,0,1,0,53.0,14,50.3,31.6
20,5,87,3,5,3,3,3,0,1,0,0,0,1,0,0,0,1,0,64.5,13,63.15,27.200000000000003
21,2,79,2,4,2,3,3,0,0,0,0,0,0,0,0,1,0,0,41.5,21,49.449999999999996,30.4
23,3,91,0,9,1,0,0,1,1,1,1,1,0,0,1,0,0,0,51.5,9,44.449999999999996,39.6
18,2,74,3,6,1,1,1,0,1,1,0,0,1,0,0,0,1,0,32.0,26,38.0,46.4
18,3,86,4,8,0,0,0,1,1,0,0,1,0,0,1,0,0,0,39.0,14,38.099999999999994,52.6
17,3,81,0,8,0,0,0,1,1,0,0,0,0,1,0,1,0,0,48.5,19,44.74999999999999,38.6
19,4,84,1,2,2,3,3,0,1,1,1,1,0,0,1,0,0,0,67.0,16,72.1,8.399999999999999
23,2,83,3,3,2,1,1,0,1,1,0,0,0,0,0,0,0,1,42.5,17,52.55,27.799999999999997
20,3,82,1,5,0,1,1,0,1,0,0,0,0,1,1,0,0,0,52.0,18,54.4,27.200000000000003
18,4,97,2,6,2,2,2,0,0,0,1,0,1,0,0,0,0,1,62.5,3,59.35,27.200000000000003
19,4,77,0,7,0,0,0,0,1,1,0,0,0,0,0,0,0,1,56.5,23,52.75,32.2
17,2,75,0,5,1,1,1,0,0,0,1,0,0,0,0,0,0,1,43.5,25,48.45,29.0
18,4,81,1,7,2,2,2,0,1,0,0,0,1,0,0,0,1,0,55.5,19,52.05,34.6
21,5,92,4,6,2,3,3,0,1,0,1,1,0,0,0,0,0,0,62.0,8,59.0,34.2
18,5,82,3,6,0,0,0,0,1,1,0,0,1,0,1,0,0,0,60.0,18,57.6,34.2
23,3,81,3,5,1,1,1,0,1,0,1,0,0,1,0,0,0,0,45.5,19,49.849999999999994,35.6
20,4,77,3,6,2,2,2,0,1,1,1,0,0,1,1,0,0,0,49.5,23,50.25,39.2
21,3,78,0,6,1,1,1,0,1,0,1,0,1,0,1,0,0,0,51.0,22,51.3,29.799999999999997
20,4,90,4,5,0,1,1,0,1,1,0,0,0,1,1,0,0,0,55.0,10,56.5,33.0
22,4,81,1,3,4,3,3,0,0,1,0,1,0,0,0,0,1,0,63.5,19,67.25,14.600000000000001
22,2,84,3,6,2,2,2,0,1,1,1,0,0,1,0,0,0,0,37.0,16,41.5,42.4
21,3,76,3,2,2,2,2,0,1,1,1,0,0,0,0,1,0,0,49.0,24,59.5,22.6
22,4,88,3,5,2,2,2,0,1,0,0,0,0,0,0,0,0,1,57.0,12,57.9,29.799999999999997
20,3,91,3,6,0,0,0,0,0,1,0,0,1,0,0,1,0,0,48.5,9,49.55,36.6
22,2,74,3,4,2,2,2,0,0,0,0,0,0,0,0,0,1,0,36.0,26,45.599999999999994,36.4
20,3,74,2,5,0,0,0,0,1,0,0,1,0,0,0,1,0,0,45.0,26,49.5,34.4
21,3,75,3,3,3,2,2,0,1,0,0,0,1,0,0,0,0,1,46.5,25,55.349999999999994,28.0
20,3,90,0,6,2,2,2,0,1,0,0,1,0,0,0,0,0,0,57.0,10,55.5,25.0
20,4,74,2,5,0,0,0,0,0,0,0,0,1,0,1,0,0,0,53.0,26,55.099999999999994,31.4
19,2,79,3,5,1,0,0,0,1,0,1,0,1,0,0,0,0,1,36.5,21,43.55,39.4
22,5,74,3,7,0,0,0,0,1,0,0,0,1,0,0,0,1,0,54.0,26,51.0,42.4
23,5,95,4,6,2,2,2,0,1,0,0,0,0,1,0,1,0,0,63.5,5,60.05,33.0
23,5,77,2,6,3,3,3,0,1,0,0,0,1,0,0,0,0,0,60.5,23,57.949999999999996,32.2
18,3,95,2,7,2,2,2,0,1,0,0,0,0,0,1,0,0,0,51.5,5,49.25,36.0
23,4,81,2,7,1,1,1,0,1,0,0,0,0,0,0,0,0,1,52.5,19,49.95,38.6
20,5,78,1,3,4,3,3,0,0,1,0,1,0,0,0,0,0,0,70.0,22,71.8,12.8
22,3,88,0,6,2,2,2,0,1,1,0,0,0,1,0,0,0,0,56.0,12,54.8,25.799999999999997
19,4,81,3,6,2,2,2,0,1,1,1,1,0,0,0,0,0,1,51.5,19,51.65,37.6
21,3,93,2,7,0,0,0,0,1,1,0,0,0,0,1,0,0,0,50.5,7,48.55,36.8
21,4,80,1,3,3,3,3,0,1,0,0,1,0,0,0,0,1,0,63.0,20,66.89999999999999,15.0
17,4,78,3,4,3,3,3,0,1,1,0,1,0,0,0,1,0,0,54.0,22,58.199999999999996,28.799999999999997
22,4,78,0,5,1,2,2,0,0,0,0,0,1,0,0,0,0,1,61.0,22,60.699999999999996,21.799999999999997
24,4,91,3,8,2,2,2,1,1,0,0,0,0,0,0,0,0,0,52.5,9,47.55,43.6
20,4,84,2,5,0,0,0,0,0,0,1,0,0,0,0,0,0,0,58.0,16,58.599999999999994,27.4
24,3,76,0,5,1,1,1,0,1,1,0,1,0,0,0,0,0,0,52.0,24,54.4,25.6
20,5,70,1,4,1,1,1,0,1,1,0,0,1,0,0,0,0,1,64.0,30,65.19999999999999,21.0
22,5,83,1,6,0,0,0,0,1,0,0,0,1,0,1,0,0,0,66.5,17,62.15,25.799999999999997
17,4,74,3,6,1,1,1,0,1,0,1,0,0,0,0,0,0,0,48.0,26,49.199999999999996,40.4
26,4,67,4,4,3,3,3,1,1,0,0,1,0,0,1,0,0,0,45.5,33,52.25,37.2
24,4,75,1,5,4,4,4,0,1,1,1,0,0,1,1,0,0,0,56.5,25,57.55,27.0
20,3,72,2,6,1,1,1,0,1,1,0,0,1,0,0,0,0,0,42.0,28,45.0,40.2
17,5,67,2,6,0,0,0,1,1,0,1,0,1,0,0,1,0,0,55.5,33,54.449999999999996,36.2
21,3,80,1,4,3,3,3,0,1,1,0,1,0,0,1,0,0,0,53.0,20,57.49999999999999,23.0
17,4,64,2,5,2,1,1,1,0,1,1,0,1,0,0,1,0,0,48.0,36,51.599999999999994,35.4
22,2,75,5,6,2,2,2,1,1,1,0,0,0,1,1,0,0,0,26.5,25,34.15,54.0
21,3,83,2,7,2,2,2,0,1,0,1,1,0,0,0,0,1,0,45.5,17,45.05,40.8
18,5,79,1,7,1,1,1,0,1,0,0,1,0,0,0,0,0,1,62.5,21,56.95,32.4
23,5,99,2,4,3,3,3,0,1,0,0,0,0,0,0,1,0,0,75.5,1,73.25,13.399999999999999
22,6,80,2,4,4,4,3,0,1,1,0,1,0,0,1,0,0,0,74.0,20,72.19999999999999,18.0
23,3,71,0,9,1,1,1,1,1,0,1,1,0,0,0,0,0,1,41.5,29,37.449999999999996,47.6
21,7,84,2,4,4,4,4,0,1,1,1,0,0,1,0,0,0,0,84.0,16,79.19999999999999,13.399999999999999
17,5,85,3,2,4,4,4,0,0,1,0,1,0,0,0,1,0,0,69.5,15,73.85,13.0
23,5,79,3,3,1,1,1,0,1,0,0,0,0,0,0,1,0,0,64.5,21,67.95,20.4
20,4,53,1,5,1,0,0,1,1,0,0,0,0,1,0,0,0,1,45.5,47,49.849999999999994,35.8
17,1,94,2,7,0,0,0,1,1,0,0,0,1,0,1,0,0,0,35.0,6,37.7,42.4
24,3,71,2,8,1,1,1,1,1,0,0,0,0,0,0,0,1,0,37.5,29,37.05,50.6
25,3,89,0,5,3,3,3,0,1,1,0,0,0,0,0,1,0,0,58.5,11,58.949999999999996,20.4
20,3,91,1,2,3,3,3,0,1,1,0,1,0,0,0,0,0,0,62.5,9,68.95,8.600000000000001
25,3,79,0,7,0,0,0,0,1,0,0,0,0,1,0,0,1,0,49.5,21,47.849999999999994,34.4
21,3,89,4,6,3,3,3,0,1,0,0,0,1,0,0,0,1,0,44.5,11,46.75,41.4
20,4,89,3,7,1,1,1,0,1,0,0,0,0,0,0,1,0,0,53.5,11,50.64999999999999,39.4
19,4,73,3,6,1,1,1,0,1,0,0,0,1,0,0,0,1,0,47.5,27,48.85,40.8
24,3,93,4,3,4,4,4,0,1,0,1,0,0,0,0,0,0,1,52.5,7,59.55,24.799999999999997
19,3,84,1,6,1,1,1,0,1,1,0,0,1,0,1,0,0,0,51.0,16,51.3,31.4
22,5,64,2,2,2,3,3,1,1,1,0,0,1,0,1,0,0,0,62.0,36,68.6,17.4
19,3,83,2,4,3,3,3,0,0,0,1,0,0,0,0,0,1,0,51.5,17,56.449999999999996,25.799999999999997
20,5,77,1,7,0,0,0,0,1,0,1,1,0,0,1,0,0,0,61.5,23,56.25,33.2
23,4,70,1,5,2,3,3,0,1,0,0,0,0,1,0,1,0,0,54.0,30,55.8,29.0
20,1,76,1,3,3,3,3,1,0,0,1,0,0,0,0,1,0,0,37.0,24,48.7,25.6
20,4,76,1,5,3,3,3,0,1,0,0,0,0,1,0,1,0,0,57.0,24,57.9,26.6
23,5,73,1,5,1,1,1,0,0,0,0,0,0,0,0,0,0,0,63.5,27,62.449999999999996,24.799999999999997
24,6,83,2,9,0,0,0,1,1,0,1,0,0,0,0,0,0,0,65.5,17,54.24999999999999,41.8
22,5,86,2,6,1,1,1,0,1,0,1,0,0,0,0,0,1,0,65.0,14,61.1,28.6
19,4,82,0,9,2,2,2,1,1,1,0,1,0,0,0,1,0,0,55.0,18,46.9,40.2
19,4,79,1,5,2,2,2,0,1,0,1,0,0,0,0,1,0,0,58.5,21,58.949999999999996,25.4
21,3,82,4,7,2,2,2,0,1,0,1,0,0,0,0,0,0,1,39.0,18,40.5,49.2
21,2,90,2,4,4,4,4,0,1,0,1,0,0,1,0,1,0,0,47.0,10,53.3,26.0
18,6,73,1,4,3,3,3,0,1,0,1,0,1,0,0,0,1,0,73.5,27,71.85,16.799999999999997
22,3,71,1,3,1,0,0,0,1,1,0,0,1,0,0,0,1,0,50.5,29,58.14999999999999,21.6
21,4,72,1,6,0,0,0,0,1,0,1,0,1,0,0,0,0,1,53.0,28,52.699999999999996,33.2
17,4,68,2,7,0,0,0,1,1,0,0,0,0,1,0,1,0,0,46.0,32,45.39999999999999,43.8
19,3,73,1,4,1,1,1,0,1,1,0,0,0,1,1,0,0,0,49.5,27,55.05,25.799999999999997
19,5,91,1,8,1,1,1,1,1,0,0,1,0,0,0,0,0,1,66.5,9,57.349999999999994,32.6
20,3,68,4,8,0,0,0,1,1,0,0,0,0,1,1,0,0,0,30.0,32,31.799999999999997,59.8
25,8,80,1,7,2,2,2,0,1,0,0,0,0,1,0,0,0,0,87.0,20,74.1,23.0
21,1,87,4,6,0,0,0,1,1,0,0,0,0,1,1,0,0,0,27.5,13,34.85,48.2
19,3,82,4,4,1,1,1,0,1,1,0,0,0,0,0,1,0,0,45.0,18,51.89999999999999,34.2
21,5,89,1,7,2,2,2,0,1,0,1,0,1,0,0,0,1,0,67.5,11,60.45,28.4
20,1,77,1,3,2,2,2,1,0,0,0,1,0,0,1,0,0,0,37.5,23,49.05,25.200000000000003
21,4,78,0,6,1,1,1,0,0,0,0,0,0,1,0,1,0,0,59.0,22,56.9,26.799999999999997
22,3,78,2,3,1,1,1,0,1,0,1,0,0,0,0,0,0,0,51.0,22,58.5,22.8
23,3,86,2,3,3,3,3,0,1,0,1,1,0,0,0,0,0,0,55.0,14,61.3,19.6
20,5,100,1,5,2,2,2,0,1,1,0,1,0,0,0,0,0,0,77.0,0,71.9,14.0
24,4,81,1,6,1,1,1,0,1,0,0,0,0,1,0,0,0,0,57.5,19,55.85,29.6
23,3,80,1,7,0,0,0,0,1,0,1,1,0,0,1,0,0,0,47.0,20,46.099999999999994,38.0
19,5,74,6,5,1,1,1,1,1,0,0,0,0,0,0,0,0,1,49.0,26,52.3,44.4
25,4,95,2,4,1,1,1,0,0,1,1,1,0,0,0,0,0,1,65.5,5,66.25,18.0
21,2,78,6,4,2,2,2,1,1,0,1,1,0,0,0,0,1,0,29.0,22,40.699999999999996,46.8
19,3,77,2,6,0,0,0,0,1,1,0,1,0,0,1,0,0,0,44.5,23,46.75,38.2
24,3,80,2,6,1,1,1,0,1,0,0,0,1,0,0,0,0,0,46.0,20,47.8,37.0
25,5,96,3,5,3,3,3,0,1,0,0,1,0,0,0,1,0,0,69.0,4,66.3,23.6
20,4,77,3,5,2,2,2,0,1,1,0,0,0,1,0,0,0,1,51.5,23,54.05,34.2
19,5,81,1,8,1,1,1,1,1,0,1,0,1,0,0,0,1,0,61.5,19,53.849999999999994,36.6
20,4,61,4,7,1,1,1,1,1,0,1,0,0,1,0,0,0,1,36.5,39,38.75,54.599999999999994
22,3,89,1,3,1,1,1,0,1,0,0,1,0,0,0,0,1,0,59.5,11,64.45,14.399999999999999
23,4,79,1,7,4,3,3,0,1,0,1,1,0,0,1,0,0,0,54.5,21,51.349999999999994,35.4
22,4,89,0,8,1,1,1,1,1,0,0,0,0,1,0,1,0,0,60.5,11,53.14999999999999,32.4
21,3,87,1,4,0,0,0,0,0,1,1,0,1,0,0,0,1,0,56.5,13,59.949999999999996,20.2
24,2,83,2,7,1,2,2,0,1,1,1,0,1,0,0,0,0,1,37.5,17,39.45,43.8
20,4,78,2,10,1,2,2,1,1,0,0,1,0,0,0,0,0,0,45.0,22,37.5,54.8
23,2,82,2,6,2,2,2,0,1,0,1,0,0,1,0,1,0,0,39.0,18,42.9,39.2
20,5,71,1,5,3,3,3,0,1,1,0,0,0,0,0,0,0,0,62.5,29,61.75,25.6
21,5,83,2,5,1,1,1,0,1,1,0,0,1,0,0,0,0,0,65.5,17,63.849999999999994,24.799999999999997
20,3,86,3,5,2,3,3,0,0,0,0,0,0,0,0,1,0,0,48.0,14,51.599999999999994,33.6
20,4,82,3,2,4,3,3,0,1,0,0,0,0,1,1,0,0,0,60.0,18,67.2,17.2
20,3,82,1,2,1,1,1,0,1,1,0,0,1,0,1,0,0,0,58.0,18,65.8,12.2
24,5,77,2,6,2,3,3,0,1,0,0,0,1,0,0,0,0,1,60.5,23,57.949999999999996,32.2
19,1,80,1,5,1,1,1,1,1,1,1,1,0,0,1,0,0,0,35.0,20,42.5,34.0
19,4,73,0,6,3,3,3,0,0,1,0,1,0,0,1,0,0,0,56.5,27,55.15,28.799999999999997
25,2,77,3,5,1,0,0,0,1,1,0,1,0,0,0,0,0,0,35.5,23,42.849999999999994,40.2
23,4,98,3,5,2,3,3,0,1,0,0,0,1,0,0,0,0,1,62.0,2,61.4,25.799999999999997
17,4,82,1,5,0,0,0,0,1,0,1,0,0,1,0,0,1,0,60.0,18,60.0,24.200000000000003
19,4,85,3,1,4,4,4,0,1,1,0,0,0,1,1,0,0,0,63.5,15,72.05,11.0
17,6,81,4,3,2,3,3,0,1,1,0,0,0,1,0,0,0,0,70.5,19,72.14999999999999,20.6
18,3,82,1,4,1,1,1,0,0,0,1,1,0,0,0,1,0,0,54.0,18,58.199999999999996,22.2
17,2,83,0,5,2,2,2,0,0,0,0,1,0,0,0,0,1,0,47.5,17,51.25,25.8
20,4,80,2,2,2,2,2,0,1,0,0,0,0,0,0,0,0,1,62.0,20,68.6,14.0
18,3,86,2,3,2,2,2,0,1,0,1,1,0,0,0,1,0,0,55.0,14,61.3,19.6
21,5,76,1,6,3,2,2,0,1,1,0,0,0,1,0,0,0,0,63.0,24,59.699999999999996,28.6
17,5,70,2,6,2,2,2,0,1,0,0,0,0,0,0,0,0,1,57.0,30,55.5,35.0
21,5,83,0,1,4,4,3,0,0,1,0,0,0,1,0,0,1,0,79.5,17,83.25,0.0
20,3,90,0,5,1,1,1,0,1,0,0,0,0,1,0,0,0,1,59.0,10,59.3,20.0
24,6,76,1,5,3,3,3,0,1,1,1,1,0,0,0,0,0,1,73.0,24,69.1,20.6
24,5,88,2,3,3,3,3,0,1,1,1,0,0,1,0,0,1,0,72.0,12,73.2,12.8
22,3,87,3,5,2,2,2,0,1,0,1,1,0,0,0,0,0,0,48.5,13,51.949999999999996,33.2
20,3,94,2,6,2,2,2,0,1,1,0,0,0,1,0,0,0,1,53.0,6,52.699999999999996,31.4
25,5,96,2,6,3,2,2,0,1,1,1,0,0,0,1,0,0,0,70.0,4,64.6,24.6
17,4,86,1,5,2,1,1,0,1,0,0,0,1,0,1,0,0,0,62.0,14,61.4,22.6
17,3,81,3,6,0,0,0,0,1,0,1,1,0,0,0,0,1,0,43.5,19,46.05,40.6
20,3,69,4,5,1,1,1,1,1,0,1,0,1,0,0,0,1,0,36.5,31,43.55,44.4
26,3,89,1,1,3,3,3,0,1,0,1,0,0,1,0,0,0,1,63.5,11,72.05,4.4
20,5,91,1,5,2,2,2,0,1,0,0,0,0,1,1,0,0,0,72.5,9,68.75,17.6
20,3,79,1,3,0,0,0,0,1,0,1,0,0,1,0,0,0,1,54.5,21,60.95,18.4
17,5,84,3,5,2,1,1,0,1,1,0,1,0,0,0,0,0,0,63.0,16,62.099999999999994,28.4
23,4,73,2,5,1,1,1,0,1,1,0,0,1,0,1,0,0,0,52.5,27,54.75,31.799999999999997
23,5,77,1,5,3,3,3,0,1,0,1,0,1,0,0,0,0,0,65.5,23,63.849999999999994,23.200000000000003
22,2,71,3,4,0,0,0,0,1,1,0,0,0,1,0,0,0,1,34.5,29,44.55,37.6
19,5,84,2,4,3,3,3,0,1,1,0,0,1,0,0,0,0,1,68.0,16,68.0,19.4
19,5,78,3,6,2,3,2,0,0,0,0,0,0,1,0,0,0,1,58.0,22,56.199999999999996,35.8
18,4,92,2,3,2,2,2,0,1,0,1,0,0,1,0,1,0,0,66.0,8,69.0,14.2
21,3,83,2,4,1,1,1,0,1,1,0,0,1,0,0,0,0,1,51.5,17,56.449999999999996,25.799999999999997
18,5,84,4,2,3,3,3,0,0,0,1,0,1,0,1,0,0,0,66.0,16,71.39999999999999,17.4
18,3,82,2,6,2,3,3,0,0,1,0,0,1,0,0,0,0,1,47.0,18,48.5,36.2
20,3,94,0,3,3,3,3,0,1,0,1,0,1,0,0,0,0,0,65.0,6,68.3,8.399999999999999
19,4,93,4,5,3,2,2,0,1,1,0,0,0,1,0,1,0,0,56.5,7,57.55,31.799999999999997
19,2,80,2,6,0,0,0,0,1,1,0,0,0,0,0,0,0,1,38.0,20,42.199999999999996,40.0
22,3,84,0,7,1,1,1,0,1,1,0,0,0,0,1,0,0,0,52.0,16,49.599999999999994,32.4
21,2,93,1,4,3,3,3,0,0,0,0,0,0,1,1,0,0,0,51.5,7,56.449999999999996,20.8
20,1,72,2,6,1,1,1,1,1,1,0,1,0,0,0,0,1,0,26.0,28,33.8,46.2
21,6,84,3,5,3,2,2,0,1,0,0,1,0,0,0,0,0,1,71.0,16,67.69999999999999,25.4
18,3,79,4,2,2,2,2,0,1,1,0,0,0,0,1,0,0,0,47.5,21,58.45,25.4
21,4,93,0,2,3,3,3,0,1,1,0,0,0,1,0,1,0,0,74.5,7,77.35,0.8000000000000007
21,6,86,1,7,3,2,2,0,1,0,0,0,1,0,0,0,0,1,74.0,14,65.0,26.6
17,3,68,0,7,0,0,0,1,1,0,1,0,0,1,0,0,0,1,44.0,32,44.0,38.8
23,2,78,3,1,3,3,3,0,1,0,1,0,0,0,0,0,0,0,44.0,22,58.39999999999999,19.8
19,6,93,4,6,3,3,3,0,0,0,1,0,1,0,1,0,0,0,70.5,7,64.94999999999999,30.799999999999997
21,2,89,2,6,1,2,2,0,0,1,0,0,1,0,0,0,0,0,42.5,11,45.349999999999994,36.4
23,3,73,0,4,3,3,3,0,1,1,1,0,0,0,1,0,0,0,52.5,27,57.15,21.8
23,3,74,1,4,4,3,3,0,0,0,0,1,0,0,0,0,1,0,50.0,26,55.4,25.4
21,4,82,0,3,1,0,0,0,1,0,0,1,0,0,1,0,0,0,67.0,18,69.7,10.2
20,1,81,3,2,1,1,1,1,1,0,0,0,1,0,0,0,1,0,35.5,19,50.05,26.6
23,4,79,7,3,1,2,2,1,1,0,1,1,0,0,0,1,0,0,44.5,21,53.95,39.4
22,4,78,1,6,2,2,2,0,1,1,1,1,0,0,0,0,0,1,56.0,22,54.8,30.799999999999997
19,5,77,0,4,1,1,1,0,1,0,1,0,1,0,0,0,0,0,70.5,23,69.75,14.200000000000003
19,5,100,2,6,1,1,1,0,1,1,0,0,0,0,1,0,0,0,72.0,0,66.0,23.0
17,4,79,2,5,3,4,4,0,0,0,1,0,0,1,1,0,0,0,55.5,21,56.849999999999994,29.4
21,3,76,0,6,0,0,0,0,1,1,0,0,0,1,0,0,0,1,50.0,24,50.6,30.6
20,4,86,3,5,1,1,1,0,0,1,0,0,0,0,0,0,0,1,56.0,14,57.199999999999996,30.6
23,3,81,0,1,2,2,2,0,1,0,0,0,1,0,0,0,0,0,62.5,19,71.35,3.6000000000000014
21,4,74,2,4,2,1,1,0,1,1,0,0,1,0,1,0,0,0,55.0,26,58.9,26.4
23,2,80,4,6,3,3,3,0,1,0,0,0,0,1,0,0,1,0,32.0,20,38.0,48.0
19,4,81,4,5,0,0,0,0,1,0,0,0,1,0,0,0,1,0,50.5,19,53.349999999999994,36.6
23,3,85,0,3,2,3,3,0,1,0,0,0,0,0,1,0,0,0,60.5,15,65.14999999999999,12.0
19,2,84,0,8,0,0,0,1,1,0,1,0,0,0,0,1,0,0,42.0,16,40.199999999999996,40.4
22,5,73,0,6,1,2,2,0,1,1,0,1,0,0,0,0,0,0,64.5,27,60.75,25.799999999999997
17,5,86,3,3,4,4,3,0,1,1,0,1,0,0,0,0,0,1,68.0,14,70.39999999999999,17.6
21,4,89,0,7,2,2,2,0,1,0,0,1,0,0,0,0,0,1,62.5,11,56.95,27.4
17,1,73,3,9,0,1,1,1,1,1,1,0,1,0,0,0,0,0,17.5,27,20.65,64.8
20,2,75,2,4,1,1,1,0,1,0,1,1,0,0,1,0,0,0,39.5,25,48.05,32.0
22,3,80,3,4,4,4,3,0,0,0,0,0,1,0,0,1,0,0,47.0,20,53.3,31.0
19,4,83,0,3,3,3,3,0,1,0,0,0,1,0,1,0,0,0,67.5,17,70.05,9.8
18,4,84,3,8,0,0,0,1,1,0,0,0,1,0,1,0,0,0,49.0,16,45.099999999999994,46.4
22,4,81,1,4,4,3,3,0,1,0,1,0,0,0,0,0,1,0,61.5,19,63.449999999999996,19.6
20,4,70,2,3,1,1,1,0,1,0,0,0,1,0,0,0,0,1,55.0,30,61.3,23.0
19,4,75,0,5,3,3,3,0,1,1,0,0,0,1,1,0,0,0,59.5,25,59.65,23.0
21,3,74,0,4,0,0,0,0,1,0,1,0,1,0,1,0,0,0,53.0,26,57.49999999999999,21.4
26,6,92,3,4,3,3,3,0,1,1,0,0,0,0,0,0,1,0,77.0,8,74.3,17.200000000000003
23,5,91,1,4,3,3,3,0,1,0,1,0,1,0,0,0,1,0,74.5,9,72.55,12.600000000000001
23,4,73,0,4,3,3,3,0,1,1,0,0,0,1,0,1,0,0,60.5,27,62.74999999999999,18.8
22,2,84,3,5,2,3,3,0,1,0,0,0,0,0,1,0,0,0,39.0,16,45.3,37.4
21,2,92,1,7,2,2,2,0,1,1,0,0,0,1,1,0,0,0,45.0,8,44.699999999999996,36.2
17,3,86,3,3,3,3,3,0,1,1,1,0,0,1,0,0,0,1,52.0,14,59.2,23.6
19,3,68,1,3,2,2,2,1,1,0,0,1,0,0,1,0,0,0,49.0,32,57.099999999999994,22.8
19,2,81,1,6,1,2,2,0,1,1,0,0,0,0,0,0,0,1,41.5,19,44.65,35.6
17,4,88,2,6,3,3,3,0,1,0,0,1,0,0,1,0,0,0,58.0,12,56.199999999999996,30.799999999999997
18,1,95,3,8,3,3,3,1,1,0,0,0,0,0,0,0,0,1,30.5,5,32.15,51.0
17,3,80,0,8,0,0,0,1,1,1,0,1,0,0,0,0,0,1,48.0,20,44.39999999999999,39.0
20,4,68,0,2,1,1,1,1,1,1,1,0,0,1,0,0,0,1,62.0,32,68.6,10.8
22,4,99,3,1,4,4,4,0,1,0,1,0,0,1,1,0,0,0,70.5,1,76.94999999999999,5.399999999999999
23,1,81,4,6,1,2,2,1,1,0,1,0,0,0,0,1,0,0,24.5,19,32.75,50.6
21,4,93,2,5,2,2,2,0,1,1,0,0,1,0,0,0,0,1,62.5,7,61.75,23.799999999999997
18,3,79,1,8,0,0,0,1,1,1,1,1,0,0,1,0,0,0,44.5,21,41.949999999999996,43.4
17,3,86,2,6,1,0,0,0,1,1,0,0,1,0,1,0,0,0,49.0,14,49.9,34.6
17,2,76,2,4,3,3,3,0,1,0,0,0,0,0,0,0,0,1,40.0,24,48.4,31.6
18,1,76,0,7,2,2,2,1,1,0,0,0,0,0,0,0,1,0,32.0,24,35.599999999999994,41.6
19,2,96,0,3,2,2,2,0,1,1,0,0,1,0,0,0,0,0,58.0,4,63.39999999999999,10.600000000000001
20,3,89,1,9,0,0,0,1,1,1,0,0,0,1,0,1,0,0,47.5,11,41.65,44.4
18,3,81,1,6,1,2,2,0,1,0,0,0,0,0,0,0,0,1,49.5,19,50.25,32.6
21,2,89,3,4,3,3,3,0,1,0,1,0,0,0,0,0,1,0,43.5,11,50.849999999999994,30.4
20,2,76,1,3,3,3,3,0,0,0,1,1,0,0,0,0,0,0,45.0,24,54.3,22.6
21,3,82,2,5,1,0,0,0,1,1,0,0,0,0,0,0,0,0,49.0,18,52.3,31.200000000000003
23,2,82,2,5,1,1,1,0,1,0,0,0,1,0,0,1,0,0,41.0,18,46.7,34.2
18,4,75,1,5,3,3,3,0,1,0,0,1,0,0,0,0,1,0,56.5,25,57.55,27.0
21,4,74,4,3,4,3,3,0,1,0,0,0,1,0,0,0,1,0,51.0,26,58.5,29.4
21,4,66,1,5,2,2,2,1,1,0,0,0,0,1,0,1,0,0,52.0,34,54.4,30.6
20,2,74,1,7,0,0,0,0,1,0,0,1,0,0,0,0,0,1,36.0,26,38.4,43.4
22,4,96,1,4,2,2,2,0,1,0,1,0,0,0,0,0,0,1,69.0,4,68.69999999999999,13.600000000000001
22,4,67,2,6,1,1,1,1,1,1,0,0,0,1,0,0,0,0,47.5,33,48.85,39.2
18,4,66,1,5,1,1,1,1,1,0,0,0,0,0,0,0,1,0,52.0,34,54.4,30.6
20,6,83,5,6,4,4,4,1,1,0,0,0,0,1,0,0,1,0,62.5,17,59.35,38.8
21,5,80,4,3,3,4,3,0,1,0,0,1,0,0,0,1,0,0,62.0,20,66.2,24.0
20,3,89,0,6,3,3,3,0,1,1,1,0,0,1,0,1,0,0,56.5,11,55.15,25.4
22,3,79,2,8,0,1,1,1,1,1,0,1,0,0,0,0,0,0,41.5,21,39.849999999999994,47.4
21,3,89,1,6,2,2,2,0,1,0,0,0,0,1,0,0,0,1,53.5,11,53.05,29.4
25,3,86,1,7,2,3,3,0,1,0,1,1,0,0,0,0,0,1,50.0,14,48.2,35.6
17,4,71,1,5,2,2,2,0,1,1,0,0,0,1,0,0,0,1,54.5,29,56.15,28.6
20,5,91,3,3,4,3,3,0,1,0,0,0,0,1,1,0,0,0,70.5,9,72.14999999999999,15.600000000000001
19,4,79,1,8,0,0,0,1,1,0,0,0,0,1,1,0,0,0,52.5,21,47.55,40.4
22,5,67,2,7,2,2,2,1,1,1,0,1,0,0,0,0,0,0,53.5,33,50.64999999999999,41.2
17,5,85,4,5,3,3,3,0,1,0,1,0,0,1,1,0,0,0,60.5,15,60.349999999999994,32.0
21,4,79,2,7,2,1,1,0,1,0,0,1,0,0,0,1,0,0,51.5,21,49.25,39.4
19,3,95,3,5,1,1,1,0,1,1,1,0,0,0,1,0,0,0,52.5,5,54.75,30.0
19,4,90,4,5,2,3,3,0,1,1,0,1,0,0,0,1,0,0,55.0,10,56.5,33.0
17,4,74,3,5,3,3,3,0,0,1,0,0,0,1,1,0,0,0,50.0,26,53.0,35.4
20,2,89,1,3,4,4,4,0,1,0,1,0,0,1,0,0,0,0,51.5,11,58.849999999999994,17.4
23,7,76,1,5,2,1,1,0,0,0,0,0,0,1,1,0,0,0,81.0,24,74.69999999999999,17.6
20,3,68,2,5,2,2,2,1,1,0,1,0,1,0,0,1,0,0,42.0,32,47.4,36.8
22,4,77,3,5,3,4,4,0,1,0,0,0,0,1,0,0,0,0,51.5,23,54.05,34.2
24,3,71,0,6,1,1,1,0,1,0,0,0,0,0,0,0,0,1,47.5,29,48.85,32.6
21,5,81,1,6,2,1,1,0,1,1,0,1,0,0,0,0,0,1,65.5,19,61.449999999999996,26.6
19,4,97,2,6,2,2,2,0,1,1,1,0,0,1,1,0,0,0,62.5,3,59.35,27.200000000000003
22,2,82,1,6,1,1,1,0,1,1,1,0,0,1,0,0,1,0,42.0,18,45.0,35.2
19,5,85,1,6,2,2,2,0,1,0,1,0,1,0,0,0,0,1,67.5,15,62.85,25.0
19,5,74,3,5,3,3,3,0,1,0,1,0,0,0,1,0,0,0,58.0,26,58.599999999999994,32.4
17,3,77,1,6,2,1,1,0,1,0,0,0,1,0,0,1,0,0,47.5,23,48.85,34.2
23,5,86,2,6,2,2,2,0,1,1,1,0,0,0,0,0,0,0,65.0,14,61.1,28.6
20,3,81,1,4,2,2,2,0,1,0,0,1,0,0,0,1,0,0,53.5,19,57.849999999999994,22.6
21,4,76,1,3,2,2,2,0,1,1,0,1,0,0,0,1,0,0,61.0,24,65.5,16.6
18,5,90,3,6,2,2,2,0,1,0,0,0,0,0,0,0,1,0,64.0,10,60.4,31.0
22,4,68,4,5,3,3,3,1,1,1,0,0,0,0,0,0,0,1,44.0,32,48.8,41.8
19,4,98,3,6,3,3,3,0,1,0,0,1,0,0,0,0,0,0,60.0,2,57.6,30.799999999999997
20,5,87,1,7,2,3,3,0,1,0,1,0,1,0,1,0,0,0,66.5,13,59.75,29.200000000000003
22,6,72,4,5,4,3,3,0,1,0,1,0,1,0,0,0,0,1,62.0,28,61.4,34.2
22,5,82,1,5,3,2,2,0,1,1,0,0,1,0,0,0,0,1,68.0,18,65.6,21.200000000000003
21,4,72,0,6,0,0,0,0,1,0,0,0,1,0,0,1,0,0,56.0,28,54.8,29.200000000000003
17,3,98,2,3,3,3,3,0,1,0,0,0,1,0,0,0,0,0,61.0,2,65.5,14.8
27,4,74,1,5,1,1,1,0,1,1,0,0,1,0,1,0,0,0,56.0,26,57.199999999999996,27.4
24,2,90,0,5,1,2,2,0,1,0,1,1,0,0,0,1,0,0,51.0,10,53.699999999999996,23.0
22,4,89,3,7,2,2,2,0,0,0,0,0,0,1,1,0,0,0,53.5,11,50.64999999999999,39.4
19,2,76,4,4,2,3,3,0,1,1,0,0,1,0,0,0,1,0,34.0,24,44.199999999999996,39.6
20,3,84,1,5,2,2,2,0,1,1,0,0,1,0,0,0,0,1,53.0,16,55.099999999999994,26.4
19,4,84,1,5,2,2,2,0,1,1,0,0,1,0,0,0,0,1,61.0,16,60.699999999999996,23.4
23,3,88,2,1,4,4,3,0,1,0,0,1,0,0,1,0,0,0,60.0,12,69.6,8.8
21,5,83,2,4,3,3,3,0,1,1,0,0,0,1,0,1,0,0,67.5,17,67.65,19.799999999999997
19,3,76,2,5,4,3,3,0,1,1,1,0,0,1,0,1,0,0,46.0,24,50.199999999999996,33.6
20,4,86,4,5,2,2,2,0,0,0,1,0,0,0,0,0,0,1,53.0,14,55.099999999999994,34.6
23,3,86,0,5,0,0,0,0,1,1,1,0,0,1,0,0,0,1,57.0,14,57.9,21.6
24,3,74,3,7,0,1,1,0,1,1,1,0,0,1,1,0,0,0,38.0,26,39.8,48.4
24,5,63,5,7,1,1,1,1,1,1,0,0,0,1,1,0,0,0,42.5,37,42.949999999999996,54.8
22,4,71,1,5,3,2,2,0,1,0,1,1,0,0,0,0,1,0,54.5,29,56.15,28.6
20,4,85,0,6,3,3,3,0,1,1,0,0,0,1,1,0,0,0,62.5,15,59.35,24.0
17,3,85,1,6,2,2,2,0,0,1,0,0,0,1,0,0,0,0,51.5,15,51.65,31.0
21,4,77,0,5,2,1,1,0,1,1,1,0,1,0,0,0,1,0,60.5,23,60.349999999999994,22.200000000000003
21,3,89,1,1,3,2,3,0,1,1,0,1,0,0,1,0,0,0,63.5,11,72.05,4.4
21,5,92,0,6,2,2,3,0,1,0,0,1,0,0,0,1,0,0,74.0,8,67.39999999999999,18.200000000000003
21,4,88,3,4,1,2,2,0,1,0,0,1,0,0,0,0,0,1,59.0,12,61.699999999999996,24.799999999999997
18,5,83,2,5,2,2,2,0,1,0,0,1,0,0,0,0,1,0,65.5,17,63.849999999999994,24.799999999999997
22,5,72,3,3,0,0,0,0,1,0,1,0,0,0,0,0,0,1,61.0,28,65.5,23.200000000000003
22,4,79,2,5,3,3,3,0,1,1,0,0,0,1,0,1,0,0,55.5,21,56.849999999999994,29.4
22,6,80,1,7,0,0,0,0,1,1,1,0,0,0,0,1,0,0,71.0,20,62.89999999999999,29.0
23,3,77,1,8,1,1,1,1,1,1,0,0,1,0,0,1,0,0,43.5,23,41.25,44.2
22,5,87,1,4,1,1,1,0,1,0,0,0,0,0,0,1,0,0,72.5,13,71.15,14.2
20,4,67,1,8,0,1,1,1,1,0,1,0,0,1,0,0,0,1,46.5,33,43.349999999999994,45.2
20,4,76,3,4,0,0,0,0,1,1,1,0,0,0,0,0,0,0,53.0,24,57.49999999999999,29.6
21,1,77,4,4,1,0,0,1,1,1,0,0,0,0,0,1,0,0,26.5,23,38.949999999999996,42.2
21,4,76,1,2,4,4,3,0,1,1,0,0,1,0,0,0,0,0,63.0,24,69.3,11.600000000000001
23,5,97,5,6,4,4,3,1,1,0,1,0,1,0,0,1,0,0,61.5,3,58.65,36.2
22,4,81,4,5,2,2,2,0,1,0,0,1,0,0,0,1,0,0,50.5,19,53.349999999999994,36.6
25,5,76,0,5,1,1,1,0,1,0,1,1,0,0,1,0,0,0,68.0,24,65.6,19.6
25,5,81,2,4,3,4,4,0,1,0,0,0,0,1,1,0,0,0,66.5,19,66.94999999999999,20.6
21,3,88,5,3,2,2,2,1,1,1,1,0,1,0,0,0,0,0,47.0,12,55.7,30.799999999999997
17,4,66,0,6,1,1,1,1,1,0,0,0,1,0,0,0,1,0,53.0,34,52.699999999999996,31.6
23,3,82,1,5,1,1,1,0,1,1,0,1,0,0,0,0,0,0,52.0,18,54.4,27.200000000000003
19,3,78,2,7,1,1,1,0,1,1,1,0,0,1,0,0,0,1,43.0,22,43.3,42.8
19,4,84,4,3,1,1,1,0,1,0,0,1,0,0,1,0,0,0,56.0,16,62.0,25.4
20,4,72,1,5,1,1,1,0,1,1,0,0,0,1,0,0,0,0,55.0,28,56.5,28.200000000000003
20,4,80,2,5,1,1,1,0,1,0,0,0,0,0,0,0,0,0,56.0,20,57.199999999999996,29.0
22,3,80,2,4,3,3,3,0,1,0,0,1,0,0,0,0,0,0,50.0,20,55.4,27.0
17,4,71,0,4,3,3,3,0,1,0,0,0,1,0,0,0,0,0,59.5,29,62.05,19.6
18,4,96,2,4,4,3,3,0,1,1,1,0,0,1,0,0,0,0,66.0,4,66.6,17.6
21,3,85,3,3,3,3,3,0,1,0,0,0,1,0,1,0,0,0,51.5,15,58.849999999999994,24.0
22,2,89,3,8,2,2,2,1,1,0,0,0,1,0,0,1,0,0,35.5,11,35.65,50.4
22,2,79,2,1,2,2,2,0,1,0,0,0,0,0,0,0,1,0,47.5,21,60.849999999999994,15.399999999999999
19,3,83,3,3,4,4,3,0,1,0,0,0,1,0,0,0,0,1,50.5,17,58.14999999999999,24.799999999999997
18,1,72,2,6,1,1,1,1,1,0,0,1,0,0,0,0,1,0,26.0,28,33.8,46.2
19,4,76,1,5,2,2,2,0,1,0,1,0,0,0,0,0,0,1,57.0,24,57.9,26.6
21,2,74,2,5,1,1,1,0,1,0,1,1,0,0,0,0,0,0,37.0,26,43.9,37.4
24,4,84,1,5,0,0,0,0,0,1,0,0,0,0,1,0,0,0,61.0,16,60.699999999999996,23.4
17,3,95,1,6,3,4,3,0,1,0,0,0,1,0,0,0,0,1,56.5,5,55.15,27.0
20,1,89,2,5,3,3,3,1,1,1,0,0,0,0,0,0,1,0,36.5,11,43.55,34.4
18,2,96,1,4,3,3,3,0,1,0,1,0,0,1,0,0,1,0,53.0,4,57.49999999999999,19.6
17,4,88,5,5,4,3,3,1,1,1,0,0,0,1,0,0,0,0,51.0,12,53.699999999999996,37.8
23,5,85,1,5,2,3,3,0,1,0,1,0,0,0,0,0,1,0,69.5,15,66.65,20.0
22,3,74,1,8,2,2,2,1,1,1,0,1,0,0,0,0,0,0,42.0,26,40.199999999999996,45.4
22,4,84,1,4,3,3,3,0,1,0,1,1,0,0,0,0,0,0,63.0,16,64.5,18.4
23,3,78,1,6,2,2,2,0,1,1,0,1,0,0,0,1,0,0,48.0,22,49.199999999999996,33.8
19,3,88,2,7,4,3,3,0,0,1,0,0,0,0,0,0,0,0,48.0,12,46.8,38.8
20,2,71,0,3,0,0,0,0,1,0,0,0,0,0,0,0,1,0,45.5,29,54.65,20.6
25,3,81,2,3,1,1,1,0,1,0,1,0,0,1,0,0,0,0,52.5,19,59.55,21.6
20,3,82,3,9,1,1,1,1,1,0,1,1,0,0,0,0,1,0,38.0,18,35.0,55.2
22,5,96,2,4,4,3,3,0,1,0,1,1,0,0,0,0,0,0,74.0,4,72.19999999999999,14.600000000000001
21,3,73,3,5,0,0,0,0,1,0,0,0,1,0,0,0,0,0,41.5,27,47.05,38.8
17,4,91,3,5,1,1,1,0,1,0,1,0,1,0,1,0,0,0,58.5,9,58.949999999999996,28.6
17,2,88,0,5,2,2,2,0,0,1,1,1,0,0,0,0,0,0,50.0,12,53.0,23.8
19,3,80,2,4,1,1,1,0,1,0,0,1,0,0,0,0,0,0,50.0,20,55.4,27.0
23,2,85,7,5,1,1,1,1,1,1,0,0,0,0,0,0,0,0,27.5,15,37.25,53.0
22,3,80,5,4,1,1,1,1,1,0,0,0,1,0,0,1,0,0,41.0,20,49.099999999999994,39.0
23,5,82,1,5,3,3,3,0,1,0,1,0,1,0,0,0,0,1,68.0,18,65.6,21.200000000000003
18,3,88,2,2,2,2,2,0,1,0,0,1,0,0,0,0,1,0,58.0,12,65.8,13.8
24,5,100,2,5,2,2,2,0,1,0,1,0,1,0,0,1,0,0,74.0,0,69.8,18.0
18,3,89,3,6,1,0,0,0,1,0,0,0,0,1,0,1,0,0,47.5,11,48.85,37.4
21,4,84,0,7,1,1,1,0,1,0,0,0,1,0,1,0,0,0,60.0,16,55.2,29.4
21,5,93,4,7,3,3,3,0,1,0,0,0,0,0,0,0,0,1,60.5,7,55.55,38.8
20,4,70,1,4,2,2,2,0,1,0,1,0,0,0,0,0,0,1,56.0,30,59.599999999999994,24.0
23,4,63,1,5,1,1,1,1,1,1,0,1,0,0,0,0,1,0,50.5,37,53.349999999999994,31.799999999999997
19,4,82,2,3,4,3,3,0,1,1,0,1,0,0,0,0,0,0,61.0,18,65.5,18.2
18,3,73,0,4,0,0,0,0,1,1,0,0,1,0,0,0,0,1,52.5,27,57.15,21.8
21,2,77,2,8,2,2,2,1,1,0,1,0,1,0,0,0,1,0,32.5,23,33.55,51.2
20,3,68,3,5,0,0,0,1,1,1,0,0,1,0,0,1,0,0,39.0,32,45.3,40.8
28,4,71,2,5,1,2,2,0,0,0,1,0,0,1,0,0,0,1,51.5,29,54.05,32.6
22,5,80,4,5,3,2,2,0,1,0,0,1,0,0,0,0,1,0,58.0,20,58.599999999999994,34.0
20,4,74,0,8,1,0,0,1,0,0,0,0,1,0,0,1,0,0,53.0,26,47.89999999999999,38.4
18,3,85,1,6,1,1,1,0,0,0,0,0,0,0,0,1,0,0,51.5,15,51.65,31.0
17,3,84,3,8,1,2,2,1,1,1,0,0,0,1,1,0,0,0,41.0,16,39.5,49.4
18,4,84,1,4,0,0,0,0,1,0,1,1,0,0,0,0,1,0,63.0,16,64.5,18.4
21,4,78,3,3,1,1,1,0,1,0,0,1,0,0,0,0,1,0,56.0,22,62.0,23.799999999999997
24,4,90,4,4,3,2,2,0,1,0,1,0,0,1,1,0,0,0,57.0,10,60.3,28.0
23,3,86,3,6,0,0,0,0,1,0,1,0,0,1,0,0,1,0,46.0,14,47.8,38.6
21,2,83,4,8,1,1,1,1,1,1,0,0,0,0,0,0,1,0,29.5,17,31.449999999999996,56.8
20,3,83,1,6,3,3,3,0,1,1,0,1,0,0,0,1,0,0,50.5,17,50.949999999999996,31.799999999999997
21,3,80,1,7,0,0,0,0,0,0,0,0,1,0,0,0,0,1,47.0,20,46.099999999999994,38.0
19,4,92,1,5,3,3,3,0,1,0,0,0,0,1,1,0,0,0,65.0,8,63.5,20.200000000000003
24,2,91,0,3,3,2,2,0,0,1,0,1,0,0,1,0,0,0,55.5,9,61.64999999999999,12.600000000000001
20,3,79,0,9,1,1,1,1,1,0,1,0,1,0,0,1,0,0,45.5,21,40.25,44.4
20,4,83,2,6,4,4,4,0,1,1,0,0,1,0,0,0,0,1,55.5,17,54.449999999999996,32.8
17,4,78,1,5,1,0,0,0,1,0,1,1,0,0,0,0,0,0,58.0,22,58.599999999999994,25.799999999999997
20,6,100,0,7,2,2,2,0,1,0,0,0,1,0,0,0,0,0,84.0,0,72.0,17.0
22,4,80,1,2,2,2,2,0,1,1,0,1,0,0,0,0,1,0,65.0,20,70.7,10.0
18,2,91,1,4,2,2,2,0,0,0,0,0,1,0,0,0,0,0,50.5,9,55.74999999999999,21.6
19,2,100,4,6,0,0,0,0,1,1,0,0,1,0,0,0,1,0,42.0,0,45.0,40.0
22,4,84,0,5,3,3,3,0,1,0,0,0,0,0,0,0,0,0,64.0,16,62.8,19.4
17,3,68,0,5,2,3,3,1,1,1,0,0,0,1,0,0,0,1,48.0,32,51.599999999999994,28.799999999999997
23,3,94,1,7,1,1,1,0,1,1,1,0,0,0,0,0,0,1,54.0,6,51.0,32.4
19,2,77,0,5,1,2,2,0,0,1,0,0,1,0,0,0,0,0,44.5,23,49.15,28.200000000000003
20,2,76,1,9,0,0,0,1,1,1,0,0,1,0,0,0,0,1,33.0,24,31.5,52.6
18,5,96,0,5,1,1,1,0,1,0,1,0,0,0,1,0,0,0,78.0,4,72.6,11.600000000000001
21,5,71,3,6,1,1,1,0,1,0,0,1,0,0,0,0,0,0,54.5,29,53.75,38.6
26,4,93,2,6,0,0,0,0,0,1,0,0,0,0,0,1,0,0,60.5,7,57.949999999999996,28.799999999999997
22,4,80,4,4,1,1,1,0,1,0,1,0,0,0,0,0,1,0,52.0,20,56.8,32.0
19,2,67,0,3,3,3,3,1,1,0,0,1,0,0,0,1,0,0,43.5,33,53.25,22.200000000000003
23,4,89,1,5,4,3,3,0,1,0,1,0,0,1,0,0,0,1,63.5,11,62.449999999999996,21.4
20,3,64,0,9,0,0,0,1,0,0,0,0,1,0,0,0,0,1,38.0,36,35.0,50.4
24,5,81,2,4,1,1,1,0,1,0,0,1,0,0,1,0,0,0,66.5,19,66.94999999999999,20.6
22,4,68,2,6,1,1,1,1,1,1,0,1,0,0,0,0,1,0,48.0,32,49.199999999999996,38.8
17,1,79,1,5,2,2,2,1,1,1,1,0,0,0,0,1,0,0,34.5,21,42.15,34.4
18,4,72,2,5,3,3,3,0,1,0,0,0,0,1,0,1,0,0,52.0,28,54.4,32.2
23,3,85,0,7,3,3,3,0,1,0,0,1,0,0,0,0,1,0,52.5,15,49.95,32.0
21,2,83,2,5,1,1,1,0,1,0,0,0,0,1,0,0,0,1,41.5,17,47.05,33.8
18,5,90,3,4,1,1,1,0,1,0,0,0,0,1,1,0,0,0,68.0,10,68.0,21.0
19,1,82,1,8,0,0,0,1,1,0,0,0,0,1,0,0,0,0,30.0,18,31.799999999999997,48.2
17,3,80,4,4,2,2,2,0,1,0,0,0,1,0,0,0,0,0,44.0,20,51.199999999999996,35.0
20,1,84,1,6,2,2,2,1,0,0,0,0,1,0,0,0,0,1,35.0,16,40.1,37.4
25,3,76,3,2,0,1,1,0,1,0,1,1,0,0,0,0,1,0,49.0,24,59.5,22.6
22,2,88,4,7,2,3,3,0,1,0,1,0,0,0,0,1,0,0,34.0,12,37.0,49.8
25,3,82,1,10,1,1,1,1,1,0,0,0,0,0,0,0,1,0,42.0,18,35.4,52.2
22,2,87,1,5,4,3,3,0,1,1,0,0,0,0,0,0,1,0,46.5,13,50.55,28.200000000000003
23,3,80,0,3,1,1,1,0,1,0,0,0,0,1,0,0,0,0,58.0,20,63.39999999999999,14.0
25,5,86,2,6,3,4,4,0,1,1,1,1,0,0,0,1,0,0,65.0,14,61.1,28.6
21,3,87,2,5,3,3,3,0,1,0,0,1,0,0,0,1,0,0,51.5,13,54.05,29.200000000000003
20,0,65,1,9,0,0,0,1,1,1,0,0,1,0,0,1,0,0,11.5,35,16.45,63.0
23,3,70,4,4,3,2,2,0,1,0,0,0,0,0,0,0,1,0,39.0,30,47.699999999999996,39.0
24,5,77,3,3,4,3,3,0,1,1,0,0,1,0,0,0,0,0,63.5,23,67.25,21.200000000000003
19,4,81,1,6,0,0,0,0,1,0,0,0,1,0,1,0,0,0,57.5,19,55.85,29.6
19,5,92,0,6,1,1,1,0,1,1,0,0,1,0,0,0,0,1,74.0,8,67.39999999999999,18.200000000000003
21,3,85,2,4,2,2,2,0,0,0,1,0,0,0,0,0,1,0,52.5,15,57.15,25.0
22,4,86,3,7,1,1,1,0,1,0,0,0,0,0,1,0,0,0,52.0,14,49.599999999999994,40.6
22,3,94,1,5,1,1,1,0,1,0,0,0,0,1,0,0,1,0,58.0,6,58.599999999999994,22.4
17,4,93,2,5,3,3,3,0,1,0,1,0,0,1,0,0,0,1,62.5,7,61.75,23.799999999999997
25,5,73,1,6,4,4,3,0,1,1,0,0,0,1,0,1,0,0,61.5,27,58.65,29.799999999999997
19,2,91,1,5,2,2,2,0,1,0,0,0,0,0,0,0,0,1,48.5,9,51.949999999999996,26.6
20,1,82,2,4,3,3,3,1,1,0,0,0,1,0,0,1,0,0,35.0,18,44.9,32.2
19,4,77,5,5,1,1,1,1,1,1,0,1,0,0,0,0,1,0,45.5,23,49.849999999999994,42.2
26,4,79,2,4,0,0,0,0,1,0,0,0,1,0,0,0,0,1,57.5,21,60.65,24.4
21,6,77,2,10,1,1,1,1,1,1,0,1,0,0,1,0,0,0,60.5,23,48.349999999999994,49.2
19,4,83,0,5,3,3,3,0,1,0,1,0,0,0,0,0,0,1,63.5,17,62.449999999999996,19.8
22,4,81,4,3,1,1,1,0,1,1,0,0,0,0,0,0,0,0,54.5,19,60.95,26.6
22,3,91,1,7,1,1,1,0,1,0,1,0,0,1,0,0,0,1,52.5,9,49.95,33.6
20,3,97,1,5,1,1,1,0,1,0,1,0,1,0,1,0,0,0,59.5,3,59.65,21.2
22,4,78,2,6,4,3,3,0,1,1,1,0,0,1,1,0,0,0,53.0,22,52.699999999999996,34.8
19,6,71,3,6,1,1,1,0,1,0,1,1,0,0,0,1,0,0,62.5,29,59.35,35.6
19,4,87,4,8,1,1,1,1,1,0,0,0,0,0,1,0,0,0,47.5,13,44.05,49.2
17,4,89,1,3,4,4,4,0,1,0,0,0,0,1,0,0,1,0,67.5,11,70.05,11.399999999999999
18,3,85,3,8,0,0,0,1,1,0,1,0,0,1,1,0,0,0,41.5,15,39.849999999999994,49.0
25,3,69,3,6,1,2,2,1,0,0,1,0,1,0,1,0,0,0,37.5,31,41.85,45.4
24,5,75,2,5,3,3,3,0,1,0,1,0,0,1,0,1,0,0,61.5,25,61.05,28.0
21,2,83,1,4,3,3,3,0,1,1,0,0,1,0,0,0,0,0,46.5,17,52.949999999999996,24.8
24,3,77,0,5,1,1,1,0,1,0,0,0,0,1,0,1,0,0,52.5,23,54.75,25.200000000000003
20,3,74,0,5,0,0,0,0,0,0,1,1,0,0,1,0,0,0,51.0,26,53.699999999999996,26.4
20,4,99,5,8,3,3,3,1,0,0,0,0,0,0,0,0,1,0,50.5,1,46.14999999999999,48.4
21,4,59,0,5,1,1,1,1,1,0,0,0,1,0,0,0,0,1,51.5,41,54.05,29.400000000000006
20,5,91,2,4,1,1,1,0,1,0,1,0,0,1,0,0,0,0,71.5,9,70.44999999999999,16.6
20,7,85,2,9,3,2,2,1,1,1,1,0,1,0,0,0,0,1,74.5,15,60.55,38.0
23,2,86,3,7,0,0,0,0,1,1,0,0,0,1,1,0,0,0,36.0,14,38.4,46.6
21,4,91,1,6,2,2,2,0,1,0,0,0,0,1,0,0,1,0,62.5,9,59.35,25.6
22,3,76,2,5,1,2,2,0,1,1,1,0,0,1,0,0,0,1,46.0,24,50.199999999999996,33.6
23,5,79,1,4,2,2,2,0,1,1,0,1,0,0,0,1,0,0,68.5,21,68.35,17.4
21,6,85,1,6,4,3,3,0,1,0,1,0,0,1,0,1,0,0,75.5,15,68.44999999999999,22.0
18,4,67,1,5,0,0,0,1,1,0,0,0,1,0,0,1,0,0,52.5,33,54.75,30.200000000000003
18,5,95,1,4,2,2,2,0,1,0,1,1,0,0,0,0,0,1,76.5,5,73.94999999999999,11.0
21,2,82,0,7,2,2,2,0,1,0,0,1,0,0,0,0,0,1,43.0,18,43.3,36.2
20,5,74,0,5,1,1,1,0,1,1,0,0,1,0,0,0,0,0,67.0,26,64.9,20.4
21,6,90,0,6,2,2,2,0,1,0,0,0,0,1,0,1,0,0,81.0,10,72.3,16.0
21,3,82,2,7,2,1,1,0,1,0,1,0,1,0,0,1,0,0,45.0,18,44.699999999999996,41.2
26,4,76,2,5,1,1,1,0,0,1,1,0,1,0,0,1,0,0,54.0,24,55.8,30.6
18,2,89,0,2,2,2,2,0,1,0,0,0,0,1,0,0,1,0,56.5,11,64.75,8.4
17,3,63,4,6,2,2,2,1,1,1,0,0,0,1,0,0,0,1,31.5,37,37.65,51.8
21,4,85,2,5,4,3,3,0,1,1,0,1,0,0,1,0,0,0,58.5,15,58.949999999999996,27.0
20,7,92,1,4,3,2,2,0,1,1,0,0,1,0,0,0,0,1,91.0,8,84.1,6.199999999999999
21,1,75,5,5,1,1,1,1,1,0,0,1,0,0,0,0,0,1,20.5,25,32.35,52.0
22,4,71,2,4,1,2,2,0,1,0,0,0,0,1,0,1,0,0,53.5,29,57.849999999999994,27.6
23,5,85,1,5,2,2,2,0,1,0,1,0,1,0,1,0,0,0,69.5,15,66.65,20.0
17,6,76,0,5,2,3,2,0,1,1,1,0,0,1,0,0,0,0,76.0,24,71.19999999999999,16.6
19,3,100,1,6,4,4,4,0,1,1,1,0,0,0,0,0,1,0,59.0,0,56.9,25.0
21,5,77,0,2,2,2,2,0,1,0,0,1,0,0,0,0,1,0,74.5,23,77.35,4.200000000000003
22,4,80,4,5,3,3,3,0,0,1,0,1,0,0,0,0,0,1,50.0,20,53.0,37.0
25,6,86,3,5,3,3,3,0,1,1,0,0,0,0,0,0,1,0,72.0,14,68.4,24.6
23,3,67,2,9,1,1,1,1,1,0,0,1,0,0,0,0,0,1,33.5,33,31.85,57.2
20,4,82,2,2,4,4,4,0,1,0,0,1,0,0,1,0,0,0,63.0,18,69.3,13.2
19,3,91,3,7,4,3,3,0,1,0,0,0,0,0,0,0,0,1,46.5,9,45.75,41.6
19,3,81,1,6,0,1,1,0,1,0,0,1,0,0,0,0,1,0,49.5,19,50.25,32.6
19,3,72,4,6,1,1,1,0,1,1,0,0,0,1,0,0,0,1,36.0,28,40.8,48.2
22,2,78,0,4,4,3,4,0,1,0,1,0,1,0,0,0,1,0,47.0,22,53.3,22.8
21,4,66,3,5,2,2,2,1,1,0,0,0,0,0,0,1,0,0,46.0,34,50.199999999999996,38.6
18,4,64,2,5,2,3,3,1,1,1,0,0,0,1,0,0,0,0,48.0,36,51.599999999999994,35.4
20,3,90,2,10,1,1,1,1,1,0,1,0,1,0,0,1,0,0,43.0,10,36.099999999999994,53.0
22,3,77,0,4,2,2,2,0,1,1,1,1,0,0,1,0,0,0,54.5,23,58.55,20.200000000000003
21,1,87,2,4,3,3,3,1,1,1,0,1,0,0,0,0,0,0,37.5,13,46.65,30.200000000000003
22,4,70,3,9,2,3,3,1,1,1,0,0,0,1,0,0,0,1,40.0,30,36.4,57.0
21,2,97,1,6,2,2,2,0,1,0,0,1,0,0,0,1,0,0,49.5,3,50.25,29.200000000000003
24,3,91,6,6,1,1,2,1,1,0,1,1,0,0,0,0,1,0,39.5,9,43.25,48.6
21,5,78,2,7,2,1,2,0,1,0,0,1,0,0,0,0,0,1,59.0,22,54.5,36.8
20,3,71,3,5,2,2,2,0,1,1,0,0,0,1,1,0,0,0,40.5,29,46.349999999999994,39.6
19,4,77,3,4,3,3,3,0,1,1,1,0,1,0,0,0,1,0,53.5,23,57.849999999999994,29.200000000000003
21,3,84,1,5,3,3,3,0,1,0,1,0,0,0,0,0,1,0,53.0,16,55.099999999999994,26.4
17,3,90,0,4,3,4,4,0,1,0,0,0,0,0,0,0,0,0,61.0,10,63.099999999999994,15.0
20,3,65,2,2,2,1,1,1,1,0,0,1,0,0,0,0,1,0,46.5,35,57.75,23.0
20,3,91,2,4,3,3,3,0,1,1,0,0,1,0,0,0,0,0,55.5,9,59.24999999999999,22.6
18,2,84,3,1,3,3,3,0,1,0,0,0,0,1,0,0,1,0,47.0,16,60.5,17.4
19,4,72,0,4,2,1,1,0,0,0,0,0,0,0,0,0,0,0,60.0,28,62.4,19.200000000000003
22,7,61,2,4,1,1,1,1,1,1,0,0,0,1,1,0,0,0,72.5,39,71.15,22.6
21,4,83,1,6,0,0,0,0,1,0,0,1,0,0,0,0,0,1,58.5,17,56.55,28.799999999999997
21,2,83,1,5,2,2,2,0,1,1,0,0,1,0,0,0,0,1,44.5,17,49.15,29.799999999999997
21,4,77,1,5,1,1,1,0,1,1,0,0,0,0,1,0,0,0,57.5,23,58.25,26.200000000000003
21,4,89,2,5,2,2,2,0,0,0,0,0,0,1,0,1,0,0,60.5,11,60.349999999999994,25.4
23,3,98,2,4,2,2,2,0,0,0,0,0,0,0,0,0,0,1,59.0,2,61.699999999999996,19.8
21,3,78,2,3,0,0,0,0,0,0,1,0,0,0,0,1,0,0,51.0,22,58.5,22.8
17,5,76,3,1,3,3,3,0,1,1,0,0,0,0,0,0,0,1,67.0,24,74.5,11.600000000000001
24,4,95,2,5,2,2,2,0,1,0,0,0,0,0,0,0,0,1,63.5,5,62.449999999999996,23.0
21,2,80,1,5,0,0,0,0,1,1,0,0,1,0,0,0,1,0,43.0,20,48.099999999999994,31.0
19,5,87,2,7,2,2,2,0,1,1,0,1,0,0,0,1,0,0,63.5,13,57.64999999999999,33.2
18,3,77,3,3,1,2,2,0,1,0,0,0,0,1,0,1,0,0,47.5,23,56.05,27.200000000000003
21,4,91,0,6,2,2,2,0,1,0,0,0,1,0,0,0,0,0,65.5,9,61.449999999999996,21.6
20,3,72,1,1,1,0,0,0,1,0,0,0,0,0,0,0,0,1,55.0,28,66.1,11.200000000000003
24,3,83,3,3,3,3,3,0,1,0,1,0,1,0,0,0,0,0,50.5,17,58.14999999999999,24.799999999999997
20,2,84,1,6,1,1,1,0,1,1,1,0,1,0,0,0,0,1,43.0,16,45.699999999999996,34.4
19,3,80,4,6,4,4,3,0,0,0,0,1,0,0,0,0,0,1,40.0,20,43.6,45.0
23,2,76,3,2,2,2,2,0,1,0,0,1,0,0,0,0,0,0,41.0,24,53.9,25.6
23,2,96,0,4,2,3,3,0,1,1,1,0,1,0,0,0,1,0,56.0,4,59.599999999999994,15.600000000000001
21,3,88,0,5,3,3,3,0,1,1,0,1,0,0,1,0,0,0,58.0,12,58.599999999999994,20.8
22,2,75,1,5,1,1,1,0,1,1,0,1,0,0,0,0,0,0,40.5,25,46.349999999999994,33.0
20,3,66,1,6,2,2,2,1,1,1,0,1,0,0,1,0,0,0,42.0,34,45.0,38.6
21,4,93,1,7,2,2,2,0,1,1,1,1,0,0,0,1,0,0,61.5,7,56.25,29.799999999999997
23,5,74,5,3,1,1,1,1,1,1,1,0,0,1,0,0,0,0,56.0,26,62.0,30.4
22,2,82,2,6,3,2,2,0,1,1,1,0,1,0,0,0,1,0,39.0,18,42.9,39.2
20,4,82,2,5,2,2,2,0,1,1,0,0,0,0,0,0,0,1,57.0,18,57.9,28.200000000000003
24,4,84,2,6,1,1,1,0,1,1,1,0,0,1,0,0,0,1,56.0,16,54.8,32.4
17,1,68,4,4,1,0,0,1,1,1,1,0,0,1,0,0,1,0,22.0,32,35.8,45.8
25,4,79,0,7,0,0,0,0,1,1,1,0,1,0,0,0,0,0,57.5,21,53.45,31.4
17,4,81,4,6,2,2,2,0,1,1,0,0,1,0,0,0,0,0,48.5,19,49.55,41.6
19,4,81,1,3,1,1,1,0,1,0,0,0,0,0,0,0,1,0,63.5,19,67.25,14.600000000000001
20,6,87,1,2,4,3,3,0,1,0,0,0,1,0,0,0,0,0,84.5,13,84.35,1.1999999999999993
20,4,83,4,7,1,1,1,0,1,1,0,0,1,0,0,0,0,0,47.5,17,46.45,45.8
23,3,85,0,4,2,2,2,0,0,1,0,0,0,0,0,1,0,0,58.5,15,61.349999999999994,17.0
18,5,77,2,4,2,3,3,0,1,0,0,0,0,0,1,0,0,0,64.5,23,65.55,22.200000000000003
21,4,95,1,5,2,2,2,0,1,0,1,0,0,0,1,0,0,0,66.5,5,64.55,19.0
19,3,79,1,3,2,2,2,0,1,0,0,0,0,1,0,0,0,0,54.5,21,60.95,18.4
21,6,84,3,5,3,3,3,0,1,0,0,1,0,0,0,0,0,0,71.0,16,67.69999999999999,25.4
20,4,82,2,5,4,3,3,0,1,1,0,0,0,0,0,0,0,0,57.0,18,57.9,28.200000000000003
21,2,85,2,5,2,2,2,0,1,0,1,0,0,0,0,0,0,0,42.5,15,47.75,33.0
19,2,91,2,7,1,1,1,0,1,0,1,0,0,0,0,0,0,1,41.5,9,42.25,40.6
19,2,75,0,6,1,1,1,0,0,1,0,1,0,0,0,0,0,0,41.5,25,44.65,34.0
21,2,88,3,7,0,0,0,0,1,0,0,0,0,1,0,1,0,0,37.0,12,39.099999999999994,45.8
23,5,87,0,5,2,2,2,0,1,0,0,1,0,0,0,0,0,0,73.5,13,69.44999999999999,15.2
19,3,83,7,4,2,3,3,1,1,1,0,0,0,1,1,0,0,0,36.5,17,45.949999999999996,45.8
19,1,83,2,7,1,1,1,1,1,1,1,0,0,1,0,1,0,0,29.5,17,33.849999999999994,46.8
22,4,72,2,4,3,3,3,0,1,1,1,0,0,0,0,0,0,1,54.0,28,58.199999999999996,27.200000000000003
20,4,79,3,5,2,2,2,0,1,1,0,0,0,0,0,0,1,0,52.5,21,54.75,33.4
22,3,66,0,6,1,0,0,1,1,1,0,1,0,0,1,0,0,0,45.0,34,47.099999999999994,34.6
19,3,79,2,4,1,1,1,0,1,1,0,0,1,0,1,0,0,0,49.5,21,55.05,27.4
17,4,81,0,4,3,3,3,0,1,1,1,0,0,1,0,0,1,0,64.5,19,65.55,15.600000000000001
19,4,70,0,5,0,0,0,0,1,0,1,0,0,1,0,0,0,0,57.0,30,57.9,25.0
19,4,84,3,6,1,1,1,0,1,0,1,0,0,0,0,0,0,0,53.0,16,52.699999999999996,36.4
20,1,91,3,6,1,1,1,1,1,0,0,0,1,0,0,1,0,0,32.5,9,38.35,42.6
19,2,83,0,3,1,1,1,0,1,1,1,0,0,0,0,0,0,0,51.5,17,58.849999999999994,15.8
22,3,82,2,9,0,0,0,1,1,1,1,0,0,0,0,0,0,1,41.0,18,37.1,51.2
20,2,77,1,6,0,0,0,0,1,0,1,0,0,1,0,1,0,0,39.5,23,43.25,37.2
21,4,85,3,4,2,2,2,0,1,1,1,0,1,0,0,0,1,0,57.5,15,60.65,26.0
21,4,73,3,5,1,1,1,0,1,1,1,1,0,0,0,0,1,0,49.5,27,52.65,35.8
21,3,62,1,5,2,3,3,1,1,0,0,0,0,0,0,0,1,0,42.0,38,47.4,35.2
20,4,94,2,4,2,2,2,0,1,1,0,0,1,0,0,0,0,0,65.0,6,65.9,18.4
22,4,89,0,7,3,3,3,0,1,1,1,0,0,1,0,1,0,0,62.5,11,56.95,27.4
19,4,73,2,9,1,2,2,1,1,0,0,0,0,0,0,0,0,1,44.5,27,39.55,51.8
24,0,70,1,4,0,0,0,1,1,1,0,0,1,0,0,0,1,0,24.0,30,37.199999999999996,36.0
20,3,82,1,4,1,1,1,0,1,0,1,0,1,0,1,0,0,0,54.0,18,58.199999999999996,22.2
18,3,82,3,5,1,0,0,0,1,0,0,0,0,1,1,0,0,0,46.0,18,50.199999999999996,35.2
21,3,88,2,3,2,2,2,0,1,1,1,0,0,0,0,0,0,1,56.0,12,62.0,18.8
19,3,79,2,6,3,3,3,0,0,0,1,0,0,0,0,0,0,1,45.5,21,47.449999999999996,37.4
22,4,91,1,5,1,1,1,0,1,0,1,1,0,0,0,0,0,1,64.5,9,63.15,20.6
25,4,80,2,5,2,2,2,0,1,0,1,0,1,0,0,0,0,1,56.0,20,57.199999999999996,29.0
19,3,91,1,2,4,4,4,0,1,1,0,0,1,0,1,0,0,0,62.5,9,68.95,8.600000000000001
21,5,80,1,1,4,4,4,0,1,0,1,1,0,0,0,0,0,1,75.0,20,80.1,2.0
17,3,75,3,4,2,3,3,0,0,0,0,0,0,1,1,0,0,0,44.5,25,51.55,33.0
22,3,79,3,6,0,0,0,0,1,0,0,0,0,1,0,1,0,0,42.5,21,45.349999999999994,41.4
19,2,87,0,2,2,2,2,0,1,0,0,0,0,1,0,1,0,0,55.5,13,64.05,9.2
19,7,84,2,7,4,4,4,0,1,0,0,0,0,1,1,0,0,0,78.0,16,67.8,28.4
18,5,82,2,5,2,2,2,0,1,1,0,0,0,1,0,0,0,0,65.0,18,63.5,25.200000000000003
22,4,73,0,4,3,3,3,0,1,1,1,0,0,1,0,0,0,0,60.5,27,62.74999999999999,18.8
23,2,81,3,5,1,1,1,0,1,1,1,0,0,0,0,0,1,0,37.5,19,44.25,38.6
21,2,76,1,3,2,2,2,0,1,0,0,1,0,0,1,0,0,0,45.0,24,54.3,22.6
19,6,76,0,1,4,4,4,0,1,0,1,0,0,1,0,1,0,0,84.0,24,86.39999999999999,0.0
24,6,90,0,7,0,0,0,0,1,0,1,1,0,0,0,0,0,1,79.0,10,68.5,21.0
19,4,75,0,5,1,2,1,0,1,0,0,1,0,0,0,0,0,0,59.5,25,59.65,23.0
17,2,75,1,4,3,3,3,0,1,0,0,0,0,0,0,1,0,0,42.5,25,50.14999999999999,28.0
22,3,84,1,4,0,0,0,0,1,1,1,1,0,0,0,0,0,1,55.0,16,58.9,21.4
18,2,74,1,4,1,2,1,0,1,0,1,1,0,0,0,0,1,0,42.0,26,49.8,28.4
23,6,77,1,4,1,2,2,0,1,1,1,0,1,0,1,0,0,0,75.5,23,73.25,15.200000000000003
20,3,97,2,5,2,2,2,0,1,1,1,1,0,0,0,0,0,0,56.5,3,57.55,25.200000000000003
22,5,80,2,6,1,2,2,0,1,0,0,0,0,0,0,0,0,1,62.0,20,59.0,31.0
24,5,87,2,4,3,3,3,0,0,1,0,1,0,0,0,0,0,1,69.5,13,69.05,18.200000000000003
18,2,100,0,3,3,4,4,0,1,1,1,0,0,0,0,0,0,1,60.0,0,64.8,9.0
19,4,83,2,4,2,2,2,0,1,0,1,0,1,0,0,0,1,0,59.5,17,62.05,22.799999999999997
20,3,86,2,9,2,1,1,1,1,0,0,0,1,0,0,0,1,0,43.0,14,38.5,49.6
24,5,84,0,5,2,2,2,0,1,0,1,1,0,0,0,0,1,0,72.0,16,68.4,16.4
19,4,79,1,6,2,2,2,0,1,0,1,0,0,0,0,1,0,0,56.5,21,55.15,30.4
19,3,83,5,5,1,0,0,1,1,0,0,0,0,1,0,0,0,0,40.5,17,46.349999999999994,42.8
22,4,80,4,8,0,0,0,1,1,0,1,0,0,1,0,0,0,1,44.0,20,41.599999999999994,52.0
19,3,74,1,7,1,1,1,0,1,1,0,1,0,0,0,1,0,0,44.0,26,44.0,40.4
21,2,88,4,3,3,3,3,0,1,0,0,0,1,0,0,0,0,0,42.0,12,52.2,29.799999999999997
17,3,67,0,5,1,0,0,1,1,1,0,1,0,0,0,0,0,0,47.5,33,51.25,29.200000000000003
25,4,82,0,4,3,3,3,0,1,0,1,1,0,0,0,0,1,0,65.0,18,65.9,15.2
18,5,79,3,6,2,2,2,0,1,1,1,0,0,1,1,0,0,0,58.5,21,56.55,35.4
20,4,73,3,7,0,0,0,0,1,1,1,0,0,0,0,0,0,1,45.5,27,45.05,45.8
20,4,87,1,5,2,1,1,0,1,0,1,0,1,0,1,0,0,0,62.5,13,61.75,22.200000000000003
25,4,73,2,6,1,1,1,0,1,0,0,0,0,0,0,0,1,0,50.5,27,50.949999999999996,36.8
18,4,78,3,4,3,4,4,0,1,1,1,1,0,0,0,1,0,0,54.0,22,58.199999999999996,28.799999999999997
25,6,87,4,8,2,2,2,1,1,0,0,0,1,0,1,0,0,0,63.5,13,55.24999999999999,43.2
22,2,66,1,7,0,0,0,1,1,0,0,0,1,0,1,0,0,0,32.0,34,35.599999999999994,46.6
21,5,90,2,1,4,3,3,0,1,0,0,0,0,1,0,0,0,1,77.0,10,81.5,2.0
18,6,81,2,3,3,3,3,0,1,1,0,1,0,0,0,0,0,1,76.5,19,76.35,12.600000000000001
22,2,79,0,3,2,2,2,0,1,0,1,1,0,0,0,0,0,1,49.5,21,57.45,17.4
19,4,71,1,5,0,0,0,0,0,1,0,0,0,0,0,1,0,0,54.5,29,56.15,28.6
23,1,82,1,6,2,2,2,1,0,1,1,1,0,0,0,0,0,1,34.0,18,39.4,38.2
18,3,82,0,6,0,0,0,0,1,0,0,0,0,1,1,0,0,0,53.0,18,52.699999999999996,28.200000000000003
20,2,86,2,5,2,2,2,0,1,1,0,0,0,1,1,0,0,0,43.0,14,48.099999999999994,32.6
19,4,78,2,5,3,3,3,0,1,0,1,1,0,0,0,0,0,0,55.0,22,56.5,29.799999999999997
18,3,74,0,6,3,3,3,0,1,0,0,0,0,1,1,0,0,0,49.0,26,49.9,31.4
22,3,84,2,10,1,1,2,1,0,0,1,0,1,0,1,0,0,0,40.0,16,34.0,55.400000000000006
22,4,77,2,2,3,4,4,0,1,0,0,0,1,0,1,0,0,0,60.5,23,67.55,15.200000000000003
23,2,86,1,2,3,3,3,0,1,0,0,0,1,0,0,0,0,0,52.0,14,61.599999999999994,13.600000000000001
17,4,73,3,4,4,4,4,0,0,0,1,1,0,0,0,0,1,0,51.5,27,56.449999999999996,30.799999999999997
23,4,88,2,4,2,2,2,0,1,1,0,0,0,1,0,0,1,0,62.0,12,63.8,20.799999999999997
26,4,93,0,5,3,2,2,0,1,0,0,0,0,1,0,0,0,1,68.5,7,65.94999999999999,15.8
20,4,80,1,5,1,0,0,0,1,0,0,1,0,0,0,0,0,1,59.0,20,59.3,25.0
25,3,92,2,3,1,1,1,0,1,0,0,0,1,0,0,0,0,0,58.0,8,63.39999999999999,17.2
20,5,88,2,4,4,3,3,0,1,1,0,0,0,0,0,1,0,0,70.0,12,69.4,17.799999999999997
18,5,84,3,5,1,1,1,0,0,1,1,0,1,0,0,0,0,0,63.0,16,62.099999999999994,28.4
20,3,81,1,5,1,2,2,0,0,0,1,1,0,0,0,0,1,0,51.5,19,54.05,27.6
23,3,77,2,5,3,2,3,0,1,1,0,0,1,0,0,1,0,0,46.5,23,50.55,33.2
19,2,91,3,5,3,3,3,0,1,1,0,0,1,0,0,0,0,0,42.5,9,47.75,34.6
19,6,90,2,4,4,3,3,0,1,0,0,0,1,0,1,0,0,0,79.0,10,75.69999999999999,14.0
22,5,73,4,5,1,1,1,0,1,0,0,1,0,0,0,0,0,1,54.5,27,56.15,36.8
21,5,82,0,5,2,2,2,0,1,0,0,0,1,0,0,0,0,1,71.0,18,67.69999999999999,17.200000000000003
22,5,75,3,7,1,2,2,0,1,0,0,1,0,0,0,1,0,0,54.5,25,51.349999999999994,42.0
21,3,85,3,2,2,1,1,0,0,0,1,0,1,0,1,0,0,0,53.5,15,62.64999999999999,19.0
22,3,88,5,5,1,1,1,1,0,1,1,1,0,0,0,0,0,1,43.0,12,48.099999999999994,40.8
20,5,69,4,5,1,1,1,1,1,0,0,0,0,0,0,0,0,1,52.5,31,54.75,38.4
21,3,81,2,5,1,1,1,0,1,1,0,0,1,0,0,1,0,0,48.5,19,51.949999999999996,31.6
19,3,85,4,5,2,3,3,0,1,1,0,0,0,0,0,0,0,0,44.5,15,49.15,38.0
23,4,82,4,5,3,3,3,0,1,0,0,0,1,0,0,0,0,0,51.0,18,53.699999999999996,36.2
19,2,96,0,5,2,2,2,0,1,1,0,0,1,0,0,1,0,0,54.0,4,55.8,20.6
23,5,69,2,5,1,1,1,1,1,0,1,0,1,0,0,0,0,1,58.5,31,58.949999999999996,30.4
20,4,92,1,6,1,2,1,0,1,0,1,0,0,1,0,0,0,1,63.0,8,59.699999999999996,25.200000000000003
21,3,74,0,5,1,1,1,0,1,1,1,1,0,0,0,0,1,0,51.0,26,53.699999999999996,26.4
19,5,64,7,4,2,2,2,1,1,1,0,0,1,0,0,0,0,0,43.0,36,50.5,47.4
18,2,84,0,7,1,1,1,0,0,0,0,0,0,1,0,1,0,0,44.0,16,44.0,35.4
17,3,81,0,3,2,2,2,0,1,1,0,0,0,1,0,0,0,0,58.5,19,63.75,13.600000000000001
18,5,82,2,3,2,2,2,0,1,0,0,0,1,0,0,0,0,1,69.0,18,71.1,15.2
20,3,86,4,3,4,3,3,0,1,1,0,0,0,0,0,1,0,0,49.0,14,57.099999999999994,27.6
21,2,86,3,6,2,2,2,0,1,0,1,0,0,0,1,0,0,0,38.0,14,42.199999999999996,41.6
23,4,77,0,4,2,2,2,0,1,0,0,1,0,0,0,0,0,0,62.5,23,64.15,17.200000000000003
20,3,88,3,5,3,3,3,0,1,0,0,1,0,0,0,0,0,1,49.0,12,52.3,32.8
19,4,65,0,8,0,0,0,1,1,1,1,0,0,1,0,0,0,1,48.5,35,44.74999999999999,42.0
17,5,81,3,3,4,3,3,0,1,1,1,0,0,1,0,1,0,0,65.5,19,68.64999999999999,19.6
22,3,91,1,2,2,1,1,0,1,1,0,1,0,0,0,1,0,0,62.5,9,68.95,8.600000000000001
24,0,84,5,7,1,1,1,1,1,0,0,0,0,0,1,0,0,0,13.0,16,22.299999999999997,61.4
23,4,82,1,4,0,0,0,0,1,1,1,1,0,0,0,0,0,1,62.0,18,63.8,19.2
22,2,79,2,3,3,2,2,0,1,0,0,1,0,0,0,0,0,1,43.5,21,53.25,25.4
22,4,84,1,5,1,1,1,0,1,0,0,1,0,0,0,0,0,1,61.0,16,60.699999999999996,23.4
24,4,79,1,5,3,3,3,0,1,0,0,0,0,1,0,0,0,1,58.5,21,58.949999999999996,25.4
21,5,87,1,3,2,3,3,0,1,0,0,0,1,0,0,0,0,0,74.5,13,74.95,9.2
22,5,77,1,6,2,2,2,0,0,0,1,0,1,0,0,0,1,0,63.5,23,60.05,28.200000000000003
20,3,94,1,4,4,3,3,0,1,1,0,1,0,0,1,0,0,0,60.0,6,62.4,17.4
18,3,86,0,4,4,4,4,0,1,1,1,0,0,0,0,0,0,1,59.0,14,61.699999999999996,16.6
19,4,96,0,2,3,3,3,0,1,0,1,0,0,1,0,0,1,0,76.0,4,78.39999999999999,0.0
21,5,78,2,1,4,4,4,0,1,0,0,0,0,1,0,0,0,0,71.0,22,77.3,6.800000000000001
21,2,91,0,5,2,2,2,0,1,1,0,0,0,0,0,0,0,0,51.5,9,54.05,22.6
25,5,71,2,3,1,2,2,0,1,0,0,0,0,0,0,1,0,0,63.5,29,67.25,19.6
21,1,87,5,5,2,2,2,1,1,0,0,0,0,0,0,1,0,0,26.5,13,36.55,47.2
23,1,81,1,9,0,0,0,1,1,1,1,1,0,0,0,0,0,0,27.5,19,27.65,53.6
20,1,83,1,6,1,1,1,1,1,0,0,0,0,0,0,0,0,1,34.5,17,39.75,37.8
20,4,87,3,5,1,1,1,0,1,1,0,0,0,1,0,0,1,0,56.5,13,57.55,30.200000000000003
18,4,87,2,6,2,3,3,0,1,1,0,1,0,0,0,1,0,0,57.5,13,55.85,31.200000000000003
19,4,88,2,9,1,0,0,1,1,0,0,0,1,0,0,1,0,0,52.0,12,44.8,45.8
22,3,84,2,2,4,4,4,0,1,0,0,1,0,0,0,0,1,0,56.0,16,64.39999999999999,15.399999999999999
21,4,86,1,5,3,2,2,0,1,0,1,1,0,0,0,0,0,0,62.0,14,61.4,22.6
23,3,80,3,8,0,0,0,1,1,0,1,0,0,1,0,0,0,0,39.0,20,38.099999999999994,51.0
21,3,76,3,6,0,1,1,0,1,0,0,1,0,0,1,0,0,0,41.0,24,44.3,42.6
20,2,83,1,7,2,2,2,0,1,0,0,0,1,0,0,0,1,0,40.5,17,41.55,39.8
25,4,64,1,4,1,1,1,1,1,0,1,0,0,1,0,0,0,1,53.0,36,57.49999999999999,26.4
20,3,85,3,3,2,2,2,0,0,1,1,0,1,0,0,1,0,0,51.5,15,58.849999999999994,24.0
23,4,89,1,8,2,2,2,1,0,1,0,0,0,1,0,0,1,0,57.5,11,51.05,36.4
20,4,87,4,5,2,2,2,0,1,0,0,0,0,1,0,0,0,1,53.5,13,55.449999999999996,34.2
22,6,77,1,7,2,2,2,0,1,0,0,0,1,0,0,0,0,0,69.5,23,61.849999999999994,30.200000000000003
23,4,65,2,7,0,0,0,1,0,0,0,0,0,1,1,0,0,0,44.5,35,44.349999999999994,45.0
21,5,87,1,7,0,0,0,0,0,0,1,0,0,1,0,0,0,0,66.5,13,59.75,29.200000000000003
17,5,75,4,6,0,0,0,0,0,1,0,0,1,0,0,0,0,0,53.5,25,53.05,41.0
21,2,71,3,6,1,1,1,0,1,1,0,0,0,1,0,0,1,0,30.5,29,36.949999999999996,47.6
23,3,89,5,6,1,1,1,1,1,0,1,0,0,0,0,0,0,0,41.5,11,44.65,45.4
22,3,71,2,4,1,1,1,0,1,1,1,0,0,0,0,1,0,0,45.5,29,52.25,30.6
22,4,80,3,7,2,2,2,0,1,0,1,0,0,1,0,0,1,0,49.0,20,47.5,43.0
17,5,96,1,4,3,2,2,0,1,0,1,0,1,0,0,0,0,0,77.0,4,74.3,10.600000000000001
19,4,76,2,7,2,2,2,0,0,1,0,1,0,0,0,1,0,0,50.0,24,48.2,40.6
21,2,73,2,6,0,0,0,0,1,0,0,0,1,0,0,0,1,0,34.5,27,39.75,42.8
21,3,86,2,1,3,4,4,0,0,0,0,0,1,0,0,1,0,0,59.0,14,68.89999999999999,9.600000000000001
23,3,84,3,7,3,3,3,0,1,0,1,0,0,0,1,0,0,0,43.0,16,43.3,44.4
20,4,68,2,5,2,2,2,1,1,0,0,0,0,1,0,0,1,0,50.0,32,53.0,33.8
21,4,67,1,5,0,1,1,1,1,0,0,1,0,0,0,0,1,0,52.5,33,54.75,30.200000000000003
21,3,91,3,8,1,1,1,1,1,0,0,1,0,0,1,0,0,0,44.5,9,41.949999999999996,46.6
18,1,93,3,5,1,1,1,1,1,0,0,0,0,0,1,0,0,0,35.5,7,42.849999999999994,36.8
17,2,79,0,6,2,2,2,0,1,1,1,0,1,0,1,0,0,0,43.5,21,46.05,32.4
21,6,86,2,3,2,2,2,0,0,1,1,0,0,1,0,1,0,0,79.0,14,78.1,10.600000000000001
21,6,86,4,5,2,2,2,0,1,0,1,0,0,1,0,1,0,0,69.0,14,66.3,28.6
19,3,90,0,8,1,1,1,1,1,0,0,1,0,0,0,0,1,0,53.0,10,47.89999999999999,35.0
17,4,81,1,5,3,2,2,0,1,0,0,0,0,1,1,0,0,0,59.5,19,59.65,24.6
22,4,92,1,7,1,1,1,0,1,0,0,0,0,0,0,0,0,1,61.0,8,55.89999999999999,30.200000000000003
20,5,76,2,5,4,3,3,0,1,0,0,0,0,1,0,0,0,0,62.0,24,61.4,27.6
22,4,88,2,5,2,2,2,0,1,0,0,0,0,0,0,1,0,0,60.0,12,60.0,25.799999999999997
25,2,74,1,6,3,3,3,0,1,0,1,1,0,0,0,0,0,1,38.0,26,42.199999999999996,38.4
17,2,67,3,1,3,4,4,1,1,1,0,0,0,1,0,0,0,0,38.5,33,54.55,24.200000000000003
19,4,86,0,6,4,4,4,0,1,1,0,0,0,0,0,0,1,0,63.0,14,59.699999999999996,23.6
20,1,100,3,1,1,1,1,1,1,0,1,1,0,0,0,0,0,1,47.0,0,60.5,14.0
24,1,84,4,5,0,0,0,1,1,0,0,0,0,1,0,0,0,0,28.0,16,37.599999999999994,44.4
17,5,80,3,4,2,2,2,0,1,0,0,0,0,1,0,1,0,0,63.0,20,64.5,25.0
25,7,91,2,3,2,2,2,0,1,1,0,0,0,1,0,0,0,0,89.5,9,85.45,5.600000000000001
21,3,78,1,8,1,1,1,1,1,1,1,0,0,1,0,1,0,0,44.0,22,41.599999999999994,43.8
20,3,67,2,7,1,1,1,1,1,0,0,0,0,0,1,0,0,0,37.5,33,39.45,47.2
20,3,89,0,4,1,1,1,0,0,0,1,0,0,1,0,0,0,0,60.5,11,62.74999999999999,15.399999999999999
20,4,94,3,9,1,1,1,1,1,0,1,1,0,0,1,0,0,0,52.0,6,44.8,47.4
23,2,83,5,7,0,0,0,1,1,0,0,1,0,0,0,0,0,1,28.5,17,33.15,55.8
18,3,84,2,5,3,3,3,0,1,0,0,1,0,0,0,0,0,0,50.0,16,53.0,30.4
21,5,77,4,2,4,4,3,0,1,1,0,0,0,1,0,0,0,1,62.5,23,68.95,20.200000000000003
20,3,80,3,5,3,4,3,0,1,0,0,0,1,0,0,0,0,1,45.0,20,49.5,36.0
19,4,83,4,4,2,2,2,0,1,0,0,0,0,0,0,0,0,0,53.5,17,57.849999999999994,30.799999999999997
26,5,82,2,4,2,2,2,0,1,0,1,0,0,1,1,0,0,0,67.0,18,67.3,20.200000000000003
21,3,82,0,6,0,0,0,0,1,1,0,1,0,0,0,0,0,1,53.0,18,52.699999999999996,28.200000000000003
22,2,56,0,4,1,0,0,1,1,0,0,1,0,0,0,0,1,0,36.0,44,45.599999999999994,31.6
23,1,83,1,7,3,3,3,1,0,0,1,0,0,1,0,0,0,1,32.5,17,35.95,42.8
17,2,71,1,4,2,2,2,0,1,1,0,0,0,0,1,0,0,0,40.5,29,48.75,29.6
24,5,85,4,3,3,4,4,0,1,1,0,1,0,0,0,0,0,1,64.5,15,67.95,22.0
17,3,90,2,6,2,2,2,0,1,1,0,1,0,0,0,0,0,0,51.0,10,51.3,33.0
19,4,86,4,5,2,1,1,0,1,0,0,0,0,0,0,0,1,0,53.0,14,55.099999999999994,34.6
20,5,72,1,7,1,0,0,0,1,1,0,1,0,0,1,0,0,0,59.0,28,54.5,35.2
22,2,75,0,5,2,2,2,0,1,0,0,0,0,0,1,0,0,0,43.5,25,48.45,29.0
21,7,81,1,3,3,3,3,0,1,0,1,0,1,0,1,0,0,0,87.5,19,84.05,5.600000000000001
20,3,88,0,6,2,2,2,0,1,0,1,0,0,0,0,0,0,1,56.0,12,54.8,25.799999999999997
21,4,90,4,3,3,4,4,0,1,1,0,1,0,0,0,1,0,0,59.0,10,64.1,23.0
18,3,84,0,5,0,1,1,0,1,1,0,0,0,0,0,0,0,1,56.0,16,57.199999999999996,22.4
17,2,74,0,4,2,1,1,0,1,1,0,0,0,1,0,0,0,1,45.0,26,51.89999999999999,24.4
22,4,91,2,5,2,2,2,0,1,1,0,0,0,1,0,0,1,0,61.5,9,61.05,24.6
22,3,81,3,5,1,1,1,0,1,0,1,1,0,0,1,0,0,0,45.5,19,49.849999999999994,35.6
24,4,78,3,6,0,0,0,0,1,0,1,0,0,0,1,0,0,0,50.0,22,50.6,38.8
19,1,78,0,4,2,2,2,1,1,0,1,0,1,0,0,0,1,0,39.0,22,47.699999999999996,25.8
22,2,69,1,1,4,3,3,1,1,1,0,0,0,1,0,0,0,0,45.5,31,59.449999999999996,15.399999999999999
20,3,90,1,3,2,2,2,0,1,0,0,0,0,1,0,1,0,0,60.0,10,64.8,14.0
23,2,81,1,5,1,1,1,0,1,0,1,1,0,0,0,0,1,0,43.5,19,48.45,30.6
23,7,76,0,7,1,1,1,0,1,0,0,1,0,0,0,0,0,1,80.0,24,69.2,23.6
21,4,86,2,6,3,3,3,0,1,0,0,1,0,0,0,0,0,0,57.0,14,55.5,31.6
20,4,88,3,7,3,3,3,0,1,1,1,0,0,0,0,0,1,0,53.0,12,50.3,39.8
23,2,68,0,5,3,2,2,1,1,1,1,0,0,0,0,0,0,0,40.0,32,46.0,31.799999999999997
22,3,94,0,5,2,2,2,0,1,0,0,0,0,0,1,0,0,0,61.0,6,60.699999999999996,18.4
19,4,99,1,5,4,3,3,0,0,0,0,0,0,0,0,0,0,1,68.5,1,65.94999999999999,17.4
18,5,82,3,7,1,0,0,0,1,1,1,0,0,1,0,1,0,0,58.0,18,53.8,39.2
20,2,83,1,8,2,2,2,1,1,1,1,0,0,0,1,0,0,0,38.5,17,37.75,44.8
24,3,100,2,3,3,4,3,0,0,0,0,0,1,0,0,0,0,1,62.0,0,66.2,14.0
23,4,73,0,5,2,2,2,0,1,0,0,0,0,1,1,0,0,0,58.5,27,58.949999999999996,23.799999999999997
18,1,77,4,3,3,3,3,1,1,0,0,0,1,0,0,0,1,0,28.5,23,42.75,37.2
18,1,86,1,8,2,2,2,1,1,1,0,0,0,1,0,0,0,0,32.0,14,33.199999999999996,46.6
23,2,91,1,5,2,1,1,0,1,0,0,1,0,0,1,0,0,0,48.5,9,51.949999999999996,26.6
18,3,82,1,5,3,2,2,0,1,0,0,0,1,0,0,0,1,0,52.0,18,54.4,27.200000000000003
22,3,75,1,3,2,2,2,0,1,0,0,0,0,0,0,0,0,1,52.5,25,59.55,20.0
19,5,92,2,5,2,2,2,0,0,0,1,0,0,0,0,0,0,0,70.0,8,67.0,21.200000000000003
24,1,81,2,5,1,1,1,1,1,0,0,0,0,0,0,0,1,0,32.5,19,40.75,37.6
19,3,82,2,3,2,1,1,0,1,1,1,0,0,0,0,0,0,0,53.0,18,59.89999999999999,21.2
23,5,89,2,5,2,2,3,0,1,0,0,0,1,0,0,1,0,0,68.5,11,65.94999999999999,22.4
21,1,94,2,4,1,2,2,1,1,1,0,0,0,1,0,0,1,0,41.0,6,49.099999999999994,27.4
21,3,83,3,6,1,1,1,0,1,1,0,0,1,0,0,1,0,0,44.5,17,46.75,39.8
17,4,85,0,3,4,3,3,0,1,1,1,0,0,1,1,0,0,0,68.5,15,70.75,9.0
17,5,90,1,5,4,4,3,0,1,1,0,0,1,0,0,1,0,0,72.0,10,68.4,18.0
20,2,80,0,5,2,2,2,0,1,0,0,1,0,0,0,0,0,1,46.0,20,50.199999999999996,27.0
21,4,77,2,6,0,0,0,0,1,1,1,0,0,0,0,1,0,0,52.5,23,52.35,35.2
18,4,79,1,5,2,2,2,0,1,0,1,0,0,0,0,0,0,0,58.5,21,58.949999999999996,25.4
18,2,74,0,5,1,1,1,0,0,0,1,1,0,0,0,0,0,1,43.0,26,48.099999999999994,29.4
22,2,73,2,4,1,1,1,0,1,1,0,1,0,0,0,0,0,0,38.5,27,47.349999999999994,32.8
22,2,99,2,6,0,1,1,0,1,1,1,0,1,0,0,0,1,0,47.5,1,48.85,32.4
20,8,74,0,6,1,1,1,0,1,0,1,0,0,1,0,0,1,0,89.0,26,77.89999999999999,16.4
22,5,84,2,6,3,2,2,0,0,1,1,0,0,1,0,1,0,0,64.0,16,60.4,29.4
18,4,81,1,5,3,3,3,0,1,0,0,0,0,0,0,0,0,1,59.5,19,59.65,24.6
20,2,90,1,5,1,1,1,0,1,1,0,1,0,0,0,0,0,1,48.0,10,51.599999999999994,27.0
24,4,82,2,3,2,2,2,0,1,1,1,0,0,0,0,0,0,1,61.0,18,65.5,18.2
21,2,93,1,4,3,3,3,0,1,0,0,0,1,0,1,0,0,0,51.5,7,56.449999999999996,20.8
21,4,81,0,4,3,3,3,0,1,1,0,0,1,0,0,0,0,1,64.5,19,65.55,15.600000000000001
26,5,84,2,7,1,1,1,0,1,1,1,0,1,0,0,0,0,0,62.0,16,56.599999999999994,34.4
17,3,88,1,3,3,3,3,0,1,1,0,1,0,0,0,0,1,0,59.0,12,64.1,14.8
22,3,83,2,3,4,4,4,0,0,1,0,0,1,0,1,0,0,0,53.5,17,60.25,20.8
24,4,86,0,5,2,1,1,0,1,1,0,0,1,0,0,0,0,1,65.0,14,63.5,18.6
20,5,84,0,4,0,1,1,0,1,1,0,0,0,0,0,1,0,0,74.0,16,72.19999999999999,11.399999999999999
22,3,70,2,4,2,2,2,0,1,0,0,1,0,0,0,0,0,0,45.0,30,51.89999999999999,31.0
18,6,88,0,4,4,3,3,0,1,0,0,0,0,1,0,0,0,1,84.0,12,79.19999999999999,6.800000000000001
19,1,91,4,4,3,2,2,1,1,0,0,0,0,0,0,0,0,0,33.5,9,43.849999999999994,36.6
21,2,81,0,4,0,0,0,0,1,0,0,1,0,0,0,0,1,0,48.5,19,54.349999999999994,21.6
22,4,80,3,3,2,1,1,0,0,0,0,0,0,0,1,0,0,0,57.0,20,62.7,23.0
23,4,84,1,4,2,3,2,0,1,0,1,1,0,0,0,0,0,0,63.0,16,64.5,18.4
24,3,97,2,2,3,3,3,0,1,0,0,0,1,0,0,0,0,0,62.5,3,68.95,10.2
20,5,79,2,6,4,4,4,0,1,0,0,0,0,1,0,1,0,0,61.5,21,58.65,31.4
23,2,87,1,3,3,2,3,0,1,0,0,0,0,1,0,0,0,1,50.5,13,58.14999999999999,18.2
20,4,80,2,6,2,2,2,0,1,0,1,0,1,0,0,0,1,0,54.0,20,53.4,34.0
23,5,86,5,4,3,3,3,1,1,0,1,0,0,1,0,1,0,0,60.0,14,62.4,30.6
21,6,71,4,7,0,0,0,0,1,0,0,0,0,1,0,1,0,0,57.5,29,53.45,44.6
22,3,96,2,5,3,3,3,0,1,0,0,0,1,0,1,0,0,0,56.0,4,57.199999999999996,25.6
21,7,84,2,3,4,3,3,0,1,0,1,0,0,1,0,0,1,0,86.0,16,83.0,8.399999999999999
17,4,79,3,10,1,1,1,1,1,0,0,1,0,0,0,0,0,0,42.5,21,35.75,58.400000000000006
18,6,80,2,4,2,2,2,0,1,0,1,0,0,1,0,0,1,0,74.0,20,72.19999999999999,18.0
21,3,84,2,4,2,2,2,0,1,0,1,0,1,0,1,0,0,0,52.0,16,56.8,25.4
17,3,98,2,4,2,2,2,0,1,1,1,0,1,0,0,0,1,0,59.0,2,61.699999999999996,19.8
22,5,94,4,6,2,3,3,0,1,0,1,0,0,0,0,0,0,1,63.0,6,59.699999999999996,33.4
22,5,79,0,2,2,2,2,0,1,1,0,0,0,1,0,0,1,0,75.5,21,78.05,3.3999999999999986
21,3,82,1,5,2,2,2,0,1,1,1,1,0,0,1,0,0,0,52.0,18,54.4,27.200000000000003
18,2,83,3,2,4,3,3,0,0,0,0,1,0,0,0,1,0,0,44.5,17,56.349999999999994,22.8
24,7,66,3,5,3,3,3,1,1,0,0,0,1,0,0,0,0,0,70.0,34,67.0,29.6
25,3,80,2,7,2,2,2,0,1,1,0,0,0,0,0,0,1,0,44.0,20,44.0,42.0
21,4,83,0,4,0,1,1,0,1,0,0,0,0,1,0,0,0,1,65.5,17,66.25,14.8
22,1,74,2,7,0,0,0,1,1,0,0,0,1,0,0,0,0,1,25.0,26,30.7,50.4
21,3,95,0,2,3,3,3,0,1,1,1,0,1,0,1,0,0,0,67.5,5,72.45,3.0
22,5,73,1,4,2,1,1,0,1,1,0,1,0,0,1,0,0,0,65.5,27,66.25,19.799999999999997
20,3,73,3,3,2,2,2,0,1,0,0,0,0,1,0,0,0,0,45.5,27,54.65,28.799999999999997
20,4,87,1,5,2,2,2,0,1,1,0,0,0,1,0,0,0,0,62.5,13,61.75,22.200000000000003
23,4,84,0,4,2,2,2,0,1,1,0,1,0,0,0,1,0,0,66.0,16,66.6,14.399999999999999
26,3,78,3,4,3,3,3,0,1,1,0,0,0,1,0,1,0,0,46.0,22,52.599999999999994,31.799999999999997
17,6,90,0,5,3,3,3,0,1,0,0,1,0,0,0,0,0,1,83.0,10,76.1,11.0
20,7,84,2,5,2,3,3,0,1,1,0,0,0,0,0,0,0,1,82.0,16,75.4,18.4
18,5,96,0,4,2,2,2,0,0,0,0,0,0,1,0,1,0,0,80.0,4,76.4,6.600000000000001
24,4,67,3,3,0,0,0,1,1,0,1,0,0,0,0,0,1,0,50.5,33,58.14999999999999,28.200000000000003
19,3,77,4,7,2,2,2,0,0,1,0,0,0,0,0,0,0,0,36.5,23,38.75,51.2
17,1,95,3,7,1,1,1,1,1,0,0,0,1,0,1,0,0,0,32.5,5,35.95,46.0
22,4,85,0,6,1,1,1,0,1,0,0,0,0,0,1,0,0,0,62.5,15,59.35,24.0
24,4,81,2,6,1,1,1,0,1,0,0,0,0,1,0,0,1,0,54.5,19,53.75,33.6
22,2,78,0,5,2,2,2,0,1,0,1,0,0,1,0,0,0,0,45.0,22,49.5,27.799999999999997
21,4,84,0,5,3,3,3,0,1,1,0,1,0,0,0,0,1,0,64.0,16,62.8,19.4
21,5,72,1,4,3,3,3,0,0,0,0,0,0,0,0,1,0,0,65.0,28,65.9,20.200000000000003
24,3,70,1,8,2,1,1,1,0,1,0,0,0,1,0,0,0,1,40.0,30,38.8,47.0
19,4,71,3,5,2,2,2,0,1,1,0,0,1,0,0,0,0,1,48.5,29,51.949999999999996,36.6
20,1,88,4,3,3,3,3,1,1,1,0,0,1,0,1,0,0,0,34.0,12,46.599999999999994,32.8
20,6,89,1,4,3,2,2,0,1,0,0,0,1,0,0,0,0,0,81.5,11,77.44999999999999,10.399999999999999
18,3,78,2,6,1,1,1,0,1,1,0,0,0,1,0,1,0,0,45.0,22,47.099999999999994,37.8
20,3,78,0,6,3,3,3,0,1,0,0,0,1,0,0,0,1,0,51.0,22,51.3,29.799999999999997
23,4,82,3,6,2,2,2,0,1,0,1,0,0,1,0,0,0,0,52.0,18,52.0,37.2
22,3,74,0,2,3,3,3,0,1,0,0,0,1,0,1,0,0,0,57.0,26,65.1,11.399999999999999
22,5,87,3,6,2,2,2,0,1,0,0,0,1,0,0,0,1,0,62.5,13,59.35,32.2
21,3,79,2,7,0,0,0,0,1,1,0,1,0,0,0,0,0,0,43.5,21,43.65,42.4
22,3,81,2,2,2,2,2,0,1,0,0,0,1,0,0,0,0,0,54.5,19,63.349999999999994,16.6
19,5,80,1,8,1,1,1,1,1,0,0,0,1,0,0,0,0,0,61.0,20,53.49999999999999,37.0
20,4,86,2,5,2,2,1,0,1,1,1,0,0,1,0,0,0,1,59.0,14,59.3,26.6
21,2,84,3,5,1,2,2,0,1,0,1,0,0,0,0,0,1,0,39.0,16,45.3,37.4
21,4,97,1,3,3,4,4,0,1,1,0,0,1,0,1,0,0,0,71.5,3,72.85,8.2
21,5,78,1,4,4,3,3,0,1,0,1,1,0,0,1,0,0,0,68.0,22,68.0,17.799999999999997
20,5,96,1,4,2,2,2,0,1,0,0,1,0,0,0,0,1,0,77.0,4,74.3,10.600000000000001
20,0,67,2,2,2,2,2,1,1,0,1,0,1,0,0,0,0,0,23.5,33,41.65,31.200000000000003
27,3,85,2,4,1,2,2,0,1,0,0,0,1,0,0,0,1,0,52.5,15,57.15,25.0
23,5,69,0,3,2,2,2,1,1,0,0,0,0,1,0,1,0,0,68.5,31,70.75,12.399999999999999
21,2,73,3,6,0,0,0,0,1,1,1,0,0,1,0,0,0,1,31.5,27,37.65,46.8
20,3,74,2,1,2,3,3,0,1,0,0,1,0,0,0,1,0,0,53.0,26,64.69999999999999,14.399999999999999
20,4,73,2,5,1,1,1,0,1,0,1,0,1,0,0,0,0,1,52.5,27,54.75,31.799999999999997
20,4,77,4,5,3,3,3,0,1,0,0,1,0,0,0,0,1,0,48.5,23,51.949999999999996,38.2
21,4,99,0,5,2,1,1,0,1,0,1,0,0,1,0,0,0,1,71.5,1,68.05,13.399999999999999
17,3,75,2,9,1,0,0,1,1,0,1,1,0,0,0,0,0,1,37.5,25,34.65,54.0
17,4,69,1,8,0,0,0,1,1,1,0,0,1,0,1,0,0,0,47.5,31,44.05,44.4
19,4,85,4,4,3,3,3,0,1,1,1,0,1,0,0,0,0,0,54.5,15,58.55,30.0
21,5,83,1,5,3,2,2,0,1,0,0,1,0,0,0,0,0,1,68.5,17,65.94999999999999,20.799999999999997
20,5,99,2,4,4,3,3,0,0,0,1,0,0,0,0,1,0,0,75.5,1,73.25,13.399999999999999
24,5,81,2,5,0,0,0,0,1,0,1,0,0,1,1,0,0,0,64.5,19,63.15,25.6
17,3,63,1,6,1,1,1,1,1,1,0,0,0,0,0,0,0,1,40.5,37,43.949999999999996,39.8
19,3,78,4,3,3,3,3,0,1,1,1,1,0,0,0,0,0,0,45.0,22,54.3,30.799999999999997
24,4,78,0,8,2,2,2,1,1,1,1,0,1,0,0,1,0,0,55.0,22,49.3,36.8
21,6,72,2,7,0,0,0,0,1,1,0,1,0,0,0,1,0,0,64.0,28,58.0,36.2
22,4,77,1,7,1,1,1,0,1,0,0,0,1,0,0,0,0,1,53.5,23,50.64999999999999,36.2
25,6,80,0,6,2,2,2,0,1,0,0,0,0,1,1,0,0,0,76.0,20,68.8,20.0
19,5,81,2,3,2,3,2,0,1,0,1,0,0,1,0,0,0,0,68.5,19,70.75,15.600000000000001
20,5,71,3,7,1,1,1,0,1,1,0,0,0,1,0,0,0,0,52.5,29,49.95,43.6
20,5,86,0,4,3,4,3,0,1,1,1,1,0,0,0,0,0,1,75.0,14,72.9,10.600000000000001
17,2,95,1,2,3,3,3,0,1,0,0,1,0,0,0,1,0,0,56.5,5,64.75,10.0
20,2,84,3,5,3,3,3,0,1,1,0,0,0,1,0,0,0,1,39.0,16,45.3,37.4
22,2,90,1,3,1,1,1,0,1,0,0,0,0,0,1,0,0,0,52.0,10,59.2,17.0
22,5,83,2,4,2,2,2,0,1,0,1,0,0,1,0,0,1,0,67.5,17,67.65,19.799999999999997
22,3,73,0,6,1,1,1,0,1,0,0,1,0,0,0,0,1,0,48.5,27,49.55,31.799999999999997
20,3,84,2,5,1,1,1,0,1,1,0,0,0,1,0,1,0,0,50.0,16,53.0,30.4
19,3,78,2,5,0,0,0,0,1,1,0,1,0,0,0,0,0,0,47.0,22,50.9,32.8
23,4,73,2,7,2,2,2,0,1,1,1,0,1,0,0,1,0,0,48.5,27,47.14999999999999,41.8
19,3,81,2,1,4,3,4,0,1,1,0,0,1,0,0,0,0,1,56.5,19,67.14999999999999,11.600000000000001
21,3,88,1,7,3,3,3,0,1,0,1,0,1,0,1,0,0,0,51.0,12,48.89999999999999,34.8
21,3,79,0,5,2,1,1,0,1,0,0,0,0,0,0,0,0,0,53.5,21,55.449999999999996,24.4
24,5,97,3,5,4,3,3,0,1,1,0,1,0,0,1,0,0,0,69.5,3,66.65,23.200000000000003
23,1,89,2,5,2,2,2,1,1,1,0,0,1,0,0,0,1,0,36.5,11,43.55,34.4
18,4,77,0,6,2,1,1,0,1,1,1,1,0,0,0,1,0,0,58.5,23,56.55,27.200000000000003
18,3,77,2,7,0,0,0,0,0,0,1,1,0,0,0,1,0,0,42.5,23,42.949999999999996,43.2
22,4,99,3,5,2,2,2,0,1,0,1,1,0,0,0,0,0,0,62.5,1,61.75,25.4
20,3,79,3,5,0,0,0,0,0,0,0,1,0,0,0,1,0,0,44.5,21,49.15,36.4
20,2,84,3,6,4,4,3,0,1,0,1,0,0,1,0,0,1,0,37.0,16,41.5,42.4
23,6,85,3,1,1,1,1,0,1,0,0,0,1,0,0,0,0,0,79.5,15,83.25,5.0
21,6,68,2,5,2,2,2,1,1,0,1,0,0,1,1,0,0,0,66.0,32,64.19999999999999,27.799999999999997
21,4,68,0,6,2,2,2,1,1,0,1,0,0,1,0,1,0,0,54.0,32,53.4,30.799999999999997
22,4,88,1,4,4,4,4,0,0,1,0,0,0,1,0,1,0,0,65.0,12,65.9,16.8
20,3,73,5,4,1,1,1,1,1,1,0,0,0,0,0,1,0,0,37.5,27,46.65,41.8
24,4,82,1,5,4,3,3,0,1,1,1,1,0,0,0,1,0,0,60.0,18,60.0,24.200000000000003
19,7,69,0,4,3,3,3,1,0,1,0,1,0,0,0,0,1,0,82.5,31,78.14999999999999,11.399999999999999
22,5,79,1,5,2,1,1,0,0,1,0,1,0,0,1,0,0,0,66.5,21,64.55,22.4
24,2,83,1,4,1,1,1,0,1,1,0,0,1,0,1,0,0,0,46.5,17,52.949999999999996,24.8
18,4,65,0,8,1,1,1,1,1,1,0,0,1,0,0,0,0,1,48.5,35,44.74999999999999,42.0
20,4,82,1,3,2,2,2,0,1,0,0,0,0,1,0,0,1,0,64.0,18,67.6,14.2
23,4,82,2,7,1,1,1,0,1,0,0,1,0,0,0,0,0,0,53.0,18,50.3,38.2
23,6,78,1,4,2,2,2,0,0,1,0,0,0,0,0,0,1,0,76.0,22,73.6,14.799999999999997
20,2,73,4,6,4,4,4,0,1,0,0,0,0,0,0,0,1,0,28.5,27,35.55,50.8
19,3,79,0,6,1,2,2,0,1,0,0,1,0,0,0,0,1,0,51.5,21,51.65,29.4
23,2,79,3,8,2,2,2,1,1,1,0,0,0,0,0,1,0,0,30.5,21,32.15,54.4
23,4,97,5,6,4,3,3,1,1,0,0,1,0,0,0,0,1,0,53.5,3,53.05,39.2
18,4,81,7,4,3,3,3,1,1,1,0,0,0,1,0,1,0,0,43.5,19,50.849999999999994,43.6
18,6,78,0,5,2,2,2,0,1,0,0,0,0,0,0,0,1,0,77.0,22,71.9,15.799999999999997
21,2,81,1,9,1,1,1,1,1,0,0,1,0,0,0,0,1,0,35.5,19,33.25,50.6
22,5,85,1,5,3,3,3,0,1,0,0,0,0,1,0,0,0,0,69.5,15,66.65,20.0
20,0,85,2,3,1,1,1,1,1,0,0,1,0,0,0,0,0,1,30.5,15,44.15,29.0
22,6,85,1,4,4,3,3,0,1,0,1,0,0,1,0,1,0,0,79.5,15,76.05,12.0
19,4,86,2,4,3,3,3,0,1,1,1,0,0,0,1,0,0,0,61.0,14,63.099999999999994,21.6
17,4,70,2,6,0,0,0,0,1,1,0,1,0,0,1,0,0,0,49.0,30,49.9,38.0
20,4,71,0,5,2,2,2,0,1,0,1,0,0,1,0,0,1,0,57.5,29,58.25,24.6
21,4,83,4,4,3,3,3,0,1,0,0,0,1,0,0,0,0,1,53.5,17,57.849999999999994,30.799999999999997
20,3,77,0,5,1,1,1,0,1,0,1,1,0,0,0,0,0,0,52.5,23,54.75,25.200000000000003
18,4,82,3,5,1,2,2,0,1,0,0,0,0,0,0,0,1,0,54.0,18,55.8,32.2
17,5,81,3,5,1,1,1,0,1,1,1,0,0,1,0,0,1,0,61.5,19,61.05,29.6
19,3,81,1,5,3,3,3,0,1,0,1,0,0,0,0,1,0,0,51.5,19,54.05,27.6
23,3,83,0,5,1,1,1,0,1,0,0,0,0,1,0,0,1,0,55.5,17,56.849999999999994,22.8
23,3,68,4,3,1,1,1,1,1,0,0,0,0,0,0,0,0,0,40.0,32,50.8,34.8
23,5,84,2,6,3,3,3,0,1,0,1,1,0,0,0,0,0,1,64.0,16,60.4,29.4
19,3,87,5,4,2,2,2,1,1,1,1,0,0,0,1,0,0,0,44.5,13,51.55,36.2
18,3,84,2,5,1,1,1,0,1,0,1,0,0,0,0,0,1,0,50.0,16,53.0,30.4
22,4,76,3,3,0,0,0,0,1,0,0,0,0,1,0,0,0,0,55.0,24,61.3,24.6
22,5,75,4,5,4,4,4,0,1,1,0,0,1,0,1,0,0,0,55.5,25,56.849999999999994,36.0
21,2,83,0,5,3,3,3,0,1,0,0,0,1,0,0,0,0,0,47.5,17,51.25,25.8
17,4,88,1,5,2,2,2,0,1,0,0,1,0,0,0,0,0,0,63.0,12,62.099999999999994,21.799999999999997
19,4,92,2,4,2,2,2,0,1,1,0,0,0,1,0,0,0,1,64.0,8,65.19999999999999,19.2
20,4,88,1,7,4,4,3,0,1,1,0,0,1,0,0,0,0,1,59.0,12,54.5,31.799999999999997
22,4,86,2,6,1,0,0,0,0,1,0,0,1,0,1,0,0,0,57.0,14,55.5,31.6
22,4,61,2,5,1,1,1,1,1,0,1,0,0,0,0,1,0,0,46.5,39,50.55,36.6
21,4,77,1,5,1,1,1,0,1,0,0,1,0,0,1,0,0,0,57.5,23,58.25,26.200000000000003
21,1,84,3,4,3,3,3,1,1,0,1,0,1,0,0,0,1,0,33.0,16,43.5,35.4
21,2,76,1,4,3,3,3,0,1,1,1,0,0,0,0,0,1,0,43.0,24,50.5,27.6
22,1,74,0,8,1,0,0,1,1,0,0,0,0,0,0,0,0,1,29.0,26,31.099999999999994,47.4
21,6,73,3,4,1,2,2,0,1,1,1,0,0,0,0,1,0,0,67.5,27,67.65,24.799999999999997
21,5,96,4,10,0,1,1,1,0,0,1,0,1,0,0,1,0,0,56.0,4,45.199999999999996,52.599999999999994
20,1,71,1,3,2,2,2,1,1,0,1,0,0,1,0,0,0,1,34.5,29,46.95,27.6
21,4,80,1,6,1,1,1,0,1,1,0,0,1,0,0,0,0,1,57.0,20,55.5,30.0
22,3,76,6,5,2,2,2,1,1,1,1,0,1,0,0,1,0,0,34.0,24,41.8,49.6
21,4,75,3,5,0,1,1,0,1,0,1,1,0,0,0,0,0,0,50.5,25,53.349999999999994,35.0
21,4,85,1,2,3,3,3,0,1,1,0,0,0,0,0,0,0,0,67.5,15,72.45,8.0
24,3,88,2,3,1,1,1,0,1,0,1,0,0,0,0,0,0,0,56.0,12,62.0,18.8
21,3,72,1,5,3,3,3,0,1,1,0,0,0,1,1,0,0,0,47.0,28,50.9,31.200000000000003
19,5,82,2,3,1,1,1,0,1,1,0,0,0,0,0,0,0,1,69.0,18,71.1,15.2
22,3,81,0,7,1,1,1,0,1,0,0,0,1,0,0,0,0,1,50.5,19,48.55,33.6
18,3,78,3,5,2,2,2,0,1,0,1,0,0,0,1,0,0,0,44.0,22,48.8,36.8
18,4,74,3,6,3,3,3,0,1,0,1,0,1,0,1,0,0,0,48.0,26,49.199999999999996,40.4
21,5,90,2,5,3,2,2,0,1,1,0,0,0,0,0,0,1,0,69.0,10,66.3,22.0
22,4,73,1,5,3,3,3,0,1,1,0,0,0,0,0,0,0,0,55.5,27,56.849999999999994,27.799999999999997
18,3,71,2,8,1,0,0,1,1,0,0,0,0,1,0,0,0,1,37.5,29,37.05,50.6
20,1,90,2,7,1,1,1,1,1,0,0,1,0,0,0,0,0,1,33.0,10,36.3,44.0
19,1,83,1,5,0,0,0,1,1,1,1,0,0,1,0,1,0,0,36.5,17,43.55,32.8
19,3,72,1,6,2,2,2,0,1,0,0,1,0,0,0,1,0,0,45.0,28,47.099999999999994,36.2
23,4,81,0,7,3,4,4,0,1,0,0,0,0,0,0,0,1,0,58.5,19,54.14999999999999,30.6
22,3,77,2,4,1,1,1,0,1,1,0,0,0,0,0,0,0,1,48.5,23,54.349999999999994,28.200000000000003
21,2,93,1,2,4,4,3,0,0,0,0,0,0,1,1,0,0,0,55.5,7,64.05,10.8
19,2,80,2,6,1,1,1,0,1,0,1,1,0,0,0,0,0,0,38.0,20,42.199999999999996,40.0
18,4,86,1,7,2,2,2,0,0,1,0,0,0,0,1,0,0,0,58.0,14,53.8,32.6
24,5,81,3,2,4,3,3,0,1,1,1,0,0,0,0,1,0,0,67.5,19,72.45,14.600000000000001
22,3,93,0,4,2,2,2,0,0,1,0,0,1,0,1,0,0,0,62.5,7,64.15,13.8
19,3,83,1,5,3,3,3,0,1,0,1,0,0,1,0,0,1,0,52.5,17,54.75,26.799999999999997
22,3,91,1,3,3,3,3,0,1,0,0,0,1,0,0,0,1,0,60.5,9,65.14999999999999,13.600000000000001
20,4,86,3,5,4,3,3,0,1,1,1,0,1,0,0,0,0,0,56.0,14,57.199999999999996,30.6
20,3,77,4,3,1,1,1,0,0,0,1,1,0,0,0,0,0,0,44.5,23,53.95,31.200000000000003
22,5,82,0,4,3,3,3,0,1,0,1,0,1,0,0,1,0,0,73.0,18,71.5,12.2
19,4,80,2,6,3,2,2,0,1,0,1,0,1,0,0,0,0,0,54.0,20,53.4,34.0
20,4,77,3,5,3,4,3,0,1,0,1,0,1,0,1,0,0,0,51.5,23,54.05,34.2
21,4,58,3,5,4,4,3,1,1,0,1,0,0,1,0,0,0,0,42.0,42,47.4,41.8
19,2,92,5,8,1,1,1,1,1,1,1,1,0,0,0,0,0,0,31.0,8,32.5,57.2
22,4,65,2,5,1,1,1,1,1,1,1,0,1,0,0,0,0,0,48.5,35,51.949999999999996,35.0
25,4,92,5,1,1,2,2,1,1,0,0,0,0,0,0,0,0,1,61.0,8,70.3,16.2
19,6,71,0,5,2,2,2,0,1,0,1,0,1,0,1,0,0,0,73.5,29,69.44999999999999,18.6
17,2,86,1,5,1,1,1,0,1,0,0,0,0,1,0,0,1,0,46.0,14,50.199999999999996,28.6
17,5,77,2,5,3,4,4,0,1,0,0,0,0,0,0,0,1,0,62.5,23,61.75,27.200000000000003
20,4,68,2,5,1,0,0,1,1,0,0,0,1,0,0,0,0,0,50.0,32,53.0,33.8
19,2,91,1,7,2,2,2,0,1,0,1,0,0,1,0,0,0,0,44.5,9,44.349999999999994,36.6
21,0,62,2,4,1,1,1,1,1,0,1,0,1,0,1,0,0,0,17.0,38,32.3,43.2
21,3,88,1,5,2,2,2,0,1,1,0,0,0,0,0,0,1,0,55.0,12,56.5,24.799999999999997
17,3,83,1,4,1,1,1,0,1,0,0,0,1,0,0,1,0,0,54.5,17,58.55,21.8
17,3,90,3,6,2,2,2,0,0,1,0,0,0,1,0,0,0,0,48.0,10,49.199999999999996,37.0
21,5,87,4,6,3,4,4,0,1,0,0,0,1,0,0,0,0,0,59.5,13,57.25,36.2
21,3,86,1,6,2,2,2,0,1,0,0,1,0,0,0,0,0,1,52.0,14,52.0,30.6
20,4,89,3,9,0,0,0,1,1,1,0,0,0,1,0,0,0,1,49.5,11,43.05,49.4
17,2,88,4,6,1,0,0,0,1,0,0,0,0,0,1,0,0,0,36.0,12,40.8,44.8
22,4,85,1,5,3,4,4,0,1,1,1,0,0,0,0,1,0,0,61.5,15,61.05,23.0
23,2,79,0,3,0,0,0,0,1,0,0,0,1,0,0,1,0,0,49.5,21,57.45,17.4
21,4,80,1,4,3,3,3,0,1,0,0,1,0,0,0,1,0,0,61.0,20,63.099999999999994,20.0
19,5,82,2,9,2,2,2,1,1,1,0,0,1,0,1,0,0,0,57.0,18,48.3,45.2
21,4,79,2,5,3,3,3,0,1,0,0,0,0,0,1,0,0,0,55.5,21,56.849999999999994,29.4
18,6,99,1,6,1,1,1,0,1,0,0,1,0,0,1,0,0,0,82.5,1,73.35,16.4
23,3,81,1,7,3,3,3,0,1,0,0,0,1,0,0,0,1,0,47.5,19,46.45,37.6
21,4,72,4,7,1,2,2,0,1,0,0,0,1,0,0,0,0,0,42.0,28,42.599999999999994,50.2
17,4,81,3,2,3,3,3,0,1,0,0,0,0,0,0,0,1,0,59.5,19,66.85,17.6
20,3,75,1,4,0,1,1,0,1,1,0,0,0,0,0,0,0,0,50.5,25,55.74999999999999,25.0
22,3,97,0,6,1,1,1,0,1,0,1,1,0,0,0,0,0,1,60.5,3,57.949999999999996,22.2
20,3,82,3,6,1,1,1,0,1,1,0,0,0,0,0,0,0,0,44.0,18,46.4,40.2
20,4,87,3,5,3,2,2,0,1,0,1,1,0,0,0,0,0,0,56.5,13,57.55,30.200000000000003
18,4,86,3,4,2,2,2,0,1,1,1,0,0,0,0,0,0,0,58.0,14,60.99999999999999,25.6
22,5,89,1,5,3,3,3,0,1,1,0,0,0,0,0,1,0,0,71.5,11,68.05,18.4
19,5,83,1,4,2,2,2,0,1,1,1,0,0,1,0,0,1,0,70.5,17,69.75,15.8
17,5,78,1,3,2,1,1,0,1,0,1,0,0,0,0,0,1,0,70.0,22,71.8,12.8
20,5,82,2,5,1,1,1,0,1,0,0,0,0,1,0,0,1,0,65.0,18,63.5,25.200000000000003
23,5,72,2,8,2,2,2,1,0,0,0,0,0,1,0,0,0,0,54.0,28,48.599999999999994,44.2
20,3,80,4,5,3,3,3,0,1,0,0,0,0,0,0,0,1,0,42.0,20,47.4,40.0
24,3,96,1,2,3,3,3,0,1,0,0,0,1,0,0,0,0,0,65.0,4,70.7,6.6
21,1,87,1,4,1,1,1,1,1,1,1,0,1,0,0,0,0,1,40.5,13,48.75,26.2
21,5,81,1,8,1,1,1,1,1,0,0,0,0,0,0,1,0,0,61.5,19,53.849999999999994,36.6
20,4,98,5,2,0,0,0,1,1,0,0,0,0,1,0,0,1,0,62.0,2,68.6,18.8
20,4,77,0,5,1,1,1,0,1,1,0,1,0,0,0,0,0,0,60.5,23,60.349999999999994,22.200000000000003
20,0,84,4,6,1,1,1,1,1,0,1,1,0,0,0,1,0,0,18.0,16,28.2,52.4
20,3,79,4,3,2,3,3,0,1,0,1,0,0,1,0,1,0,0,45.5,21,54.65,30.4
22,5,80,1,5,3,3,3,0,1,1,0,1,0,0,1,0,0,0,67.0,20,64.9,22.0
18,4,85,2,3,4,3,3,0,1,0,1,1,0,0,0,1,0,0,62.5,15,66.55,17.0
18,3,86,2,3,1,1,1,0,1,1,1,0,0,0,0,0,0,1,55.0,14,61.3,19.6
18,4,80,4,5,3,3,3,0,1,1,1,0,0,0,0,1,0,0,50.0,20,53.0,37.0
25,4,75,0,5,2,2,2,0,1,0,0,0,0,0,1,0,0,0,59.5,25,59.65,23.0
22,3,96,1,4,4,4,3,0,1,0,0,1,0,0,1,0,0,0,61.0,4,63.099999999999994,16.6
21,4,82,2,6,1,0,0,0,1,1,0,0,0,1,0,0,1,0,55.0,18,54.1,33.2
18,3,73,1,6,2,2,2,0,1,1,0,0,1,0,0,0,1,0,45.5,27,47.449999999999996,35.8
22,4,73,2,5,0,1,0,0,1,0,0,1,0,0,0,0,0,1,52.5,27,54.75,31.799999999999997
20,5,97,3,4,4,4,3,0,0,1,0,0,0,1,1,0,0,0,71.5,3,70.44999999999999,18.200000000000003
21,7,100,5,3,4,3,4,1,0,0,0,0,0,1,0,0,0,1,85.0,0,82.3,14.0
18,5,84,1,4,2,3,3,0,1,1,0,1,0,0,1,0,0,0,71.0,16,70.1,15.399999999999999
21,4,77,4,5,1,2,2,0,1,0,1,0,0,1,0,1,0,0,48.5,23,51.949999999999996,38.2
20,5,84,1,4,2,2,2,0,1,0,1,1,0,0,0,0,1,0,71.0,16,70.1,15.399999999999999
19,2,79,1,3,2,2,2,0,1,0,1,0,0,0,0,0,0,0,46.5,21,55.349999999999994,21.4
22,3,86,1,5,1,0,0,0,0,0,0,0,0,0,0,0,1,0,54.0,14,55.8,25.6
17,3,84,1,4,2,3,3,0,1,0,1,0,0,1,0,0,1,0,55.0,16,58.9,21.4
22,3,81,1,6,2,2,2,0,1,0,0,0,0,0,0,0,1,0,49.5,19,50.25,32.6
22,5,81,4,4,3,2,2,0,0,0,0,0,0,1,0,0,0,1,60.5,19,62.74999999999999,28.6
19,5,80,1,7,3,4,3,0,1,0,1,1,0,0,0,0,0,0,63.0,20,57.3,32.0
19,2,89,5,5,1,1,1,1,1,1,1,1,0,0,0,0,0,1,35.5,11,42.849999999999994,43.4
20,3,80,1,4,1,2,2,0,1,1,1,0,0,1,0,1,0,0,53.0,20,57.49999999999999,23.0
21,3,98,0,5,3,3,3,0,0,0,0,0,0,1,0,0,0,1,63.0,2,62.099999999999994,16.8
20,4,99,1,5,3,3,3,0,1,0,0,0,0,0,0,0,0,0,68.5,1,65.94999999999999,17.4
22,5,79,0,5,0,0,0,0,0,0,0,0,1,0,0,0,0,0,69.5,21,66.65,18.4
24,6,79,1,6,4,4,4,0,0,1,0,0,0,0,0,1,0,0,72.5,21,66.35,24.4
19,5,81,1,4,3,3,3,0,1,0,1,1,0,0,0,1,0,0,69.5,19,69.05,16.6
17,5,76,2,5,1,1,1,0,1,0,0,0,1,0,0,0,1,0,62.0,24,61.4,27.6
22,2,88,1,5,0,0,0,0,1,0,0,0,0,1,1,0,0,0,47.0,12,50.9,27.799999999999997
24,3,91,1,1,4,4,4,0,1,1,0,0,0,1,1,0,0,0,64.5,9,72.75,3.5999999999999996
21,4,92,1,5,2,1,1,0,1,0,1,0,0,1,0,0,0,0,65.0,8,63.5,20.200000000000003
18,7,80,1,3,4,3,3,0,0,1,0,1,0,0,1,0,0,0,87.0,20,83.7,6.0
20,4,80,3,5,4,3,3,0,1,0,1,0,0,0,0,0,0,0,53.0,20,55.099999999999994,33.0
18,5,66,2,4,2,2,2,1,1,0,1,0,0,1,1,0,0,0,59.0,34,61.699999999999996,26.6
22,3,76,0,6,1,2,2,0,1,0,0,0,0,1,0,0,1,0,50.0,24,50.6,30.6
18,3,74,3,7,1,1,1,0,1,0,0,0,1,0,0,0,0,1,38.0,26,39.8,48.4
20,3,73,1,5,0,0,0,0,1,0,1,0,1,0,0,1,0,0,47.5,27,51.25,30.799999999999997
18,3,78,0,5,2,2,2,0,1,1,0,0,0,0,0,1,0,0,53.0,22,55.099999999999994,24.799999999999997
21,4,79,4,5,3,3,3,0,1,0,0,0,1,0,0,0,0,1,49.5,21,52.65,37.4
20,2,81,2,5,1,2,2,0,1,1,0,0,0,1,0,0,0,0,40.5,19,46.349999999999994,34.6
21,1,92,1,7,1,2,2,1,1,0,1,0,1,0,0,1,0,0,37.0,8,39.099999999999994,39.2
21,3,91,2,10,0,0,0,1,1,0,0,0,0,0,0,0,1,0,43.5,9,36.45,52.6
18,4,73,0,5,2,2,2,0,1,0,1,0,0,0,1,0,0,0,58.5,27,58.949999999999996,23.799999999999997
22,3,85,1,6,0,0,0,0,1,0,0,0,0,0,0,0,0,0,51.5,15,51.65,31.0
20,7,75,2,4,3,3,3,0,0,0,0,0,0,1,0,0,1,0,79.5,25,76.05,17.0
18,4,83,1,4,2,2,2,0,1,1,1,0,0,1,0,1,0,0,62.5,17,64.15,18.8
25,4,92,2,3,3,3,3,0,1,0,1,0,1,0,0,1,0,0,66.0,8,69.0,14.2
22,2,78,2,7,0,1,1,0,1,0,0,0,0,1,0,0,1,0,35.0,22,37.7,45.8
20,4,74,5,6,1,1,1,1,0,0,0,0,0,1,0,0,0,1,42.0,26,45.0,48.4
24,5,82,0,4,3,4,4,0,0,0,1,0,0,0,0,0,0,1,73.0,18,71.5,12.2
25,4,92,2,5,1,1,1,0,1,0,1,0,1,0,0,0,0,1,62.0,8,61.4,24.200000000000003
20,4,98,2,6,0,0,0,0,1,1,1,0,0,1,0,0,0,0,63.0,2,59.699999999999996,26.799999999999997
21,4,77,2,7,1,0,0,0,1,1,0,0,1,0,1,0,0,0,50.5,23,48.55,40.2
18,4,83,4,5,1,2,2,0,1,1,0,0,1,0,0,0,1,0,51.5,17,54.05,35.8
20,5,84,0,5,3,2,2,0,1,0,0,0,0,0,1,0,0,0,72.0,16,68.4,16.4
20,3,70,2,7,1,1,1,0,1,1,0,0,1,0,0,0,1,0,39.0,30,40.5,46.0
21,6,70,4,3,0,0,0,0,1,0,0,0,0,0,0,1,0,0,65.0,30,68.3,25.0
21,2,84,0,2,0,1,1,0,1,1,1,0,0,0,0,1,0,0,54.0,16,63.0,10.399999999999999
22,5,79,1,7,1,1,1,0,1,0,1,0,0,1,1,0,0,0,62.5,21,56.95,32.4
21,4,70,2,4,0,0,0,0,1,0,0,0,0,1,0,1,0,0,53.0,30,57.49999999999999,28.0
18,4,87,1,7,2,3,3,0,1,1,1,0,1,0,1,0,0,0,58.5,13,54.14999999999999,32.2
18,3,82,1,9,0,0,0,1,0,1,0,1,0,0,0,0,0,1,44.0,18,39.199999999999996,47.2
19,4,82,3,8,1,1,1,1,1,0,0,0,0,1,1,0,0,0,48.0,18,44.39999999999999,47.2
20,4,73,1,1,4,3,3,0,0,0,1,0,1,0,0,0,0,0,63.5,27,72.05,7.800000000000001
23,6,68,4,6,3,3,3,1,1,0,0,0,0,1,0,1,0,0,58.0,32,56.199999999999996,40.8
18,4,77,0,4,3,3,3,0,1,1,1,0,0,0,1,0,0,0,62.5,23,64.15,17.200000000000003
20,3,82,1,4,2,3,3,0,1,0,1,0,1,0,0,0,0,0,54.0,18,58.199999999999996,22.2
23,3,76,2,6,1,1,1,0,1,0,1,0,0,0,0,1,0,0,44.0,24,46.4,38.6
20,4,73,2,4,3,3,3,0,1,1,0,1,0,0,0,0,0,0,54.5,27,58.55,26.799999999999997
22,5,79,1,6,2,3,3,0,1,0,0,0,0,0,0,0,1,0,64.5,21,60.75,27.4
20,4,82,2,7,0,0,0,0,1,0,1,0,0,0,0,1,0,0,53.0,18,50.3,38.2
21,5,93,4,5,2,2,2,0,0,1,0,0,0,1,0,0,0,0,64.5,7,63.15,28.799999999999997
20,4,83,2,6,2,2,2,0,1,0,1,0,1,0,0,0,0,0,55.5,17,54.449999999999996,32.8
22,1,70,4,4,1,1,1,1,1,0,0,0,0,1,0,0,0,1,23.0,30,36.5,45.0
17,4,65,2,5,3,3,3,1,1,1,0,0,1,0,0,0,1,0,48.5,35,51.949999999999996,35.0
20,3,62,4,8,1,1,1,1,1,0,0,0,0,1,0,0,1,0,27.0,38,29.699999999999996,62.2
21,5,84,1,6,3,3,3,0,1,0,0,0,0,1,0,0,1,0,67.0,16,62.5,25.4
22,6,73,2,5,2,2,2,0,1,0,1,0,1,0,0,0,0,0,68.5,27,65.94999999999999,25.799999999999997
24,6,86,3,7,0,0,0,0,0,0,1,0,0,0,0,0,0,1,68.0,14,60.8,34.6
20,3,91,1,4,4,4,4,0,1,0,0,0,0,0,0,0,0,0,58.5,9,61.349999999999994,18.6
24,3,86,2,4,0,0,0,0,1,0,0,0,1,0,0,0,0,0,53.0,14,57.49999999999999,24.6
19,3,80,5,4,0,1,1,1,1,1,0,0,1,0,0,1,0,0,41.0,20,49.099999999999994,39.0
23,3,96,3,2,4,4,3,0,1,0,1,0,0,1,0,0,1,0,59.0,4,66.5,14.600000000000001
22,4,78,1,4,2,3,3,0,1,0,0,1,0,0,1,0,0,0,60.0,22,62.4,20.799999999999997
19,2,74,2,5,3,3,3,0,1,0,0,0,0,1,0,0,0,0,37.0,26,43.9,37.4
21,4,84,1,5,1,1,1,0,1,0,1,0,0,1,0,1,0,0,61.0,16,60.699999999999996,23.4
20,1,88,1,3,3,3,3,1,1,0,0,0,0,1,0,0,0,0,43.0,12,52.9,20.8
22,6,61,4,4,1,2,2,1,1,0,0,0,1,0,0,0,0,1,58.5,39,61.349999999999994,33.6
20,3,90,0,2,2,2,2,0,1,0,1,1,0,0,0,1,0,0,65.0,10,70.7,5.0
20,3,69,2,9,0,0,0,1,1,1,1,1,0,0,0,0,1,0,34.5,31,32.55,56.400000000000006
24,4,65,4,8,3,3,3,1,1,1,1,1,0,0,0,0,1,0,36.5,35,36.349999999999994,58.0
20,5,79,3,4,2,2,2,0,1,0,1,1,0,0,0,0,0,0,62.5,21,64.15,25.4
22,1,73,1,5,0,0,0,1,1,1,0,0,1,0,0,0,0,0,31.5,27,40.05,36.8
20,3,85,0,3,3,3,3,0,1,1,0,1,0,0,0,0,0,0,60.5,15,65.14999999999999,12.0
24,5,84,1,7,0,0,0,0,1,1,0,1,0,0,1,0,0,0,65.0,16,58.7,30.4
19,5,84,1,6,3,2,2,0,1,1,1,1,0,0,0,0,1,0,67.0,16,62.5,25.4
19,2,91,2,3,3,3,3,0,1,1,0,0,1,0,1,0,0,0,49.5,9,57.45,20.6
24,5,79,1,3,2,2,2,0,1,1,0,1,0,0,0,0,0,0,70.5,21,72.14999999999999,12.399999999999999
20,4,84,3,5,2,2,2,0,1,1,1,0,0,0,1,0,0,0,55.0,16,56.5,31.4
24,2,68,2,8,0,0,0,1,0,1,0,0,1,0,0,0,0,0,28.0,32,30.4,54.8
23,3,89,0,4,4,3,3,0,1,1,0,0,0,1,0,1,0,0,60.5,11,62.74999999999999,15.399999999999999
20,1,78,0,7,0,1,1,1,1,1,0,0,1,0,0,1,0,0,33.0,22,36.3,40.8
17,5,79,1,6,1,1,1,0,1,0,0,1,0,0,1,0,0,0,64.5,21,60.75,27.4
21,6,79,2,4,4,4,4,0,1,1,0,0,0,0,0,0,0,0,73.5,21,71.85,18.4
21,3,81,4,4,3,4,4,0,1,0,0,0,0,0,0,1,0,0,44.5,19,51.55,34.6
23,3,79,0,6,3,3,3,0,0,1,0,1,0,0,0,1,0,0,51.5,21,51.65,29.4
24,4,64,1,7,1,1,1,1,1,1,1,0,1,0,1,0,0,0,47.0,36,46.099999999999994,41.4
19,3,91,2,7,2,2,2,0,1,0,0,1,0,0,1,0,0,0,49.5,9,47.849999999999994,37.6
22,1,76,0,5,1,1,1,1,1,0,1,0,0,0,0,0,1,0,36.0,24,43.2,31.6
22,5,79,1,6,1,1,1,0,1,1,1,0,1,0,1,0,0,0,64.5,21,60.75,27.4
23,4,65,1,5,1,1,1,1,1,1,0,0,0,0,0,0,0,1,51.5,35,54.05,31.0
22,4,86,5,9,2,2,2,1,1,1,0,0,0,0,0,0,1,0,42.0,14,37.8,58.599999999999994
17,5,78,1,5,1,1,1,0,1,0,0,0,1,0,0,0,1,0,66.0,22,64.19999999999999,22.799999999999997
20,3,90,1,2,2,2,2,0,1,1,0,0,0,0,0,0,0,1,62.0,10,68.6,9.0
18,4,97,0,5,1,2,2,0,1,1,0,0,0,1,0,0,0,0,70.5,3,67.35,14.2
20,3,95,1,5,2,2,2,0,1,0,0,0,0,1,1,0,0,0,58.5,5,58.949999999999996,22.0
23,2,84,1,3,0,0,0,0,0,1,0,0,1,0,0,0,0,1,49.0,16,57.099999999999994,19.4
21,2,77,1,5,1,0,0,0,1,1,0,1,0,0,0,1,0,0,41.5,23,47.05,32.2
23,4,77,3,3,3,3,3,0,1,1,0,0,0,0,1,0,0,0,55.5,23,61.64999999999999,24.200000000000003
21,4,79,4,6,1,1,1,0,1,1,0,0,0,0,0,0,1,0,47.5,21,48.85,42.4
18,5,75,1,6,3,3,3,0,1,1,1,0,0,1,0,0,1,0,62.5,25,59.35,29.0
17,1,85,1,6,2,2,2,1,1,0,0,1,0,0,0,0,0,0,35.5,15,40.449999999999996,37.0
21,4,80,1,7,1,1,1,0,1,0,0,0,1,0,0,0,1,0,55.0,20,51.7,35.0
20,6,81,4,6,2,2,2,0,1,0,0,1,0,0,0,0,0,0,64.5,19,60.75,35.6
18,4,79,6,6,2,2,2,1,1,0,0,1,0,0,0,0,1,0,41.5,21,44.65,50.4
17,5,85,1,7,2,2,2,0,1,0,0,0,0,0,0,1,0,0,65.5,15,59.05,30.0
19,7,84,2,4,2,2,2,0,1,0,0,0,0,1,0,0,1,0,84.0,16,79.19999999999999,13.399999999999999
20,5,79,2,5,4,3,3,0,1,0,1,0,0,0,0,0,0,1,63.5,21,62.449999999999996,26.4
22,2,80,1,4,2,2,2,0,1,0,1,0,1,0,1,0,0,0,45.0,20,51.89999999999999,26.0
21,3,80,1,4,2,3,3,0,1,1,1,0,0,0,0,0,1,0,53.0,20,57.49999999999999,23.0
24,4,87,0,5,4,3,3,0,1,1,0,0,0,0,0,0,1,0,65.5,13,63.849999999999994,18.2
18,3,75,3,7,1,1,1,0,1,0,1,0,1,0,0,0,0,1,38.5,25,40.15,48.0
22,5,78,3,6,1,2,2,0,0,1,1,0,0,0,0,0,0,1,58.0,22,56.199999999999996,35.8
21,3,66,2,2,4,3,3,1,0,0,1,0,0,1,0,0,1,0,47.0,34,58.099999999999994,22.6
22,3,73,2,8,1,1,1,1,1,0,0,1,0,0,1,0,0,0,38.5,27,37.75,49.8
20,5,80,1,7,2,2,2,0,1,0,1,0,1,0,0,0,0,0,63.0,20,57.3,32.0
23,2,78,3,5,0,0,0,0,1,1,1,0,0,0,0,1,0,0,36.0,22,43.2,39.8
21,4,66,1,3,3,3,3,1,1,1,0,0,1,0,0,0,0,1,56.0,34,62.0,20.6
19,3,86,3,3,1,2,2,0,1,0,1,0,0,0,1,0,0,0,52.0,14,59.2,23.6
21,5,75,4,8,1,1,1,1,1,0,1,0,0,0,0,0,0,0,49.5,25,45.449999999999996,51.0
20,3,69,2,7,1,1,1,1,1,0,1,0,1,0,1,0,0,0,38.5,31,40.15,46.4
22,4,84,3,7,0,0,0,0,1,0,0,0,0,1,0,0,0,1,51.0,16,48.89999999999999,41.4
18,3,88,1,5,3,4,3,0,1,1,1,0,0,1,0,0,0,1,55.0,12,56.5,24.799999999999997
20,1,62,1,7,1,1,1,1,1,0,0,0,0,1,0,0,0,1,22.0,38,28.599999999999998,51.2
21,4,87,0,3,3,3,3,0,1,0,1,0,0,0,1,0,0,0,69.5,13,71.45,8.2
21,2,80,1,3,3,3,3,0,1,0,0,1,0,0,0,0,0,1,47.0,20,55.7,21.0
24,5,80,2,7,1,1,1,0,1,0,0,0,0,1,0,0,0,1,60.0,20,55.2,36.0
22,4,73,2,3,2,2,2,0,1,1,0,1,0,0,0,1,0,0,56.5,27,62.349999999999994,21.799999999999997
21,4,80,0,5,3,3,3,0,0,1,1,0,1,0,0,0,0,1,62.0,20,61.4,21.0
21,3,81,3,2,2,3,3,0,1,0,0,1,0,0,1,0,0,0,51.5,19,61.25,20.6
21,3,100,3,1,3,3,3,0,0,0,0,1,0,0,0,0,0,1,63.0,0,71.69999999999999,8.0
21,0,86,1,3,1,0,0,1,1,0,0,0,1,0,0,0,0,1,34.0,14,46.599999999999994,24.6
17,4,82,2,4,2,2,2,0,0,0,0,0,1,0,0,0,0,0,59.0,18,61.699999999999996,23.200000000000003
20,2,91,4,3,4,3,3,0,1,0,1,0,0,0,0,1,0,0,43.5,9,53.25,28.6
17,4,89,1,6,3,4,4,0,1,1,0,0,0,0,0,0,0,0,61.5,11,58.65,26.4
23,2,70,1,7,1,1,1,0,1,0,1,0,0,1,1,0,0,0,34.0,30,37.0,45.0
20,4,87,3,6,4,4,4,0,1,1,0,0,0,0,0,0,0,0,54.5,13,53.75,35.2
20,4,82,2,3,3,2,2,0,1,1,0,0,1,0,0,0,1,0,61.0,18,65.5,18.2
23,4,76,5,5,2,2,2,1,1,0,1,1,0,0,1,0,0,0,45.0,24,49.5,42.6
21,5,73,0,3,2,2,2,0,0,0,0,0,0,0,1,0,0,0,70.5,27,72.14999999999999,10.8
18,3,80,0,8,1,1,1,1,1,0,0,0,0,0,1,0,0,0,48.0,20,44.39999999999999,39.0
20,2,81,2,5,1,1,1,0,1,0,1,1,0,0,0,0,1,0,40.5,19,46.349999999999994,34.6
20,5,91,0,4,4,4,4,0,1,0,0,1,0,0,0,0,1,0,77.5,9,74.65,8.600000000000001
17,4,49,0,5,2,1,2,1,1,0,1,0,1,0,0,0,0,1,46.5,51,50.55,33.400000000000006
19,3,71,1,5,1,0,0,0,1,0,0,0,1,0,0,0,0,0,46.5,29,50.55,31.6
20,5,83,0,6,1,1,1,0,1,1,0,0,1,0,0,0,1,0,69.5,17,64.25,21.799999999999997
20,4,80,0,2,3,3,3,0,1,1,0,0,1,0,0,0,0,0,68.0,20,72.8,6.0
17,4,82,0,4,3,3,3,0,0,0,0,0,1,0,0,0,0,0,65.0,18,65.9,15.2
23,3,78,4,6,1,1,1,0,1,0,0,0,0,0,0,0,1,0,39.0,22,42.9,45.8
20,3,84,4,6,1,1,1,0,1,1,1,1,0,0,0,0,1,0,42.0,16,45.0,43.4
21,3,69,2,10,0,1,1,1,1,0,0,0,1,0,0,0,0,0,32.5,31,28.75,61.400000000000006
21,0,98,2,8,0,0,0,1,1,0,0,0,0,1,0,0,0,0,27.0,2,29.699999999999996,48.8
19,4,85,2,4,3,3,3,0,1,0,1,0,1,0,0,0,0,1,60.5,15,62.74999999999999,22.0
22,4,85,0,8,2,2,2,1,1,0,1,0,0,1,0,0,1,0,58.5,15,51.74999999999999,34.0
20,2,73,1,6,2,2,2,0,1,0,0,1,0,0,0,0,0,0,37.5,27,41.85,38.8
19,4,77,0,8,2,2,2,1,1,0,0,0,0,1,0,0,1,0,54.5,23,48.949999999999996,37.2
22,0,86,2,6,0,0,0,1,1,1,0,0,0,0,0,0,1,0,25.0,14,33.1,43.6
24,6,79,1,8,2,2,2,1,0,1,1,0,0,0,0,1,0,0,68.5,21,58.74999999999999,34.4
22,3,84,6,7,0,0,0,1,1,0,0,0,1,0,0,1,0,0,34.0,16,37.0,56.400000000000006
23,3,75,1,6,1,1,1,0,1,0,1,1,0,0,0,0,0,1,46.5,25,48.15,35.0
19,4,71,1,4,2,2,2,0,1,1,0,0,0,0,0,1,0,0,56.5,29,59.949999999999996,23.6
17,4,90,1,4,2,2,2,0,1,0,0,0,0,1,1,0,0,0,66.0,10,66.6,16.0
24,2,74,3,3,2,2,2,0,1,0,0,0,1,0,0,0,0,0,38.0,26,49.4,31.4
25,4,89,1,5,0,0,0,0,1,1,0,1,0,0,0,0,0,1,63.5,11,62.449999999999996,21.4
24,4,75,3,7,0,0,0,0,1,0,1,1,0,0,0,0,0,0,46.5,25,45.75,45.0
20,2,80,1,6,2,1,1,0,1,1,1,0,1,0,0,0,1,0,41.0,20,44.3,36.0
18,5,78,3,4,1,1,1,0,1,1,0,1,0,0,1,0,0,0,62.0,22,63.8,25.799999999999997
18,2,80,2,7,1,1,1,0,1,1,0,0,0,0,0,0,0,1,36.0,20,38.4,45.0
17,4,88,2,3,3,4,4,0,1,1,0,0,0,0,0,0,0,1,64.0,12,67.6,15.8
20,2,95,3,6,2,3,3,0,1,0,0,0,0,1,0,0,0,0,42.5,5,45.349999999999994,38.0
24,3,80,0,8,0,0,0,1,1,0,0,0,0,0,0,1,0,0,48.0,20,44.39999999999999,39.0
20,1,83,1,3,2,2,2,1,1,0,0,0,0,0,0,0,1,0,40.5,17,51.15,22.8
21,5,79,1,5,1,2,2,0,1,0,1,1,0,0,1,0,0,0,66.5,21,64.55,22.4
24,5,82,1,4,2,2,2,0,1,0,0,0,1,0,1,0,0,0,70.0,18,69.4,16.2
20,6,76,0,8,2,2,2,1,0,0,0,0,0,0,0,0,1,0,70.0,24,59.8,31.6
25,3,73,2,9,0,0,0,1,1,0,0,1,0,0,0,1,0,0,36.5,27,33.949999999999996,54.8
25,3,84,1,6,2,2,2,0,1,0,0,0,0,1,0,0,0,1,51.0,16,51.3,31.4
20,5,83,2,7,1,1,1,0,1,0,1,0,0,0,0,1,0,0,61.5,17,56.25,34.8
19,4,91,0,8,3,3,3,1,1,0,1,0,1,0,0,0,0,1,61.5,9,53.849999999999994,31.6
22,3,82,0,6,3,4,3,0,1,1,0,1,0,0,0,0,1,0,53.0,18,52.699999999999996,28.200000000000003
20,3,81,3,4,2,1,1,0,1,0,1,0,0,0,0,0,1,0,47.5,19,53.65,30.6
18,4,86,2,4,2,2,2,0,1,0,0,0,0,0,0,0,1,0,61.0,14,63.099999999999994,21.6
23,5,89,2,4,2,2,2,0,1,0,0,1,0,0,0,0,0,0,70.5,11,69.75,17.4
23,2,80,1,2,1,1,1,0,1,1,1,0,0,1,0,0,0,1,49.0,20,59.5,16.0
21,5,61,2,7,1,1,1,1,1,1,0,1,0,0,0,0,0,1,50.5,39,48.55,43.6
18,3,73,0,3,3,2,2,0,1,0,0,0,0,0,1,0,0,0,54.5,27,60.95,16.8
18,5,90,5,7,3,3,3,1,1,1,0,0,1,0,0,0,1,0,56.0,10,52.39999999999999,44.0
21,3,95,3,4,0,0,0,0,1,1,0,1,0,0,0,0,0,1,54.5,5,58.55,25.0
19,5,92,1,5,2,2,2,0,1,1,0,1,0,0,0,0,1,0,73.0,8,69.1,17.200000000000003
20,4,78,0,5,0,0,0,0,1,1,0,0,0,0,0,0,0,1,61.0,22,60.699999999999996,21.799999999999997
23,4,79,0,8,4,4,4,1,1,1,0,0,1,0,1,0,0,0,55.5,21,49.64999999999999,36.4
22,4,87,3,7,2,2,2,0,1,0,0,0,0,1,1,0,0,0,52.5,13,49.95,40.2
24,1,86,1,5,1,1,1,1,1,1,0,0,0,1,1,0,0,0,38.0,14,44.599999999999994,31.6
18,6,62,0,5,2,1,1,1,1,0,1,0,0,1,1,0,0,0,69.0,38,66.3,22.200000000000003
20,2,82,3,3,0,0,0,0,1,0,0,1,0,0,0,1,0,0,42.0,18,52.2,28.200000000000003
22,5,81,0,6,2,2,2,0,0,0,1,0,0,1,1,0,0,0,68.5,19,63.55,22.6
22,3,72,0,5,2,1,1,0,1,1,1,0,0,0,0,0,0,0,50.0,28,53.0,27.200000000000003
24,5,77,3,3,3,3,3,0,1,1,0,0,0,0,0,0,0,1,63.5,23,67.25,21.200000000000003
21,4,84,4,6,1,1,1,0,1,0,0,1,0,0,0,1,0,0,50.0,16,50.6,40.4
25,3,80,2,8,1,1,1,1,1,0,0,0,1,0,1,0,0,0,42.0,20,40.199999999999996,47.0
22,2,89,2,5,3,3,3,0,1,0,1,1,0,0,0,0,0,1,44.5,11,49.15,31.4
23,3,96,1,4,4,3,3,0,1,1,1,0,0,1,0,0,0,0,61.0,4,63.099999999999994,16.6
20,3,89,3,4,3,2,2,0,1,1,1,0,0,1,0,0,0,0,51.5,11,56.449999999999996,27.4
21,4,85,1,6,0,0,0,0,1,1,1,0,1,0,0,1,0,0,59.5,15,57.25,28.0
23,4,80,0,3,2,2,2,0,1,1,0,0,0,0,0,0,1,0,66.0,20,69.0,11.0
24,2,88,2,5,2,2,2,0,1,1,0,1,0,0,0,0,0,0,44.0,12,48.8,31.799999999999997
22,2,77,3,4,2,1,1,0,1,1,0,0,1,0,0,0,1,0,37.5,23,46.65,35.2
20,3,77,1,6,2,2,2,0,1,1,0,0,1,0,0,0,0,0,47.5,23,48.85,34.2
24,3,72,4,6,2,3,3,0,1,0,0,1,0,0,0,0,0,1,36.0,28,40.8,48.2
17,3,69,4,3,1,2,2,1,1,0,1,0,1,0,1,0,0,0,40.5,31,51.15,34.4
17,4,92,2,6,1,1,1,0,1,1,1,0,0,0,0,0,0,0,60.0,8,57.6,29.200000000000003
22,3,84,3,6,2,2,2,0,1,0,0,0,0,0,0,0,1,0,45.0,16,47.099999999999994,39.4
21,4,71,2,5,3,3,3,0,1,0,0,0,0,1,0,0,0,1,51.5,29,54.05,32.6
22,4,81,3,4,4,4,3,0,1,1,0,0,0,1,0,0,0,0,55.5,19,59.24999999999999,27.6
21,4,97,2,4,2,3,2,0,1,1,0,1,0,0,1,0,0,0,66.5,3,66.94999999999999,17.2
22,3,96,6,5,2,2,2,1,1,1,0,0,0,1,0,0,1,0,44.0,4,48.8,41.6
19,5,81,1,3,1,1,1,0,1,0,1,0,0,0,1,0,0,0,71.5,19,72.85,11.600000000000001
22,4,81,4,4,2,2,2,0,1,1,0,0,0,1,0,0,1,0,52.5,19,57.15,31.6
23,5,80,3,5,2,2,2,0,1,1,1,0,1,0,0,0,0,1,61.0,20,60.699999999999996,30.0
23,5,73,1,4,4,4,4,0,1,0,1,0,0,0,0,0,0,1,65.5,27,66.25,19.799999999999997
25,3,78,0,7,2,2,2,0,1,0,1,0,0,0,0,1,0,0,49.0,22,47.5,34.8
21,3,79,3,5,1,1,1,0,1,1,0,0,0,1,0,0,0,1,44.5,21,49.15,36.4
21,4,64,6,4,3,3,3,1,0,0,1,0,1,0,0,0,0,0,38.0,36,47.0,46.4
17,3,63,0,6,3,3,3,1,1,1,0,1,0,0,0,0,0,1,43.5,37,46.05,35.8
19,3,81,3,4,1,1,1,0,1,0,0,0,0,1,0,0,0,0,47.5,19,53.65,30.6
20,2,88,1,4,3,3,3,0,1,1,0,0,0,1,1,0,0,0,49.0,12,54.699999999999996,22.8
23,6,75,1,4,2,3,3,0,1,0,0,0,1,0,0,0,0,1,74.5,25,72.55,16.0
19,2,96,0,1,2,2,2,0,1,0,0,0,1,0,0,0,1,0,62.0,4,71.0,0.5999999999999996
22,1,79,1,2,2,1,1,1,0,1,0,0,0,0,0,0,0,1,40.5,21,53.55,19.4
21,4,75,4,3,4,3,3,0,1,1,0,0,0,0,0,0,0,1,51.5,25,58.849999999999994,29.0
20,3,70,1,3,2,2,2,0,1,1,0,0,1,0,1,0,0,0,50.0,30,57.8,22.0
21,3,82,0,6,1,0,0,0,1,1,1,0,0,0,0,1,0,0,53.0,18,52.699999999999996,28.200000000000003
20,2,65,3,7,0,0,0,1,1,1,1,0,0,0,0,0,1,0,25.5,35,31.049999999999997,55.0
20,4,76,0,6,1,1,1,0,1,1,0,0,1,0,0,0,0,1,58.0,24,56.199999999999996,27.6
17,4,82,3,2,4,3,3,0,1,1,1,0,0,0,0,0,1,0,60.0,18,67.2,17.2
20,5,70,1,3,3,3,3,0,1,1,1,1,0,0,0,0,0,1,66.0,30,69.0,16.0
19,4,77,4,6,1,2,2,0,1,0,0,0,0,0,0,1,0,0,46.5,23,48.15,43.2
19,3,82,0,5,3,3,3,0,1,0,0,0,1,0,0,1,0,0,55.0,18,56.5,23.200000000000003
21,4,57,1,5,1,1,1,1,1,1,0,0,0,1,0,0,0,1,47.5,43,51.25,34.2
22,2,87,2,4,3,3,3,0,1,0,0,0,1,0,0,0,0,0,45.5,13,52.25,27.200000000000003
21,2,89,3,3,2,2,2,0,1,0,0,0,1,0,1,0,0,0,45.5,11,54.65,25.4
23,2,73,4,8,2,2,2,1,1,0,0,1,0,0,0,0,0,0,24.5,27,27.949999999999996,60.8
22,5,80,4,6,1,1,1,0,1,0,1,0,0,1,0,0,0,0,56.0,20,54.8,39.0
20,5,81,0,5,1,1,1,0,1,0,1,1,0,0,0,1,0,0,70.5,19,67.35,17.6
20,4,84,3,5,1,1,1,0,1,0,1,0,0,0,0,0,1,0,55.0,16,56.5,31.4
21,5,79,4,5,2,2,2,0,1,1,1,0,0,1,0,0,0,1,57.5,21,58.25,34.4
22,4,76,2,5,0,0,0,0,1,1,1,0,0,0,0,0,1,0,54.0,24,55.8,30.6
24,3,73,1,8,1,1,1,1,1,1,0,1,0,0,0,0,1,0,41.5,27,39.849999999999994,45.8
23,4,88,2,8,1,1,1,1,1,0,0,1,0,0,1,0,0,0,54.0,12,48.599999999999994,40.8
19,1,77,1,8,1,1,1,1,1,0,0,0,0,1,0,1,0,0,27.5,23,30.049999999999997,50.2
20,1,75,1,6,0,0,0,1,1,1,0,0,0,1,0,1,0,0,30.5,25,36.949999999999996,41.0
22,4,90,1,4,4,4,4,0,1,1,1,1,0,0,0,0,0,1,66.0,10,66.6,16.0
23,5,83,4,3,4,4,4,0,1,0,0,0,0,0,0,0,0,1,63.5,17,67.25,22.799999999999997
23,5,73,2,3,2,1,1,0,1,1,1,1,0,0,0,0,0,1,64.5,27,67.95,18.799999999999997
20,2,80,4,7,1,1,1,0,1,0,0,1,0,0,0,0,0,0,30.0,20,34.2,53.0
18,5,74,3,3,2,2,2,0,1,0,0,1,0,0,0,1,0,0,62.0,26,66.2,22.4
18,4,72,1,5,2,2,2,0,1,0,1,1,0,0,0,0,0,0,55.0,28,56.5,28.200000000000003
21,4,77,2,3,2,2,2,0,1,1,1,1,0,0,0,0,0,0,58.5,23,63.75,20.200000000000003
21,3,80,0,5,1,1,1,0,1,0,0,0,0,1,0,0,1,0,54.0,20,55.8,24.0
18,3,77,3,3,0,0,0,0,0,1,1,0,0,0,0,1,0,0,47.5,23,56.05,27.200000000000003
21,4,86,6,6,2,2,2,1,1,0,0,1,0,0,0,0,1,0,45.0,14,47.099999999999994,47.6
22,5,87,1,5,4,4,4,0,1,0,0,0,0,0,0,1,0,0,70.5,13,67.35,19.200000000000003
18,3,76,3,4,2,2,2,0,0,0,1,1,0,0,0,0,1,0,45.0,24,51.89999999999999,32.6
23,4,80,1,3,2,1,1,0,1,0,1,0,0,0,0,0,1,0,63.0,20,66.89999999999999,15.0
20,4,78,1,5,1,1,1,0,1,1,0,1,0,0,0,0,1,0,58.0,22,58.599999999999994,25.799999999999997
23,3,74,6,5,2,3,3,1,1,0,0,0,1,0,1,0,0,0,33.0,26,41.099999999999994,50.4
19,3,83,2,4,0,0,0,0,1,1,0,1,0,0,0,0,0,0,51.5,17,56.449999999999996,25.799999999999997
18,4,67,4,4,0,0,0,1,0,0,0,0,1,0,0,0,0,1,45.5,33,52.25,37.2
20,5,74,0,4,3,3,3,0,1,1,0,0,0,1,0,0,0,1,69.0,26,68.69999999999999,15.399999999999999
20,2,72,1,1,3,3,3,0,1,0,1,0,1,0,0,0,1,0,47.0,28,60.5,14.200000000000003
20,5,74,1,5,2,2,2,0,1,0,0,0,0,0,0,0,0,1,64.0,26,62.8,24.4
20,3,73,1,2,2,2,2,0,1,0,0,0,1,0,0,0,0,0,53.5,27,62.64999999999999,15.8
21,6,69,0,3,4,4,3,1,1,0,0,0,1,0,0,1,0,0,76.5,31,76.35,9.399999999999999
20,5,79,1,6,1,1,1,0,1,1,1,0,0,0,0,0,0,0,64.5,21,60.75,27.4
20,3,79,1,5,3,2,2,0,1,0,0,0,0,1,0,0,1,0,50.5,21,53.349999999999994,28.4
17,2,81,1,8,1,1,1,1,1,0,0,0,0,1,0,1,0,0,37.5,19,37.05,45.6
21,4,83,3,5,0,1,1,0,1,0,1,0,0,1,1,0,0,0,54.5,17,56.15,31.799999999999997
20,3,85,0,4,4,3,3,0,1,0,0,0,0,1,1,0,0,0,58.5,15,61.349999999999994,17.0
24,4,60,3,5,2,2,2,1,1,0,0,0,1,0,0,0,1,0,43.0,40,48.099999999999994,41.0
18,4,82,3,5,1,1,0,0,1,1,1,0,1,0,1,0,0,0,54.0,18,55.8,32.2
17,4,79,3,7,2,2,2,0,1,0,0,0,1,0,1,0,0,0,48.5,21,47.14999999999999,43.4
22,3,81,5,6,0,0,0,1,1,0,0,1,0,0,0,1,0,0,37.5,19,41.85,48.6
21,2,78,1,8,2,2,2,1,1,1,0,0,1,0,0,0,0,1,36.0,22,36.0,46.8
18,5,75,1,2,2,2,2,0,1,0,0,0,0,0,0,0,0,1,70.5,25,74.55,9.0
17,5,80,3,6,2,1,1,0,1,0,0,0,0,1,0,0,0,0,59.0,20,56.9,35.0
24,4,78,0,3,2,2,2,0,1,0,1,1,0,0,1,0,0,0,65.0,22,68.3,11.8
24,5,84,1,6,1,2,2,0,1,0,0,0,1,0,0,0,1,0,67.0,16,62.5,25.4
17,4,89,1,5,3,3,3,0,1,0,0,1,0,0,0,0,0,1,63.5,11,62.449999999999996,21.4
20,3,74,1,4,3,2,2,0,1,0,0,1,0,0,0,1,0,0,50.0,26,55.4,25.4
24,4,77,5,7,1,1,1,1,1,0,0,0,0,1,1,0,0,0,41.5,23,42.25,52.2
20,2,100,2,2,3,3,3,0,1,1,0,0,0,0,1,0,0,0,56.0,0,64.39999999999999,12.0
19,4,67,0,5,1,1,1,1,1,0,0,0,0,1,0,0,0,1,55.5,33,56.849999999999994,26.200000000000003
20,4,69,4,6,2,2,2,1,1,0,1,1,0,0,0,0,1,0,42.5,31,45.349999999999994,46.4
18,4,90,0,5,2,2,2,0,1,0,0,1,0,0,0,0,0,1,67.0,10,64.9,17.0
17,4,97,1,5,4,4,4,0,1,0,1,0,0,0,0,1,0,0,67.5,3,65.25,18.2
23,4,93,0,4,2,2,2,0,1,0,0,0,1,0,0,1,0,0,70.5,7,69.75,10.8
17,1,84,3,6,1,1,1,1,1,1,1,0,0,0,0,0,0,1,29.0,16,35.9,45.4
21,2,78,2,3,3,3,3,0,1,1,0,0,1,0,1,0,0,0,43.0,22,52.9,25.8
23,4,79,5,1,4,3,3,1,1,1,1,0,0,1,0,1,0,0,54.5,21,65.75,21.4
17,4,85,2,5,3,3,3,0,0,0,0,1,0,0,0,0,1,0,58.5,15,58.949999999999996,27.0
19,3,89,2,4,3,3,3,0,1,1,0,0,1,0,0,0,1,0,54.5,11,58.55,23.4
23,6,86,0,3,4,4,3,0,1,0,0,1,0,0,0,1,0,0,85.0,14,82.3,2.6000000000000014
22,3,65,2,2,2,2,2,1,0,1,1,0,0,0,1,0,0,0,46.5,35,57.75,23.0
19,5,72,0,7,1,2,2,0,1,1,1,0,0,1,0,0,1,0,62.0,28,56.599999999999994,31.200000000000003
23,1,84,2,8,2,2,2,1,1,0,0,0,0,0,1,0,0,0,28.0,16,30.4,51.4
23,2,70,1,5,1,1,1,0,1,0,1,0,1,0,0,0,1,0,38.0,30,44.599999999999994,35.0
21,4,66,2,5,1,1,1,1,1,1,1,1,0,0,0,1,0,0,49.0,34,52.3,34.6
19,3,89,4,6,2,2,2,0,1,0,0,0,0,0,0,0,1,0,44.5,11,46.75,41.4
20,5,84,5,6,2,3,3,1,1,0,1,0,0,0,1,0,0,0,55.0,16,54.1,41.4
21,4,94,1,4,2,3,3,0,1,0,1,0,0,0,1,0,0,0,68.0,6,68.0,14.399999999999999
20,5,89,2,7,1,1,1,0,1,0,0,0,1,0,0,1,0,0,64.5,11,58.349999999999994,32.4
23,3,77,6,7,1,1,1,1,1,1,1,1,0,0,0,1,0,0,30.5,23,34.55,59.2
17,2,84,1,6,2,2,2,0,0,1,1,0,0,0,0,0,1,0,43.0,16,45.699999999999996,34.4
17,3,75,0,8,2,1,1,1,1,0,0,0,0,1,0,0,1,0,45.5,25,42.65,41.0
21,3,69,1,6,3,3,3,1,1,1,1,0,0,0,0,0,0,0,43.5,31,46.05,37.4
19,3,91,3,4,3,3,3,0,0,0,1,0,1,0,0,0,0,0,52.5,9,57.15,26.6
19,2,80,4,5,2,2,2,0,1,1,0,0,1,0,1,0,0,0,34.0,20,41.8,43.0
17,2,92,3,7,1,0,1,0,1,1,0,0,0,1,0,1,0,0,39.0,8,40.5,44.2
21,5,82,2,3,2,2,2,0,1,0,1,1,0,0,0,0,0,1,69.0,18,71.1,15.2
20,2,84,0,5,3,3,3,0,1,0,0,1,0,0,1,0,0,0,48.0,16,51.599999999999994,25.4
22,3,86,0,2,2,2,2,0,1,1,0,0,0,1,1,0,0,0,63.0,14,69.3,6.600000000000001
21,4,80,3,9,1,0,0,1,1,1,0,1,0,0,0,0,1,0,45.0,20,39.9,53.0
20,4,80,1,6,3,3,3,0,0,0,0,0,0,0,0,1,0,0,57.0,20,55.5,30.0
23,3,83,2,6,2,2,2,0,1,0,1,0,1,0,1,0,0,0,47.5,17,48.85,35.8
18,2,92,3,2,3,3,3,0,1,1,0,1,0,0,1,0,0,0,49.0,8,59.5,19.2
22,2,86,5,7,2,2,2,1,1,0,1,0,0,0,1,0,0,0,30.0,14,34.2,54.6
17,3,82,1,6,1,1,1,0,1,0,0,0,0,0,0,0,1,0,50.0,18,50.6,32.2
19,4,63,2,5,2,1,1,1,1,0,0,0,0,0,0,0,0,0,47.5,37,51.25,35.8
18,2,81,0,6,0,0,0,0,1,0,0,1,0,0,0,0,1,0,44.5,19,46.75,31.6
22,4,75,3,3,2,3,3,0,1,0,0,0,0,1,0,1,0,0,54.5,25,60.95,25.0
20,2,74,4,5,1,2,2,0,1,0,1,0,0,1,1,0,0,0,31.0,26,39.7,45.4
21,6,80,0,6,2,3,3,0,1,0,1,0,0,0,0,0,1,0,76.0,20,68.8,20.0
18,1,82,0,5,0,0,0,1,1,1,0,0,0,0,0,0,1,0,39.0,18,45.3,29.200000000000003
20,4,87,1,2,2,2,2,0,1,0,1,0,0,1,0,0,1,0,68.5,13,73.14999999999999,7.199999999999999
19,4,73,0,6,2,2,2,0,1,0,1,0,0,1,0,0,1,0,56.5,27,55.15,28.799999999999997
21,3,82,3,7,1,2,2,0,1,0,0,0,1,0,0,0,1,0,42.0,18,42.599999999999994,45.2
18,4,85,2,5,2,2,2,0,0,0,0,0,0,1,1,0,0,0,58.5,15,58.949999999999996,27.0
23,3,74,1,6,1,1,1,0,1,0,1,0,1,0,0,0,0,1,46.0,26,47.8,35.4
17,3,78,2,6,0,0,0,0,1,1,0,0,0,0,0,0,0,0,45.0,22,47.099999999999994,37.8
19,2,88,2,1,2,1,2,0,1,0,1,1,0,0,0,0,0,1,52.0,12,64.0,11.8
24,5,81,3,7,3,3,3,0,1,0,0,0,0,0,1,0,0,0,57.5,19,53.45,39.6
20,3,65,4,4,1,1,1,1,1,1,1,0,0,1,0,0,0,0,36.5,35,45.949999999999996,41.0
18,3,88,1,4,2,2,2,0,1,0,0,0,0,1,0,1,0,0,57.0,12,60.3,19.8
21,5,82,0,4,3,3,3,0,1,1,1,0,0,1,0,0,0,0,73.0,18,71.5,12.2
20,1,69,1,7,0,0,0,1,1,0,0,0,1,0,1,0,0,0,25.5,31,31.049999999999997,48.4
19,6,75,3,8,2,2,2,1,1,0,0,0,0,1,0,0,0,0,60.5,25,53.14999999999999,44.0
18,3,81,0,6,3,3,3,0,1,1,0,0,1,0,1,0,0,0,52.5,19,52.35,28.6
27,5,84,1,4,3,3,3,0,1,0,0,0,1,0,0,1,0,0,71.0,16,70.1,15.399999999999999
20,4,90,3,10,3,3,3,1,1,0,1,0,0,0,0,0,1,0,48.0,10,39.599999999999994,54.0
17,1,74,2,5,0,0,0,1,1,0,0,0,1,0,0,1,0,0,29.0,26,38.3,40.4
24,4,78,2,4,2,2,2,0,1,0,0,0,1,0,0,1,0,0,57.0,22,60.3,24.799999999999997
22,2,89,1,7,2,2,2,0,0,1,0,0,0,1,0,0,0,1,43.5,11,43.65,37.4
19,3,90,4,5,2,2,2,0,1,1,0,1,0,0,0,0,0,1,47.0,10,50.9,36.0
18,6,79,2,9,0,0,0,1,1,1,1,0,0,0,0,0,0,0,63.5,21,52.849999999999994,43.4
22,3,77,1,4,2,2,2,0,1,0,0,0,1,0,0,0,0,1,51.5,23,56.449999999999996,24.200000000000003
20,5,86,4,5,1,1,1,0,1,0,0,0,1,0,0,0,0,1,61.0,14,60.699999999999996,31.6
17,2,65,0,8,0,0,0,1,1,0,1,0,0,0,0,0,0,0,32.5,35,33.55,48.0
24,5,81,1,6,2,3,3,0,1,0,0,0,0,1,0,0,1,0,65.5,19,61.449999999999996,26.6
20,3,81,2,5,0,0,0,0,0,0,1,0,0,1,0,0,0,1,48.5,19,51.949999999999996,31.6
24,4,78,2,3,2,3,3,0,1,0,1,0,0,1,0,0,0,1,59.0,22,64.1,19.8
23,3,85,3,3,2,1,1,0,1,0,0,0,1,0,0,0,0,1,51.5,15,58.849999999999994,24.0
18,4,90,1,3,2,2,2,0,1,1,0,0,1,0,1,0,0,0,68.0,10,70.39999999999999,11.0
23,2,74,1,7,2,2,2,0,1,1,0,0,1,0,0,0,0,0,36.0,26,38.4,43.4
19,3,76,3,6,1,1,1,0,1,1,0,1,0,0,1,0,0,0,41.0,24,44.3,42.6
17,4,87,1,5,4,4,4,0,1,0,1,0,0,0,0,0,0,0,62.5,13,61.75,22.200000000000003
20,2,70,5,3,3,3,3,1,1,0,1,0,1,0,0,1,0,0,30.0,30,43.8,41.0
21,4,77,2,5,2,2,2,0,1,1,1,0,0,0,0,0,0,0,54.5,23,56.15,30.200000000000003
20,5,99,1,6,2,2,2,0,1,1,0,0,1,0,0,0,0,0,74.5,1,67.75,19.4
20,2,83,4,7,0,1,1,0,0,0,0,0,0,0,0,0,0,0,31.5,17,35.25,51.8
23,6,79,4,6,2,2,2,0,0,0,0,1,0,0,0,0,1,0,63.5,21,60.05,36.4
21,3,68,1,5,1,1,1,1,1,0,0,1,0,0,1,0,0,0,45.0,32,49.5,32.8
19,3,62,2,3,2,3,3,1,1,0,1,1,0,0,1,0,0,0,43.0,38,52.9,29.200000000000003
22,3,90,1,7,1,1,1,0,1,0,0,0,1,0,0,0,0,0,52.0,10,49.599999999999994,34.0
21,6,72,1,5,1,1,1,0,1,1,0,1,0,0,0,0,0,1,71.0,28,67.69999999999999,22.200000000000003
17,4,82,1,3,2,2,2,0,1,1,0,1,0,0,0,1,0,0,64.0,18,67.6,14.2
21,4,92,1,3,3,2,2,0,1,1,0,1,0,0,0,1,0,0,69.0,8,71.1,10.2
21,4,78,0,6,1,1,1,0,1,1,0,1,0,0,0,1,0,0,59.0,22,56.9,26.799999999999997
21,2,78,1,6,2,2,2,0,1,0,0,0,0,1,0,0,0,1,40.0,22,43.6,36.8
23,5,87,2,1,3,4,4,0,0,1,1,0,0,1,0,0,0,1,75.5,13,80.44999999999999,3.1999999999999993
19,2,92,0,5,1,1,1,0,1,0,0,0,0,0,0,0,0,0,52.0,8,54.4,22.2
21,2,88,1,3,2,2,2,0,1,0,0,0,0,1,0,0,0,0,51.0,12,58.5,17.8
17,3,93,2,6,1,1,1,0,1,1,0,0,1,0,0,0,0,1,52.5,7,52.35,31.799999999999997
21,3,63,1,6,0,0,0,1,1,1,0,0,0,1,0,0,0,1,40.5,37,43.949999999999996,39.8
25,4,85,6,3,2,2,2,1,1,0,1,1,0,0,0,0,1,0,50.5,15,58.14999999999999,33.0
18,3,92,3,5,1,1,1,0,1,0,0,0,0,1,0,0,0,0,51.0,8,53.699999999999996,31.200000000000003
19,3,85,3,7,2,3,3,0,1,1,1,0,1,0,0,0,1,0,43.5,15,43.65,44.0
19,3,80,3,7,1,1,1,0,1,0,1,0,0,0,0,0,0,0,41.0,20,41.9,46.0
21,4,72,1,4,2,3,3,0,1,0,0,0,1,0,0,0,0,1,57.0,28,60.3,23.200000000000003
18,1,76,2,7,1,0,0,1,1,0,1,0,0,1,0,1,0,0,26.0,24,31.4,49.6
21,4,94,2,6,2,2,2,0,1,0,0,0,0,0,0,0,0,0,61.0,6,58.3,28.4
22,5,81,2,4,2,2,2,0,1,0,1,0,0,0,0,0,0,0,66.5,19,66.94999999999999,20.6
22,4,77,1,5,1,1,1,0,0,1,0,1,0,0,0,0,0,1,57.5,23,58.25,26.200000000000003
17,4,69,2,6,0,0,0,1,1,1,1,0,1,0,0,0,0,1,48.5,31,49.55,38.4
23,5,85,0,6,3,3,3,0,1,0,0,0,1,0,0,0,0,1,70.5,15,64.94999999999999,21.0
23,4,75,2,7,0,0,0,0,1,0,1,1,0,0,0,0,0,1,49.5,25,47.849999999999994,41.0
22,3,81,2,4,1,1,1,0,1,1,0,0,1,0,1,0,0,0,50.5,19,55.74999999999999,26.6
21,3,95,3,5,4,3,3,0,1,0,0,0,0,1,0,0,1,0,52.5,5,54.75,30.0
21,4,88,5,5,2,2,2,1,1,1,0,0,1,0,0,0,0,0,51.0,12,53.699999999999996,37.8
23,2,92,4,5,0,0,0,0,0,0,1,0,0,0,0,0,0,1,40.0,8,46.0,38.2
25,7,83,0,4,3,4,3,0,1,0,0,0,1,0,0,1,0,0,89.5,17,83.05,5.800000000000001
18,4,87,2,8,3,3,3,1,1,1,0,0,0,1,0,0,1,0,53.5,13,48.24999999999999,41.2
23,5,92,1,5,3,3,3,0,1,0,0,1,0,0,0,0,0,1,73.0,8,69.1,17.200000000000003
20,3,75,4,5,2,2,2,0,1,0,0,0,0,1,0,0,1,0,39.5,25,45.65,42.0
20,4,81,3,6,2,2,2,0,0,1,0,0,0,1,1,0,0,0,51.5,19,51.65,37.6
17,3,76,1,7,3,3,3,0,1,0,0,0,1,0,0,0,0,0,45.0,24,44.699999999999996,39.6
20,5,77,3,5,1,1,1,0,0,1,1,1,0,0,1,0,0,0,59.5,23,59.65,31.200000000000003
18,4,65,2,5,4,3,3,1,0,0,0,0,1,0,0,0,0,0,48.5,35,51.949999999999996,35.0
20,2,74,0,7,1,1,2,0,0,0,1,0,0,1,0,0,0,0,39.0,26,40.5,39.4
18,3,79,1,8,1,0,0,1,1,0,0,1,0,0,0,0,0,1,44.5,21,41.949999999999996,43.4
20,4,87,1,8,2,1,2,1,1,1,0,0,0,1,0,0,1,0,56.5,13,50.349999999999994,37.2
20,1,81,1,3,2,2,2,1,1,0,1,0,0,1,0,0,0,1,39.5,19,50.45,23.6
21,3,75,6,6,1,1,1,1,1,1,0,0,0,0,0,0,1,0,31.5,25,37.65,55.0
17,4,88,2,5,3,3,3,0,1,0,0,0,0,0,0,0,1,0,60.0,12,60.0,25.799999999999997
17,3,74,2,7,1,0,0,0,1,1,0,0,0,1,1,0,0,0,41.0,26,41.9,44.4
21,4,73,1,8,1,1,1,1,1,0,0,0,1,0,0,0,0,0,49.5,27,45.449999999999996,42.8
19,4,91,1,1,4,4,4,0,1,0,0,0,0,0,0,1,0,0,72.5,9,78.35,0.5999999999999996
23,3,88,1,5,1,1,1,0,1,1,0,0,0,1,0,0,0,1,55.0,12,56.5,24.799999999999997
21,2,79,3,4,0,0,0,0,1,1,1,0,0,1,0,1,0,0,38.5,21,47.349999999999994,34.4
22,2,97,3,4,2,2,2,0,1,1,0,1,0,0,1,0,0,0,47.5,3,53.65,27.200000000000003
24,1,77,2,3,2,2,2,1,1,0,0,1,0,0,1,0,0,0,34.5,23,46.95,29.200000000000003
20,4,87,2,4,4,3,3,0,1,0,0,0,1,0,0,0,0,0,61.5,13,63.449999999999996,21.200000000000003
19,3,69,1,5,2,2,2,1,1,0,0,0,1,0,0,0,1,0,45.5,31,49.849999999999994,32.4
22,5,73,0,4,2,2,2,0,1,1,1,1,0,0,0,0,0,0,68.5,27,68.35,15.8
22,4,90,1,1,4,3,3,0,1,1,0,0,1,0,1,0,0,0,72.0,10,78.0,1.0
20,4,93,2,5,3,3,3,0,1,0,0,0,0,0,1,0,0,0,62.5,7,61.75,23.799999999999997
24,4,80,4,7,0,0,0,0,1,0,0,0,1,0,0,0,0,0,46.0,20,45.39999999999999,47.0
20,1,100,0,4,4,3,3,1,0,0,0,1,0,0,0,0,0,1,50.0,0,55.4,17.0
21,4,92,1,2,3,3,3,0,1,0,1,0,0,0,0,1,0,0,71.0,8,74.89999999999999,5.199999999999999
21,3,76,1,5,2,1,1,0,1,0,0,0,1,0,1,0,0,0,49.0,24,52.3,29.6
18,3,79,1,7,3,3,3,0,0,1,0,0,0,1,0,0,0,1,46.5,21,45.75,38.4
21,3,70,5,5,3,3,3,1,1,1,1,0,0,0,0,0,1,0,34.0,30,41.8,48.0
24,4,78,2,4,2,2,2,0,1,1,0,0,0,1,1,0,0,0,57.0,22,60.3,24.799999999999997
22,3,83,1,3,1,0,0,0,1,0,0,0,0,1,1,0,0,0,56.5,17,62.349999999999994,16.8
21,3,82,0,6,1,1,1,0,1,1,0,0,0,0,0,0,0,1,53.0,18,52.699999999999996,28.200000000000003
20,4,82,2,5,3,3,3,0,1,0,0,0,0,1,0,0,1,0,57.0,18,57.9,28.200000000000003
21,3,90,2,4,0,0,0,0,1,0,1,0,0,0,0,0,0,0,55.0,10,58.9,23.0
22,4,83,2,4,3,4,3,0,1,0,0,1,0,0,0,1,0,0,59.5,17,62.05,22.799999999999997
22,3,87,2,5,2,3,3,0,1,1,0,1,0,0,0,0,0,1,51.5,13,54.05,29.200000000000003
20,5,85,0,5,2,2,2,0,1,0,0,0,0,0,1,0,0,0,72.5,15,68.75,16.0
21,4,84,2,5,2,2,2,0,1,1,1,0,0,0,0,0,0,0,58.0,16,58.599999999999994,27.4
22,1,89,3,3,2,2,2,1,1,0,1,0,0,0,0,0,0,1,37.5,11,49.05,28.4
18,5,88,1,3,2,3,3,0,1,1,0,0,1,0,1,0,0,0,75.0,12,75.3,8.8
21,3,73,2,4,1,1,1,0,1,1,0,0,1,0,0,0,1,0,46.5,27,52.949999999999996,29.799999999999997
17,3,96,3,6,1,1,1,0,1,0,1,1,0,0,0,0,1,0,51.0,4,51.3,34.6
22,3,83,3,6,2,3,3,0,1,0,0,1,0,0,0,0,1,0,44.5,17,46.75,39.8
22,6,74,0,8,3,3,3,1,1,0,0,0,1,0,0,0,1,0,69.0,26,59.099999999999994,32.4
22,4,81,1,4,3,2,2,0,1,1,1,0,1,0,0,0,0,1,61.5,19,63.449999999999996,19.6
20,6,84,2,6,2,2,2,0,1,0,1,1,0,0,0,0,0,1,72.0,16,66.0,26.4
21,4,86,1,2,4,4,3,0,0,0,0,0,1,0,0,1,0,0,68.0,14,72.8,7.600000000000001
24,4,89,0,6,2,2,2,0,1,0,0,0,0,0,0,1,0,0,64.5,11,60.75,22.4
24,6,88,1,2,4,4,4,0,1,0,0,0,0,0,0,0,1,0,85.0,12,84.69999999999999,0.8000000000000007
20,5,96,3,3,2,2,2,0,1,0,0,0,0,1,0,0,1,0,73.0,4,73.89999999999999,13.600000000000001
21,4,82,1,6,2,2,2,0,1,1,0,0,1,0,1,0,0,0,58.0,18,56.199999999999996,29.200000000000003
23,2,80,1,5,3,3,3,0,1,0,0,0,0,1,0,0,0,0,43.0,20,48.099999999999994,31.0
17,2,70,0,4,1,1,1,0,1,0,0,0,0,1,1,0,0,0,43.0,30,50.5,26.0
20,4,89,2,3,4,4,4,0,1,1,0,1,0,0,0,0,0,0,64.5,11,67.95,15.399999999999999
23,5,86,5,6,3,3,3,1,0,1,0,0,1,0,1,0,0,0,56.0,14,54.8,40.6
23,3,77,0,5,1,1,2,0,1,1,0,0,1,0,0,0,1,0,52.5,23,54.75,25.200000000000003
21,4,83,2,6,1,1,1,0,1,0,1,0,0,0,0,0,0,1,55.5,17,54.449999999999996,32.8
17,2,81,2,2,2,2,2,0,0,0,1,0,0,1,0,0,0,0,46.5,19,57.75,19.6
20,3,83,2,6,2,2,2,0,1,0,0,0,1,0,0,1,0,0,47.5,17,48.85,35.8
19,4,79,2,4,1,1,1,0,1,0,0,0,1,0,0,0,0,0,57.5,21,60.65,24.4
21,4,82,5,6,3,4,3,1,1,1,0,0,0,1,0,1,0,0,46.0,18,47.8,45.2
19,3,69,3,5,0,0,0,1,0,0,0,0,0,0,0,1,0,0,39.5,31,45.65,40.4
18,3,78,2,4,3,3,3,0,1,1,0,0,0,0,0,0,0,0,49.0,22,54.699999999999996,27.799999999999997
17,2,84,2,4,2,2,2,0,1,0,0,0,0,0,0,0,1,0,44.0,16,51.199999999999996,28.4
23,3,76,2,3,2,2,2,0,1,0,1,0,0,1,0,0,1,0,50.0,24,57.8,23.6
20,2,85,4,4,3,3,3,0,1,0,0,0,0,1,0,1,0,0,38.5,15,47.349999999999994,36.0
21,3,98,1,3,4,4,4,0,1,0,0,0,1,0,1,0,0,0,64.0,2,67.6,10.8
21,3,72,4,6,2,2,2,0,1,1,1,0,0,0,0,0,0,0,36.0,28,40.8,48.2
18,5,67,2,4,3,2,2,1,1,1,0,0,0,1,1,0,0,0,59.5,33,62.05,26.200000000000003
18,2,91,1,6,2,2,2,0,1,0,1,1,0,0,1,0,0,0,46.5,9,48.15,31.6
18,4,98,1,10,1,1,1,1,1,1,1,0,0,0,0,0,0,0,58.0,2,46.599999999999994,42.8
19,4,85,0,5,2,2,2,0,0,1,1,0,0,1,1,0,0,0,64.5,15,63.15,19.0
21,2,82,3,2,0,0,0,0,1,1,1,0,1,0,0,0,1,0,44.0,18,56.0,23.2
19,4,76,5,9,2,2,2,1,1,0,0,1,0,0,0,0,1,0,37.0,24,34.3,62.599999999999994
24,2,86,0,6,1,1,1,0,1,1,0,0,0,0,0,1,0,0,47.0,14,48.5,29.6
23,4,81,0,5,1,0,0,0,1,0,0,0,1,0,0,1,0,0,62.5,19,61.75,20.6
22,3,88,2,4,2,2,2,0,1,0,0,1,0,0,0,0,0,0,54.0,12,58.199999999999996,23.799999999999997
20,5,68,2,3,2,2,2,1,1,1,0,0,0,0,1,0,0,0,62.0,32,66.2,20.799999999999997
24,3,84,2,4,1,1,1,0,1,1,0,0,1,0,0,0,0,0,52.0,16,56.8,25.4
20,1,75,0,4,4,4,3,1,0,0,1,0,0,1,0,1,0,0,37.5,25,46.65,27.0
20,3,89,1,4,4,3,3,0,1,0,1,1,0,0,0,0,0,0,57.5,11,60.65,19.4
21,4,72,0,6,2,2,2,0,1,1,1,0,0,0,1,0,0,0,56.0,28,54.8,29.200000000000003
22,4,87,2,7,3,3,3,0,0,0,0,0,1,0,0,1,0,0,55.5,13,52.05,36.2
22,3,77,0,5,3,3,3,0,1,1,0,1,0,0,0,1,0,0,52.5,23,54.75,25.200000000000003
20,5,78,3,6,2,2,2,0,1,1,0,0,0,0,0,0,0,1,58.0,22,56.199999999999996,35.8
19,3,88,1,9,2,2,1,1,1,0,1,0,1,0,0,0,0,0,47.0,12,41.3,44.8
22,5,75,5,4,2,2,2,1,1,1,0,1,0,0,0,0,0,0,54.5,25,58.55,35.0
22,4,70,1,2,2,2,2,0,1,0,0,0,1,0,0,1,0,0,60.0,30,67.2,14.0
20,4,82,1,7,3,3,3,0,1,1,1,1,0,0,0,0,0,1,56.0,18,52.39999999999999,34.2
17,5,76,3,4,2,2,2,0,1,1,0,1,0,0,0,1,0,0,61.0,24,63.099999999999994,26.6
20,5,71,1,4,1,1,1,0,1,1,0,0,0,1,0,1,0,0,64.5,29,65.55,20.6
22,2,84,0,5,2,1,1,0,1,1,1,1,0,0,0,0,1,0,48.0,16,51.599999999999994,25.4
25,4,84,0,7,2,1,1,0,1,0,1,0,1,0,0,0,0,1,60.0,16,55.2,29.4
18,2,82,3,5,2,3,3,0,1,1,0,0,0,0,0,1,0,0,38.0,18,44.599999999999994,38.2
20,4,86,1,1,2,2,2,0,1,0,0,1,0,0,0,0,0,1,70.0,14,76.6,2.6000000000000014
20,1,66,4,6,2,2,2,1,0,0,0,1,0,0,0,0,0,0,17.0,34,27.5,56.6
24,6,75,0,5,3,3,3,0,1,0,0,0,1,0,0,0,0,1,75.5,25,70.85,17.0
20,4,84,2,4,3,4,4,0,1,0,1,0,0,0,0,0,0,0,60.0,16,62.4,22.4
19,4,90,1,5,4,3,3,0,1,0,0,0,0,0,0,0,0,1,64.0,10,62.8,21.0
22,4,83,3,5,2,2,2,0,1,1,0,0,0,0,0,0,0,1,54.5,17,56.15,31.799999999999997
20,5,91,3,1,4,3,3,0,1,1,1,0,1,0,0,0,0,0,74.5,9,79.75,5.600000000000001
18,4,76,1,5,2,3,3,0,0,1,1,0,0,0,0,0,0,1,57.0,24,57.9,26.6
19,3,77,1,3,2,3,3,0,1,0,0,0,1,0,0,0,0,0,53.5,23,60.25,19.200000000000003
24,3,79,1,3,2,2,2,0,1,1,0,0,1,0,0,1,0,0,54.5,21,60.95,18.4
21,4,66,2,5,1,1,1,1,1,0,0,0,1,0,0,0,1,0,49.0,34,52.3,34.6
21,6,67,4,5,1,2,2,1,1,0,1,1,0,0,1,0,0,0,59.5,33,59.65,36.2
20,3,81,3,6,2,3,3,0,1,0,0,0,0,1,1,0,0,0,43.5,19,46.05,40.6
21,4,81,2,5,2,2,2,0,1,1,0,0,1,0,1,0,0,0,56.5,19,57.55,28.6
21,5,77,2,2,3,3,3,0,1,0,0,0,0,1,0,0,0,0,68.5,23,73.14999999999999,12.200000000000003
21,0,75,1,4,1,2,2,1,1,0,1,0,1,0,0,1,0,0,26.5,25,38.949999999999996,34.0
21,3,84,0,5,4,4,4,0,1,1,0,0,0,1,1,0,0,0,56.0,16,57.199999999999996,22.4
22,3,86,2,5,2,1,1,0,1,0,0,0,1,0,0,1,0,0,51.0,14,53.699999999999996,29.6
21,4,83,0,6,1,1,1,0,1,0,0,0,1,0,1,0,0,0,61.5,17,58.65,24.799999999999997
18,5,83,5,7,1,1,1,1,1,1,1,1,0,0,1,0,0,0,52.5,17,49.95,46.8
19,5,81,1,6,2,1,1,0,1,0,0,0,1,0,0,0,1,0,65.5,19,61.449999999999996,26.6
17,3,82,0,8,3,2,2,1,1,0,0,1,0,0,0,0,0,0,49.0,18,45.099999999999994,38.2
25,3,87,1,6,1,2,2,0,1,1,0,0,1,0,0,0,0,0,52.5,13,52.35,30.200000000000003
22,4,95,3,4,2,2,2,0,0,1,0,0,0,0,0,0,0,1,62.5,5,64.15,22.0
19,4,93,1,7,3,3,3,0,1,0,1,0,0,1,0,0,1,0,61.5,7,56.25,29.799999999999997
20,5,73,3,3,3,3,3,0,1,0,0,0,0,1,0,0,0,1,61.5,27,65.85,22.799999999999997
19,2,65,1,6,0,0,0,1,1,0,0,0,1,0,0,0,0,1,33.5,35,39.05,42.0
24,4,86,1,5,2,2,1,0,1,0,0,1,0,0,0,0,1,0,62.0,14,61.4,22.6
17,3,82,4,4,4,3,3,0,1,1,0,0,0,0,0,0,0,1,45.0,18,51.89999999999999,34.2
21,6,81,1,5,3,4,3,0,1,1,1,1,0,0,0,0,1,0,75.5,19,70.85,18.6
20,2,85,3,5,3,3,3,0,1,0,0,0,1,0,0,0,1,0,39.5,15,45.65,37.0
22,2,80,0,2,1,0,0,0,0,0,0,1,0,0,1,0,0,0,52.0,20,61.599999999999994,12.0
20,3,69,4,5,0,0,0,1,1,1,0,0,0,0,0,0,1,0,36.5,31,43.55,44.4
17,4,72,2,3,2,2,2,0,1,1,0,0,1,0,0,0,1,0,56.0,28,62.0,22.200000000000003
20,4,73,2,5,0,0,0,0,1,0,0,0,0,0,0,0,0,0,52.5,27,54.75,31.799999999999997
18,3,87,1,5,1,1,1,0,1,0,0,0,0,1,0,1,0,0,54.5,13,56.15,25.200000000000003
21,5,97,0,6,1,1,1,0,1,0,0,1,0,0,0,0,0,1,76.5,3,69.14999999999999,16.2
24,3,78,6,1,3,4,3,1,0,1,0,1,0,0,0,0,0,1,43.0,22,57.699999999999996,28.799999999999997
17,4,100,2,5,3,4,4,0,1,0,0,1,0,0,0,0,0,1,66.0,0,64.19999999999999,21.0
19,2,66,1,5,0,0,0,1,1,1,1,0,0,1,0,1,0,0,36.0,34,43.2,36.6
19,2,77,0,10,1,2,2,1,1,0,1,0,1,0,0,0,1,0,34.5,23,30.15,53.2
20,3,83,1,5,2,2,2,0,1,0,0,0,0,0,0,1,0,0,52.5,17,54.75,26.799999999999997
22,3,61,3,4,3,4,4,1,1,0,0,1,0,0,0,0,0,0,37.5,39,46.65,38.6
20,2,94,0,7,1,1,1,0,1,1,1,1,0,0,0,0,0,1,49.0,6,47.5,31.4
21,2,76,4,4,1,1,1,0,1,0,0,0,0,0,0,0,0,0,34.0,24,44.199999999999996,39.6
19,4,82,2,6,2,2,2,0,0,0,0,0,1,0,0,0,1,0,55.0,18,54.1,33.2
21,5,85,2,5,3,3,3,0,0,0,1,0,0,1,0,0,0,1,66.5,15,64.55,24.0
22,2,69,6,7,1,1,1,1,1,0,1,0,1,0,0,0,1,0,18.5,31,26.15,65.4
19,2,100,1,6,0,0,0,0,1,1,1,0,0,1,0,1,0,0,51.0,0,51.3,28.0
22,4,83,2,4,3,3,3,0,1,0,0,0,1,0,1,0,0,0,59.5,17,62.05,22.799999999999997
21,4,79,3,2,1,2,2,0,0,0,0,0,0,0,0,1,0,0,58.5,21,66.14999999999999,18.4
23,2,73,1,3,2,2,2,0,1,1,1,0,0,0,0,0,0,1,43.5,27,53.25,23.8
20,6,83,2,6,2,2,2,0,1,0,0,0,0,1,0,0,0,0,71.5,17,65.64999999999999,26.799999999999997
21,2,69,4,5,1,1,0,1,1,0,0,1,0,0,0,0,0,1,28.5,31,37.95,47.4
20,3,83,1,5,2,2,2,0,1,0,0,0,1,0,1,0,0,0,52.5,17,54.75,26.799999999999997
20,3,93,2,6,3,3,3,0,1,1,0,0,0,1,0,0,0,0,52.5,7,52.35,31.799999999999997
21,2,91,0,4,4,3,3,0,1,1,1,0,1,0,0,1,0,0,53.5,9,57.849999999999994,17.6
22,6,77,1,5,4,3,3,0,1,0,0,0,1,0,0,0,1,0,73.5,23,69.44999999999999,20.200000000000003
18,2,79,3,5,2,2,2,0,1,0,0,0,1,0,0,0,0,1,36.5,21,43.55,39.4
24,6,86,0,2,3,4,4,0,1,1,0,0,1,0,0,1,0,0,87.0,14,86.1,0.0
17,3,91,3,4,3,3,3,0,1,0,1,0,0,1,1,0,0,0,52.5,9,57.15,26.6
19,3,94,1,6,1,1,1,0,1,1,1,0,0,0,0,0,1,0,56.0,6,54.8,27.4
20,3,95,1,6,1,1,1,0,1,0,0,0,0,0,0,1,0,0,56.5,5,55.15,27.0
21,4,74,0,4,3,3,3,0,1,1,1,0,0,0,0,0,1,0,61.0,26,63.099999999999994,18.4
24,6,88,4,6,4,3,4,0,1,0,0,0,1,0,0,0,1,0,68.0,12,63.199999999999996,32.8
17,3,70,0,4,2,2,2,0,1,1,1,0,1,0,0,0,1,0,51.0,30,56.099999999999994,23.0
19,3,78,0,3,2,3,3,0,1,0,0,0,0,0,0,0,0,0,57.0,22,62.7,14.8
17,5,72,1,8,2,2,2,1,1,0,1,1,0,0,0,0,0,1,57.0,28,50.699999999999996,40.2
21,2,72,1,4,0,0,0,0,1,1,0,0,0,1,0,0,0,0,41.0,28,49.099999999999994,29.200000000000003
21,2,83,3,2,3,3,3,0,1,1,1,0,0,0,0,0,0,0,44.5,17,56.349999999999994,22.8
24,5,76,2,4,3,3,3,0,1,1,1,0,0,0,0,0,0,0,64.0,24,65.19999999999999,22.6
21,4,84,2,5,4,3,3,0,0,0,0,0,0,0,0,0,0,1,58.0,16,58.599999999999994,27.4
23,2,72,0,7,1,1,1,0,1,0,1,0,1,0,0,0,0,1,38.0,28,39.8,40.2
22,4,85,4,4,2,2,2,0,1,0,1,1,0,0,0,0,0,1,54.5,15,58.55,30.0
20,2,78,0,6,2,2,2,0,1,1,1,0,0,1,1,0,0,0,43.0,22,45.699999999999996,32.8
17,5,79,2,7,0,0,0,0,1,1,1,0,0,0,1,0,0,0,59.5,21,54.849999999999994,36.4
21,1,71,2,4,3,3,3,1,0,0,0,0,0,0,0,0,1,0,29.5,29,41.05,36.6
17,2,90,1,6,3,3,3,0,1,0,0,1,0,0,0,1,0,0,46.0,10,47.8,32.0
23,4,68,2,5,3,3,3,1,1,0,0,0,0,0,0,0,0,1,50.0,32,53.0,33.8
20,2,86,0,5,2,2,2,0,1,0,0,0,0,0,0,0,1,0,49.0,14,52.3,24.6
23,4,71,1,5,1,1,1,0,1,0,1,0,1,0,0,0,1,0,54.5,29,56.15,28.6
19,4,87,2,5,2,2,2,0,1,1,0,0,0,1,0,0,0,1,59.5,13,59.65,26.200000000000003
21,3,82,2,5,1,1,1,0,0,0,1,0,0,1,0,0,0,1,49.0,18,52.3,31.200000000000003
21,3,78,3,5,0,0,0,0,1,0,0,0,0,0,0,0,1,0,44.0,22,48.8,36.8
20,5,93,3,5,1,1,1,0,1,0,1,0,0,1,0,1,0,0,67.5,7,65.25,24.799999999999997
20,4,85,1,9,1,2,2,1,1,0,0,0,0,1,0,0,0,0,53.5,15,45.849999999999994,43.0
21,5,85,3,6,4,4,4,0,0,0,0,0,1,0,0,0,1,0,61.5,15,58.65,33.0
19,2,66,5,5,2,3,3,1,1,0,0,0,0,1,0,0,0,1,24.0,34,34.8,52.6
18,2,90,2,4,2,2,2,0,1,1,0,0,1,0,1,0,0,0,47.0,10,53.3,26.0
23,5,85,3,7,0,0,0,0,0,0,0,0,0,0,0,0,1,0,59.5,15,54.849999999999994,38.0
22,4,91,2,4,3,3,3,0,1,0,1,1,0,0,1,0,0,0,63.5,9,64.85,19.6
21,3,77,4,3,2,2,2,0,1,0,0,0,0,1,0,0,0,1,44.5,23,53.95,31.200000000000003
24,3,76,0,3,3,4,4,0,1,1,0,0,0,0,0,0,0,1,56.0,24,62.0,15.600000000000001
20,5,94,2,7,1,1,1,0,1,0,0,0,0,0,0,1,0,0,67.0,6,60.099999999999994,30.4
23,3,89,4,7,2,2,2,0,1,1,0,1,0,0,0,0,1,0,42.5,11,42.949999999999996,46.4
21,5,70,2,5,2,2,2,0,1,1,0,1,0,0,0,1,0,0,59.0,30,59.3,30.0
18,5,82,0,4,4,4,3,0,1,0,0,0,0,1,0,0,0,0,73.0,18,71.5,12.2
25,4,90,1,4,2,2,2,0,1,0,0,0,0,1,0,0,0,0,66.0,10,66.6,16.0
23,2,83,1,9,0,0,0,1,1,1,1,0,0,1,0,0,0,1,36.5,17,33.949999999999996,49.8
20,4,77,3,5,1,1,1,0,0,0,0,1,0,0,0,0,0,0,51.5,23,54.05,34.2
22,5,76,1,6,1,1,1,0,1,0,1,1,0,0,0,0,0,1,63.0,24,59.699999999999996,28.6
20,5,82,0,4,3,2,2,0,1,0,0,0,0,1,0,1,0,0,73.0,18,71.5,12.2
22,4,90,0,5,2,2,2,0,0,1,1,1,0,0,0,0,0,1,67.0,10,64.9,17.0
17,1,74,2,6,2,2,2,1,1,1,0,1,0,0,0,0,0,0,27.0,26,34.5,45.4
18,3,64,3,8,0,0,0,1,0,1,0,0,0,0,0,0,1,0,31.0,36,32.5,57.400000000000006
23,3,78,1,5,2,2,2,0,1,1,0,0,1,0,1,0,0,0,50.0,22,53.0,28.799999999999997
20,5,85,0,6,3,3,3,0,1,0,1,0,0,0,0,1,0,0,70.5,15,64.94999999999999,21.0
21,4,87,1,4,3,3,3,0,1,0,0,0,0,0,1,0,0,0,64.5,13,65.55,17.2
18,5,73,0,5,0,0,0,0,0,1,0,0,0,0,0,0,0,1,66.5,27,64.55,20.799999999999997
25,3,84,1,6,1,1,1,0,1,1,0,0,1,0,0,1,0,0,51.0,16,51.3,31.4
23,4,76,1,5,4,4,3,0,1,0,0,1,0,0,0,0,0,1,57.0,24,57.9,26.6
20,1,87,2,5,2,2,2,1,1,0,1,0,0,0,0,1,0,0,35.5,13,42.849999999999994,35.2
20,3,80,0,4,1,2,2,0,0,0,0,1,0,0,0,1,0,0,56.0,20,59.599999999999994,19.0
23,2,88,2,6,2,2,2,0,1,0,0,1,0,0,0,0,0,0,42.0,12,45.0,36.8
25,6,82,4,5,3,3,3,0,1,1,1,0,1,0,0,0,0,0,67.0,18,64.9,30.200000000000003
23,4,86,1,4,3,3,3,0,1,0,0,0,1,0,0,0,0,1,64.0,14,65.19999999999999,17.6
25,4,78,1,5,0,0,0,0,1,1,0,1,0,0,0,0,0,0,58.0,22,58.599999999999994,25.799999999999997
19,2,76,1,7,1,1,1,0,1,0,1,1,0,0,0,0,0,0,37.0,24,39.099999999999994,42.6
19,3,79,3,5,1,1,1,0,1,1,0,1,0,0,1,0,0,0,44.5,21,49.15,36.4
18,4,86,3,6,1,0,0,0,1,0,1,0,0,0,1,0,0,0,54.0,14,53.4,35.6
22,2,100,1,6,4,3,3,0,1,0,0,0,0,1,0,1,0,0,51.0,0,51.3,28.0
21,3,92,2,6,3,3,3,0,1,0,0,0,1,0,0,1,0,0,52.0,8,52.0,32.2
20,5,94,3,3,4,3,3,0,1,1,1,0,0,1,0,1,0,0,72.0,6,73.2,14.399999999999999
22,2,81,2,3,2,2,2,0,1,0,0,0,1,0,1,0,0,0,44.5,19,53.95,24.6
23,3,77,0,4,2,2,2,0,1,1,0,1,0,0,0,0,0,1,54.5,23,58.55,20.200000000000003
17,2,64,1,6,0,1,1,1,1,0,0,0,1,0,1,0,0,0,33.0,36,38.699999999999996,42.4
19,4,77,3,6,1,1,1,0,1,0,0,1,0,0,0,1,0,0,49.5,23,50.25,39.2
22,5,71,2,5,0,0,0,0,1,1,1,0,1,0,0,0,1,0,59.5,29,59.65,29.6
20,6,88,3,5,3,3,3,0,1,1,1,0,0,0,1,0,0,0,73.0,12,69.1,23.799999999999997
19,4,80,0,3,4,4,4,0,1,1,0,0,0,0,0,1,0,0,66.0,20,69.0,11.0
23,5,71,1,4,2,3,3,0,1,0,1,0,0,0,0,0,0,0,64.5,29,65.55,20.6
18,4,86,3,5,2,2,2,0,0,0,1,1,0,0,1,0,0,0,56.0,14,57.199999999999996,30.6
20,2,84,2,5,2,2,2,0,1,1,1,0,1,0,0,1,0,0,42.0,16,47.4,33.4
21,4,72,1,5,1,1,1,0,1,0,1,0,1,0,1,0,0,0,55.0,28,56.5,28.200000000000003
19,4,94,2,2,3,3,3,0,1,1,1,0,0,1,0,1,0,0,69.0,6,73.5,8.399999999999999
22,5,76,3,5,2,2,2,0,1,1,1,0,1,0,0,0,0,1,59.0,24,59.3,31.6
19,3,86,1,1,1,1,1,0,1,1,1,0,0,0,0,0,0,1,62.0,14,71.0,5.600000000000001
24,3,81,0,3,1,2,2,0,1,1,1,0,0,0,0,0,0,0,58.5,19,63.75,13.600000000000001
20,2,95,5,3,1,1,1,1,1,0,1,0,1,0,0,1,0,0,42.5,5,52.55,31.0
22,3,89,0,2,4,3,3,0,1,0,1,0,0,0,0,0,0,1,64.5,11,70.35,5.4
22,3,73,0,4,2,2,2,0,1,1,0,0,0,1,0,0,0,1,52.5,27,57.15,21.8
19,4,96,5,6,0,0,0,1,1,1,0,0,1,0,0,1,0,0,53.0,4,52.699999999999996,39.6
17,2,71,4,7,0,0,0,0,1,1,0,0,1,0,0,0,0,1,25.5,29,31.049999999999997,56.6
21,7,73,2,4,4,3,3,0,1,1,0,0,0,0,0,0,0,0,78.5,27,75.35,17.799999999999997
21,2,95,1,4,2,2,2,0,1,1,0,0,0,0,0,1,0,0,52.5,5,57.15,20.0
22,2,81,5,5,1,0,0,1,1,1,0,1,0,0,0,0,1,0,31.5,19,40.05,46.6
20,4,84,3,5,3,3,3,0,0,1,0,0,0,0,0,0,0,1,55.0,16,56.5,31.4
20,2,85,2,3,1,1,1,0,1,0,0,1,0,0,0,0,0,1,46.5,15,55.349999999999994,23.0
25,4,73,3,6,2,2,2,0,1,1,1,1,0,0,1,0,0,0,47.5,27,48.85,40.8
17,3,97,0,5,2,2,2,0,1,0,0,0,0,1,0,0,0,1,62.5,3,61.75,17.2
22,4,99,4,4,2,2,2,0,1,1,0,0,0,0,0,1,0,0,61.5,1,63.449999999999996,24.4
19,4,67,2,4,2,1,1,1,1,0,0,0,1,0,0,1,0,0,51.5,33,56.449999999999996,29.200000000000003
20,5,78,1,9,0,0,0,1,1,0,0,0,0,0,0,0,0,1,58.0,22,48.99999999999999,42.8
20,4,87,2,6,2,3,3,0,1,0,0,1,0,0,0,0,1,0,57.5,13,55.85,31.200000000000003
19,4,81,1,4,0,0,0,0,1,1,1,0,0,1,0,0,0,0,61.5,19,63.449999999999996,19.6
22,4,77,5,1,2,2,2,1,1,1,0,0,0,1,0,1,0,0,53.5,23,65.05,22.200000000000003
24,2,86,2,2,2,3,3,0,1,0,0,0,0,0,0,0,1,0,49.0,14,59.5,17.6
22,3,87,4,5,2,2,2,0,1,0,0,1,0,0,0,1,0,0,45.5,13,49.849999999999994,37.2
21,4,95,1,5,2,2,2,0,1,1,1,0,0,0,0,1,0,0,66.5,5,64.55,19.0
18,4,68,0,3,2,3,3,1,1,0,0,0,1,0,0,0,0,0,60.0,32,64.8,15.8
22,3,73,1,5,2,3,3,0,1,0,0,0,1,0,0,1,0,0,47.5,27,51.25,30.799999999999997
25,3,76,2,4,1,2,2,0,1,0,0,1,0,0,0,0,0,0,48.0,24,53.99999999999999,28.6
20,3,100,0,4,1,1,1,0,1,1,0,0,1,0,0,0,0,1,66.0,0,66.6,11.0
20,4,94,2,5,2,1,1,0,1,1,0,0,1,0,0,0,0,1,63.0,6,62.099999999999994,23.4
19,4,84,2,3,1,1,1,0,1,0,0,0,0,1,0,0,1,0,62.0,16,66.2,17.4
19,4,81,0,3,3,3,3,0,1,0,0,1,0,0,0,0,0,1,66.5,19,69.35,10.600000000000001
17,3,85,1,3,3,2,2,0,1,1,0,0,0,1,0,0,0,1,57.5,15,63.05,16.0
21,3,91,3,4,3,3,3,0,1,0,1,1,0,0,0,0,0,1,52.5,9,57.15,26.6
19,5,80,1,2,2,2,2,0,1,0,0,0,0,0,0,0,1,0,73.0,20,76.3,7.0
17,6,84,4,9,1,2,2,1,1,1,0,0,1,0,1,0,0,0,60.0,16,50.4,49.400000000000006
22,3,79,4,7,0,0,0,0,1,0,0,0,0,0,1,0,0,0,37.5,21,39.45,50.4
18,5,70,2,6,2,2,2,0,1,1,1,0,0,0,0,0,1,0,57.0,30,55.5,35.0
20,5,67,2,3,2,2,2,1,1,0,0,0,0,1,0,0,0,0,61.5,33,65.85,21.200000000000003
24,5,76,2,4,2,2,2,0,1,1,0,0,1,0,0,0,1,0,64.0,24,65.19999999999999,22.6
17,1,79,1,3,1,1,1,1,0,0,0,1,0,0,0,0,0,1,38.5,21,49.75,24.4
17,2,85,2,8,0,0,1,1,1,1,1,0,0,1,0,0,0,0,36.5,15,36.349999999999994,48.0
21,3,84,2,7,0,0,0,0,1,0,1,1,0,0,0,0,1,0,46.0,16,45.39999999999999,40.4
23,3,70,4,6,1,0,0,0,1,0,0,1,0,0,0,0,1,0,35.0,30,40.1,49.0
17,2,82,2,5,4,4,4,0,1,0,0,0,1,0,0,0,0,0,41.0,18,46.7,34.2
21,4,77,2,4,2,2,2,0,0,0,1,0,1,0,0,0,0,0,56.5,23,59.949999999999996,25.200000000000003
22,4,80,3,6,1,1,1,0,1,1,0,0,0,0,0,0,1,0,51.0,20,51.3,38.0
17,6,82,1,8,1,1,1,1,1,0,0,0,0,1,0,0,0,0,70.0,18,59.8,33.2
22,3,92,0,6,0,0,0,0,1,1,1,0,0,1,0,0,1,0,58.0,8,56.199999999999996,24.200000000000003
22,3,78,2,3,2,3,2,0,1,0,0,0,0,1,0,0,1,0,51.0,22,58.5,22.8
20,4,95,0,4,2,2,2,0,1,0,0,0,1,0,1,0,0,0,71.5,5,70.44999999999999,10.0
23,2,71,0,6,1,1,1,0,1,0,0,0,1,0,0,0,0,1,39.5,29,43.25,35.6
23,6,75,2,3,2,2,2,0,1,1,1,1,0,0,0,0,0,0,73.5,25,74.25,15.0
21,3,81,0,4,2,2,2,0,1,1,0,0,0,1,0,0,0,0,56.5,19,59.949999999999996,18.6
20,3,72,4,8,0,0,0,1,1,1,0,1,0,0,0,0,0,0,32.0,28,33.199999999999996,58.2
18,4,71,1,4,0,1,1,0,1,0,0,0,0,1,0,1,0,0,56.5,29,59.949999999999996,23.6
20,3,82,1,2,3,2,2,0,0,1,0,0,0,1,0,0,1,0,58.0,18,65.8,12.2
22,3,71,2,10,0,0,0,1,1,1,1,0,0,0,0,1,0,0,33.5,29,29.45,60.599999999999994
20,7,74,3,7,1,1,1,0,1,0,0,0,0,0,0,0,0,0,70.0,26,62.2,36.4
17,4,81,3,5,3,3,3,0,1,0,1,1,0,0,1,0,0,0,53.5,19,55.449999999999996,32.6
23,4,95,2,5,3,3,3,0,1,1,0,0,0,0,0,0,0,1,63.5,5,62.449999999999996,23.0
21,3,80,0,1,3,3,3,0,1,0,1,0,0,1,1,0,0,0,62.0,20,71.0,4.0
20,4,83,2,4,2,2,2,0,1,1,0,0,1,0,0,0,1,0,59.5,17,62.05,22.799999999999997
22,4,72,2,4,3,2,2,0,1,1,0,0,0,0,0,1,0,0,54.0,28,58.199999999999996,27.200000000000003
24,4,73,0,5,1,1,1,0,1,0,1,0,1,0,0,1,0,0,58.5,27,58.949999999999996,23.799999999999997
17,4,63,3,8,0,0,0,1,0,0,0,0,0,0,0,1,0,0,38.5,37,37.75,54.8
22,5,74,3,6,2,1,1,0,1,0,0,0,1,0,0,1,0,0,56.0,26,54.8,37.4
17,4,88,2,9,2,2,2,1,1,0,0,0,1,0,0,0,0,1,52.0,12,44.8,45.8
22,3,77,3,3,3,3,3,0,1,0,1,0,0,0,0,0,1,0,47.5,23,56.05,27.200000000000003
21,4,83,2,2,2,2,2,0,1,1,1,0,1,0,1,0,0,0,63.5,17,69.64999999999999,12.8
22,2,83,2,7,1,1,1,0,1,0,0,1,0,0,0,0,0,1,37.5,17,39.45,43.8
19,3,87,1,5,1,2,2,0,1,0,0,0,0,0,0,0,0,1,54.5,13,56.15,25.200000000000003
17,4,95,3,6,2,2,2,0,1,1,1,1,0,0,0,0,0,0,58.5,5,56.55,32.0
20,5,86,2,5,2,2,2,0,0,1,0,1,0,0,0,0,0,0,67.0,14,64.9,23.6
21,0,80,3,5,1,1,1,1,0,1,1,0,0,1,0,1,0,0,21.0,20,32.7,45.0
23,4,88,1,6,2,2,2,0,0,0,0,0,0,0,1,0,0,0,61.0,12,58.3,26.799999999999997
18,3,84,3,6,2,3,3,0,1,0,0,0,0,1,0,1,0,0,45.0,16,47.099999999999994,39.4
23,5,64,1,4,1,1,1,1,1,0,0,0,0,0,0,0,0,1,61.0,36,63.099999999999994,23.4
19,5,72,0,9,0,1,1,1,0,0,1,1,0,0,0,0,0,0,58.0,28,48.99999999999999,41.2
21,3,80,1,5,2,2,2,0,1,0,0,0,0,1,1,0,0,0,51.0,20,53.699999999999996,28.0
19,5,77,2,5,4,3,3,0,1,0,1,0,0,1,0,0,0,1,62.5,23,61.75,27.200000000000003
21,5,81,2,4,1,1,1,0,1,0,0,0,1,0,0,0,1,0,66.5,19,66.94999999999999,20.6
23,4,62,1,6,0,0,0,1,1,0,0,0,1,0,0,0,0,1,48.0,38,49.199999999999996,37.2
18,1,88,3,5,2,1,1,1,1,0,0,0,1,0,0,0,0,0,33.0,12,41.099999999999994,38.8
19,4,81,2,1,3,4,4,0,1,1,0,0,0,0,0,1,0,0,64.5,19,72.75,8.600000000000001
21,2,91,3,5,3,3,3,0,1,1,1,0,0,1,0,0,0,1,42.5,9,47.75,34.6
26,0,82,3,3,0,0,0,1,1,0,0,0,0,1,0,0,0,0,26.0,18,41.0,34.2
19,2,83,1,6,1,1,1,0,1,1,0,0,1,0,1,0,0,0,42.5,17,45.349999999999994,34.8
25,5,73,3,5,0,0,0,0,1,1,0,0,0,1,0,0,0,1,57.5,27,58.25,32.8
25,4,72,2,4,2,1,1,0,1,0,1,0,1,0,0,1,0,0,54.0,28,58.199999999999996,27.200000000000003
20,5,83,2,7,2,2,2,0,1,0,1,0,0,1,0,1,0,0,61.5,17,56.25,34.8
20,6,82,2,5,2,2,2,0,1,1,1,0,0,0,0,0,0,0,73.0,18,69.1,22.200000000000003
19,4,68,2,4,0,0,0,1,1,0,1,0,1,0,0,1,0,0,52.0,32,56.8,28.799999999999997
20,3,89,1,4,1,2,2,0,1,0,1,0,1,0,0,0,1,0,57.5,11,60.65,19.4
17,2,82,4,4,2,2,2,0,1,0,1,0,0,0,0,0,1,0,37.0,18,46.3,37.2
20,3,78,2,6,0,0,0,0,1,0,0,0,1,0,0,0,1,0,45.0,22,47.099999999999994,37.8
24,2,75,1,4,3,3,3,0,1,0,1,0,1,0,0,1,0,0,42.5,25,50.14999999999999,28.0
19,2,88,2,5,2,2,2,0,1,1,0,0,0,1,0,0,0,1,44.0,12,48.8,31.799999999999997
20,3,76,1,4,3,3,3,0,0,1,1,0,0,0,1,0,0,0,51.0,24,56.099999999999994,24.6
17,3,83,1,4,3,3,3,0,1,1,0,0,0,1,0,0,0,1,54.5,17,58.55,21.8
21,3,80,2,6,2,2,2,0,1,1,1,0,0,1,1,0,0,0,46.0,20,47.8,37.0
21,3,77,2,3,3,3,3,0,0,0,1,0,0,1,0,0,1,0,50.5,23,58.14999999999999,23.200000000000003
21,4,71,1,5,3,4,3,0,1,0,0,1,0,0,0,1,0,0,54.5,29,56.15,28.6
20,4,92,1,5,0,0,0,0,1,0,0,1,0,0,1,0,0,0,65.0,8,63.5,20.200000000000003
20,4,74,2,7,1,2,2,0,1,1,0,1,0,0,0,0,1,0,49.0,26,47.5,41.4
22,4,75,3,2,3,2,2,0,1,1,1,0,0,1,0,1,0,0,56.5,25,64.75,20.0
20,5,92,0,7,2,2,2,0,1,1,0,0,1,0,0,0,1,0,72.0,8,63.599999999999994,23.200000000000003
21,3,81,4,5,1,1,1,0,1,0,0,0,0,1,0,1,0,0,42.5,19,47.75,39.6
21,2,84,2,2,3,3,3,0,1,0,0,0,1,0,0,0,1,0,48.0,16,58.8,18.4
23,3,94,0,4,4,4,4,0,1,0,0,0,0,1,0,0,1,0,63.0,6,64.5,13.399999999999999
22,2,93,3,6,1,2,2,0,1,0,0,0,0,0,1,0,0,0,41.5,7,44.65,38.8
21,5,77,1,5,1,2,2,0,1,0,0,0,0,0,0,0,0,1,65.5,23,63.849999999999994,23.200000000000003
24,2,91,3,7,3,2,2,0,1,0,0,0,0,1,1,0,0,0,38.5,9,40.15,44.6
21,4,69,1,4,2,3,3,1,1,1,0,0,0,1,1,0,0,0,55.5,31,59.24999999999999,24.4
23,4,52,0,5,0,0,0,1,1,0,0,0,1,0,1,0,0,0,48.0,48,51.599999999999994,32.2
22,4,82,0,5,1,1,1,0,1,0,0,0,1,0,0,1,0,0,63.0,18,62.099999999999994,20.200000000000003
17,4,81,0,3,2,2,2,0,1,0,0,0,0,1,1,0,0,0,66.5,19,69.35,10.600000000000001
23,3,87,2,5,2,2,2,0,1,0,1,0,1,0,0,0,0,0,51.5,13,54.05,29.200000000000003
21,2,86,1,5,2,3,2,0,0,0,0,0,1,0,0,0,1,0,46.0,14,50.199999999999996,28.6
20,6,87,3,5,3,3,3,0,1,1,0,0,1,0,1,0,0,0,72.5,13,68.75,24.200000000000003
21,3,94,3,5,0,0,0,0,1,0,0,0,0,0,0,1,0,0,52.0,6,54.4,30.4
20,3,97,2,5,3,3,3,0,1,1,0,0,1,0,0,1,0,0,56.5,3,57.55,25.200000000000003
21,4,89,2,5,2,2,2,0,1,0,0,0,0,1,0,0,0,1,60.5,11,60.349999999999994,25.4
19,5,81,4,7,1,2,2,0,0,1,0,0,0,1,0,0,0,0,54.5,19,51.349999999999994,43.6
23,3,80,1,3,2,3,3,0,1,0,0,0,0,0,0,1,0,0,55.0,20,61.3,18.0
20,5,81,1,4,2,2,2,0,0,1,1,1,0,0,0,0,0,1,69.5,19,69.05,16.6
20,4,77,3,8,2,2,2,1,1,1,1,0,1,0,0,0,0,0,45.5,23,42.65,49.2
19,4,89,2,7,3,3,3,0,1,0,0,1,0,0,0,1,0,0,56.5,11,52.75,35.4
21,4,90,2,6,0,0,0,0,0,0,0,0,0,0,0,0,0,1,59.0,10,56.9,30.0
21,4,76,1,9,0,0,0,1,1,0,0,0,1,0,0,1,0,0,49.0,24,42.699999999999996,46.6
21,5,80,3,6,3,3,3,0,0,1,0,1,0,0,0,1,0,0,59.0,20,56.9,35.0
18,4,67,7,8,0,0,0,1,1,0,0,0,0,1,0,0,0,1,28.5,33,30.75,69.2
17,6,81,1,8,3,3,3,1,1,1,0,0,0,0,0,0,0,1,69.5,19,59.449999999999996,33.6
22,3,82,1,8,0,1,1,1,1,0,0,0,0,1,0,0,1,0,46.0,18,42.99999999999999,42.2
24,5,73,1,3,3,3,3,0,0,1,0,0,0,0,0,0,1,0,67.5,27,70.05,14.8
18,3,77,2,6,2,2,2,0,1,0,0,0,0,0,0,0,1,0,44.5,23,46.75,38.2
24,4,72,2,5,1,0,0,0,1,1,0,0,1,0,0,0,0,1,52.0,28,54.4,32.2
21,2,69,1,3,1,0,0,1,1,1,1,0,1,0,0,0,0,0,41.5,31,51.849999999999994,25.4
21,2,93,0,7,3,3,3,0,0,0,1,0,0,0,1,0,0,0,48.5,7,47.14999999999999,31.799999999999997
20,5,69,1,7,0,0,0,1,1,0,0,0,0,0,0,0,0,0,57.5,31,53.45,36.4
18,6,82,0,5,2,1,1,0,1,1,0,0,0,1,0,0,0,0,79.0,18,73.3,14.200000000000003
23,3,89,4,4,4,3,3,0,1,1,0,1,0,0,0,0,0,1,48.5,11,54.349999999999994,31.4
19,2,93,4,5,2,2,2,0,1,0,1,1,0,0,0,0,0,0,40.5,7,46.349999999999994,37.8
19,3,73,1,2,3,2,2,0,1,0,1,0,0,1,0,0,0,1,53.5,27,62.64999999999999,15.8
23,3,92,5,3,1,2,2,1,1,0,0,1,0,0,0,0,0,1,49.0,8,57.099999999999994,29.200000000000003
17,5,83,0,5,1,1,1,0,1,1,0,0,1,0,0,0,1,0,71.5,17,68.05,16.8
17,4,86,1,6,0,0,0,0,1,1,1,1,0,0,0,0,1,0,60.0,14,57.6,27.6
21,4,96,1,5,2,2,2,0,1,1,0,0,1,0,0,0,0,0,67.0,4,64.9,18.6
21,3,86,0,4,2,2,2,0,1,0,1,0,0,0,0,0,0,0,59.0,14,61.699999999999996,16.6
22,3,74,0,4,2,2,2,0,1,0,0,0,1,0,0,1,0,0,53.0,26,57.49999999999999,21.4
20,5,65,3,9,0,1,1,1,1,0,0,1,0,0,1,0,0,0,45.5,35,40.25,56.0
26,3,87,4,3,3,3,3,0,1,0,0,0,1,0,0,0,0,1,49.5,13,57.45,27.200000000000003
20,2,85,4,2,3,3,3,0,1,1,0,0,1,0,0,0,1,0,42.5,15,54.949999999999996,26.0
20,6,75,2,4,1,1,1,0,1,0,0,0,0,0,0,1,0,0,71.5,25,70.44999999999999,20.0
19,7,83,2,6,4,4,4,0,1,0,0,0,0,0,0,0,0,1,79.5,17,71.25,23.799999999999997
21,4,71,0,5,1,1,1,0,0,0,0,0,1,0,0,0,0,1,57.5,29,58.25,24.6
22,4,84,1,4,3,3,3,0,1,0,1,1,0,0,0,0,1,0,63.0,16,64.5,18.4
23,6,71,1,5,1,1,1,0,1,0,0,0,1,0,0,0,0,1,70.5,29,67.35,22.6
17,3,91,3,7,1,2,2,0,1,0,0,1,0,0,0,0,0,0,46.5,9,45.75,41.6
20,5,98,6,5,3,3,3,1,1,0,1,0,0,0,0,1,0,0,61.0,2,60.699999999999996,34.8
22,4,84,4,5,4,4,4,0,0,1,1,0,0,0,0,0,0,0,52.0,16,54.4,35.4
22,4,85,3,5,1,1,1,0,1,0,0,0,0,0,0,1,0,0,55.5,15,56.849999999999994,31.0
21,2,86,3,4,1,1,1,0,1,0,1,0,0,0,0,0,0,1,42.0,14,49.8,31.6
22,3,84,1,6,3,3,3,0,1,1,0,0,0,0,1,0,0,0,51.0,16,51.3,31.4
19,1,73,0,7,1,1,1,1,1,0,1,0,1,0,0,0,1,0,30.5,27,34.55,42.8
24,4,93,2,7,3,4,4,0,1,0,1,0,0,0,0,0,0,1,58.5,7,54.14999999999999,33.8
23,4,85,2,6,0,0,0,0,0,0,0,0,0,0,0,0,1,0,56.5,15,55.15,32.0
18,2,86,1,5,1,1,1,0,1,0,1,1,0,0,0,0,0,0,46.0,14,50.199999999999996,28.6
18,6,90,2,8,1,1,1,1,1,0,0,1,0,0,0,0,1,0,71.0,10,60.49999999999999,34.0
18,4,89,2,5,3,2,2,0,1,0,1,0,1,0,0,1,0,0,60.5,11,60.349999999999994,25.4
22,3,91,1,4,3,3,3,0,0,1,0,0,1,0,0,0,0,1,58.5,9,61.349999999999994,18.6
18,2,85,0,4,3,3,3,0,0,1,1,0,1,0,0,0,0,0,50.5,15,55.74999999999999,20.0
20,5,75,4,4,3,2,2,0,0,1,1,0,1,0,0,1,0,0,57.5,25,60.65,31.0
22,2,85,2,4,2,2,2,0,1,1,0,1,0,0,0,0,1,0,44.5,15,51.55,28.0
20,4,81,1,9,3,2,2,1,1,0,0,1,0,0,0,0,1,0,51.5,19,44.449999999999996,44.6
21,2,75,4,4,0,0,0,0,1,0,1,1,0,0,0,0,0,0,33.5,25,43.849999999999994,40.0
18,4,93,0,8,3,3,3,1,1,1,1,0,0,1,0,1,0,0,62.5,7,54.55,30.799999999999997
22,3,80,1,5,2,2,2,0,1,0,0,1,0,0,0,0,0,0,51.0,20,53.699999999999996,28.0
19,5,83,3,7,1,1,1,0,1,0,0,1,0,0,0,0,1,0,58.5,17,54.14999999999999,38.8
20,2,76,0,3,1,2,2,0,1,1,0,0,1,0,0,0,0,0,48.0,24,56.39999999999999,18.6
21,4,81,4,5,2,2,2,0,1,1,0,0,0,1,1,0,0,0,50.5,19,53.349999999999994,36.6
21,2,89,0,2,3,3,3,0,1,0,1,0,0,0,1,0,0,0,56.5,11,64.75,8.4
21,3,98,0,5,2,2,2,0,1,0,0,1,0,0,1,0,0,0,63.0,2,62.099999999999994,16.8
19,4,70,1,6,1,2,2,0,1,1,1,0,0,0,0,0,0,0,52.0,30,52.0,34.0
20,4,82,4,7,1,1,1,0,1,1,1,0,0,0,0,0,0,0,47.0,18,46.099999999999994,46.2
21,4,57,3,5,3,3,3,1,1,0,0,0,1,0,0,0,1,0,41.5,43,47.05,42.2
18,4,78,3,4,2,1,1,0,1,1,0,1,0,0,1,0,0,0,54.0,22,58.199999999999996,28.799999999999997
20,4,82,0,5,1,1,1,0,1,0,0,1,0,0,0,0,1,0,63.0,18,62.099999999999994,20.200000000000003
21,3,83,2,4,4,3,3,0,1,1,0,1,0,0,1,0,0,0,51.5,17,56.449999999999996,25.799999999999997
18,2,95,3,4,0,1,1,0,1,0,0,1,0,0,0,1,0,0,46.5,5,52.949999999999996,28.0
23,4,80,4,5,3,3,3,0,1,0,0,0,0,1,0,1,0,0,50.0,20,53.0,37.0
23,4,94,1,5,3,2,2,0,0,0,0,1,0,0,0,0,0,0,66.0,6,64.19999999999999,19.4
18,4,84,2,5,2,1,1,0,1,1,0,0,0,0,1,0,0,0,58.0,16,58.599999999999994,27.4
24,3,77,1,7,1,1,1,0,1,1,1,0,1,0,0,0,0,0,45.5,23,45.05,39.2
20,4,83,0,4,2,1,1,0,0,0,1,1,0,0,0,0,0,0,65.5,17,66.25,14.8
21,3,83,4,4,2,2,2,0,1,1,0,0,0,1,0,0,1,0,45.5,17,52.25,33.8
19,4,83,1,4,3,4,4,0,1,0,1,0,1,0,0,0,0,0,62.5,17,64.15,18.8
23,3,76,0,2,2,2,2,0,0,0,1,1,0,0,1,0,0,0,58.0,24,65.8,10.600000000000001
21,6,76,2,6,0,0,0,0,1,0,1,0,0,1,0,0,1,0,68.0,24,63.199999999999996,29.6
19,4,91,0,3,3,3,3,0,1,1,0,0,0,0,0,0,0,0,71.5,9,72.85,6.600000000000001
18,1,90,1,1,3,3,3,1,0,0,0,0,0,0,0,0,0,0,48.0,10,61.19999999999999,10.0
17,4,75,0,6,1,1,1,0,1,0,1,1,0,0,1,0,0,0,57.5,25,55.85,28.0
21,5,80,3,6,2,2,2,0,1,1,0,0,0,0,0,0,1,0,59.0,20,56.9,35.0
22,2,85,2,3,3,4,4,0,1,1,0,0,0,1,0,0,0,1,46.5,15,55.349999999999994,23.0
22,5,88,2,6,2,2,2,0,1,1,1,0,0,0,0,0,1,0,66.0,12,61.8,27.799999999999997
20,4,83,2,3,2,1,1,0,1,0,0,0,0,1,1,0,0,0,61.5,17,65.85,17.8
18,2,91,2,5,2,2,2,0,0,0,0,0,0,0,1,0,0,0,45.5,9,49.849999999999994,30.6
19,3,81,2,6,1,1,1,0,1,0,0,0,0,1,0,0,0,1,46.5,19,48.15,36.6
23,2,94,2,6,0,0,0,0,1,0,0,1,0,0,1,0,0,0,45.0,6,47.099999999999994,34.4
19,5,100,2,6,2,3,3,0,1,0,1,1,0,0,0,1,0,0,72.0,0,66.0,23.0
21,2,82,2,2,2,2,2,0,1,0,0,0,0,0,0,1,0,0,47.0,18,58.099999999999994,19.2
18,2,85,2,6,3,3,3,0,1,0,0,0,1,0,0,1,0,0,40.5,15,43.949999999999996,38.0
21,4,59,4,5,1,0,1,1,1,0,1,1,0,0,1,0,0,0,39.5,41,45.65,45.400000000000006
20,6,80,0,6,3,3,3,0,1,0,1,0,1,0,0,0,0,1,76.0,20,68.8,20.0
23,5,83,4,3,4,4,4,0,1,1,0,0,0,0,0,0,0,1,63.5,17,67.25,22.799999999999997
22,2,87,2,4,1,2,2,0,1,1,1,0,1,0,0,1,0,0,45.5,13,52.25,27.200000000000003
19,2,80,3,4,1,1,1,0,1,0,0,0,1,0,0,0,0,0,39.0,20,47.699999999999996,34.0
20,3,88,4,1,4,4,4,0,1,0,0,0,0,1,0,1,0,0,54.0,12,65.39999999999999,16.8
19,2,79,1,5,1,1,1,0,1,1,1,1,0,0,0,0,1,0,42.5,21,47.75,31.4
17,5,90,0,4,2,2,2,0,1,0,0,0,0,1,0,0,0,1,77.0,10,74.3,9.0
19,4,85,2,5,4,4,4,0,1,0,0,0,0,0,1,0,0,0,58.5,15,58.949999999999996,27.0
21,5,85,2,5,2,1,1,0,1,0,0,0,0,0,0,0,0,0,66.5,15,64.55,24.0
21,4,78,0,4,2,2,2,0,1,1,0,0,1,0,0,0,0,1,63.0,22,64.5,16.8
21,4,81,2,7,1,1,1,0,0,0,0,0,0,1,0,0,0,0,52.5,19,49.95,38.6
20,2,79,1,5,1,2,2,0,1,0,1,0,1,0,1,0,0,0,42.5,21,47.75,31.4
23,4,89,7,4,2,2,2,1,1,0,0,0,0,1,0,0,0,0,47.5,11,53.65,40.4
21,5,71,4,6,2,1,1,0,1,0,0,0,1,0,1,0,0,0,51.5,29,51.65,42.6
22,3,76,2,6,1,1,1,0,1,0,1,0,0,1,0,1,0,0,44.0,24,46.4,38.6
17,4,91,0,3,2,1,1,0,1,0,1,0,0,0,1,0,0,0,71.5,9,72.85,6.600000000000001
17,4,83,1,5,4,4,4,0,1,0,0,1,0,0,0,0,0,1,60.5,17,60.349999999999994,23.799999999999997
21,3,91,5,5,3,3,3,1,1,0,0,1,0,0,0,0,0,1,44.5,9,49.15,39.6
17,4,88,4,4,2,2,2,0,1,1,0,0,1,0,0,1,0,0,56.0,12,59.599999999999994,28.799999999999997
20,6,89,2,3,4,4,3,0,1,1,1,1,0,0,0,0,0,0,80.5,11,79.14999999999999,9.399999999999999
20,5,85,3,4,3,3,3,0,1,1,1,0,1,0,0,0,1,0,65.5,15,66.25,23.0
24,2,76,4,7,0,0,0,0,1,0,0,1,0,0,0,1,0,0,28.0,24,32.8,54.6
21,4,82,4,4,2,2,2,0,1,1,0,0,0,1,1,0,0,0,53.0,18,57.49999999999999,31.200000000000003
21,4,72,2,7,1,1,1,0,1,1,0,0,0,1,0,0,0,1,48.0,28,46.8,42.2
22,4,80,1,5,3,3,3,0,1,0,0,0,1,0,0,0,1,0,59.0,20,59.3,25.0
21,2,77,1,5,1,1,1,0,1,0,1,0,0,1,0,0,0,0,41.5,23,47.05,32.2
20,3,67,0,3,1,1,1,1,1,0,0,0,1,0,0,0,0,1,51.5,33,58.849999999999994,19.200000000000003
23,4,85,1,7,1,1,1,0,1,0,1,0,0,0,0,1,0,0,57.5,15,53.45,33.0
18,6,84,1,9,2,1,1,1,1,1,1,0,0,0,1,0,0,0,69.0,16,56.699999999999996,37.4
21,4,92,2,5,3,3,3,0,1,0,1,0,0,1,0,1,0,0,62.0,8,61.4,24.200000000000003
17,2,72,3,7,0,1,1,0,1,1,0,0,0,1,0,1,0,0,29.0,28,33.5,52.2
21,5,90,1,3,1,1,1,0,0,0,1,0,0,1,0,0,0,1,76.0,10,76.0,8.0
21,4,63,0,5,2,1,1,1,1,1,1,0,0,1,0,1,0,0,53.5,37,55.449999999999996,27.799999999999997
24,3,80,0,3,4,3,3,0,1,1,1,0,0,1,0,0,0,0,58.0,20,63.39999999999999,14.0
17,3,97,0,6,3,3,2,0,1,1,1,0,0,1,0,0,0,0,60.5,3,57.949999999999996,22.2
19,3,81,2,5,2,2,2,0,1,0,1,0,0,0,1,0,0,0,48.5,19,51.949999999999996,31.6
22,4,76,1,5,2,2,2,0,1,0,0,0,1,0,1,0,0,0,57.0,24,57.9,26.6
21,4,81,2,7,2,2,2,0,1,1,1,0,0,0,1,0,0,0,52.5,19,49.95,38.6
21,2,88,1,7,3,3,3,0,1,0,1,0,1,0,0,0,1,0,43.0,12,43.3,37.8
18,3,79,1,5,1,1,1,0,1,0,0,0,1,0,0,0,0,0,50.5,21,53.349999999999994,28.4
19,6,85,1,7,3,3,3,0,1,0,0,0,0,0,1,0,0,0,73.5,15,64.64999999999999,27.0
23,5,85,4,7,1,1,1,0,1,0,1,0,0,0,0,0,0,1,56.5,15,52.75,42.0
20,5,86,3,7,3,3,3,0,1,1,0,1,0,0,0,1,0,0,60.0,14,55.2,37.6
21,2,90,1,5,2,2,2,0,1,1,0,0,1,0,0,0,0,0,48.0,10,51.599999999999994,27.0
20,4,97,0,6,2,3,2,0,1,1,0,0,0,1,0,0,0,1,68.5,3,63.55,19.2
18,5,82,0,5,0,0,1,0,1,0,0,0,1,0,0,0,1,0,71.0,18,67.69999999999999,17.200000000000003
23,4,84,3,9,0,0,0,1,0,1,0,1,0,0,0,0,1,0,47.0,16,41.3,51.4
22,5,72,2,6,2,2,2,0,1,1,0,1,0,0,0,1,0,0,58.0,28,56.199999999999996,34.2
26,2,89,0,5,3,4,4,0,1,0,0,0,1,0,0,0,1,0,50.5,11,53.349999999999994,23.4
18,4,92,4,6,3,3,3,0,1,1,1,1,0,0,1,0,0,0,54.0,8,53.4,37.2
22,3,87,2,6,2,3,3,0,1,0,0,0,1,0,0,0,0,0,49.5,13,50.25,34.2
18,5,70,5,9,1,1,1,1,0,0,0,1,0,0,0,0,0,0,42.0,30,37.8,62.0
21,3,78,2,5,0,0,0,0,0,0,0,0,0,1,0,1,0,0,47.0,22,50.9,32.8
23,3,82,0,6,1,1,1,0,1,0,1,0,0,0,0,0,0,0,53.0,18,52.699999999999996,28.200000000000003
17,2,75,6,5,2,2,2,1,0,1,0,1,0,0,0,0,1,0,25.5,25,35.849999999999994,53.0
20,5,99,2,2,4,3,3,0,1,0,0,0,0,1,0,0,0,0,79.5,1,80.85,3.3999999999999986
19,4,85,3,5,2,2,2,0,1,0,0,0,0,0,0,0,0,0,55.5,15,56.849999999999994,31.0
19,3,89,0,7,1,0,0,0,1,0,0,1,0,0,0,0,1,0,54.5,11,51.349999999999994,30.4
21,4,89,2,5,3,3,3,0,1,0,0,1,0,0,0,1,0,0,60.5,11,60.349999999999994,25.4
23,5,82,3,3,2,2,2,0,1,0,1,0,0,0,0,0,0,0,66.0,18,69.0,19.200000000000003
20,4,72,4,8,0,0,0,1,1,1,0,0,0,1,0,0,0,0,40.0,28,38.8,55.2
21,4,88,3,3,3,3,3,0,1,1,1,0,0,1,0,0,0,0,61.0,12,65.5,19.8
21,4,98,1,4,4,4,3,0,0,0,0,0,0,1,0,1,0,0,70.0,2,69.4,12.8
21,1,79,2,3,2,2,2,1,1,1,1,0,1,0,1,0,0,0,35.5,21,47.65,28.4
18,4,77,3,3,4,3,3,0,1,0,0,0,1,0,0,0,0,1,55.5,23,61.64999999999999,24.200000000000003
23,1,88,3,5,1,2,2,1,1,0,1,1,0,0,0,1,0,0,33.0,12,41.099999999999994,38.8
21,4,89,0,6,1,0,0,0,1,0,1,0,0,0,0,0,1,0,64.5,11,60.75,22.4
21,4,91,2,4,4,4,4,0,1,0,1,0,1,0,0,1,0,0,63.5,9,64.85,19.6
19,1,80,0,6,1,1,1,1,1,0,0,0,0,1,0,1,0,0,36.0,20,40.8,35.0
20,4,80,0,6,1,1,1,0,1,0,0,0,0,0,1,0,0,0,60.0,20,57.6,26.0
20,3,61,1,4,2,2,2,1,1,0,0,0,0,0,0,0,1,0,43.5,39,50.849999999999994,30.6
17,3,82,3,2,4,4,3,0,1,0,0,0,0,1,0,0,1,0,52.0,18,61.599999999999994,20.2
17,5,77,1,8,0,0,0,1,0,0,0,0,0,0,0,0,0,0,59.5,23,52.449999999999996,38.2
19,6,64,1,4,2,2,2,1,1,0,1,0,0,0,0,0,0,1,69.0,36,68.69999999999999,20.4
22,4,97,1,1,3,3,3,0,1,1,0,0,0,1,0,0,0,1,75.5,3,80.44999999999999,0.0
19,4,83,1,4,3,3,3,0,1,0,0,0,0,0,0,0,0,1,62.5,17,64.15,18.8
18,2,67,1,6,1,1,1,1,1,0,0,0,1,0,0,0,1,0,34.5,33,39.75,41.2
19,5,85,1,6,2,3,3,0,1,0,0,1,0,0,1,0,0,0,67.5,15,62.85,25.0
20,3,96,1,3,3,3,3,0,1,0,0,0,0,0,0,0,0,0,63.0,4,66.89999999999999,11.600000000000001
20,1,91,5,2,2,2,2,1,1,0,0,0,0,0,0,0,1,0,34.5,9,49.349999999999994,30.6
25,2,89,0,6,1,2,1,0,0,1,1,1,0,0,0,0,0,0,48.5,11,49.55,28.4
23,2,72,5,6,1,0,0,1,1,1,1,0,1,0,0,0,0,0,25.0,28,33.1,55.2
23,2,77,1,7,0,0,0,0,1,0,0,0,0,0,0,0,0,0,37.5,23,39.45,42.2
23,5,75,2,7,1,1,1,0,1,0,0,0,0,1,0,1,0,0,57.5,25,53.45,38.0
18,4,82,2,5,1,1,1,0,1,1,0,0,1,0,1,0,0,0,57.0,18,57.9,28.200000000000003
18,4,88,2,3,2,2,2,0,1,0,0,0,0,0,1,0,0,0,64.0,12,67.6,15.8
18,0,85,0,4,1,1,1,1,1,1,0,0,0,1,0,0,0,1,34.5,15,44.55,26.0
23,5,74,2,5,1,1,1,0,1,0,0,0,0,1,0,1,0,0,61.0,26,60.699999999999996,28.4
19,4,80,1,3,2,1,1,0,1,0,1,0,0,0,0,0,0,0,63.0,20,66.89999999999999,15.0
18,1,90,0,7,2,2,2,1,0,0,0,0,0,0,0,0,0,1,39.0,10,40.5,36.0
20,2,86,1,7,2,2,2,0,0,1,0,0,0,1,0,0,1,0,42.0,14,42.599999999999994,38.6
20,5,85,0,3,3,3,3,0,0,0,0,0,0,1,0,0,0,0,76.5,15,76.35,6.0
21,3,75,2,4,3,3,3,0,1,0,0,0,1,0,0,0,1,0,47.5,25,53.65,29.0
21,5,83,2,9,1,2,2,1,1,0,1,1,0,0,1,0,0,0,57.5,17,48.65,44.8
19,4,72,0,7,1,1,1,0,1,0,0,0,0,0,0,1,0,0,54.0,28,51.0,34.2
22,3,75,1,5,2,2,2,0,1,0,1,0,0,0,0,1,0,0,48.5,25,51.949999999999996,30.0
19,3,70,3,7,0,0,0,0,1,1,0,0,1,0,0,0,0,1,36.0,30,38.4,50.0
20,1,95,3,8,1,1,1,1,1,1,1,0,0,0,0,0,0,0,30.5,5,32.15,51.0
22,4,96,0,5,2,2,2,0,1,0,1,0,0,1,0,0,0,0,70.0,4,67.0,14.600000000000001
19,2,74,2,3,0,0,0,0,1,1,0,0,0,1,0,0,1,0,41.0,26,51.5,27.4
19,1,75,5,7,2,2,2,1,1,1,0,0,0,0,1,0,0,0,16.5,25,24.75,62.0
22,2,79,6,7,1,1,1,1,1,0,0,0,0,0,1,0,0,0,23.5,21,29.65,61.400000000000006
19,2,91,1,3,4,3,4,0,1,0,0,1,0,0,0,0,0,1,52.5,9,59.55,16.6
20,4,86,0,6,1,0,0,0,1,0,0,0,1,0,0,1,0,0,63.0,14,59.699999999999996,23.6
22,2,93,3,4,2,2,2,0,0,1,0,0,0,1,0,0,1,0,45.5,7,52.25,28.799999999999997
25,4,95,3,2,2,3,3,0,1,0,0,0,0,1,0,0,0,1,66.5,5,71.75,12.0
22,5,85,0,5,1,1,1,0,1,1,1,1,0,0,0,0,1,0,72.5,15,68.75,16.0
22,5,84,0,8,0,1,1,1,0,0,1,1,0,0,1,0,0,0,66.0,16,56.99999999999999,31.4
22,6,92,3,6,3,3,3,0,1,1,1,0,0,0,0,0,0,1,73.0,8,66.69999999999999,27.200000000000003
18,4,90,3,5,4,3,3,0,0,0,1,1,0,0,1,0,0,0,58.0,10,58.599999999999994,29.0
21,4,90,0,3,3,3,3,0,1,0,0,0,1,0,0,0,0,1,71.0,10,72.5,7.0
20,3,85,0,6,1,1,1,0,1,0,0,0,0,0,1,0,0,0,54.5,15,53.75,27.0
21,0,90,2,4,2,2,2,1,1,1,0,0,0,1,0,0,0,1,31.0,10,42.099999999999994,32.0
21,4,79,4,4,3,2,2,0,1,0,0,0,0,0,0,1,0,0,51.5,21,56.449999999999996,32.4
21,2,77,0,7,2,1,1,0,1,0,1,1,0,0,0,0,1,0,40.5,23,41.55,38.2
20,2,79,2,3,2,2,2,0,1,1,1,0,0,0,1,0,0,0,43.5,21,53.25,25.4
21,2,100,2,5,2,2,2,0,1,0,1,1,0,0,1,0,0,0,50.0,0,53.0,27.0
18,4,73,1,3,3,3,3,0,1,1,0,0,0,0,0,0,0,0,59.5,27,64.45,17.8
20,5,89,1,5,1,1,1,0,1,0,0,0,0,1,0,0,0,0,71.5,11,68.05,18.4
24,4,97,1,1,4,4,4,0,1,1,1,0,0,1,0,0,0,0,75.5,3,80.44999999999999,0.0
21,2,85,3,6,3,2,2,0,1,1,0,0,0,1,0,0,1,0,37.5,15,41.85,42.0
21,3,79,0,6,2,3,3,0,1,0,0,0,1,0,0,0,0,1,51.5,21,51.65,29.4
25,5,86,0,9,2,2,2,1,1,1,0,0,0,0,0,0,1,0,65.0,14,53.9,35.6
18,3,78,1,5,1,1,1,0,1,1,1,1,0,0,0,0,0,0,50.0,22,53.0,28.799999999999997
18,3,74,4,3,2,1,1,0,0,0,1,0,0,0,0,0,0,0,43.0,26,52.9,32.4
24,5,92,0,7,2,2,2,0,1,1,0,0,1,0,1,0,0,0,72.0,8,63.599999999999994,23.200000000000003
21,6,92,2,7,2,2,2,0,1,0,0,0,0,0,0,0,1,0,74.0,8,65.0,28.200000000000003
20,3,79,1,7,1,1,2,0,1,0,0,0,1,0,0,0,0,1,46.5,21,45.75,38.4
18,1,78,2,2,2,1,1,1,1,0,1,0,0,1,0,1,0,0,37.0,22,51.099999999999994,23.8
22,4,83,2,4,3,2,2,0,1,0,0,0,0,0,0,0,0,1,59.5,17,62.05,22.799999999999997
22,3,81,0,3,1,2,2,0,1,0,1,0,0,0,1,0,0,0,58.5,19,63.75,13.600000000000001
18,5,75,1,8,3,3,3,1,1,0,0,0,1,0,0,0,0,1,58.5,25,51.74999999999999,39.0
20,2,69,5,6,0,0,0,1,0,1,1,1,0,0,0,0,0,0,23.5,31,32.05,56.4
20,2,70,2,7,1,2,2,0,1,1,1,0,0,1,0,0,1,0,31.0,30,34.9,49.0
21,3,72,3,3,3,2,2,0,1,0,0,0,0,1,1,0,0,0,45.0,28,54.3,29.200000000000003
18,4,73,4,5,2,2,2,0,1,0,0,0,1,0,0,1,0,0,46.5,27,50.55,39.8
23,2,83,0,2,0,0,0,0,1,1,0,1,0,0,0,0,0,0,53.5,17,62.64999999999999,10.8
23,5,75,4,3,2,2,2,0,1,0,0,0,0,0,0,0,0,0,59.5,25,64.45,26.0
20,3,75,2,5,2,2,2,0,1,1,0,0,0,1,0,0,1,0,45.5,25,49.849999999999994,34.0
20,2,72,4,5,1,1,1,0,0,0,0,1,0,0,0,0,0,0,30.0,28,39.0,46.2
20,2,72,3,6,1,0,0,0,1,0,1,0,0,1,0,1,0,0,31.0,28,37.3,47.2
19,2,71,2,4,0,0,0,0,1,0,0,0,0,1,0,0,0,0,37.5,29,46.65,33.6
20,4,66,3,5,3,3,3,1,1,1,0,1,0,0,0,0,0,1,46.0,34,50.199999999999996,38.6
20,6,90,3,5,1,2,2,0,1,0,0,0,0,1,0,1,0,0,74.0,10,69.8,23.0
24,4,94,1,8,2,2,2,1,1,1,1,0,1,0,0,0,1,0,60.0,6,52.8,34.4
23,5,82,3,4,4,4,4,0,1,0,1,1,0,0,0,0,0,0,64.0,18,65.19999999999999,24.200000000000003
23,3,90,2,2,4,4,4,0,1,0,1,0,0,0,0,0,1,0,59.0,10,66.5,13.0
21,4,75,3,6,2,2,2,0,1,0,1,0,0,1,0,1,0,0,48.5,25,49.55,40.0
18,2,86,4,6,0,0,0,0,1,1,0,0,0,0,0,0,0,1,35.0,14,40.1,45.6
20,6,75,2,3,2,2,2,0,0,0,0,0,0,0,1,0,0,0,73.5,25,74.25,15.0
23,3,85,2,4,3,3,3,0,1,0,0,0,0,0,0,0,0,1,52.5,15,57.15,25.0
18,2,75,3,5,1,1,1,0,1,0,1,1,0,0,1,0,0,0,34.5,25,42.15,41.0
22,2,76,0,4,3,3,3,0,1,1,0,1,0,0,0,1,0,0,46.0,24,52.599999999999994,23.6
26,2,81,0,3,3,3,3,0,0,1,0,0,0,1,1,0,0,0,50.5,19,58.14999999999999,16.6
23,2,95,0,5,2,2,2,0,1,0,1,1,0,0,0,0,1,0,53.5,5,55.449999999999996,21.0
24,4,88,3,5,3,2,2,0,1,0,0,0,0,0,0,1,0,0,57.0,12,57.9,29.799999999999997
21,3,76,0,4,4,4,4,0,1,0,0,1,0,0,0,0,0,1,54.0,24,58.199999999999996,20.6
23,3,73,2,5,1,1,1,0,1,0,1,0,0,1,0,1,0,0,44.5,27,49.15,34.8
19,8,75,1,5,2,2,2,0,0,0,1,1,0,0,0,1,0,0,88.5,25,79.94999999999999,15.0
22,5,87,2,3,4,3,3,0,1,0,0,0,1,0,1,0,0,0,71.5,13,72.85,13.2
22,2,83,3,5,3,2,2,0,1,1,1,0,0,0,0,0,0,0,38.5,17,44.95,37.8
21,5,87,0,4,3,3,3,0,0,0,1,0,0,0,0,0,0,0,75.5,13,73.25,10.2
23,3,77,5,6,2,2,2,1,1,0,1,0,0,0,0,0,0,1,35.5,23,40.449999999999996,50.2
19,3,84,4,7,2,2,2,0,1,0,0,0,0,0,0,0,0,1,40.0,16,41.2,48.4
20,3,84,1,7,2,3,3,0,1,0,0,1,0,0,0,1,0,0,49.0,16,47.5,36.4
21,3,92,1,4,3,3,3,0,1,1,0,0,0,1,0,0,0,0,59.0,8,61.699999999999996,18.2
18,4,79,2,5,4,3,3,0,1,0,0,0,0,1,0,0,0,1,55.5,21,56.849999999999994,29.4
21,3,89,4,2,4,4,3,0,1,1,0,1,0,0,0,0,0,1,52.5,11,61.95,21.4
17,3,92,0,5,1,0,0,0,1,1,0,0,0,0,1,0,0,0,60.0,8,60.0,19.2
23,4,81,3,4,1,1,1,0,1,1,1,0,1,0,0,0,0,1,55.5,19,59.24999999999999,27.6
21,4,76,1,3,2,2,2,0,1,1,0,1,0,0,0,0,1,0,61.0,24,65.5,16.6
19,4,81,2,9,0,0,0,1,1,0,1,0,1,0,0,0,1,0,48.5,19,42.349999999999994,48.6
19,5,80,2,6,2,2,2,0,1,0,0,0,0,0,0,1,0,0,62.0,20,59.0,31.0
20,5,80,7,6,2,2,2,1,1,1,0,0,0,1,0,0,1,0,47.0,20,48.5,51.0
22,5,81,1,6,3,3,3,0,0,0,1,0,0,0,0,0,0,0,65.5,19,61.449999999999996,26.6
22,3,80,3,8,0,0,0,1,0,1,0,0,0,1,0,0,0,0,39.0,20,38.099999999999994,51.0
19,4,63,2,5,1,2,2,1,1,1,1,0,0,0,0,0,0,0,47.5,37,51.25,35.8
19,4,81,1,6,2,2,2,0,1,0,0,0,0,1,0,0,0,0,57.5,19,55.85,29.6
22,4,88,0,7,2,2,2,0,1,1,0,0,0,0,0,0,0,1,62.0,12,56.599999999999994,27.799999999999997
19,2,75,4,8,1,1,2,1,1,0,0,0,0,1,0,1,0,0,25.5,25,28.65,60.0
21,4,92,0,5,2,3,3,0,1,1,0,0,1,0,0,1,0,0,68.0,8,65.6,16.2
21,1,90,5,7,2,2,2,1,1,0,1,0,0,1,0,0,0,0,24.0,10,29.999999999999996,56.0
21,3,82,0,2,4,3,3,0,1,1,0,0,1,0,0,0,0,0,61.0,18,67.89999999999999,8.2
22,2,62,1,9,1,1,1,1,1,1,0,1,0,0,0,1,0,0,26.0,38,26.6,58.2
18,4,64,3,6,0,0,0,1,1,1,0,0,0,0,1,0,0,0,43.0,36,45.699999999999996,44.4
17,5,82,3,6,1,1,1,0,1,0,0,0,1,0,0,0,0,1,60.0,18,57.6,34.2
19,1,87,1,3,3,2,2,1,1,1,1,0,0,0,0,0,0,0,42.5,13,52.55,21.2
25,0,96,2,3,2,1,1,1,1,1,0,0,0,1,0,0,1,0,36.0,4,48.0,24.6
25,6,78,2,4,0,0,0,0,1,1,0,0,0,0,0,0,1,0,73.0,22,71.5,18.799999999999997
25,2,77,4,5,1,0,0,0,1,0,0,0,0,1,0,0,0,0,32.5,23,40.75,44.2
20,3,72,2,5,1,1,1,0,1,1,1,0,0,0,0,0,0,1,44.0,28,48.8,35.2
17,2,86,0,4,0,0,0,0,1,1,0,0,1,0,0,1,0,0,51.0,14,56.099999999999994,19.6
17,5,82,0,5,2,2,2,0,1,0,0,0,1,0,0,1,0,0,71.0,18,67.69999999999999,17.200000000000003
19,5,78,3,1,3,3,3,0,0,1,1,1,0,0,0,1,0,0,68.0,22,75.19999999999999,10.8
20,3,82,0,6,1,1,1,0,0,0,1,1,0,0,0,0,0,1,53.0,18,52.699999999999996,28.200000000000003
23,4,81,4,5,1,1,1,0,1,0,1,0,1,0,0,0,0,1,50.5,19,53.349999999999994,36.6
22,4,89,3,7,3,3,3,0,1,1,0,1,0,0,0,0,1,0,53.5,11,50.64999999999999,39.4
21,4,78,3,4,1,2,2,0,1,0,1,1,0,0,0,0,0,1,54.0,22,58.199999999999996,28.799999999999997
19,4,82,1,4,1,0,1,0,1,1,0,1,0,0,0,0,0,1,62.0,18,63.8,19.2
18,3,88,2,5,1,1,1,0,1,0,0,0,0,0,1,0,0,0,52.0,12,54.4,28.799999999999997
21,3,79,1,6,2,2,2,0,1,0,0,1,0,0,1,0,0,0,48.5,21,49.55,33.4
22,5,76,4,7,2,2,2,0,1,1,0,0,1,0,1,0,0,0,52.0,24,49.599999999999994,45.6
21,4,71,1,5,2,2,2,0,1,1,1,0,0,0,0,1,0,0,54.5,29,56.15,28.6
18,3,73,1,6,3,3,3,0,0,0,0,1,0,0,0,0,1,0,45.5,27,47.449999999999996,35.8
22,4,76,2,5,2,2,2,0,1,0,0,1,0,0,1,0,0,0,54.0,24,55.8,30.6
21,3,89,0,5,3,3,3,0,1,1,1,0,1,0,0,0,0,0,58.5,11,58.949999999999996,20.4
18,2,76,3,2,3,2,2,0,1,0,0,0,0,0,1,0,0,0,41.0,24,53.9,25.6
19,3,80,0,5,1,1,1,0,1,0,0,0,1,0,0,1,0,0,54.0,20,55.8,24.0
22,4,73,2,3,3,3,3,0,1,1,0,0,0,1,0,0,1,0,56.5,27,62.349999999999994,21.799999999999997
20,3,82,2,7,2,2,2,0,0,0,0,0,0,1,1,0,0,0,45.0,18,44.699999999999996,41.2
24,2,84,1,3,2,2,2,0,1,1,0,1,0,0,0,0,1,0,49.0,16,57.099999999999994,19.4
22,2,84,1,4,3,3,3,0,1,0,0,0,0,1,0,0,0,0,47.0,16,53.3,24.4
19,2,96,1,4,3,3,3,0,0,1,0,1,0,0,0,0,0,1,53.0,4,57.49999999999999,19.6
21,3,81,0,6,2,2,2,0,1,0,0,0,0,0,0,0,0,1,52.5,19,52.35,28.6
21,6,84,0,5,3,2,2,0,1,0,1,0,0,1,0,1,0,0,80.0,16,74.0,13.399999999999999
19,2,77,0,6,1,1,1,0,1,0,1,0,0,1,0,0,1,0,42.5,23,45.349999999999994,33.2
19,4,99,1,1,4,3,3,0,1,0,1,0,1,0,0,1,0,0,76.5,1,81.14999999999999,0.0
22,2,88,0,9,0,0,0,1,1,0,1,0,0,1,0,0,1,0,42.0,12,37.8,43.8
22,5,89,2,3,3,3,3,0,1,0,0,0,0,1,1,0,0,0,72.5,11,73.55,12.399999999999999
22,3,90,1,6,1,1,1,0,1,0,1,0,0,1,1,0,0,0,54.0,10,53.4,29.0
24,3,88,2,6,2,2,2,0,1,0,1,0,1,0,0,1,0,0,50.0,12,50.6,33.8
19,4,91,1,6,3,3,3,0,0,1,1,0,0,1,0,0,0,1,62.5,9,59.35,25.6
24,4,80,5,4,1,1,1,1,1,1,0,0,0,1,0,0,0,0,49.0,20,54.699999999999996,36.0
19,4,100,2,4,3,3,3,0,1,1,1,0,0,1,0,0,0,1,68.0,0,68.0,16.0
18,4,69,2,6,1,1,1,1,1,0,0,0,0,0,0,1,0,0,48.5,31,49.55,38.4
17,6,79,4,5,2,2,2,0,1,0,1,1,0,0,0,0,0,0,65.5,21,63.849999999999994,31.4
20,2,95,2,3,4,3,3,0,1,0,0,0,0,0,0,0,1,0,51.5,5,58.849999999999994,19.0
19,3,80,2,6,3,3,3,0,1,0,1,0,0,1,0,0,0,1,46.0,20,47.8,37.0
22,4,87,1,9,0,0,0,1,1,1,1,1,0,0,0,1,0,0,54.5,13,46.55,42.2
21,2,78,2,4,2,1,1,0,1,0,1,0,0,1,0,0,1,0,41.0,22,49.099999999999994,30.799999999999997
18,5,85,1,6,3,2,2,0,1,0,0,1,0,0,0,0,0,1,67.5,15,62.85,25.0
20,3,79,0,5,1,0,0,0,1,0,0,0,0,0,0,0,0,1,53.5,21,55.449999999999996,24.4
20,5,91,3,4,1,1,1,0,1,0,0,1,0,0,0,0,0,1,68.5,9,68.35,20.6
17,4,84,1,7,0,0,0,0,1,0,0,1,0,0,1,0,0,0,57.0,16,53.099999999999994,33.4
18,3,68,3,6,2,2,2,1,1,0,1,1,0,0,0,0,0,1,37.0,32,41.5,45.8
19,6,75,4,4,3,3,3,0,0,0,0,1,0,0,0,0,0,1,65.5,25,66.25,28.0
24,1,74,0,8,0,0,0,1,1,0,0,0,0,0,0,0,0,0,29.0,26,31.099999999999994,47.4
21,4,93,2,5,2,2,2,0,0,0,1,0,1,0,1,0,0,0,62.5,7,61.75,23.799999999999997
22,5,72,3,7,3,3,3,0,1,1,0,0,0,1,1,0,0,0,53.0,28,50.3,43.2
17,2,79,1,6,1,1,1,0,1,0,1,1,0,0,0,1,0,0,40.5,21,43.949999999999996,36.4
23,3,98,3,5,1,1,1,0,1,0,0,1,0,0,0,0,0,0,54.0,2,55.8,28.799999999999997
23,4,92,0,5,1,0,0,0,0,1,1,1,0,0,0,0,0,0,68.0,8,65.6,16.2
17,2,75,3,6,3,3,3,0,1,0,1,0,0,0,1,0,0,0,32.5,25,38.35,46.0
19,4,74,4,3,3,3,3,0,1,0,0,0,0,1,1,0,0,0,51.0,26,58.5,29.4
22,5,74,1,6,3,3,3,0,1,0,1,0,0,0,0,1,0,0,62.0,26,59.0,29.4
22,4,83,1,7,2,2,2,0,1,1,0,0,0,0,0,0,0,0,56.5,17,52.75,33.8
